ocid,compiledRelease/id,compiledRelease/awards/0/id,compiledRelease/awards/0/value/amount,compiledRelease/awards/0/value/currency,compiledRelease/awards/0/value/currencyName,compiledRelease/awards/0/date
ocds-dgv273-seacev3-1234324,ocds-dgv273-seacev3-1234324-2026-09-18T10:23:24.309937-05:00,1234324-1823072,121908.16,PEN,Soles,2026-08-28T00:00:00-05:00
ocds-dgv273-seacev3-1235712,ocds-dgv273-seacev3-1235712-2026-09-18T10:23:24.273414-05:00,1235712-1824516,2287157.86,PEN,Soles,2026-09-09T00:00:00-05:00
ocds-dgv273-seacev3-1244329,ocds-dgv273-seacev3-1244329-2026-09-18T10:23:24.085357-05:00,1244329-1828901,64380098.45,PEN,Soles,2026-09-16T00:00:00-05:00
ocds-dgv273-seacev3-1234128,ocds-dgv273-seacev3-1234128-2026-09-18T10:23:24.064031-05:00,1234128-20551260381,150000.0,PEN,Soles,2026-09-17T00:00:00-05:00
ocds-dgv273-seacev3-1235633,ocds-dgv273-seacev3-1235633-2026-09-18T10:23:23.962873-05:00,1235633-1818545,1468991.45,PEN,Soles,2026-08-13T00:00:00-05:00
ocds-dgv273-seacev3-1246193,ocds-dgv273-seacev3-1246193-2026-09-18T10:23:23.751163-05:00,1246193-20603787332,194990.0,PEN,Soles,2026-09-09T00:00:00-05:00
ocds-dgv273-seacev3-1235902,ocds-dgv273-seacev3-1235902-2026-09-18T10:23:23.664387-05:00,1235902-20502612710,127624.23,PEN,Soles,2026-08-25T00:00:00-05:00
ocds-dgv273-seacev3-1234694,ocds-dgv273-seacev3-1234694-2026-09-18T10:23:23.642877-05:00,1234694-20614190974,179800.0,PEN,Soles,2026-09-16T00:00:00-05:00
ocds-dgv273-seacev3-1233910,ocds-dgv273-seacev3-1233910-2026-09-18T10:23:23.586016-05:00,1233910-20128232584,81530.0,PEN,Soles,2026-08-11T00:00:00-05:00
ocds-dgv273-seacev3-1237421,ocds-dgv273-seacev3-1237421-2026-09-18T10:23:23.369672-05:00,1237421-1820048,226428.72,PEN,Soles,2026-09-03T00:00:00-05:00
ocds-dgv273-seacev3-1237613,ocds-dgv273-seacev3-1237613-2026-09-18T10:23:23.332411-05:00,1237613-20540726788,623400.0,PEN,Soles,2026-09-16T00:00:00-05:00
ocds-dgv273-seacev3-1237825,ocds-dgv273-seacev3-1237825-2026-09-18T10:23:22.996419-05:00,1237825-20600728505,608080.4,PEN,Soles,2026-09-16T00:00:00-05:00
ocds-dgv273-seacev3-2026-2000-16,ocds-dgv273-seacev3-2026-2000-16-2026-09-18T10:23:22.342828-05:00,1235355-20518257723,2171670.72,PEN,Soles,2026-09-17T00:00:00-05:00
ocds-dgv273-seacev3-1232435,ocds-dgv273-seacev3-1232435-2026-09-18T10:23:22.189071-05:00,1232435-1819163,5417802.5,PEN,Soles,2026-08-17T00:00:00-05:00
ocds-dgv273-seacev3-1249309,ocds-dgv273-seacev3-1249309-2026-09-18T10:23:22.072420-05:00,1249309-10723726501,78658.47,PEN,Soles,2026-09-16T00:00:00-05:00
ocds-dgv273-seacev3-1234544,ocds-dgv273-seacev3-1234544-2026-09-18T10:23:22.012291-05:00,1234544-20264180971,436373.44,PEN,Soles,2026-08-26T00:00:00-05:00
ocds-dgv273-seacev3-1234544,ocds-dgv273-seacev3-1234544-2026-09-18T10:23:22.012291-05:00,1234544-20602517684,54892.0,PEN,Soles,2026-08-26T00:00:00-05:00
ocds-dgv273-seacev3-1230741,ocds-dgv273-seacev3-1230741-2026-09-18T10:23:21.859812-05:00,1230741-20454571259,148350.0,PEN,Soles,2026-07-14T00:00:00-05:00
ocds-dgv273-seacev3-1230741,ocds-dgv273-seacev3-1230741-2026-09-18T10:23:21.859812-05:00,1230741-20534967684,1277340.0,PEN,Soles,2026-08-27T00:00:00-05:00
ocds-dgv273-seacev3-1234956,ocds-dgv273-seacev3-1234956-2026-09-18T10:23:21.672976-05:00,1234956-20504714382,964753.53,PEN,Soles,2026-09-07T00:00:00-05:00
ocds-dgv273-seacev3-1234942,ocds-dgv273-seacev3-1234942-2026-09-18T10:23:21.657021-05:00,1234942-1824040,1832099.94,PEN,Soles,2026-08-27T00:00:00-05:00
ocds-dgv273-seacev3-1235731,ocds-dgv273-seacev3-1235731-2026-09-18T10:23:21.369578-05:00,1235731-1818442,107200.0,PEN,Soles,2026-08-12T00:00:00-05:00
ocds-dgv273-seacev3-1230725,ocds-dgv273-seacev3-1230725-2026-09-18T10:23:21.272750-05:00,1230725-10474369574,195750.0,PEN,Soles,2026-09-09T00:00:00-05:00
ocds-dgv273-seacev3-1236412,ocds-dgv273-seacev3-1236412-2026-09-18T10:23:20.949208-05:00,1236412-20486298147,3405132.6,PEN,Soles,2026-08-13T00:00:00-05:00
ocds-dgv273-seacev3-1232054,ocds-dgv273-seacev3-1232054-2026-09-18T10:23:20.932325-05:00,1232054-1815465,359800.0,PEN,Soles,2026-08-14T00:00:00-05:00
ocds-dgv273-seacev3-1235507,ocds-dgv273-seacev3-1235507-2026-09-18T10:23:20.820550-05:00,1235507-20501887286,496800.0,PEN,Soles,2026-09-01T00:00:00-05:00
ocds-dgv273-seacev3-1232980,ocds-dgv273-seacev3-1232980-2026-09-18T10:23:20.697129-05:00,1232980-1822760,5886273.2,PEN,Soles,2026-09-07T00:00:00-05:00
ocds-dgv273-seacev3-1232980,ocds-dgv273-seacev3-1232980-2026-09-18T10:23:20.697129-05:00,1232980-1822796,12396884.0,PEN,Soles,2026-09-07T00:00:00-05:00
ocds-dgv273-seacev3-1236338,ocds-dgv273-seacev3-1236338-2026-09-18T10:23:20.646116-05:00,1236338-10430695059,53424.0,PEN,Soles,2026-08-26T00:00:00-05:00
ocds-dgv273-seacev3-1237737,ocds-dgv273-seacev3-1237737-2026-09-18T10:23:20.614058-05:00,1237737-20601276594,335500.0,PEN,Soles,2026-09-04T00:00:00-05:00
ocds-dgv273-seacev3-1232526,ocds-dgv273-seacev3-1232526-2026-09-18T10:23:20.522034-05:00,1232526-20605641939,127000.0,PEN,Soles,2026-09-09T00:00:00-05:00
ocds-dgv273-seacev3-1233503,ocds-dgv273-seacev3-1233503-2026-09-18T10:23:20.437656-05:00,1233503-1817455,77997.52,PEN,Soles,2026-08-11T00:00:00-05:00
ocds-dgv273-seacev3-1230549,ocds-dgv273-seacev3-1230549-2026-09-18T10:23:20.048830-05:00,1230549-20516809524,102326.0,PEN,Soles,2026-09-17T00:00:00-05:00
ocds-dgv273-seacev3-1233721,ocds-dgv273-seacev3-1233721-2026-09-18T10:23:19.989545-05:00,1233721-20101064515,2879623.0,PEN,Nuevos Soles,2026-09-04T00:00:00-05:00
ocds-dgv273-seacev3-1230916,ocds-dgv273-seacev3-1230916-2026-09-18T10:23:19.979263-05:00,1230916-20448385087,186000.0,PEN,Soles,2026-07-30T00:00:00-05:00
ocds-dgv273-seacev3-1234156,ocds-dgv273-seacev3-1234156-2026-09-18T10:23:19.912817-05:00,1234156-20255361695,77029.81,PEN,Soles,2026-09-17T00:00:00-05:00
ocds-dgv273-seacev3-1233955,ocds-dgv273-seacev3-1233955-2026-09-18T10:23:19.666915-05:00,1233955-1816196,631634.77,PEN,Soles,2026-08-05T00:00:00-05:00
ocds-dgv273-seacev3-1232250,ocds-dgv273-seacev3-1232250-2026-09-18T10:23:19.536853-05:00,1232250-1815494,349000.0,PEN,Soles,2026-08-19T00:00:00-05:00
ocds-dgv273-seacev3-1237024,ocds-dgv273-seacev3-1237024-2026-09-18T10:23:19.275289-05:00,1237024-10290832964,368155.51,PEN,Soles,2026-09-09T00:00:00-05:00
ocds-dgv273-seacev3-1233994,ocds-dgv273-seacev3-1233994-2026-09-18T10:23:18.809325-05:00,1233994-20604234035,173880.0,PEN,Soles,2026-09-09T00:00:00-05:00
ocds-dgv273-seacev3-1237510,ocds-dgv273-seacev3-1237510-2026-09-18T10:23:18.779060-05:00,1237510-20604095329,133292.97,PEN,Soles,2026-09-03T00:00:00-05:00
ocds-dgv273-seacev3-1221414,ocds-dgv273-seacev3-1221414-2026-09-18T10:23:18.632292-05:00,1221414-1813273,1510765.81,PEN,Soles,2026-07-24T00:00:00-05:00
ocds-dgv273-seacev3-2026-28-77,ocds-dgv273-seacev3-2026-28-77-2026-09-18T10:23:18.590773-05:00,1230133-20557219987,2791461.36,PEN,Soles,2026-08-18T00:00:00-05:00
ocds-dgv273-seacev3-1232724,ocds-dgv273-seacev3-1232724-2026-09-18T10:23:18.477393-05:00,1232724-20610752021,69200.0,PEN,Soles,2026-08-05T00:00:00-05:00
ocds-dgv273-seacev3-1230738,ocds-dgv273-seacev3-1230738-2026-09-18T10:23:18.433490-05:00,1230738-10474369574,89450.0,PEN,Soles,2026-09-09T00:00:00-05:00
ocds-dgv273-seacev3-1237827,ocds-dgv273-seacev3-1237827-2026-09-18T10:23:14.083189-05:00,1237827-20608054953,89998.14,PEN,Soles,2026-08-18T00:00:00-05:00
ocds-dgv273-seacev3-1234668,ocds-dgv273-seacev3-1234668-2026-09-18T10:23:14.013413-05:00,1234668-1818067,470436.09,PEN,Soles,2026-08-11T00:00:00-05:00
ocds-dgv273-seacev3-1235437,ocds-dgv273-seacev3-1235437-2026-09-18T10:23:13.882989-05:00,1235437-20562613898,96288.0,PEN,Soles,2026-08-28T00:00:00-05:00
ocds-dgv273-seacev3-1230906,ocds-dgv273-seacev3-1230906-2026-09-18T10:23:13.539178-05:00,1230906-20560168994,292823.88,PEN,Soles,2026-08-10T00:00:00-05:00
ocds-dgv273-seacev3-1232626,ocds-dgv273-seacev3-1232626-2026-09-18T10:23:13.391909-05:00,1232626-20600051254,402905.74,PEN,Soles,2026-08-18T00:00:00-05:00
ocds-dgv273-seacev3-1232465,ocds-dgv273-seacev3-1232465-2026-09-18T10:23:13.328962-05:00,1232465-20615192008,232080.0,PEN,Soles,2026-08-21T00:00:00-05:00
ocds-dgv273-seacev3-1229872,ocds-dgv273-seacev3-1229872-2026-09-18T10:23:13.182507-05:00,1229872-20603333137,72350.0,PEN,Soles,2026-09-08T00:00:00-05:00
ocds-dgv273-seacev3-1231485,ocds-dgv273-seacev3-1231485-2026-09-18T10:23:12.851061-05:00,1231485-20610633952,193000.0,PEN,Soles,2026-08-04T00:00:00-05:00
ocds-dgv273-seacev3-1246830,ocds-dgv273-seacev3-1246830-2026-09-18T10:23:12.838749-05:00,1246830-20554671706,67516.72,PEN,Soles,2026-09-16T00:00:00-05:00
ocds-dgv273-seacev3-1237290,ocds-dgv273-seacev3-1237290-2026-09-18T10:23:12.248544-05:00,1237290-20421780472,245307.84,PEN,Soles,2026-09-08T00:00:00-05:00
ocds-dgv273-seacev3-1234329,ocds-dgv273-seacev3-1234329-2026-09-18T10:23:11.991661-05:00,1234329-1829249,849600.0,PEN,Soles,2026-09-17T00:00:00-05:00
ocds-dgv273-seacev3-1237824,ocds-dgv273-seacev3-1237824-2026-09-18T10:23:11.228424-05:00,1237824-20606748281,478000.0,PEN,Soles,2026-08-20T00:00:00-05:00
ocds-dgv273-seacev3-1236464,ocds-dgv273-seacev3-1236464-2026-09-18T10:23:10.959193-05:00,1236464-1828349,970055.99,PEN,Soles,2026-09-09T00:00:00-05:00
ocds-dgv273-seacev3-2026-216-3,ocds-dgv273-seacev3-2026-216-3-2026-09-18T10:23:10.562443-05:00,1235399-1829127,8543878.54,PEN,Soles,2026-09-16T00:00:00-05:00
ocds-dgv273-seacev3-1245322,ocds-dgv273-seacev3-1245322-2026-09-18T10:23:10.483949-05:00,1245322-1827302,129289.61,PEN,Soles,2026-09-09T00:00:00-05:00
ocds-dgv273-seacev3-1237659,ocds-dgv273-seacev3-1237659-2026-09-18T10:23:10.346739-05:00,1237659-20392764373,41140.0,PEN,Soles,2026-08-28T00:00:00-05:00
ocds-dgv273-seacev3-1239148,ocds-dgv273-seacev3-1239148-2026-09-18T10:23:10.044452-05:00,1239148-1817851,299606.02,PEN,Soles,2026-08-05T00:00:00-05:00
ocds-dgv273-seacev3-1234848,ocds-dgv273-seacev3-1234848-2026-09-18T10:23:10.001939-05:00,1234848-20608811380,106000.0,PEN,Soles,2026-09-17T00:00:00-05:00
ocds-dgv273-seacev3-1236207,ocds-dgv273-seacev3-1236207-2026-09-18T10:23:09.888696-05:00,1236207-20601372852,330076.56,PEN,Soles,2026-08-19T00:00:00-05:00
ocds-dgv273-seacev3-1236207,ocds-dgv273-seacev3-1236207-2026-09-18T10:23:09.888696-05:00,1236207-20613176331,337147.2,PEN,Soles,2026-09-17T00:00:00-05:00
ocds-dgv273-seacev3-1236457,ocds-dgv273-seacev3-1236457-2026-09-18T10:23:09.797261-05:00,1236457-10266013596,137500.0,PEN,Soles,2026-09-17T00:00:00-05:00
ocds-dgv273-seacev3-2026-104988-4,ocds-dgv273-seacev3-2026-104988-4-2026-09-18T10:23:09.512310-05:00,1233931-20610752021,85500.0,PEN,Soles,2026-08-13T00:00:00-05:00
ocds-dgv273-seacev3-1235641,ocds-dgv273-seacev3-1235641-2026-09-18T10:23:09.450111-05:00,1235641-20489749611,117600.0,PEN,Soles,2026-08-11T00:00:00-05:00
ocds-dgv273-seacev3-1231718,ocds-dgv273-seacev3-1231718-2026-09-18T10:23:09.086119-05:00,1231718-20553577579,191127.0,PEN,Soles,2026-07-21T00:00:00-05:00
ocds-dgv273-seacev3-1233899,ocds-dgv273-seacev3-1233899-2026-09-18T10:23:08.480906-05:00,1233899-20505798245,198000.0,PEN,Soles,2026-07-31T00:00:00-05:00
ocds-dgv273-seacev3-1232591,ocds-dgv273-seacev3-1232591-2026-09-18T10:23:08.430835-05:00,1232591-1819161,1486351.57,PEN,Soles,2026-09-08T00:00:00-05:00
ocds-dgv273-seacev3-1231420,ocds-dgv273-seacev3-1231420-2026-09-18T10:23:08.387387-05:00,1231420-20506091382,230000.0,PEN,Soles,2026-08-19T00:00:00-05:00
ocds-dgv273-seacev3-1231110,ocds-dgv273-seacev3-1231110-2026-09-18T10:23:08.342830-05:00,1231110-20613695509,50000.0,PEN,Soles,2026-08-24T00:00:00-05:00
ocds-dgv273-seacev3-1246198,ocds-dgv273-seacev3-1246198-2026-09-18T10:23:08.260225-05:00,1246198-L0609014171,35900.0,USD,Dólar Norteamericano,2026-09-15T00:00:00-05:00
ocds-dgv273-seacev3-1237978,ocds-dgv273-seacev3-1237978-2026-09-18T10:23:08.223076-05:00,1237978-20538736695,475950.0,PEN,Soles,2026-09-17T00:00:00-05:00
ocds-dgv273-seacev3-1248519,ocds-dgv273-seacev3-1248519-2026-09-18T10:23:08.132342-05:00,1248519-1829976,339051.04,PEN,Soles,2026-09-08T00:00:00-05:00
ocds-dgv273-seacev3-1236567,ocds-dgv273-seacev3-1236567-2026-09-18T10:23:08.086398-05:00,1236567-20613154621,454429.0,PEN,Soles,2026-09-16T00:00:00-05:00
ocds-dgv273-seacev3-1232750,ocds-dgv273-seacev3-1232750-2026-09-18T10:23:07.525263-05:00,1232750-1815249,76111.94,PEN,Soles,2026-08-03T00:00:00-05:00
ocds-dgv273-seacev3-1232268,ocds-dgv273-seacev3-1232268-2026-09-18T10:23:07.503719-05:00,1232268-20600616235,169560.49,PEN,Soles,2026-09-09T00:00:00-05:00
ocds-dgv273-seacev3-2026-56441-4,ocds-dgv273-seacev3-2026-56441-4-2026-09-18T10:23:07.423724-05:00,1232334-10484866819,61710.0,PEN,Soles,2026-07-17T00:00:00-05:00
ocds-dgv273-seacev3-2026-56441-4,ocds-dgv273-seacev3-2026-56441-4-2026-09-18T10:23:07.423724-05:00,1232334-20615395570,64020.0,PEN,Soles,2026-08-27T00:00:00-05:00
ocds-dgv273-seacev3-1229581,ocds-dgv273-seacev3-1229581-2026-09-18T10:23:03.022030-05:00,1229581-20450700771,44580.0,PEN,Soles,2026-07-10T16:25:28-05:00
ocds-dgv273-seacev3-1229581,ocds-dgv273-seacev3-1229581-2026-09-18T10:23:03.022030-05:00,1229581-10106514386,47000.0,PEN,Soles,2026-08-03T00:00:00-05:00
ocds-dgv273-seacev3-2026-1922-163,ocds-dgv273-seacev3-2026-1922-163-2026-09-18T10:23:02.768265-05:00,1236808-20556731285,197000.0,PEN,Soles,2026-08-24T00:00:00-05:00
ocds-dgv273-seacev3-1237783,ocds-dgv273-seacev3-1237783-2026-09-18T10:23:02.566471-05:00,1237783-20606106867,250869.92,PEN,Soles,2026-08-24T00:00:00-05:00
ocds-dgv273-seacev3-1233280,ocds-dgv273-seacev3-1233280-2026-09-18T10:23:02.332728-05:00,1233280-20101984291,120301.0,PEN,Soles,2026-07-22T00:00:00-05:00
ocds-dgv273-seacev3-2026-1997-13,ocds-dgv273-seacev3-2026-1997-13-2026-09-18T10:23:01.898811-05:00,1236008-20519374499,350000.0,PEN,Soles,2026-08-26T00:00:00-05:00
ocds-dgv273-seacev3-1244064,ocds-dgv273-seacev3-1244064-2026-09-18T10:23:01.667548-05:00,1244064-20611992433,199998.0,PEN,Soles,2026-09-04T00:00:00-05:00
ocds-dgv273-seacev3-1236797,ocds-dgv273-seacev3-1236797-2026-09-18T10:23:01.329032-05:00,1236797-20394087913,157500.0,PEN,Soles,2026-08-21T00:00:00-05:00
ocds-dgv273-seacev3-2026-10246-42,ocds-dgv273-seacev3-2026-10246-42-2026-09-18T10:23:01.246863-05:00,1234770-20602606334,228000.0,PEN,Soles,2026-08-11T00:00:00-05:00
ocds-dgv273-seacev3-1233159,ocds-dgv273-seacev3-1233159-2026-09-18T10:23:00.894934-05:00,1233159-20607025186,304783.72,PEN,Soles,2026-08-03T00:00:00-05:00
ocds-dgv273-seacev3-1245142,ocds-dgv273-seacev3-1245142-2026-09-18T10:22:59.961626-05:00,1245142-20600078314,52350.0,PEN,Soles,2026-08-27T00:00:00-05:00
ocds-dgv273-seacev3-1247926,ocds-dgv273-seacev3-1247926-2026-09-18T10:22:59.767557-05:00,1247926-20610307818,6300000.0,PEN,Soles,2026-09-16T00:00:00-05:00
ocds-dgv273-seacev3-1234327,ocds-dgv273-seacev3-1234327-2026-09-18T10:22:59.683160-05:00,1234327-20448439519,179872.0,PEN,Soles,2026-09-17T00:00:00-05:00
ocds-dgv273-seacev3-1235989,ocds-dgv273-seacev3-1235989-2026-09-18T10:22:59.472694-05:00,1235989-20559644243,220800.0,PEN,Soles,2026-08-07T00:00:00-05:00
ocds-dgv273-seacev3-1235989,ocds-dgv273-seacev3-1235989-2026-09-18T10:22:59.472694-05:00,1235989-20449458436,221099.0,PEN,Soles,2026-09-01T00:00:00-05:00
ocds-dgv273-seacev3-1233673,ocds-dgv273-seacev3-1233673-2026-09-18T10:22:59.346189-05:00,1233673-10465435068,99522.0,PEN,Soles,2026-07-20T00:00:00-05:00
ocds-dgv273-seacev3-1232321,ocds-dgv273-seacev3-1232321-2026-09-18T10:22:59.309415-05:00,1232321-20601590159,312000.0,PEN,Nuevos Soles,2026-09-10T00:00:00-05:00
ocds-dgv273-seacev3-1243642,ocds-dgv273-seacev3-1243642-2026-09-18T10:22:59.280492-05:00,1243642-20447760143,4718776.2,PEN,Soles,2026-09-16T00:00:00-05:00
ocds-dgv273-seacev3-2026-200276-43,ocds-dgv273-seacev3-2026-200276-43-2026-09-18T10:22:59.152210-05:00,1236513-20452467284,332869.68,PEN,Soles,2026-09-09T00:00:00-05:00
ocds-dgv273-seacev3-2026-1995-67,ocds-dgv273-seacev3-2026-1995-67-2026-09-18T10:22:59.138465-05:00,1236137-20520775596,229003.2,PEN,Soles,2026-08-21T00:00:00-05:00
ocds-dgv273-seacev3-2026-1995-67,ocds-dgv273-seacev3-2026-1995-67-2026-09-18T10:22:59.138465-05:00,1236137-20614046059,265939.2,PEN,Soles,2026-08-21T00:00:00-05:00
ocds-dgv273-seacev3-1232654,ocds-dgv273-seacev3-1232654-2026-09-18T10:22:59.028055-05:00,1232654-20611540800,168850.8,PEN,Soles,2026-08-18T00:00:00-05:00
ocds-dgv273-seacev3-1236422,ocds-dgv273-seacev3-1236422-2026-09-18T10:22:58.506096-05:00,1236422-1820638,1187898.48,PEN,Soles,2026-08-14T00:00:00-05:00
ocds-dgv273-seacev3-2026-10567-2,ocds-dgv273-seacev3-2026-10567-2-2026-09-18T10:22:58.495187-05:00,1234283-20542694638,115092.44,PEN,Soles,2026-08-07T00:00:00-05:00
ocds-dgv273-seacev3-1236501,ocds-dgv273-seacev3-1236501-2026-09-18T10:22:58.381945-05:00,1236501-10410647635,770000.0,PEN,Soles,2026-08-21T00:00:00-05:00
ocds-dgv273-seacev3-1234625,ocds-dgv273-seacev3-1234625-2026-09-18T10:22:58.223495-05:00,1234625-1817281,121939.39,PEN,Soles,2026-09-17T00:00:00-05:00
ocds-dgv273-seacev3-1247181,ocds-dgv273-seacev3-1247181-2026-09-18T10:22:57.491952-05:00,1247181-1828140,590086.93,PEN,Soles,2026-09-04T00:00:00-05:00
ocds-dgv273-seacev3-1233804,ocds-dgv273-seacev3-1233804-2026-09-18T10:22:57.401959-05:00,1233804-10732315638,86670.0,PEN,Soles,2026-08-10T00:00:00-05:00
ocds-dgv273-seacev3-1232351,ocds-dgv273-seacev3-1232351-2026-09-18T10:22:57.344005-05:00,1232351-10224650456,716216.8,PEN,Soles,2026-07-17T00:00:00-05:00
ocds-dgv273-seacev3-1232351,ocds-dgv273-seacev3-1232351-2026-09-18T10:22:57.344005-05:00,1232351-20600616235,786785.22,PEN,Soles,2026-08-25T00:00:00-05:00
ocds-dgv273-seacev3-1246177,ocds-dgv273-seacev3-1246177-2026-09-18T10:22:57.200212-05:00,1246177-20480305991,3686926.37,PEN,Soles,2026-09-09T00:00:00-05:00
ocds-dgv273-seacev3-1233263,ocds-dgv273-seacev3-1233263-2026-09-18T10:22:57.134157-05:00,1233263-10081579887,85000.0,PEN,Soles,2026-08-17T00:00:00-05:00
ocds-dgv273-seacev3-2026-200276-26,ocds-dgv273-seacev3-2026-200276-26-2026-09-18T10:22:57.025069-05:00,1234655-20553404631,248842.0,PEN,Soles,2026-09-09T00:00:00-05:00
ocds-dgv273-seacev3-1233769,ocds-dgv273-seacev3-1233769-2026-09-18T10:22:56.650762-05:00,1233769-10023948619,66255.0,PEN,Soles,2026-08-12T00:00:00-05:00
ocds-dgv273-seacev3-1237394,ocds-dgv273-seacev3-1237394-2026-09-18T10:22:56.503820-05:00,1237394-20609287803,48519.24,PEN,Soles,2026-08-14T00:00:00-05:00
ocds-dgv273-seacev3-1232981,ocds-dgv273-seacev3-1232981-2026-09-18T10:22:56.333268-05:00,1232981-1817869,109890.0,PEN,Soles,2026-08-27T00:00:00-05:00
ocds-dgv273-seacev3-1231667,ocds-dgv273-seacev3-1231667-2026-09-18T10:22:56.276107-05:00,1231667-1819602,956018.13,PEN,Soles,2026-08-25T00:00:00-05:00
ocds-dgv273-seacev3-1230495,ocds-dgv273-seacev3-1230495-2026-09-18T10:22:56.180198-05:00,1230495-20526323581,6292438.26,PEN,Soles,2026-08-12T00:00:00-05:00
ocds-dgv273-seacev3-2026-2543-463,ocds-dgv273-seacev3-2026-2543-463-2026-09-18T10:22:56.164412-05:00,1229456-20605400524,107380.0,PEN,Soles,2026-08-10T00:00:00-05:00
ocds-dgv273-seacev3-1229577,ocds-dgv273-seacev3-1229577-2026-09-18T10:22:56.077435-05:00,1229577-20539408543,2446188.71,PEN,Soles,2026-07-31T00:00:00-05:00
ocds-dgv273-seacev3-1236333,ocds-dgv273-seacev3-1236333-2026-09-18T10:22:52.076624-05:00,1236333-1825813,244997.13,PEN,Soles,2026-08-31T00:00:00-05:00
ocds-dgv273-seacev3-1236108,ocds-dgv273-seacev3-1236108-2026-09-18T10:22:51.836157-05:00,1236108-20415716754,166000.0,PEN,Soles,2026-08-18T00:00:00-05:00
ocds-dgv273-seacev3-1235021,ocds-dgv273-seacev3-1235021-2026-09-18T10:22:51.330426-05:00,1235021-1819710,68000.0,PEN,Soles,2026-08-25T00:00:00-05:00
ocds-dgv273-seacev3-1236707,ocds-dgv273-seacev3-1236707-2026-09-18T10:22:51.068838-05:00,1236707-20605183434,146943.0,PEN,Soles,2026-07-30T00:00:00-05:00
ocds-dgv273-seacev3-2026-744-9,ocds-dgv273-seacev3-2026-744-9-2026-09-18T10:22:51.041693-05:00,1234932-20600989040,597528.0,PEN,Soles,2026-09-17T00:00:00-05:00
ocds-dgv273-seacev3-1244125,ocds-dgv273-seacev3-1244125-2026-09-18T10:22:50.919436-05:00,1244125-1830806,568537.82,PEN,Soles,2026-09-16T00:00:00-05:00
ocds-dgv273-seacev3-1235821,ocds-dgv273-seacev3-1235821-2026-09-18T10:22:50.758921-05:00,1235821-20574764867,68766.25,PEN,Soles,2026-08-20T00:00:00-05:00
ocds-dgv273-seacev3-1235169,ocds-dgv273-seacev3-1235169-2026-09-18T10:22:50.686128-05:00,1235169-20568929315,428888.88,PEN,Soles,2026-08-18T00:00:00-05:00
ocds-dgv273-seacev3-1237540,ocds-dgv273-seacev3-1237540-2026-09-18T10:22:50.564359-05:00,1237540-20518759079,48037.5,PEN,Soles,2026-08-13T00:00:00-05:00
ocds-dgv273-seacev3-1243714,ocds-dgv273-seacev3-1243714-2026-09-18T10:22:49.885295-05:00,1243714-1829633,20825561.3,PEN,Soles,2026-09-16T00:00:00-05:00
ocds-dgv273-seacev3-1232093,ocds-dgv273-seacev3-1232093-2026-09-18T10:22:49.861972-05:00,1232093-1818687,116794.8,PEN,Soles,2026-09-09T00:00:00-05:00
ocds-dgv273-seacev3-1231177,ocds-dgv273-seacev3-1231177-2026-09-18T10:22:49.843503-05:00,1231177-20603924542,256762.21,PEN,Soles,2026-09-09T00:00:00-05:00
ocds-dgv273-seacev3-1237322,ocds-dgv273-seacev3-1237322-2026-09-18T10:22:49.694746-05:00,1237322-1821736,4605259.24,PEN,Soles,2026-08-26T00:00:00-05:00
ocds-dgv273-seacev3-1235094,ocds-dgv273-seacev3-1235094-2026-09-18T10:22:49.525416-05:00,1235094-10702906836,99000.0,PEN,Soles,2026-07-24T00:00:00-05:00
ocds-dgv273-seacev3-1232662,ocds-dgv273-seacev3-1232662-2026-09-18T10:22:49.508758-05:00,1232662-1813970,196000.0,PEN,Soles,2026-08-11T00:00:00-05:00
ocds-dgv273-seacev3-1236600,ocds-dgv273-seacev3-1236600-2026-09-18T10:22:49.459606-05:00,1236600-20452457211,412940.0,PEN,Soles,2026-08-21T00:00:00-05:00
ocds-dgv273-seacev3-1231427,ocds-dgv273-seacev3-1231427-2026-09-18T10:22:49.265682-05:00,1231427-20513751495,4490032.6,PEN,Soles,2026-09-04T00:00:00-05:00
ocds-dgv273-seacev3-1237751,ocds-dgv273-seacev3-1237751-2026-09-18T10:22:49.148840-05:00,1237751-20345367757,1199000.0,PEN,Soles,2026-09-16T00:00:00-05:00
ocds-dgv273-seacev3-1237060,ocds-dgv273-seacev3-1237060-2026-09-18T10:22:49.132858-05:00,1237060-20606367334,550000.0,PEN,Soles,2026-09-17T00:00:00-05:00
ocds-dgv273-seacev3-1237166,ocds-dgv273-seacev3-1237166-2026-09-18T10:22:49.063353-05:00,1237166-1821810,717368.67,PEN,Soles,2026-08-20T00:00:00-05:00
ocds-dgv273-seacev3-1235151,ocds-dgv273-seacev3-1235151-2026-09-18T10:22:49.037579-05:00,1235151-1825364,1501125.88,PEN,Soles,2026-08-31T00:00:00-05:00
ocds-dgv273-seacev3-1245130,ocds-dgv273-seacev3-1245130-2026-09-18T10:22:48.145642-05:00,1245130-1825567,6587397.55,PEN,Soles,2026-08-27T00:00:00-05:00
ocds-dgv273-seacev3-2026-1986-8,ocds-dgv273-seacev3-2026-1986-8-2026-09-18T10:22:48.124413-05:00,1228615-20563324300,340000.0,PEN,Soles,2026-08-19T00:00:00-05:00
ocds-dgv273-seacev3-1237143,ocds-dgv273-seacev3-1237143-2026-09-18T10:22:48.021271-05:00,1237143-1819544,85050.39,PEN,Soles,2026-08-17T00:00:00-05:00
ocds-dgv273-seacev3-1236566,ocds-dgv273-seacev3-1236566-2026-09-18T10:22:47.954117-05:00,1236566-20532732116,54450.0,PEN,Soles,2026-08-20T00:00:00-05:00
ocds-dgv273-seacev3-1249047,ocds-dgv273-seacev3-1249047-2026-09-18T10:22:47.877270-05:00,1249047-20498249630,376974.97,PEN,Soles,2026-09-10T00:00:00-05:00
ocds-dgv273-seacev3-2026-1348-11,ocds-dgv273-seacev3-2026-1348-11-2026-09-18T10:22:47.760767-05:00,1235794-20520775596,64326.0,PEN,Soles,2026-08-14T00:00:00-05:00
ocds-dgv273-seacev3-2026-200051-5,ocds-dgv273-seacev3-2026-200051-5-2026-09-18T10:22:47.396652-05:00,1234764-20610901451,70000.0,PEN,Soles,2026-09-17T00:00:00-05:00
ocds-dgv273-seacev3-1234704,ocds-dgv273-seacev3-1234704-2026-09-18T10:22:47.379501-05:00,1234704-1818131,1151431.88,PEN,Soles,2026-08-07T00:00:00-05:00
ocds-dgv273-seacev3-1233338,ocds-dgv273-seacev3-1233338-2026-09-18T10:22:47.276172-05:00,1233338-20600055284,98836.8,PEN,Soles,2026-09-16T00:00:00-05:00
ocds-dgv273-seacev3-1230103,ocds-dgv273-seacev3-1230103-2026-09-18T10:22:47.249693-05:00,1230103-1817366,115255.01,PEN,Soles,2026-08-13T00:00:00-05:00
ocds-dgv273-seacev3-1235726,ocds-dgv273-seacev3-1235726-2026-09-18T10:22:47.137368-05:00,1235726-20611399694,79200.0,PEN,Soles,2026-09-16T00:00:00-05:00
ocds-dgv273-seacev3-1232639,ocds-dgv273-seacev3-1232639-2026-09-18T10:22:46.683422-05:00,1232639-20568801351,139162.5,PEN,Soles,2026-08-18T00:00:00-05:00
ocds-dgv273-seacev3-1236852,ocds-dgv273-seacev3-1236852-2026-09-18T10:22:46.470549-05:00,1236852-20609586975,449890.0,PEN,Soles,2026-08-10T00:00:00-05:00
ocds-dgv273-seacev3-1230258,ocds-dgv273-seacev3-1230258-2026-09-18T10:22:46.429584-05:00,1230258-10076369939,1659990.0,PEN,Soles,2026-08-12T00:00:00-05:00
ocds-dgv273-seacev3-1232148,ocds-dgv273-seacev3-1232148-2026-09-18T10:22:46.308414-05:00,1232148-20615192008,70875.0,PEN,Soles,2026-09-09T00:00:00-05:00
ocds-dgv273-seacev3-1240957,ocds-dgv273-seacev3-1240957-2026-09-18T10:22:45.879096-05:00,1240957-10708280238,393108.0,PEN,Soles,2026-08-18T00:00:00-05:00
ocds-dgv273-seacev3-1237708,ocds-dgv273-seacev3-1237708-2026-09-18T10:22:45.835233-05:00,1237708-20490643576,412000.0,PEN,Soles,2026-09-09T00:00:00-05:00
ocds-dgv273-seacev3-1232307,ocds-dgv273-seacev3-1232307-2026-09-18T10:22:45.444608-05:00,1232307-1815501,429800.0,PEN,Soles,2026-08-14T00:00:00-05:00
ocds-dgv273-seacev3-1234462,ocds-dgv273-seacev3-1234462-2026-09-18T10:22:45.388015-05:00,1234462-20613107828,116000.0,PEN,Soles,2026-08-07T00:00:00-05:00
ocds-dgv273-seacev3-1233014,ocds-dgv273-seacev3-1233014-2026-09-18T10:22:45.356145-05:00,1233014-20603075391,58540.0,PEN,Soles,2026-08-26T00:00:00-05:00
ocds-dgv273-seacev3-2026-2000-23,ocds-dgv273-seacev3-2026-2000-23-2026-09-18T10:22:45.242980-05:00,1231828-20510511574,367984.82,PEN,Soles,2026-09-03T00:00:00-05:00
ocds-dgv273-seacev3-1232884,ocds-dgv273-seacev3-1232884-2026-09-18T10:22:45.069016-05:00,1232884-20601014654,159600.0,PEN,Soles,2026-09-17T00:00:00-05:00
ocds-dgv273-seacev3-1232809,ocds-dgv273-seacev3-1232809-2026-09-18T10:22:45.054541-05:00,1232809-20502853750,1480227.4,PEN,Soles,2026-08-28T00:00:00-05:00
ocds-dgv273-seacev3-1230363,ocds-dgv273-seacev3-1230363-2026-09-18T10:22:44.985329-05:00,1230363-1813520,245451.8,PEN,Soles,2026-08-11T00:00:00-05:00
ocds-dgv273-seacev3-1231574,ocds-dgv273-seacev3-1231574-2026-09-18T10:22:44.914989-05:00,1231574-1820345,12854322.74,PEN,Soles,2026-08-14T00:00:00-05:00
ocds-dgv273-seacev3-1230780,ocds-dgv273-seacev3-1230780-2026-09-18T10:22:44.905765-05:00,1230780-1813220,190097.41,PEN,Soles,2026-08-28T00:00:00-05:00
ocds-dgv273-seacev3-1230051,ocds-dgv273-seacev3-1230051-2026-09-18T10:22:44.888942-05:00,1230051-1812341,96000.0,PEN,Soles,2026-07-21T00:00:00-05:00
ocds-dgv273-seacev3-1245486,ocds-dgv273-seacev3-1245486-2026-09-18T10:22:40.725298-05:00,1245486-20547508972,209990.0,PEN,Soles,2026-09-16T00:00:00-05:00
ocds-dgv273-seacev3-1234710,ocds-dgv273-seacev3-1234710-2026-09-18T10:22:40.690858-05:00,1234710-20501887286,1050017.6,PEN,Soles,2026-09-07T00:00:00-05:00
ocds-dgv273-seacev3-1237845,ocds-dgv273-seacev3-1237845-2026-09-18T10:22:40.631344-05:00,1237845-20601927111,62400.0,PEN,Soles,2026-08-28T00:00:00-05:00
ocds-dgv273-seacev3-1237796,ocds-dgv273-seacev3-1237796-2026-09-18T10:22:40.613791-05:00,1237796-20298258821,333162.0,PEN,Soles,2026-08-28T00:00:00-05:00
ocds-dgv273-seacev3-1231557,ocds-dgv273-seacev3-1231557-2026-09-18T10:22:40.529930-05:00,1231557-1820094,513000.0,PEN,Soles,2026-09-04T00:00:00-05:00
ocds-dgv273-seacev3-1240028,ocds-dgv273-seacev3-1240028-2026-09-18T10:22:40.199875-05:00,1240028-1820656,1856602.22,PEN,Soles,2026-08-25T00:00:00-05:00
ocds-dgv273-seacev3-1233101,ocds-dgv273-seacev3-1233101-2026-09-18T10:22:40.183637-05:00,1233101-20609307553,261330.0,PEN,Soles,2026-08-12T00:00:00-05:00
ocds-dgv273-seacev3-1235953,ocds-dgv273-seacev3-1235953-2026-09-18T10:22:39.826692-05:00,1235953-20532732116,71200.0,PEN,Soles,2026-08-24T00:00:00-05:00
ocds-dgv273-seacev3-1237636,ocds-dgv273-seacev3-1237636-2026-09-18T10:22:39.810956-05:00,1237636-1820341,451095.0,PEN,Soles,2026-08-13T00:00:00-05:00
ocds-dgv273-seacev3-1236941,ocds-dgv273-seacev3-1236941-2026-09-18T10:22:39.519916-05:00,1236941-1827855,625992.0,PEN,Soles,2026-09-04T00:00:00-05:00
ocds-dgv273-seacev3-1237763,ocds-dgv273-seacev3-1237763-2026-09-18T10:22:39.399286-05:00,1237763-1821070,1701371.87,PEN,Soles,2026-08-18T00:00:00-05:00
ocds-dgv273-seacev3-1231091,ocds-dgv273-seacev3-1231091-2026-09-18T10:22:39.380594-05:00,1231091-20603724519,46770.78,PEN,Soles,2026-08-21T00:00:00-05:00
ocds-dgv273-seacev3-1244308,ocds-dgv273-seacev3-1244308-2026-09-18T10:22:39.332110-05:00,1244308-20601049474,527722.71,PEN,Soles,2026-09-16T00:00:00-05:00
ocds-dgv273-seacev3-1237537,ocds-dgv273-seacev3-1237537-2026-09-18T10:22:39.307295-05:00,1237537-1831331,289000.0,PEN,Soles,2026-09-17T00:00:00-05:00
ocds-dgv273-seacev3-1235361,ocds-dgv273-seacev3-1235361-2026-09-18T10:22:38.955379-05:00,1235361-1817755,406545.29,PEN,Soles,2026-08-13T00:00:00-05:00
ocds-dgv273-seacev3-1234566,ocds-dgv273-seacev3-1234566-2026-09-18T10:22:38.702726-05:00,1234566-20520604198,890925.7,PEN,Soles,2026-09-09T00:00:00-05:00
ocds-dgv273-seacev3-1232055,ocds-dgv273-seacev3-1232055-2026-09-18T10:22:38.685453-05:00,1232055-20255361695,274571.65,PEN,Soles,2026-09-03T00:00:00-05:00
ocds-dgv273-seacev3-1232055,ocds-dgv273-seacev3-1232055-2026-09-18T10:22:38.685453-05:00,1232055-20520892631,812131.55,PEN,Soles,2026-09-03T00:00:00-05:00
ocds-dgv273-seacev3-1232055,ocds-dgv273-seacev3-1232055-2026-09-18T10:22:38.685453-05:00,1232055-20601582954,459973.7,PEN,Soles,2026-09-03T00:00:00-05:00
ocds-dgv273-seacev3-1230628,ocds-dgv273-seacev3-1230628-2026-09-18T10:22:38.671255-05:00,1230628-20552452314,104780.0,PEN,Soles,2026-09-07T00:00:00-05:00
ocds-dgv273-seacev3-1250562,ocds-dgv273-seacev3-1250562-2026-09-18T10:22:38.638331-05:00,1250562-10402364578,114000.0,PEN,Soles,2026-09-16T00:00:00-05:00
ocds-dgv273-seacev3-2026-12-4,ocds-dgv273-seacev3-2026-12-4-2026-09-18T10:22:38.563333-05:00,1235827-10703152282,88220.0,PEN,Soles,2026-09-17T00:00:00-05:00
ocds-dgv273-seacev3-1236733,ocds-dgv273-seacev3-1236733-2026-09-18T10:22:38.287519-05:00,1236733-20601793289,127007.9,PEN,Soles,2026-08-20T00:00:00-05:00
ocds-dgv273-seacev3-1236025,ocds-dgv273-seacev3-1236025-2026-09-18T10:22:38.204288-05:00,1236025-20604384002,1310362.05,PEN,Soles,2026-08-17T00:00:00-05:00
ocds-dgv273-seacev3-1250185,ocds-dgv273-seacev3-1250185-2026-09-18T10:22:38.139618-05:00,1250185-20609309238,166800.0,PEN,Soles,2026-09-15T00:00:00-05:00
ocds-dgv273-seacev3-1235528,ocds-dgv273-seacev3-1235528-2026-09-18T10:22:37.983310-05:00,1235528-1826479,518400.0,PEN,Soles,2026-09-07T00:00:00-05:00
ocds-dgv273-seacev3-1240535,ocds-dgv273-seacev3-1240535-2026-09-18T10:22:37.709254-05:00,1240535-1820907,613955.25,PEN,Soles,2026-08-19T00:00:00-05:00
ocds-dgv273-seacev3-1229429,ocds-dgv273-seacev3-1229429-2026-09-18T10:22:37.561141-05:00,1229429-20101320295,268059.0,PEN,Soles,2026-08-19T00:00:00-05:00
ocds-dgv273-seacev3-1237359,ocds-dgv273-seacev3-1237359-2026-09-18T10:22:37.544375-05:00,1237359-1825990,572302.86,PEN,Soles,2026-09-11T00:00:00-05:00
ocds-dgv273-seacev3-2026-2557-19,ocds-dgv273-seacev3-2026-2557-19-2026-09-18T10:22:37.510152-05:00,1237899-10336717111,110256.0,USD,Dólar Norteamericano,2026-09-16T00:00:00-05:00
ocds-dgv273-seacev3-1236658,ocds-dgv273-seacev3-1236658-2026-09-18T10:22:37.409449-05:00,1236658-20101639275,236999.0,PEN,Soles,2026-08-26T00:00:00-05:00
ocds-dgv273-seacev3-1235870,ocds-dgv273-seacev3-1235870-2026-09-18T10:22:37.327967-05:00,1235870-20611947349,116928.0,PEN,Soles,2026-09-08T00:00:00-05:00
ocds-dgv273-seacev3-1236976,ocds-dgv273-seacev3-1236976-2026-09-18T10:22:36.593920-05:00,1236976-20518777646,146340.0,PEN,Soles,2026-08-26T00:00:00-05:00
ocds-dgv273-seacev3-1236165,ocds-dgv273-seacev3-1236165-2026-09-18T10:22:36.534541-05:00,1236165-1825636,2832928.38,PEN,Soles,2026-08-28T00:00:00-05:00
ocds-dgv273-seacev3-1232024,ocds-dgv273-seacev3-1232024-2026-09-18T10:22:36.477185-05:00,1232024-10704404277,169777.0,PEN,Soles,2026-09-08T00:00:00-05:00
ocds-dgv273-seacev3-1234768,ocds-dgv273-seacev3-1234768-2026-09-18T10:22:36.363430-05:00,1234768-20605148582,445959.0,PEN,Soles,2026-08-13T00:00:00-05:00
ocds-dgv273-seacev3-1232018,ocds-dgv273-seacev3-1232018-2026-09-18T10:22:36.346735-05:00,1232018-20603333927,119925.0,PEN,Soles,2026-08-04T00:00:00-05:00
ocds-dgv273-seacev3-1233405,ocds-dgv273-seacev3-1233405-2026-09-18T10:22:36.278502-05:00,1233405-10044178554,96000.0,PEN,Soles,2026-07-22T00:00:00-05:00
ocds-dgv273-seacev3-1234788,ocds-dgv273-seacev3-1234788-2026-09-18T10:22:36.227975-05:00,1234788-20480793260,108300.0,PEN,Soles,2026-08-03T00:00:00-05:00
ocds-dgv273-seacev3-1235761,ocds-dgv273-seacev3-1235761-2026-09-18T10:22:35.873297-05:00,1235761-1819983,364307.73,PEN,Soles,2026-08-18T00:00:00-05:00
ocds-dgv273-seacev3-1237665,ocds-dgv273-seacev3-1237665-2026-09-18T10:22:35.742641-05:00,1237665-1820686,215990.0,PEN,Soles,2026-08-18T00:00:00-05:00
ocds-dgv273-seacev3-2026-1998-4,ocds-dgv273-seacev3-2026-1998-4-2026-09-18T10:22:35.598796-05:00,1235933-20514781851,80880.15,PEN,Soles,2026-08-26T00:00:00-05:00
ocds-dgv273-seacev3-1233933,ocds-dgv273-seacev3-1233933-2026-09-18T10:22:35.505676-05:00,1233933-20393878836,149398.92,PEN,Soles,2026-09-08T00:00:00-05:00
ocds-dgv273-seacev3-1247521,ocds-dgv273-seacev3-1247521-2026-09-18T10:22:35.474865-05:00,1247521-1828633,440140.54,PEN,Nuevos Soles,2026-09-10T00:00:00-05:00
ocds-dgv273-seacev3-1232327,ocds-dgv273-seacev3-1232327-2026-09-18T10:22:35.332612-05:00,1232327-10413420054,330780.0,PEN,Soles,2026-08-21T00:00:00-05:00
ocds-dgv273-seacev3-1232492,ocds-dgv273-seacev3-1232492-2026-09-18T10:22:35.197170-05:00,1232492-20101639275,592000.0,PEN,Soles,2026-09-07T00:00:00-05:00
ocds-dgv273-seacev3-1236421,ocds-dgv273-seacev3-1236421-2026-09-18T10:22:35.167516-05:00,1236421-20137114705,4426530.59,PEN,Soles,2026-09-07T00:00:00-05:00
ocds-dgv273-seacev3-2026-200363-147,ocds-dgv273-seacev3-2026-200363-147-2026-09-18T10:22:35.102531-05:00,1234047-20100287791,2100900.0,PEN,Soles,2026-09-04T00:00:00-05:00
ocds-dgv273-seacev3-1237678,ocds-dgv273-seacev3-1237678-2026-09-18T10:22:35.043315-05:00,1237678-1818182,4442062.42,PEN,Soles,2026-08-13T00:00:00-05:00
ocds-dgv273-seacev3-1235839,ocds-dgv273-seacev3-1235839-2026-09-18T10:22:34.676446-05:00,1235839-10012862844,178880.0,PEN,Soles,2026-09-16T00:00:00-05:00
ocds-dgv273-seacev3-1235513,ocds-dgv273-seacev3-1235513-2026-09-18T10:22:34.646789-05:00,1235513-20611606223,196100.0,PEN,Soles,2026-09-17T00:00:00-05:00
ocds-dgv273-seacev3-1236149,ocds-dgv273-seacev3-1236149-2026-09-18T10:22:34.577352-05:00,1236149-20546992633,162000.0,PEN,Soles,2026-08-11T00:00:00-05:00
ocds-dgv273-seacev3-1236149,ocds-dgv273-seacev3-1236149-2026-09-18T10:22:34.577352-05:00,1236149-20454318430,190364.0,PEN,Soles,2026-09-09T00:00:00-05:00
ocds-dgv273-seacev3-1234237,ocds-dgv273-seacev3-1234237-2026-09-18T10:22:34.500592-05:00,1234237-1824750,217921.22,PEN,Soles,2026-09-01T00:00:00-05:00
ocds-dgv273-seacev3-1237973,ocds-dgv273-seacev3-1237973-2026-09-18T10:22:34.485769-05:00,1237973-1820712,1114433.48,PEN,Soles,2026-08-31T00:00:00-05:00
ocds-dgv273-seacev3-1233928,ocds-dgv273-seacev3-1233928-2026-09-18T10:22:34.472759-05:00,1233928-20418896915,90778.43,PEN,Soles,2026-09-16T00:00:00-05:00
ocds-dgv273-seacev3-1235364,ocds-dgv273-seacev3-1235364-2026-09-18T10:22:34.397158-05:00,1235364-20600417909,97620.0,PEN,Soles,2026-07-31T00:00:00-05:00
ocds-dgv273-seacev3-1235364,ocds-dgv273-seacev3-1235364-2026-09-18T10:22:34.397158-05:00,1235364-10425386218,98450.0,PEN,Soles,2026-08-19T00:00:00-05:00
ocds-dgv273-seacev3-1230698,ocds-dgv273-seacev3-1230698-2026-09-18T10:22:34.379146-05:00,1230698-1816738,209077.12,PEN,Soles,2026-09-07T00:00:00-05:00
ocds-dgv273-seacev3-1236489,ocds-dgv273-seacev3-1236489-2026-09-18T10:22:34.256395-05:00,1236489-20602766579,219496.12,PEN,Soles,2026-09-16T00:00:00-05:00
ocds-dgv273-seacev3-1235992,ocds-dgv273-seacev3-1235992-2026-09-18T10:22:34.241020-05:00,1235992-20490971824,56000.0,PEN,Soles,2026-08-18T00:00:00-05:00
ocds-dgv273-seacev3-1237561,ocds-dgv273-seacev3-1237561-2026-09-18T10:22:33.946338-05:00,1237561-20604095329,90619.98,PEN,Soles,2026-09-01T00:00:00-05:00
ocds-dgv273-seacev3-1234270,ocds-dgv273-seacev3-1234270-2026-09-18T10:22:33.930784-05:00,1234270-1820566,233610.08,PEN,Soles,2026-09-17T00:00:00-05:00
ocds-dgv273-seacev3-1231444,ocds-dgv273-seacev3-1231444-2026-09-18T10:22:33.790444-05:00,1231444-10758144980,135120.0,PEN,Soles,2026-07-15T00:00:00-05:00
ocds-dgv273-seacev3-1231444,ocds-dgv273-seacev3-1231444-2026-09-18T10:22:33.790444-05:00,1231444-10753583357,137225.6,PEN,Soles,2026-07-15T00:00:00-05:00
ocds-dgv273-seacev3-1231870,ocds-dgv273-seacev3-1231870-2026-09-18T10:22:33.740426-05:00,1231870-1814422,400557.54,PEN,Soles,2026-08-04T00:00:00-05:00
ocds-dgv273-seacev3-1232066,ocds-dgv273-seacev3-1232066-2026-09-18T10:22:33.710257-05:00,1232066-20498152555,174920.0,PEN,Soles,2026-09-07T00:00:00-05:00
ocds-dgv273-seacev3-1230441,ocds-dgv273-seacev3-1230441-2026-09-18T10:22:33.629932-05:00,1230441-20606421070,139850.0,PEN,Soles,2026-08-24T00:00:00-05:00
ocds-dgv273-seacev3-2026-1003013319-16,ocds-dgv273-seacev3-2026-1003013319-16-2026-09-18T10:22:33.572576-05:00,1232915-20553890714,667837.35,PEN,Soles,2026-09-08T00:00:00-05:00
ocds-dgv273-seacev3-1229765,ocds-dgv273-seacev3-1229765-2026-09-18T10:22:33.493622-05:00,1229765-20615192008,132900.0,PEN,Soles,2026-08-05T00:00:00-05:00
ocds-dgv273-seacev3-1230693,ocds-dgv273-seacev3-1230693-2026-09-18T10:22:33.348470-05:00,1230693-1816746,111127.68,PEN,Soles,2026-09-07T00:00:00-05:00
ocds-dgv273-seacev3-1237993,ocds-dgv273-seacev3-1237993-2026-09-18T10:22:33.331924-05:00,1237993-1818069,2072562.71,PEN,Soles,2026-08-20T00:00:00-05:00
ocds-dgv273-seacev3-1231495,ocds-dgv273-seacev3-1231495-2026-09-18T10:22:33.315185-05:00,1231495-1824807,7124305.09,PEN,Soles,2026-08-27T00:00:00-05:00
ocds-dgv273-seacev3-1212608,ocds-dgv273-seacev3-1212608-2026-09-18T10:22:29.406998-05:00,1212608-20493043073,1095009.33,PEN,Soles,2026-08-18T00:00:00-05:00
ocds-dgv273-seacev3-1247091,ocds-dgv273-seacev3-1247091-2026-09-18T10:22:29.356057-05:00,1247091-10416469003,30000.0,PEN,Soles,2026-09-03T00:00:00-05:00
ocds-dgv273-seacev3-1246841,ocds-dgv273-seacev3-1246841-2026-09-18T10:22:29.249636-05:00,1246841-1831619,153314969.71,PEN,Soles,2026-09-15T00:00:00-05:00
ocds-dgv273-seacev3-1232144,ocds-dgv273-seacev3-1232144-2026-09-18T10:22:29.234578-05:00,1232144-20489966558,100658.71,PEN,Soles,2026-08-11T00:00:00-05:00
ocds-dgv273-seacev3-1236953,ocds-dgv273-seacev3-1236953-2026-09-18T10:22:28.975419-05:00,1236953-1827007,764092.89,PEN,Soles,2026-09-15T00:00:00-05:00
ocds-dgv273-seacev3-2026-2341-42,ocds-dgv273-seacev3-2026-2341-42-2026-09-18T10:22:28.803288-05:00,1234414-20431995281,515494.86,PEN,Soles,2026-09-04T00:00:00-05:00
ocds-dgv273-seacev3-1236628,ocds-dgv273-seacev3-1236628-2026-09-18T10:22:28.747894-05:00,1236628-1815143,2148409.6,PEN,Soles,2026-07-24T00:00:00-05:00
ocds-dgv273-seacev3-1234752,ocds-dgv273-seacev3-1234752-2026-09-18T10:22:28.725406-05:00,1234752-20603460554,119900.0,PEN,Soles,2026-09-16T00:00:00-05:00
ocds-dgv273-seacev3-2026-10262-6,ocds-dgv273-seacev3-2026-10262-6-2026-09-18T10:22:28.666842-05:00,1237941-20524571901,1772688.0,PEN,Soles,2026-08-20T00:00:00-05:00
ocds-dgv273-seacev3-1232628,ocds-dgv273-seacev3-1232628-2026-09-18T10:22:28.654284-05:00,1232628-20392764373,39040.0,PEN,Soles,2026-08-31T00:00:00-05:00
ocds-dgv273-seacev3-1232173,ocds-dgv273-seacev3-1232173-2026-09-18T10:22:28.430875-05:00,1232173-20606916150,162915.0,PEN,Soles,2026-09-10T00:00:00-05:00
ocds-dgv273-seacev3-1235907,ocds-dgv273-seacev3-1235907-2026-09-18T10:22:28.320414-05:00,1235907-20559644243,40900.0,PEN,Soles,2026-08-27T00:00:00-05:00
ocds-dgv273-seacev3-1230987,ocds-dgv273-seacev3-1230987-2026-09-18T10:22:28.050262-05:00,1230987-20613734725,72500.0,PEN,Soles,2026-09-17T00:00:00-05:00
ocds-dgv273-seacev3-2026-2426-62,ocds-dgv273-seacev3-2026-2426-62-2026-09-18T10:22:28.035187-05:00,1231017-20602391427,1013385.33,PEN,Soles,2026-09-16T00:00:00-05:00
ocds-dgv273-seacev3-1234623,ocds-dgv273-seacev3-1234623-2026-09-18T10:22:27.535787-05:00,1234623-20607735248,136110.0,PEN,Soles,2026-08-03T00:00:00-05:00
ocds-dgv273-seacev3-1237773,ocds-dgv273-seacev3-1237773-2026-09-18T10:22:27.221619-05:00,1237773-1820255,190000.0,PEN,Soles,2026-08-14T00:00:00-05:00
ocds-dgv273-seacev3-1236731,ocds-dgv273-seacev3-1236731-2026-09-18T10:22:27.152776-05:00,1236731-1818994,107014.12,PEN,Soles,2026-08-12T00:00:00-05:00
ocds-dgv273-seacev3-1234886,ocds-dgv273-seacev3-1234886-2026-09-18T10:22:27.066086-05:00,1234886-1826742,536679.08,PEN,Soles,2026-09-17T00:00:00-05:00
ocds-dgv273-seacev3-1235934,ocds-dgv273-seacev3-1235934-2026-09-18T10:22:26.972491-05:00,1235934-20604367167,286750.0,PEN,Soles,2026-09-17T00:00:00-05:00
ocds-dgv273-seacev3-1230105,ocds-dgv273-seacev3-1230105-2026-09-18T10:22:26.768200-05:00,1230105-20543071448,135000.0,PEN,Soles,2026-08-20T00:00:00-05:00
ocds-dgv273-seacev3-2026-200455-8,ocds-dgv273-seacev3-2026-200455-8-2026-09-18T10:22:26.636552-05:00,1237705-20463595004,189882.36,PEN,Soles,2026-08-18T00:00:00-05:00
ocds-dgv273-seacev3-1237451,ocds-dgv273-seacev3-1237451-2026-09-18T10:22:26.552961-05:00,1237451-20555904437,92242.62,PEN,Soles,2026-08-21T00:00:00-05:00
ocds-dgv273-seacev3-1235451,ocds-dgv273-seacev3-1235451-2026-09-18T10:22:26.525626-05:00,1235451-20555422441,103700.0,PEN,Soles,2026-09-16T00:00:00-05:00
ocds-dgv273-seacev3-2026-2557-5,ocds-dgv273-seacev3-2026-2557-5-2026-09-18T10:22:26.508765-05:00,1233925-20332970411,109294.11,PEN,Soles,2026-09-17T00:00:00-05:00
ocds-dgv273-seacev3-2026-2557-5,ocds-dgv273-seacev3-2026-2557-5-2026-09-18T10:22:26.508765-05:00,1233925-20418896915,219005.16,PEN,Soles,2026-09-17T00:00:00-05:00
ocds-dgv273-seacev3-2026-2557-5,ocds-dgv273-seacev3-2026-2557-5-2026-09-18T10:22:26.508765-05:00,1233925-20523470761,107096.88,PEN,Soles,2026-09-17T00:00:00-05:00
ocds-dgv273-seacev3-1236470,ocds-dgv273-seacev3-1236470-2026-09-18T10:22:26.414512-05:00,1236470-20605307737,220000.0,PEN,Soles,2026-08-12T00:00:00-05:00
ocds-dgv273-seacev3-2026-200022-4,ocds-dgv273-seacev3-2026-200022-4-2026-09-18T10:22:26.223974-05:00,1234977-20606383097,238182.0,PEN,Soles,2026-09-09T00:00:00-05:00
ocds-dgv273-seacev3-1234575,ocds-dgv273-seacev3-1234575-2026-09-18T10:22:26.084592-05:00,1234575-1818681,399140.26,PEN,Soles,2026-09-16T00:00:00-05:00
ocds-dgv273-seacev3-2026-200363-45,ocds-dgv273-seacev3-2026-200363-45-2026-09-18T10:22:26.014074-05:00,1234826-20392820541,675000.0,PEN,Soles,2026-09-04T00:00:00-05:00
ocds-dgv273-seacev3-2026-1903-46,ocds-dgv273-seacev3-2026-1903-46-2026-09-18T10:22:25.803092-05:00,1235095-10756633223,158095.0,PEN,Soles,2026-08-12T00:00:00-05:00
ocds-dgv273-seacev3-1230460,ocds-dgv273-seacev3-1230460-2026-09-18T10:22:24.500160-05:00,1230460-1814034,5473732.58,PEN,Soles,2026-08-03T00:00:00-05:00
ocds-dgv273-seacev3-1232613,ocds-dgv273-seacev3-1232613-2026-09-18T10:22:24.379171-05:00,1232613-20556731285,1129000.0,PEN,Soles,2026-09-07T00:00:00-05:00
ocds-dgv273-seacev3-1237320,ocds-dgv273-seacev3-1237320-2026-09-18T10:22:24.339452-05:00,1237320-20603096828,160000.0,PEN,Soles,2026-08-25T00:00:00-05:00
ocds-dgv273-seacev3-1230630,ocds-dgv273-seacev3-1230630-2026-09-18T10:22:23.964563-05:00,1230630-1812043,78990.0,PEN,Soles,2026-07-24T00:00:00-05:00
ocds-dgv273-seacev3-1230630,ocds-dgv273-seacev3-1230630-2026-09-18T10:22:23.964563-05:00,1230630-20455645922,113500.0,PEN,Soles,2026-07-24T00:00:00-05:00
ocds-dgv273-seacev3-1239113,ocds-dgv273-seacev3-1239113-2026-09-18T10:22:23.885694-05:00,1239113-1821291,460000.0,PEN,Soles,2026-09-15T00:00:00-05:00
ocds-dgv273-seacev3-1236299,ocds-dgv273-seacev3-1236299-2026-09-18T10:22:23.735192-05:00,1236299-20522830861,17737012.8,PEN,Soles,2026-08-19T00:00:00-05:00
ocds-dgv273-seacev3-1237011,ocds-dgv273-seacev3-1237011-2026-09-18T10:22:23.425326-05:00,1237011-20557788841,317000.0,PEN,Soles,2026-09-17T00:00:00-05:00
ocds-dgv273-seacev3-1232928,ocds-dgv273-seacev3-1232928-2026-09-18T10:22:23.020769-05:00,1232928-20527656681,186912.0,PEN,Soles,2026-08-25T00:00:00-05:00
ocds-dgv273-seacev3-1230929,ocds-dgv273-seacev3-1230929-2026-09-18T10:22:22.997110-05:00,1230929-10446373671,90610.0,PEN,Soles,2026-09-09T00:00:00-05:00
ocds-dgv273-seacev3-1232062,ocds-dgv273-seacev3-1232062-2026-09-18T10:22:22.856734-05:00,1232062-20203348780,98000.0,PEN,Soles,2026-08-19T00:00:00-05:00
ocds-dgv273-seacev3-1232801,ocds-dgv273-seacev3-1232801-2026-09-18T10:22:22.831529-05:00,1232801-20601231809,104880.0,PEN,Soles,2026-08-14T00:00:00-05:00
ocds-dgv273-seacev3-1232801,ocds-dgv273-seacev3-1232801-2026-09-18T10:22:22.831529-05:00,1232801-1817393,117000.0,PEN,Soles,2026-08-14T00:00:00-05:00
ocds-dgv273-seacev3-1230814,ocds-dgv273-seacev3-1230814-2026-09-18T10:22:22.770808-05:00,1230814-1821967,23337663.53,PEN,Soles,2026-09-04T00:00:00-05:00
ocds-dgv273-seacev3-1230046,ocds-dgv273-seacev3-1230046-2026-09-18T10:22:22.724012-05:00,1230046-20613764101,82740.0,PEN,Soles,2026-07-07T00:00:00-05:00
ocds-dgv273-seacev3-1230046,ocds-dgv273-seacev3-1230046-2026-09-18T10:22:22.724012-05:00,1230046-20602479413,82760.0,PEN,Soles,2026-08-19T00:00:00-05:00
ocds-dgv273-seacev3-1232794,ocds-dgv273-seacev3-1232794-2026-09-18T10:22:17.355422-05:00,1232794-10277540326,108000.0,PEN,Soles,2026-07-31T00:00:00-05:00
ocds-dgv273-seacev3-1237243,ocds-dgv273-seacev3-1237243-2026-09-18T10:22:17.207501-05:00,1237243-L0609016880,172970.0,USD,Dólar Norteamericano,2026-08-14T00:00:00-05:00
ocds-dgv273-seacev3-1235841,ocds-dgv273-seacev3-1235841-2026-09-18T10:22:17.191703-05:00,1235841-1825915,550013.91,PEN,Soles,2026-09-17T00:00:00-05:00
ocds-dgv273-seacev3-1235775,ocds-dgv273-seacev3-1235775-2026-09-18T10:22:17.119224-05:00,1235775-20602007970,365365.0,PEN,Soles,2026-09-07T00:00:00-05:00
ocds-dgv273-seacev3-1231684,ocds-dgv273-seacev3-1231684-2026-09-18T10:22:17.004585-05:00,1231684-20535069094,3043005.84,PEN,Soles,2026-08-18T00:00:00-05:00
ocds-dgv273-seacev3-1222656,ocds-dgv273-seacev3-1222656-2026-09-18T10:22:16.988415-05:00,1222656-1826501,56062.22,PEN,Soles,2026-09-03T00:00:00-05:00
ocds-dgv273-seacev3-1237095,ocds-dgv273-seacev3-1237095-2026-09-18T10:22:16.916833-05:00,1237095-20602976387,587699.0,PEN,Soles,2026-09-16T00:00:00-05:00
ocds-dgv273-seacev3-1236889,ocds-dgv273-seacev3-1236889-2026-09-18T10:22:16.902370-05:00,1236889-20605746277,553650.0,PEN,Soles,2026-09-17T00:00:00-05:00
ocds-dgv273-seacev3-1235101,ocds-dgv273-seacev3-1235101-2026-09-18T10:22:16.826822-05:00,1235101-1820137,240359.52,PEN,Soles,2026-08-20T00:00:00-05:00
ocds-dgv273-seacev3-1233647,ocds-dgv273-seacev3-1233647-2026-09-18T10:22:16.751693-05:00,1233647-10409873575,240000.0,PEN,Soles,2026-09-08T00:00:00-05:00
ocds-dgv273-seacev3-1234259,ocds-dgv273-seacev3-1234259-2026-09-18T10:22:16.669631-05:00,1234259-20486368617,309666.0,PEN,Soles,2026-08-31T00:00:00-05:00
ocds-dgv273-seacev3-1237687,ocds-dgv273-seacev3-1237687-2026-09-18T10:22:16.633223-05:00,1237687-20605740651,75600.0,PEN,Soles,2026-08-25T00:00:00-05:00
ocds-dgv273-seacev3-1244239,ocds-dgv273-seacev3-1244239-2026-09-18T10:22:16.393024-05:00,1244239-20612269271,80000.0,PEN,Soles,2026-09-08T00:00:00-05:00
ocds-dgv273-seacev3-2026-10198-25,ocds-dgv273-seacev3-2026-10198-25-2026-09-18T10:22:15.842604-05:00,1235045-20471476898,377190.0,PEN,Soles,2026-08-19T00:00:00-05:00
ocds-dgv273-seacev3-1237787,ocds-dgv273-seacev3-1237787-2026-09-18T10:22:15.596989-05:00,1237787-1828729,11761760.31,PEN,Soles,2026-09-16T00:00:00-05:00
ocds-dgv273-seacev3-1234368,ocds-dgv273-seacev3-1234368-2026-09-18T10:22:15.512057-05:00,1234368-1816567,716951.1,PEN,Soles,2026-08-03T00:00:00-05:00
ocds-dgv273-seacev3-1237344,ocds-dgv273-seacev3-1237344-2026-09-18T10:22:15.157263-05:00,1237344-1827669,84630.0,PEN,Soles,2026-09-17T00:00:00-05:00
ocds-dgv273-seacev3-1233742,ocds-dgv273-seacev3-1233742-2026-09-18T10:22:14.829573-05:00,1233742-1815540,1460264.15,PEN,Soles,2026-07-30T00:00:00-05:00
ocds-dgv273-seacev3-1237881,ocds-dgv273-seacev3-1237881-2026-09-18T10:22:14.568019-05:00,1237881-1827939,8033917.06,PEN,Soles,2026-09-07T00:00:00-05:00
ocds-dgv273-seacev3-1236725,ocds-dgv273-seacev3-1236725-2026-09-18T10:22:14.553329-05:00,1236725-20604499748,245356.56,PEN,Soles,2026-08-25T00:00:00-05:00
ocds-dgv273-seacev3-1234553,ocds-dgv273-seacev3-1234553-2026-09-18T10:22:14.404221-05:00,1234553-20600364490,52745.0,PEN,Nuevos Soles,2026-09-17T00:00:00-05:00
ocds-dgv273-seacev3-1236107,ocds-dgv273-seacev3-1236107-2026-09-18T10:22:14.188652-05:00,1236107-1818647,1435363.45,PEN,Soles,2026-08-11T00:00:00-05:00
ocds-dgv273-seacev3-2026-200363-171,ocds-dgv273-seacev3-2026-200363-171-2026-09-18T10:22:13.916055-05:00,1237287-10706937931,84671.0,PEN,Soles,2026-09-09T00:00:00-05:00
ocds-dgv273-seacev3-1234738,ocds-dgv273-seacev3-1234738-2026-09-18T10:22:13.898848-05:00,1234738-20608573721,97700.0,PEN,Soles,2026-08-27T00:00:00-05:00
ocds-dgv273-seacev3-1232951,ocds-dgv273-seacev3-1232951-2026-09-18T10:22:13.730228-05:00,1232951-1815532,4885050.0,PEN,Soles,2026-07-31T00:00:00-05:00
ocds-dgv273-seacev3-1231114,ocds-dgv273-seacev3-1231114-2026-09-18T10:22:13.715052-05:00,1231114-10446373671,56650.0,PEN,Soles,2026-09-09T00:00:00-05:00
ocds-dgv273-seacev3-1231070,ocds-dgv273-seacev3-1231070-2026-09-18T10:22:13.505131-05:00,1231070-20600146468,1976535.7000000002,PEN,Soles,2026-09-10T00:00:00-05:00
ocds-dgv273-seacev3-1235288,ocds-dgv273-seacev3-1235288-2026-09-18T10:22:12.376742-05:00,1235288-1826420,914623.49,PEN,Soles,2026-09-01T00:00:00-05:00
ocds-dgv273-seacev3-1235523,ocds-dgv273-seacev3-1235523-2026-09-18T10:22:11.949834-05:00,1235523-1818743,279902.89,PEN,Soles,2026-08-13T00:00:00-05:00
ocds-dgv273-seacev3-1230568,ocds-dgv273-seacev3-1230568-2026-09-18T10:22:11.940967-05:00,1230568-20573191782,135675.0,PEN,Soles,2026-07-13T16:04:08-05:00
ocds-dgv273-seacev3-1233973,ocds-dgv273-seacev3-1233973-2026-09-18T10:22:11.891080-05:00,1233973-20511037001,67288.0,PEN,Soles,2026-08-05T00:00:00-05:00
ocds-dgv273-seacev3-1233973,ocds-dgv273-seacev3-1233973-2026-09-18T10:22:11.891080-05:00,1233973-10475269301,68967.6,PEN,Soles,2026-09-08T00:00:00-05:00
ocds-dgv273-seacev3-1231751,ocds-dgv273-seacev3-1231751-2026-09-18T10:22:11.187840-05:00,1231751-20100027021,521412.5,PEN,Soles,2026-08-14T00:00:00-05:00
ocds-dgv273-seacev3-1230928,ocds-dgv273-seacev3-1230928-2026-09-18T10:22:11.059908-05:00,1230928-20570698304,89102.98,PEN,Soles,2026-07-10T00:00:00-05:00
ocds-dgv273-seacev3-1232923,ocds-dgv273-seacev3-1232923-2026-09-18T10:22:11.045456-05:00,1232923-1823005,733600.8,PEN,Soles,2026-09-17T00:00:00-05:00
ocds-dgv273-seacev3-1231183,ocds-dgv273-seacev3-1231183-2026-09-18T10:22:11.013206-05:00,1231183-20100027021,387040.0,PEN,Soles,2026-09-16T00:00:00-05:00
ocds-dgv273-seacev3-1231076,ocds-dgv273-seacev3-1231076-2026-09-18T10:22:11.002971-05:00,1231076-1813540,2443868.49,PEN,Soles,2026-09-10T00:00:00-05:00
ocds-dgv273-seacev3-2026-108-1,ocds-dgv273-seacev3-2026-108-1-2026-09-18T10:22:10.993657-05:00,1230329-1815308,9999986.0,PEN,Soles,2026-07-30T00:00:00-05:00
ocds-dgv273-seacev3-1231093,ocds-dgv273-seacev3-1231093-2026-09-18T10:22:10.968553-05:00,1231093-20601332648,64990.0,PEN,Soles,2026-07-31T00:00:00-05:00
ocds-dgv273-seacev3-1235708,ocds-dgv273-seacev3-1235708-2026-09-17T10:20:24.811830-05:00,1235708-1819122,1125166.12,PEN,Soles,2026-08-17T00:00:00-05:00
ocds-dgv273-seacev3-1234946,ocds-dgv273-seacev3-1234946-2026-09-17T10:20:24.649332-05:00,1234946-1818054,963929.85,PEN,Soles,2026-08-10T00:00:00-05:00
ocds-dgv273-seacev3-2026-8-3,ocds-dgv273-seacev3-2026-8-3-2026-09-17T10:20:24.378801-05:00,1234031-20601705185,3273901.92,PEN,Soles,2026-09-02T00:00:00-05:00
ocds-dgv273-seacev3-1233402,ocds-dgv273-seacev3-1233402-2026-09-17T10:20:23.849520-05:00,1233402-20490544918,1239746.16,PEN,Soles,2026-09-03T00:00:00-05:00
ocds-dgv273-seacev3-2026-10167-2,ocds-dgv273-seacev3-2026-10167-2-2026-09-17T10:20:23.828697-05:00,1230919-1819675,5395506.6,PEN,Soles,2026-08-21T00:00:00-05:00
ocds-dgv273-seacev3-1233396,ocds-dgv273-seacev3-1233396-2026-09-17T10:20:23.671357-05:00,1233396-1822696,1143603.05,PEN,Soles,2026-08-20T00:00:00-05:00
ocds-dgv273-seacev3-1235679,ocds-dgv273-seacev3-1235679-2026-09-17T10:20:23.631765-05:00,1235679-20338570041,660000.0,PEN,Soles,2026-09-15T00:00:00-05:00
ocds-dgv273-seacev3-1236000,ocds-dgv273-seacev3-1236000-2026-09-17T10:20:23.206021-05:00,1236000-20600852346,69972.0,PEN,Soles,2026-08-07T00:00:00-05:00
ocds-dgv273-seacev3-1233686,ocds-dgv273-seacev3-1233686-2026-09-17T10:20:22.988345-05:00,1233686-20615192008,64986.0,PEN,Soles,2026-08-11T00:00:00-05:00
ocds-dgv273-seacev3-2026-614-18,ocds-dgv273-seacev3-2026-614-18-2026-09-17T10:20:22.757943-05:00,1232577-20517182673,75582.69,PEN,Soles,2026-08-19T00:00:00-05:00
ocds-dgv273-seacev3-1235414,ocds-dgv273-seacev3-1235414-2026-09-17T10:20:22.220574-05:00,1235414-1825662,1025200.0,PEN,Soles,2026-09-02T00:00:00-05:00
ocds-dgv273-seacev3-1233974,ocds-dgv273-seacev3-1233974-2026-09-17T10:20:21.983508-05:00,1233974-20286616225,116404.8,PEN,Soles,2026-08-19T00:00:00-05:00
ocds-dgv273-seacev3-1250066,ocds-dgv273-seacev3-1250066-2026-09-17T10:20:21.921291-05:00,1250066-1832361,854161.53,PEN,Soles,2026-09-15T00:00:00-05:00
ocds-dgv273-seacev3-1249731,ocds-dgv273-seacev3-1249731-2026-09-17T10:20:21.616722-05:00,1249731-10104527545,104075.0,PEN,Soles,2026-09-15T00:00:00-05:00
ocds-dgv273-seacev3-2026-200156-10,ocds-dgv273-seacev3-2026-200156-10-2026-09-17T10:20:20.823980-05:00,1234490-20511717486,136790.0,PEN,Soles,2026-08-20T00:00:00-05:00
ocds-dgv273-seacev3-1235193,ocds-dgv273-seacev3-1235193-2026-09-17T10:20:19.715286-05:00,1235193-20514023167,174000.0,PEN,Soles,2026-08-14T00:00:00-05:00
ocds-dgv273-seacev3-1243909,ocds-dgv273-seacev3-1243909-2026-09-17T10:20:19.524769-05:00,1243909-1825562,562401.72,PEN,Soles,2026-09-03T00:00:00-05:00
ocds-dgv273-seacev3-1232997,ocds-dgv273-seacev3-1232997-2026-09-17T10:20:19.140620-05:00,1232997-1816541,1084811.17,PEN,Soles,2026-08-04T00:00:00-05:00
ocds-dgv273-seacev3-1248900,ocds-dgv273-seacev3-1248900-2026-09-17T10:20:19.111207-05:00,1248900-20608113887,102500.0,PEN,Soles,2026-09-15T00:00:00-05:00
ocds-dgv273-seacev3-1239000,ocds-dgv273-seacev3-1239000-2026-09-17T10:20:19.066792-05:00,1239000-1820238,358480.72,PEN,Soles,2026-08-17T00:00:00-05:00
ocds-dgv273-seacev3-1237767,ocds-dgv273-seacev3-1237767-2026-09-17T10:20:19.050538-05:00,1237767-1827960,6527024.07,PEN,Soles,2026-09-03T00:00:00-05:00
ocds-dgv273-seacev3-1236135,ocds-dgv273-seacev3-1236135-2026-09-17T10:20:18.772160-05:00,1236135-20511037001,66970.75,PEN,Soles,2026-08-10T18:52:24-05:00
ocds-dgv273-seacev3-1237072,ocds-dgv273-seacev3-1237072-2026-09-17T10:20:18.665656-05:00,1237072-20605746277,485000.0,PEN,Soles,2026-09-15T00:00:00-05:00
ocds-dgv273-seacev3-1230511,ocds-dgv273-seacev3-1230511-2026-09-17T10:20:18.432356-05:00,1230511-20604234035,299989.0,PEN,Soles,2026-08-13T00:00:00-05:00
ocds-dgv273-seacev3-1230390,ocds-dgv273-seacev3-1230390-2026-09-17T10:20:18.393746-05:00,1230390-20612867781,167000.0,PEN,Soles,2026-09-15T00:00:00-05:00
ocds-dgv273-seacev3-1230533,ocds-dgv273-seacev3-1230533-2026-09-17T10:20:18.304956-05:00,1230533-1819667,72003.6,PEN,Soles,2026-08-17T00:00:00-05:00
ocds-dgv273-seacev3-1230726,ocds-dgv273-seacev3-1230726-2026-09-17T10:20:18.247223-05:00,1230726-20600162552,121512.5,PEN,Soles,2026-09-07T00:00:00-05:00
ocds-dgv273-seacev3-1230364,ocds-dgv273-seacev3-1230364-2026-09-17T10:20:18.230010-05:00,1230364-20600071531,713429.42,PEN,Soles,2026-07-20T00:00:00-05:00
ocds-dgv273-seacev3-1230364,ocds-dgv273-seacev3-1230364-2026-09-17T10:20:18.230010-05:00,1230364-20614654687,780000.0,PEN,Soles,2026-07-20T00:00:00-05:00
ocds-dgv273-seacev3-1235970,ocds-dgv273-seacev3-1235970-2026-09-17T10:20:12.988129-05:00,1235970-1818061,332600.0,PEN,Soles,2026-08-12T00:00:00-05:00
ocds-dgv273-seacev3-1237485,ocds-dgv273-seacev3-1237485-2026-09-17T10:20:12.873482-05:00,1237485-20611540800,57172.5,PEN,Soles,2026-08-25T00:00:00-05:00
ocds-dgv273-seacev3-1231199,ocds-dgv273-seacev3-1231199-2026-09-17T10:20:12.503668-05:00,1231199-20603924542,234811.5,PEN,Soles,2026-08-24T00:00:00-05:00
ocds-dgv273-seacev3-1231897,ocds-dgv273-seacev3-1231897-2026-09-17T10:20:12.326943-05:00,1231897-20604625883,132500.0,PEN,Soles,2026-07-17T00:00:00-05:00
ocds-dgv273-seacev3-2026-1926-155,ocds-dgv273-seacev3-2026-1926-155-2026-09-17T10:20:12.080093-05:00,1236564-20607753602,830000.0,USD,Dólar Norteamericano,2026-09-02T00:00:00-05:00
ocds-dgv273-seacev3-2026-787-4,ocds-dgv273-seacev3-2026-787-4-2026-09-17T10:20:10.219781-05:00,1232214-20610619755,211200.0,PEN,Soles,2026-07-20T00:00:00-05:00
ocds-dgv273-seacev3-2026-787-4,ocds-dgv273-seacev3-2026-787-4-2026-09-17T10:20:10.219781-05:00,1232214-10247102090,215000.0,PEN,Soles,2026-08-25T00:00:00-05:00
ocds-dgv273-seacev3-1234760,ocds-dgv273-seacev3-1234760-2026-09-17T10:20:10.026108-05:00,1234760-20605148582,294727.68,PEN,Soles,2026-08-13T10:49:03-05:00
ocds-dgv273-seacev3-1235521,ocds-dgv273-seacev3-1235521-2026-09-17T10:20:09.570460-05:00,1235521-1825067,6600000.0,PEN,Soles,2026-09-02T00:00:00-05:00
ocds-dgv273-seacev3-1233342,ocds-dgv273-seacev3-1233342-2026-09-17T10:20:09.547495-05:00,1233342-10452851534,160625.0,PEN,Nuevos Soles,2026-08-24T00:00:00-05:00
ocds-dgv273-seacev3-1234331,ocds-dgv273-seacev3-1234331-2026-09-17T10:20:09.248105-05:00,1234331-20505110651,60000.0,PEN,Soles,2026-09-15T00:00:00-05:00
ocds-dgv273-seacev3-1235585,ocds-dgv273-seacev3-1235585-2026-09-17T10:20:09.119291-05:00,1235585-1817675,2106599.33,PEN,Soles,2026-08-10T00:00:00-05:00
ocds-dgv273-seacev3-1234555,ocds-dgv273-seacev3-1234555-2026-09-17T10:20:08.719615-05:00,1234555-20612164151,55250.0,PEN,Soles,2026-07-22T00:00:00-05:00
ocds-dgv273-seacev3-1234579,ocds-dgv273-seacev3-1234579-2026-09-17T10:20:08.084458-05:00,1234579-20563379112,198270.0,PEN,Soles,2026-09-07T00:00:00-05:00
ocds-dgv273-seacev3-2026-200192-4,ocds-dgv273-seacev3-2026-200192-4-2026-09-17T10:20:07.723556-05:00,1232808-20431011884,79791.6,PEN,Soles,2026-09-15T00:00:00-05:00
ocds-dgv273-seacev3-2026-10182-25,ocds-dgv273-seacev3-2026-10182-25-2026-09-17T10:20:03.093437-05:00,1234246-10105353699,239000.0,PEN,Soles,2026-09-15T00:00:00-05:00
ocds-dgv273-seacev3-2026-1922-103,ocds-dgv273-seacev3-2026-1922-103-2026-09-17T10:20:02.837971-05:00,1237420-20546904106,77880.0,PEN,Soles,2026-09-15T00:00:00-05:00
ocds-dgv273-seacev3-1234100,ocds-dgv273-seacev3-1234100-2026-09-17T10:20:01.360151-05:00,1234100-L0611180082,34453.72,USD,Dólar Norteamericano,2026-07-17T00:00:00-05:00
ocds-dgv273-seacev3-1235562,ocds-dgv273-seacev3-1235562-2026-09-17T10:20:01.287052-05:00,1235562-1818376,4722423.97,PEN,Soles,2026-08-17T00:00:00-05:00
ocds-dgv273-seacev3-1235144,ocds-dgv273-seacev3-1235144-2026-09-17T10:20:00.407829-05:00,1235144-1828868,71688451.38,PEN,Soles,2026-09-15T00:00:00-05:00
ocds-dgv273-seacev3-1231200,ocds-dgv273-seacev3-1231200-2026-09-17T10:20:00.384797-05:00,1231200-20603924542,224321.6,PEN,Soles,2026-08-21T00:00:00-05:00
ocds-dgv273-seacev3-1233518,ocds-dgv273-seacev3-1233518-2026-09-17T10:20:00.217238-05:00,1233518-20448729941,88232.0,PEN,Soles,2026-07-31T00:00:00-05:00
ocds-dgv273-seacev3-1236703,ocds-dgv273-seacev3-1236703-2026-09-17T10:19:59.489685-05:00,1236703-1818985,172173.75,PEN,Soles,2026-08-14T00:00:00-05:00
ocds-dgv273-seacev3-1234281,ocds-dgv273-seacev3-1234281-2026-09-17T10:19:58.793575-05:00,1234281-20604385874,165900.0,PEN,Soles,2026-09-15T00:00:00-05:00
ocds-dgv273-seacev3-1237449,ocds-dgv273-seacev3-1237449-2026-09-17T10:19:58.476649-05:00,1237449-1821192,769134.44,PEN,Soles,2026-09-03T00:00:00-05:00
ocds-dgv273-seacev3-1230431,ocds-dgv273-seacev3-1230431-2026-09-17T10:19:57.137134-05:00,1230431-1811760,4906345.92,PEN,Soles,2026-07-21T00:00:00-05:00
ocds-dgv273-seacev3-1234585,ocds-dgv273-seacev3-1234585-2026-09-17T10:19:57.004361-05:00,1234585-20517816192,249595.0,PEN,Soles,2026-09-15T00:00:00-05:00
ocds-dgv273-seacev3-2026-1967-28,ocds-dgv273-seacev3-2026-1967-28-2026-09-17T10:19:56.213855-05:00,1230238-20611072873,193156.42,PEN,Soles,2026-08-28T00:00:00-05:00
ocds-dgv273-seacev3-1230287,ocds-dgv273-seacev3-1230287-2026-09-17T10:19:56.166626-05:00,1230287-20606735759,722999.88,PEN,Soles,2026-09-15T00:00:00-05:00
ocds-dgv273-seacev3-1232109,ocds-dgv273-seacev3-1232109-2026-09-17T10:19:56.152769-05:00,1232109-10440633868,158574.4,PEN,Nuevos Soles,2026-09-07T00:00:00-05:00
ocds-dgv273-seacev3-1229027,ocds-dgv273-seacev3-1229027-2026-09-17T10:19:56.093641-05:00,1229027-20546876722,216403.0,PEN,Soles,2026-08-21T00:00:00-05:00
ocds-dgv273-seacev3-2026-2543-147,ocds-dgv273-seacev3-2026-2543-147-2026-09-17T10:19:55.993084-05:00,1230068-1818621,504000.0,PEN,Soles,2026-08-14T00:00:00-05:00
ocds-dgv273-seacev3-1232005,ocds-dgv273-seacev3-1232005-2026-09-17T10:19:51.737912-05:00,1232005-20609241978,235000.0,PEN,Soles,2026-09-02T00:00:00-05:00
ocds-dgv273-seacev3-1235027,ocds-dgv273-seacev3-1235027-2026-09-17T10:19:51.534401-05:00,1235027-1824674,541800.0,PEN,Soles,2026-09-02T00:00:00-05:00
ocds-dgv273-seacev3-1236126,ocds-dgv273-seacev3-1236126-2026-09-17T10:19:49.537560-05:00,1236126-20606948507,168300.0,PEN,Soles,2026-09-15T00:00:00-05:00
ocds-dgv273-seacev3-1231671,ocds-dgv273-seacev3-1231671-2026-09-17T10:19:49.289630-05:00,1231671-1815024,526359.19,PEN,Soles,2026-07-31T00:00:00-05:00
ocds-dgv273-seacev3-1236718,ocds-dgv273-seacev3-1236718-2026-09-17T10:19:49.141825-05:00,1236718-1821094,387698.13,PEN,Soles,2026-08-21T00:00:00-05:00
ocds-dgv273-seacev3-1231940,ocds-dgv273-seacev3-1231940-2026-09-17T10:19:49.096094-05:00,1231940-1814986,475000.0,PEN,Soles,2026-08-05T00:00:00-05:00
ocds-dgv273-seacev3-1233903,ocds-dgv273-seacev3-1233903-2026-09-17T10:19:48.308411-05:00,1233903-20604109630,307008.65,PEN,Soles,2026-09-09T00:00:00-05:00
ocds-dgv273-seacev3-2026-2383-50,ocds-dgv273-seacev3-2026-2383-50-2026-09-17T10:19:47.720704-05:00,1201888-20110814799,497220.58,PEN,Soles,2026-05-25T00:00:00-05:00
ocds-dgv273-seacev3-1232471,ocds-dgv273-seacev3-1232471-2026-09-17T10:19:47.607457-05:00,1232471-10601498109,202895.0,PEN,Soles,2026-08-14T00:00:00-05:00
ocds-dgv273-seacev3-2026-1903-7,ocds-dgv273-seacev3-2026-1903-7-2026-09-17T10:19:47.456522-05:00,1235130-20573261829,132000.0,PEN,Soles,2026-08-07T12:22:39-05:00
ocds-dgv273-seacev3-2026-1903-7,ocds-dgv273-seacev3-2026-1903-7-2026-09-17T10:19:47.456522-05:00,1235130-20404553292,136507.8,PEN,Soles,2026-08-07T00:00:00-05:00
ocds-dgv273-seacev3-2026-2348-20,ocds-dgv273-seacev3-2026-2348-20-2026-09-17T10:19:46.848491-05:00,1233550-10724357631,238520.0,PEN,Soles,2026-08-18T00:00:00-05:00
ocds-dgv273-seacev3-1236300,ocds-dgv273-seacev3-1236300-2026-09-17T10:19:46.689037-05:00,1236300-1827228,245000.0,PEN,Soles,2026-09-01T00:00:00-05:00
ocds-dgv273-seacev3-1249078,ocds-dgv273-seacev3-1249078-2026-09-17T10:19:46.664349-05:00,1249078-20601211913,163708.48,PEN,Soles,2026-09-15T00:00:00-05:00
ocds-dgv273-seacev3-1237865,ocds-dgv273-seacev3-1237865-2026-09-17T10:19:46.002265-05:00,1237865-20506744874,222525.0,PEN,Soles,2026-08-28T00:00:00-05:00
ocds-dgv273-seacev3-1234979,ocds-dgv273-seacev3-1234979-2026-09-17T10:19:45.852988-05:00,1234979-20515949241,102000.0,PEN,Soles,2026-08-27T00:00:00-05:00
ocds-dgv273-seacev3-1236185,ocds-dgv273-seacev3-1236185-2026-09-17T10:19:45.838784-05:00,1236185-10238934694,82200.0,PEN,Soles,2026-08-11T00:00:00-05:00
ocds-dgv273-seacev3-1235079,ocds-dgv273-seacev3-1235079-2026-09-17T10:19:45.128128-05:00,1235079-20543757439,54000.0,PEN,Soles,2026-08-18T00:00:00-05:00
ocds-dgv273-seacev3-1233322,ocds-dgv273-seacev3-1233322-2026-09-17T10:19:44.986179-05:00,1233322-10462763285,561260.0,PEN,Soles,2026-09-15T00:00:00-05:00
ocds-dgv273-seacev3-1230372,ocds-dgv273-seacev3-1230372-2026-09-17T10:19:44.893558-05:00,1230372-20526456549,424247.36,PEN,Soles,2026-07-22T00:00:00-05:00
ocds-dgv273-seacev3-1232561,ocds-dgv273-seacev3-1232561-2026-09-17T10:19:44.680911-05:00,1232561-1817591,1119510.66,PEN,Soles,2026-08-21T00:00:00-05:00
ocds-dgv273-seacev3-1234323,ocds-dgv273-seacev3-1234323-2026-09-17T10:19:44.618490-05:00,1234323-1813916,236279.2,PEN,Soles,2026-07-31T00:00:00-05:00
ocds-dgv273-seacev3-1235951,ocds-dgv273-seacev3-1235951-2026-09-17T10:19:40.518193-05:00,1235951-20486625954,480672.86,PEN,Soles,2026-08-11T00:00:00-05:00
ocds-dgv273-seacev3-1242694,ocds-dgv273-seacev3-1242694-2026-09-17T10:19:40.453131-05:00,1242694-20429030782,136800.0,PEN,Soles,2026-09-14T00:00:00-05:00
ocds-dgv273-seacev3-1244236,ocds-dgv273-seacev3-1244236-2026-09-17T10:19:40.306423-05:00,1244236-10443110670,245102.59999999998,PEN,Soles,2026-09-15T00:00:00-05:00
ocds-dgv273-seacev3-1244236,ocds-dgv273-seacev3-1244236-2026-09-17T10:19:40.306423-05:00,1244236-20524668573,409758.27,PEN,Soles,2026-09-15T00:00:00-05:00
ocds-dgv273-seacev3-1244236,ocds-dgv273-seacev3-1244236-2026-09-17T10:19:40.306423-05:00,1244236-20610498630,93649.5,PEN,Soles,2026-09-15T00:00:00-05:00
ocds-dgv273-seacev3-1232983,ocds-dgv273-seacev3-1232983-2026-09-17T10:19:40.012287-05:00,1232983-20509853771,1595000.0,PEN,Soles,2026-08-21T00:00:00-05:00
ocds-dgv273-seacev3-1236589,ocds-dgv273-seacev3-1236589-2026-09-17T10:19:39.976133-05:00,1236589-1819405,318300.23,PEN,Soles,2026-08-13T00:00:00-05:00
ocds-dgv273-seacev3-1237634,ocds-dgv273-seacev3-1237634-2026-09-17T10:19:39.917821-05:00,1237634-10295259634,102980.0,PEN,Soles,2026-08-28T00:00:00-05:00
ocds-dgv273-seacev3-1233847,ocds-dgv273-seacev3-1233847-2026-09-17T10:19:39.900488-05:00,1233847-20448729941,116000.0,PEN,Soles,2026-08-04T00:00:00-05:00
ocds-dgv273-seacev3-1237171,ocds-dgv273-seacev3-1237171-2026-09-17T10:19:39.817392-05:00,1237171-1830162,2366037.08,PEN,Soles,2026-09-15T00:00:00-05:00
ocds-dgv273-seacev3-2026-1893-3,ocds-dgv273-seacev3-2026-1893-3-2026-09-17T10:19:39.650354-05:00,1230098-20509511382,87500.0,PEN,Soles,2026-08-12T00:00:00-05:00
ocds-dgv273-seacev3-2026-1893-3,ocds-dgv273-seacev3-2026-1893-3-2026-09-17T10:19:39.650354-05:00,1230098-20565534875,38436.0,PEN,Soles,2026-08-12T00:00:00-05:00
ocds-dgv273-seacev3-2026-1893-3,ocds-dgv273-seacev3-2026-1893-3-2026-09-17T10:19:39.650354-05:00,1230098-20603282681,119403.6,PEN,Soles,2026-08-12T00:00:00-05:00
ocds-dgv273-seacev3-2026-1893-3,ocds-dgv273-seacev3-2026-1893-3-2026-09-17T10:19:39.650354-05:00,1230098-20610379363,34760.4,PEN,Soles,2026-08-12T00:00:00-05:00
ocds-dgv273-seacev3-1235458,ocds-dgv273-seacev3-1235458-2026-09-17T10:19:39.446695-05:00,1235458-10323042662,104900.0,PEN,Soles,2026-08-10T00:00:00-05:00
ocds-dgv273-seacev3-1245642,ocds-dgv273-seacev3-1245642-2026-09-17T10:19:39.380832-05:00,1245642-20532371342,3852000.0,PEN,Soles,2026-09-11T00:00:00-05:00
ocds-dgv273-seacev3-2026-1898-11,ocds-dgv273-seacev3-2026-1898-11-2026-09-17T10:19:39.184350-05:00,1232733-20605599401,1275000.0,PEN,Soles,2026-08-25T00:00:00-05:00
ocds-dgv273-seacev3-1234747,ocds-dgv273-seacev3-1234747-2026-09-17T10:19:38.963609-05:00,1234747-20604234035,283880.0,PEN,Soles,2026-09-15T00:00:00-05:00
ocds-dgv273-seacev3-1230722,ocds-dgv273-seacev3-1230722-2026-09-17T10:19:38.643941-05:00,1230722-20602575803,368580.0,PEN,Soles,2026-08-04T00:00:00-05:00
ocds-dgv273-seacev3-2026-2543-381,ocds-dgv273-seacev3-2026-2543-381-2026-09-17T10:19:38.517019-05:00,1235882-20508191597,150000.0,PEN,Soles,2026-08-19T00:00:00-05:00
ocds-dgv273-seacev3-2026-2391-18,ocds-dgv273-seacev3-2026-2391-18-2026-09-17T10:19:38.038695-05:00,1230064-20509702561,92015.46,PEN,Soles,2026-09-07T00:00:00-05:00
ocds-dgv273-seacev3-1232710,ocds-dgv273-seacev3-1232710-2026-09-17T10:19:37.941752-05:00,1232710-20608557190,194808.0,PEN,Soles,2026-09-02T00:00:00-05:00
ocds-dgv273-seacev3-1233935,ocds-dgv273-seacev3-1233935-2026-09-17T10:19:37.652178-05:00,1233935-20538912256,140400.0,PEN,Soles,2026-08-21T00:00:00-05:00
ocds-dgv273-seacev3-1236544,ocds-dgv273-seacev3-1236544-2026-09-17T10:19:37.044841-05:00,1236544-20602479413,122870.0,PEN,Soles,2026-08-11T00:00:00-05:00
ocds-dgv273-seacev3-1234658,ocds-dgv273-seacev3-1234658-2026-09-17T10:19:37.028402-05:00,1234658-20600970951,346195.81,PEN,Soles,2026-08-25T00:00:00-05:00
ocds-dgv273-seacev3-1231617,ocds-dgv273-seacev3-1231617-2026-09-17T10:19:36.917965-05:00,1231617-1817654,2664999.99,PEN,Soles,2026-08-11T00:00:00-05:00
ocds-dgv273-seacev3-1237934,ocds-dgv273-seacev3-1237934-2026-09-17T10:19:36.085613-05:00,1237934-20557331043,264000.0,PEN,Soles,2026-09-03T00:00:00-05:00
ocds-dgv273-seacev3-1237425,ocds-dgv273-seacev3-1237425-2026-09-17T10:19:36.069700-05:00,1237425-1824287,162480.0,PEN,Soles,2026-09-07T00:00:00-05:00
ocds-dgv273-seacev3-1233614,ocds-dgv273-seacev3-1233614-2026-09-17T10:19:35.977846-05:00,1233614-1831359,27155679.42,PEN,Soles,2026-09-15T00:00:00-05:00
ocds-dgv273-seacev3-1237388,ocds-dgv273-seacev3-1237388-2026-09-17T10:19:35.829990-05:00,1237388-20564091813,230956.8,PEN,Soles,2026-09-07T00:00:00-05:00
ocds-dgv273-seacev3-1235461,ocds-dgv273-seacev3-1235461-2026-09-17T10:19:35.302395-05:00,1235461-20609525674,108000.0,PEN,Soles,2026-08-10T00:00:00-05:00
ocds-dgv273-seacev3-1243524,ocds-dgv273-seacev3-1243524-2026-09-17T10:19:34.843072-05:00,1243524-1825175,854161.52,PEN,Soles,2026-09-09T00:00:00-05:00
ocds-dgv273-seacev3-1229276,ocds-dgv273-seacev3-1229276-2026-09-17T10:19:34.295037-05:00,1229276-20605447920,3467775.24,PEN,Soles,2026-09-03T00:00:00-05:00
ocds-dgv273-seacev3-1235628,ocds-dgv273-seacev3-1235628-2026-09-17T10:19:33.876058-05:00,1235628-1825789,464000.0,PEN,Soles,2026-09-02T00:00:00-05:00
ocds-dgv273-seacev3-1230219,ocds-dgv273-seacev3-1230219-2026-09-17T10:19:33.670800-05:00,1230219-1811528,394998.11,PEN,Soles,2026-07-16T00:00:00-05:00
ocds-dgv273-seacev3-1231241,ocds-dgv273-seacev3-1231241-2026-09-17T10:19:33.620575-05:00,1231241-20255361695,51566528.94,PEN,Soles,2026-09-02T00:00:00-05:00
ocds-dgv273-seacev3-1231241,ocds-dgv273-seacev3-1231241-2026-09-17T10:19:33.620575-05:00,1231241-20603728271,1255313.7,PEN,Soles,2026-09-02T00:00:00-05:00
ocds-dgv273-seacev3-1231754,ocds-dgv273-seacev3-1231754-2026-09-17T10:19:33.561043-05:00,1231754-20601589258,260004.0,PEN,Soles,2026-07-21T00:00:00-05:00
ocds-dgv273-seacev3-1229196,ocds-dgv273-seacev3-1229196-2026-09-17T10:19:33.499095-05:00,1229196-20610815708,91905.0,PEN,Soles,2026-09-07T00:00:00-05:00
ocds-dgv273-seacev3-1237949,ocds-dgv273-seacev3-1237949-2026-09-17T10:19:29.022235-05:00,1237949-20600664612,132839.06,PEN,Soles,2026-08-28T00:00:00-05:00
ocds-dgv273-seacev3-1232669,ocds-dgv273-seacev3-1232669-2026-09-17T10:19:28.721051-05:00,1232669-20511717486,429675.0,PEN,Soles,2026-08-07T00:00:00-05:00
ocds-dgv273-seacev3-1236696,ocds-dgv273-seacev3-1236696-2026-09-17T10:19:27.503871-05:00,1236696-1818997,169429.05,PEN,Soles,2026-08-14T00:00:00-05:00
ocds-dgv273-seacev3-1236601,ocds-dgv273-seacev3-1236601-2026-09-17T10:19:27.162994-05:00,1236601-1818979,3379577.54,PEN,Soles,2026-08-14T00:00:00-05:00
ocds-dgv273-seacev3-1237731,ocds-dgv273-seacev3-1237731-2026-09-17T10:19:26.991503-05:00,1237731-1819235,2490842.02,PEN,Soles,2026-08-17T00:00:00-05:00
ocds-dgv273-seacev3-1235965,ocds-dgv273-seacev3-1235965-2026-09-17T10:19:26.936179-05:00,1235965-1819138,1331521.71,PEN,Soles,2026-08-17T00:00:00-05:00
ocds-dgv273-seacev3-1234721,ocds-dgv273-seacev3-1234721-2026-09-17T10:19:26.732387-05:00,1234721-10777117144,60202.5,PEN,Soles,2026-08-21T00:00:00-05:00
ocds-dgv273-seacev3-1235620,ocds-dgv273-seacev3-1235620-2026-09-17T10:19:26.419587-05:00,1235620-1818044,232140.17,PEN,Soles,2026-08-10T00:00:00-05:00
ocds-dgv273-seacev3-1234185,ocds-dgv273-seacev3-1234185-2026-09-17T10:19:26.335132-05:00,1234185-10476834029,73080.0,PEN,Soles,2026-08-05T00:00:00-05:00
ocds-dgv273-seacev3-2026-10194-21,ocds-dgv273-seacev3-2026-10194-21-2026-09-17T10:19:26.211972-05:00,1233589-20101337261,327780.0,PEN,Soles,2026-09-08T00:00:00-05:00
ocds-dgv273-seacev3-1237857,ocds-dgv273-seacev3-1237857-2026-09-17T10:19:25.905242-05:00,1237857-1820179,959775.03,PEN,Soles,2026-08-20T00:00:00-05:00
ocds-dgv273-seacev3-1234249,ocds-dgv273-seacev3-1234249-2026-09-17T10:19:25.493198-05:00,1234249-20600413571,80500.0,PEN,Soles,2026-09-01T00:00:00-05:00
ocds-dgv273-seacev3-1235815,ocds-dgv273-seacev3-1235815-2026-09-17T10:19:25.454495-05:00,1235815-1827089,6429841.92,PEN,Soles,2026-09-03T00:00:00-05:00
ocds-dgv273-seacev3-2026-10217-12,ocds-dgv273-seacev3-2026-10217-12-2026-09-17T10:19:24.537976-05:00,1231881-20533910361,131160.0,PEN,Soles,2026-07-30T00:00:00-05:00
ocds-dgv273-seacev3-2026-10217-12,ocds-dgv273-seacev3-2026-10217-12-2026-09-17T10:19:24.537976-05:00,1231881-20601301513,359340.0,PEN,Soles,2026-07-30T00:00:00-05:00
ocds-dgv273-seacev3-2026-10217-12,ocds-dgv273-seacev3-2026-10217-12-2026-09-17T10:19:24.537976-05:00,1231881-20615094952,67500.0,PEN,Soles,2026-07-30T00:00:00-05:00
ocds-dgv273-seacev3-1236679,ocds-dgv273-seacev3-1236679-2026-09-17T10:19:24.148976-05:00,1236679-1819092,167396.25,PEN,Soles,2026-08-14T00:00:00-05:00
ocds-dgv273-seacev3-2026-10262-10,ocds-dgv273-seacev3-2026-10262-10-2026-09-17T10:19:23.641033-05:00,1235874-20501842347,2757324.0,PEN,Soles,2026-09-02T00:00:00-05:00
ocds-dgv273-seacev3-1237967,ocds-dgv273-seacev3-1237967-2026-09-17T10:19:23.611859-05:00,1237967-20608938789,124000.0,PEN,Soles,2026-08-21T00:00:00-05:00
ocds-dgv273-seacev3-1232996,ocds-dgv273-seacev3-1232996-2026-09-17T10:19:23.373532-05:00,1232996-20521180774,324339.0,PEN,Soles,2026-07-31T00:00:00-05:00
ocds-dgv273-seacev3-1230676,ocds-dgv273-seacev3-1230676-2026-09-17T10:19:22.898137-05:00,1230676-1824622,498008.4,PEN,Soles,2026-09-08T00:00:00-05:00
ocds-dgv273-seacev3-1236239,ocds-dgv273-seacev3-1236239-2026-09-17T10:19:17.093039-05:00,1236239-20614208610,199077.12,PEN,Soles,2026-08-07T00:00:00-05:00
ocds-dgv273-seacev3-2026-53-7,ocds-dgv273-seacev3-2026-53-7-2026-09-17T10:19:16.812118-05:00,1235402-20393984601,85000.0,PEN,Soles,2026-08-25T00:00:00-05:00
ocds-dgv273-seacev3-1237603,ocds-dgv273-seacev3-1237603-2026-09-17T10:19:16.564122-05:00,1237603-10081870557,71551.8,PEN,Soles,2026-08-17T00:00:00-05:00
ocds-dgv273-seacev3-1237274,ocds-dgv273-seacev3-1237274-2026-09-17T10:19:16.491699-05:00,1237274-20189254602,141841.26,PEN,Soles,2026-09-07T00:00:00-05:00
ocds-dgv273-seacev3-1234552,ocds-dgv273-seacev3-1234552-2026-09-17T10:19:16.439118-05:00,1234552-1816583,2440297.05,PEN,Soles,2026-08-07T00:00:00-05:00
ocds-dgv273-seacev3-1236968,ocds-dgv273-seacev3-1236968-2026-09-17T10:19:16.186938-05:00,1236968-20418896915,11417953.62,PEN,Soles,2026-09-15T00:00:00-05:00
ocds-dgv273-seacev3-1236805,ocds-dgv273-seacev3-1236805-2026-09-17T10:19:16.172664-05:00,1236805-20568686749,2431714.35,PEN,Soles,2026-09-11T00:00:00-05:00
ocds-dgv273-seacev3-1231769,ocds-dgv273-seacev3-1231769-2026-09-17T10:19:15.905506-05:00,1231769-20602817912,317000.0,PEN,Soles,2026-08-07T00:00:00-05:00
ocds-dgv273-seacev3-1236912,ocds-dgv273-seacev3-1236912-2026-09-17T10:19:15.521697-05:00,1236912-20605184040,614678.0,PEN,Soles,2026-09-02T00:00:00-05:00
ocds-dgv273-seacev3-1234387,ocds-dgv273-seacev3-1234387-2026-09-17T10:19:15.506279-05:00,1234387-20609241978,118000.0,PEN,Soles,2026-09-15T00:00:00-05:00
ocds-dgv273-seacev3-1235748,ocds-dgv273-seacev3-1235748-2026-09-17T10:19:15.467461-05:00,1235748-20612364916,228099.37,PEN,Soles,2026-09-10T00:00:00-05:00
ocds-dgv273-seacev3-1237980,ocds-dgv273-seacev3-1237980-2026-09-17T10:19:15.232780-05:00,1237980-20601519489,130000.0,PEN,Soles,2026-09-15T00:00:00-05:00
ocds-dgv273-seacev3-1237481,ocds-dgv273-seacev3-1237481-2026-09-17T10:19:15.217048-05:00,1237481-10463394151,286300.0,PEN,Soles,2026-08-14T00:00:00-05:00
ocds-dgv273-seacev3-2026-200497-12,ocds-dgv273-seacev3-2026-200497-12-2026-09-17T10:19:14.685866-05:00,1237016-20603315252,74868.0,PEN,Soles,2026-08-21T00:00:00-05:00
ocds-dgv273-seacev3-2026-404-5,ocds-dgv273-seacev3-2026-404-5-2026-09-17T10:19:14.496000-05:00,1234453-1820531,147622.05,PEN,Soles,2026-09-07T00:00:00-05:00
ocds-dgv273-seacev3-1231993,ocds-dgv273-seacev3-1231993-2026-09-17T10:19:14.448051-05:00,1231993-20123704585,131900.0,PEN,Soles,2026-09-15T00:00:00-05:00
ocds-dgv273-seacev3-1234593,ocds-dgv273-seacev3-1234593-2026-09-17T10:19:13.825800-05:00,1234593-20346949318,229506.17,PEN,Soles,2026-08-24T00:00:00-05:00
ocds-dgv273-seacev3-1236688,ocds-dgv273-seacev3-1236688-2026-09-17T10:19:13.739495-05:00,1236688-20323041092,460862.06,PEN,Soles,2026-08-11T00:00:00-05:00
ocds-dgv273-seacev3-1237566,ocds-dgv273-seacev3-1237566-2026-09-17T10:19:13.679721-05:00,1237566-20312308291,5500000.0,PEN,Soles,2026-09-14T00:00:00-05:00
ocds-dgv273-seacev3-1236243,ocds-dgv273-seacev3-1236243-2026-09-17T10:19:13.589689-05:00,1236243-20605416790,56000.0,PEN,Soles,2026-08-26T00:00:00-05:00
ocds-dgv273-seacev3-1236466,ocds-dgv273-seacev3-1236466-2026-09-17T10:19:12.208119-05:00,1236466-20612176630,92000.0,PEN,Soles,2026-09-07T00:00:00-05:00
ocds-dgv273-seacev3-1237155,ocds-dgv273-seacev3-1237155-2026-09-17T10:19:12.041102-05:00,1237155-20545804795,159042.0,PEN,Soles,2026-09-15T00:00:00-05:00
ocds-dgv273-seacev3-1237721,ocds-dgv273-seacev3-1237721-2026-09-17T10:19:11.824459-05:00,1237721-20613547577,99030.79,PEN,Soles,2026-09-15T00:00:00-05:00
ocds-dgv273-seacev3-1234050,ocds-dgv273-seacev3-1234050-2026-09-17T10:19:11.701544-05:00,1234050-1826005,5392301.39,PEN,Soles,2026-09-04T00:00:00-05:00
ocds-dgv273-seacev3-2026-1925-5,ocds-dgv273-seacev3-2026-1925-5-2026-09-17T10:19:11.616198-05:00,1235228-20507852549,2882562.55,PEN,Soles,2026-09-01T00:00:00-05:00
ocds-dgv273-seacev3-1234985,ocds-dgv273-seacev3-1234985-2026-09-17T10:19:11.495107-05:00,1234985-20551648436,64100.0,PEN,Soles,2026-09-15T00:00:00-05:00
ocds-dgv273-seacev3-1237616,ocds-dgv273-seacev3-1237616-2026-09-17T10:19:11.296632-05:00,1237616-20507852549,590997.78,PEN,Soles,2026-09-15T00:00:00-05:00
ocds-dgv273-seacev3-1234159,ocds-dgv273-seacev3-1234159-2026-09-17T10:19:11.215071-05:00,1234159-1816677,308743.31,PEN,Soles,2026-08-12T00:00:00-05:00
ocds-dgv273-seacev3-1231499,ocds-dgv273-seacev3-1231499-2026-09-17T10:19:11.047918-05:00,1231499-20610566325,62411.52,PEN,Soles,2026-07-14T00:00:00-05:00
ocds-dgv273-seacev3-1231265,ocds-dgv273-seacev3-1231265-2026-09-17T10:19:10.827164-05:00,1231265-20550683645,68560.0,PEN,Soles,2026-08-18T00:00:00-05:00
ocds-dgv273-seacev3-1231593,ocds-dgv273-seacev3-1231593-2026-09-17T10:19:10.773913-05:00,1231593-20604743371,49500.0,PEN,Soles,2026-09-07T00:00:00-05:00
ocds-dgv273-seacev3-1230812,ocds-dgv273-seacev3-1230812-2026-09-16T10:19:17.495311-05:00,1230812-20564286231,179997.0,PEN,Soles,2026-08-13T00:00:00-05:00
ocds-dgv273-seacev3-1236205,ocds-dgv273-seacev3-1236205-2026-09-16T10:19:17.428306-05:00,1236205-20134502003,64437.5,PEN,Soles,2026-08-21T15:09:27-05:00
ocds-dgv273-seacev3-1235697,ocds-dgv273-seacev3-1235697-2026-09-16T10:19:17.387676-05:00,1235697-1819409,3500396.24,PEN,Soles,2026-08-14T00:00:00-05:00
ocds-dgv273-seacev3-1233868,ocds-dgv273-seacev3-1233868-2026-09-16T10:19:17.308989-05:00,1233868-1824678,369000.0,PEN,Soles,2026-09-14T00:00:00-05:00
ocds-dgv273-seacev3-1235369,ocds-dgv273-seacev3-1235369-2026-09-16T10:19:16.956214-05:00,1235369-20604178704,341850.0,PEN,Soles,2026-08-25T00:00:00-05:00
ocds-dgv273-seacev3-1237502,ocds-dgv273-seacev3-1237502-2026-09-16T10:19:16.374476-05:00,1237502-20601026695,141600.0,PEN,Soles,2026-08-24T00:00:00-05:00
ocds-dgv273-seacev3-2026-1994-12,ocds-dgv273-seacev3-2026-1994-12-2026-09-16T10:19:15.976517-05:00,1236940-20601619947,55607.5,PEN,Soles,2026-09-14T00:00:00-05:00
ocds-dgv273-seacev3-1235015,ocds-dgv273-seacev3-1235015-2026-09-16T10:19:15.767015-05:00,1235015-1824290,177373.31,PEN,Soles,2026-08-28T00:00:00-05:00
ocds-dgv273-seacev3-1235015,ocds-dgv273-seacev3-1235015-2026-09-16T10:19:15.767015-05:00,1235015-20553377308,117800.0,PEN,Soles,2026-08-28T00:00:00-05:00
ocds-dgv273-seacev3-1237891,ocds-dgv273-seacev3-1237891-2026-09-16T10:19:15.697278-05:00,1237891-1820763,80000.0,PEN,Soles,2026-08-14T00:00:00-05:00
ocds-dgv273-seacev3-1236005,ocds-dgv273-seacev3-1236005-2026-09-16T10:19:15.681135-05:00,1236005-1818036,851828.85,PEN,Soles,2026-08-10T00:00:00-05:00
ocds-dgv273-seacev3-1237126,ocds-dgv273-seacev3-1237126-2026-09-16T10:19:14.899437-05:00,1237126-1822260,8929636.82,PEN,Soles,2026-08-21T00:00:00-05:00
ocds-dgv273-seacev3-1232012,ocds-dgv273-seacev3-1232012-2026-09-16T10:19:13.919642-05:00,1232012-1829062,2439893.02,PEN,Soles,2026-09-14T00:00:00-05:00
ocds-dgv273-seacev3-1233975,ocds-dgv273-seacev3-1233975-2026-09-16T10:19:13.868779-05:00,1233975-1823615,521404.75,PEN,Soles,2026-08-25T00:00:00-05:00
ocds-dgv273-seacev3-1236543,ocds-dgv273-seacev3-1236543-2026-09-16T10:19:13.467357-05:00,1236543-20605122397,793820.95,PEN,Soles,2026-08-18T00:00:00-05:00
ocds-dgv273-seacev3-1236037,ocds-dgv273-seacev3-1236037-2026-09-16T10:19:13.306675-05:00,1236037-20543254798,256666.66,PEN,Soles,2026-09-04T00:00:00-05:00
ocds-dgv273-seacev3-1246725,ocds-dgv273-seacev3-1246725-2026-09-16T10:19:13.094351-05:00,1246725-20544150104,448725.0,PEN,Soles,2026-09-04T00:00:00-05:00
ocds-dgv273-seacev3-1236520,ocds-dgv273-seacev3-1236520-2026-09-16T10:19:12.692375-05:00,1236520-1819324,712167.05,PEN,Soles,2026-08-12T00:00:00-05:00
ocds-dgv273-seacev3-1230411,ocds-dgv273-seacev3-1230411-2026-09-16T10:19:12.535818-05:00,1230411-20505110651,664798.0,PEN,Soles,2026-09-14T00:00:00-05:00
ocds-dgv273-seacev3-1233372,ocds-dgv273-seacev3-1233372-2026-09-16T10:19:11.584556-05:00,1233372-1815578,500834.63,PEN,Soles,2026-08-10T00:00:00-05:00
ocds-dgv273-seacev3-1246004,ocds-dgv273-seacev3-1246004-2026-09-16T10:19:11.469605-05:00,1246004-1826724,4509251.52,PEN,Soles,2026-09-04T00:00:00-05:00
ocds-dgv273-seacev3-1237806,ocds-dgv273-seacev3-1237806-2026-09-16T10:19:11.161801-05:00,1237806-10776623941,99500.0,PEN,Soles,2026-08-07T00:00:00-05:00
ocds-dgv273-seacev3-1231010,ocds-dgv273-seacev3-1231010-2026-09-16T10:19:10.825569-05:00,1231010-20545891078,1143550.0,PEN,Soles,2026-09-14T00:00:00-05:00
ocds-dgv273-seacev3-1230650,ocds-dgv273-seacev3-1230650-2026-09-16T10:19:10.522612-05:00,1230650-1816848,47089.08,PEN,Nuevos Soles,2026-09-14T00:00:00-05:00
ocds-dgv273-seacev3-1236604,ocds-dgv273-seacev3-1236604-2026-09-16T10:19:06.587062-05:00,1236604-20542218356,265000.0,PEN,Soles,2026-08-20T00:00:00-05:00
ocds-dgv273-seacev3-1236604,ocds-dgv273-seacev3-1236604-2026-09-16T10:19:06.587062-05:00,1236604-10444056105,328600.0,PEN,Soles,2026-08-20T00:00:00-05:00
ocds-dgv273-seacev3-1234911,ocds-dgv273-seacev3-1234911-2026-09-16T10:19:06.542614-05:00,1234911-10047431510,75950.0,PEN,Soles,2026-09-14T00:00:00-05:00
ocds-dgv273-seacev3-2026-93-11,ocds-dgv273-seacev3-2026-93-11-2026-09-16T10:19:05.528652-05:00,1234917-20479731129,214941.24,PEN,Soles,2026-08-12T00:00:00-05:00
ocds-dgv273-seacev3-1247734,ocds-dgv273-seacev3-1247734-2026-09-16T10:19:05.060574-05:00,1247734-1830530,2729658.68,PEN,Soles,2026-09-14T00:00:00-05:00
ocds-dgv273-seacev3-1237107,ocds-dgv273-seacev3-1237107-2026-09-16T10:19:04.992952-05:00,1237107-1820568,257298.96,PEN,Soles,2026-08-20T00:00:00-05:00
ocds-dgv273-seacev3-1249777,ocds-dgv273-seacev3-1249777-2026-09-16T10:19:04.659526-05:00,1249777-20604234035,268880.0,PEN,Soles,2026-09-14T00:00:00-05:00
ocds-dgv273-seacev3-1241946,ocds-dgv273-seacev3-1241946-2026-09-16T10:19:04.537081-05:00,1241946-20481925135,79970.0,PEN,Soles,2026-09-14T00:00:00-05:00
ocds-dgv273-seacev3-1234642,ocds-dgv273-seacev3-1234642-2026-09-16T10:19:03.758396-05:00,1234642-20448385087,280000.0,PEN,Soles,2026-08-11T00:00:00-05:00
ocds-dgv273-seacev3-2026-10615-21,ocds-dgv273-seacev3-2026-10615-21-2026-09-16T10:19:03.333096-05:00,1233427-20604718865,1544712.08,PEN,Soles,2026-08-21T00:00:00-05:00
ocds-dgv273-seacev3-1231439,ocds-dgv273-seacev3-1231439-2026-09-16T10:19:03.294669-05:00,1231439-1815108,578890.3,PEN,Soles,2026-08-12T00:00:00-05:00
ocds-dgv273-seacev3-1230629,ocds-dgv273-seacev3-1230629-2026-09-16T10:19:02.852532-05:00,1230629-1816903,49637.88,PEN,Soles,2026-09-14T00:00:00-05:00
ocds-dgv273-seacev3-1233505,ocds-dgv273-seacev3-1233505-2026-09-16T10:19:02.076180-05:00,1233505-20610968423,489800.0,PEN,Soles,2026-08-14T00:00:00-05:00
ocds-dgv273-seacev3-1234171,ocds-dgv273-seacev3-1234171-2026-09-16T10:19:01.779364-05:00,1234171-20601780772,475000.0,PEN,Soles,2026-08-07T00:00:00-05:00
ocds-dgv273-seacev3-1234755,ocds-dgv273-seacev3-1234755-2026-09-16T10:19:01.331678-05:00,1234755-20392986601,1583871.37,PEN,Soles,2026-08-19T00:00:00-05:00
ocds-dgv273-seacev3-2026-1967-23,ocds-dgv273-seacev3-2026-1967-23-2026-09-16T10:19:00.353135-05:00,1229767-20603698691,732112.32,PEN,Soles,2026-09-14T00:00:00-05:00
ocds-dgv273-seacev3-1230316,ocds-dgv273-seacev3-1230316-2026-09-16T10:19:00.300667-05:00,1230316-20604234035,268000.0,PEN,Soles,2026-07-22T00:00:00-05:00
ocds-dgv273-seacev3-1246601,ocds-dgv273-seacev3-1246601-2026-09-16T10:18:55.046521-05:00,1246601-10743611361,199000.0,PEN,Soles,2026-09-04T00:00:00-05:00
ocds-dgv273-seacev3-1233149,ocds-dgv273-seacev3-1233149-2026-09-16T10:18:54.905275-05:00,1233149-10412725765,161266.5,PEN,Soles,2026-09-14T00:00:00-05:00
ocds-dgv273-seacev3-1234855,ocds-dgv273-seacev3-1234855-2026-09-16T10:18:54.492103-05:00,1234855-20537274922,413200.0,PEN,Soles,2026-08-07T00:00:00-05:00
ocds-dgv273-seacev3-2026-10558-11,ocds-dgv273-seacev3-2026-10558-11-2026-09-16T10:18:54.258356-05:00,1237015-20418896915,171593.79,PEN,Soles,2026-08-20T00:00:00-05:00
ocds-dgv273-seacev3-1236603,ocds-dgv273-seacev3-1236603-2026-09-16T10:18:54.069388-05:00,1236603-20602279741,797346.03,PEN,Soles,2026-08-11T00:00:00-05:00
ocds-dgv273-seacev3-1233289,ocds-dgv273-seacev3-1233289-2026-09-16T10:18:53.859281-05:00,1233289-1816167,286098.81,PEN,Soles,2026-08-04T00:00:00-05:00
ocds-dgv273-seacev3-1234415,ocds-dgv273-seacev3-1234415-2026-09-16T10:18:51.953135-05:00,1234415-20609636816,62900.0,PEN,Soles,2026-08-11T00:00:00-05:00
ocds-dgv273-seacev3-1234230,ocds-dgv273-seacev3-1234230-2026-09-16T10:18:51.939995-05:00,1234230-1816706,194000.0,PEN,Soles,2026-09-11T00:00:00-05:00
ocds-dgv273-seacev3-1234138,ocds-dgv273-seacev3-1234138-2026-09-16T10:18:51.810818-05:00,1234138-10707485821,180000.0,PEN,Soles,2026-07-21T00:00:00-05:00
ocds-dgv273-seacev3-1237571,ocds-dgv273-seacev3-1237571-2026-09-16T10:18:50.715964-05:00,1237571-20166420378,138000.0,PEN,Soles,2026-09-04T00:00:00-05:00
ocds-dgv273-seacev3-1235972,ocds-dgv273-seacev3-1235972-2026-09-16T10:18:50.621984-05:00,1235972-20604009856,700000.0,PEN,Soles,2026-08-31T00:00:00-05:00
ocds-dgv273-seacev3-1233486,ocds-dgv273-seacev3-1233486-2026-09-16T10:18:50.571734-05:00,1233486-20608947222,198700.0,PEN,Soles,2026-07-22T18:24:48-05:00
ocds-dgv273-seacev3-1233486,ocds-dgv273-seacev3-1233486-2026-09-16T10:18:50.571734-05:00,1233486-20574727074,207500.0,PEN,Soles,2026-07-22T00:00:00-05:00
ocds-dgv273-seacev3-1237859,ocds-dgv273-seacev3-1237859-2026-09-16T10:18:50.544900-05:00,1237859-20100287791,636000.0,PEN,Soles,2026-08-12T00:00:00-05:00
ocds-dgv273-seacev3-1237409,ocds-dgv273-seacev3-1237409-2026-09-16T10:18:50.108622-05:00,1237409-20536685261,137707.2,PEN,Soles,2026-09-14T00:00:00-05:00
ocds-dgv273-seacev3-1237103,ocds-dgv273-seacev3-1237103-2026-09-16T10:18:49.945010-05:00,1237103-1820726,170759.57,PEN,Soles,2026-08-20T00:00:00-05:00
ocds-dgv273-seacev3-1236442,ocds-dgv273-seacev3-1236442-2026-09-16T10:18:49.841507-05:00,1236442-20608069519,93600.0,PEN,Soles,2026-08-19T00:00:00-05:00
ocds-dgv273-seacev3-1233636,ocds-dgv273-seacev3-1233636-2026-09-16T10:18:49.317460-05:00,1233636-20608637576,44019.0,PEN,Soles,2026-08-13T00:00:00-05:00
ocds-dgv273-seacev3-1234651,ocds-dgv273-seacev3-1234651-2026-09-16T10:18:49.259298-05:00,1234651-20600941900,107581.0,PEN,Soles,2026-09-04T00:00:00-05:00
ocds-dgv273-seacev3-1232460,ocds-dgv273-seacev3-1232460-2026-09-16T10:18:48.966069-05:00,1232460-10015013121,99500.0,PEN,Soles,2026-08-25T00:00:00-05:00
ocds-dgv273-seacev3-1230573,ocds-dgv273-seacev3-1230573-2026-09-16T10:18:48.955202-05:00,1230573-1819042,652074.61,PEN,Soles,2026-08-12T00:00:00-05:00
ocds-dgv273-seacev3-1230038,ocds-dgv273-seacev3-1230038-2026-09-16T10:18:48.867120-05:00,1230038-20563981980,298407.48,PEN,Soles,2026-09-03T00:00:00-05:00
ocds-dgv273-seacev3-2026-1901-5,ocds-dgv273-seacev3-2026-1901-5-2026-09-16T10:18:48.504134-05:00,1232935-1815805,2047197.59,PEN,Soles,2026-08-05T00:00:00-05:00
ocds-dgv273-seacev3-1233072,ocds-dgv273-seacev3-1233072-2026-09-16T10:18:48.491365-05:00,1233072-20606346639,7338348.0,PEN,Soles,2026-09-01T00:00:00-05:00
ocds-dgv273-seacev3-1232505,ocds-dgv273-seacev3-1232505-2026-09-16T10:18:48.443237-05:00,1232505-20111876097,1622500.0,PEN,Soles,2026-08-21T00:00:00-05:00
ocds-dgv273-seacev3-1232505,ocds-dgv273-seacev3-1232505-2026-09-16T10:18:48.443237-05:00,1232505-20263368992,409988.0,PEN,Soles,2026-08-21T00:00:00-05:00
ocds-dgv273-seacev3-1229997,ocds-dgv273-seacev3-1229997-2026-09-16T10:18:48.356528-05:00,1229997-20502853750,204612.0,PEN,Soles,2026-09-04T00:00:00-05:00
ocds-dgv273-seacev3-1237743,ocds-dgv273-seacev3-1237743-2026-09-16T10:18:44.403253-05:00,1237743-1821783,779166.2,PEN,Soles,2026-08-19T00:00:00-05:00
ocds-dgv273-seacev3-1235791,ocds-dgv273-seacev3-1235791-2026-09-16T10:18:43.462273-05:00,1235791-20609247933,258875.52,PEN,Soles,2026-09-02T00:00:00-05:00
ocds-dgv273-seacev3-1235380,ocds-dgv273-seacev3-1235380-2026-09-16T10:18:42.836307-05:00,1235380-1817700,346590.95,PEN,Soles,2026-08-05T00:00:00-05:00
ocds-dgv273-seacev3-1235866,ocds-dgv273-seacev3-1235866-2026-09-16T10:18:42.404503-05:00,1235866-20542675251,158400.0,PEN,Soles,2026-08-19T00:00:00-05:00
ocds-dgv273-seacev3-1235728,ocds-dgv273-seacev3-1235728-2026-09-16T10:18:42.234504-05:00,1235728-1828984,685661.57,PEN,Soles,2026-09-11T00:00:00-05:00
ocds-dgv273-seacev3-1230328,ocds-dgv273-seacev3-1230328-2026-09-16T10:18:40.624559-05:00,1230328-1824255,1870000.0,PEN,Soles,2026-09-04T00:00:00-05:00
ocds-dgv273-seacev3-1234528,ocds-dgv273-seacev3-1234528-2026-09-16T10:18:40.081954-05:00,1234528-20396434050,60000.0,PEN,Soles,2026-08-26T00:00:00-05:00
ocds-dgv273-seacev3-1235805,ocds-dgv273-seacev3-1235805-2026-09-16T10:18:40.066830-05:00,1235805-20607832405,80000.0,PEN,Soles,2026-09-04T00:00:00-05:00
ocds-dgv273-seacev3-1235181,ocds-dgv273-seacev3-1235181-2026-09-16T10:18:39.915552-05:00,1235181-1819795,392826.25,PEN,Soles,2026-08-14T00:00:00-05:00
ocds-dgv273-seacev3-1231854,ocds-dgv273-seacev3-1231854-2026-09-16T10:18:39.842536-05:00,1231854-1816122,544029.5,PEN,Soles,2026-07-31T00:00:00-05:00
ocds-dgv273-seacev3-1234963,ocds-dgv273-seacev3-1234963-2026-09-16T10:18:39.692411-05:00,1234963-20600488504,135000.0,PEN,Soles,2026-09-04T00:00:00-05:00
ocds-dgv273-seacev3-1237379,ocds-dgv273-seacev3-1237379-2026-09-16T10:18:39.425234-05:00,1237379-20498065407,338000.0,PEN,Soles,2026-08-27T00:00:00-05:00
ocds-dgv273-seacev3-1236863,ocds-dgv273-seacev3-1236863-2026-09-16T10:18:39.243015-05:00,1236863-1826694,1207125.39,PEN,Soles,2026-09-02T00:00:00-05:00
ocds-dgv273-seacev3-1237493,ocds-dgv273-seacev3-1237493-2026-09-16T10:18:39.155360-05:00,1237493-10454889571,472500.0,PEN,Soles,2026-09-01T00:00:00-05:00
ocds-dgv273-seacev3-1235877,ocds-dgv273-seacev3-1235877-2026-09-16T10:18:38.833535-05:00,1235877-20606961261,89550.0,PEN,Soles,2026-08-31T00:00:00-05:00
ocds-dgv273-seacev3-1232213,ocds-dgv273-seacev3-1232213-2026-09-16T10:18:38.682695-05:00,1232213-1818700,83903.16,PEN,Soles,2026-09-04T00:00:00-05:00
ocds-dgv273-seacev3-1237908,ocds-dgv273-seacev3-1237908-2026-09-16T10:18:38.300622-05:00,1237908-20600616235,335825.0,PEN,Soles,2026-08-14T00:00:00-05:00
ocds-dgv273-seacev3-1237279,ocds-dgv273-seacev3-1237279-2026-09-16T10:18:37.916283-05:00,1237279-20604537372,124800.0,PEN,Soles,2026-08-27T00:00:00-05:00
ocds-dgv273-seacev3-1233083,ocds-dgv273-seacev3-1233083-2026-09-16T10:18:37.326645-05:00,1233083-20538014550,223100.0,PEN,Soles,2026-09-14T00:00:00-05:00
ocds-dgv273-seacev3-1232877,ocds-dgv273-seacev3-1232877-2026-09-16T10:18:37.286846-05:00,1232877-20610208402,104980.0,PEN,Soles,2026-08-31T00:00:00-05:00
ocds-dgv273-seacev3-1231820,ocds-dgv273-seacev3-1231820-2026-09-16T10:18:37.241385-05:00,1231820-20384122991,114000.0,PEN,Soles,2026-08-24T00:00:00-05:00
ocds-dgv273-seacev3-1230534,ocds-dgv273-seacev3-1230534-2026-09-16T10:18:37.192418-05:00,1230534-1823601,110779.66,PEN,Soles,2026-08-25T00:00:00-05:00
ocds-dgv273-seacev3-1230885,ocds-dgv273-seacev3-1230885-2026-09-16T10:18:33.069650-05:00,1230885-L9000033057,83256.2,USD,Dólar Norteamericano,2026-08-11T00:00:00-05:00
ocds-dgv273-seacev3-1234559,ocds-dgv273-seacev3-1234559-2026-09-16T10:18:33.030998-05:00,1234559-20600092490,4707711.6,PEN,Soles,2026-09-14T00:00:00-05:00
ocds-dgv273-seacev3-1236500,ocds-dgv273-seacev3-1236500-2026-09-16T10:18:32.751044-05:00,1236500-1818898,3515885.34,PEN,Soles,2026-08-11T00:00:00-05:00
ocds-dgv273-seacev3-1233809,ocds-dgv273-seacev3-1233809-2026-09-16T10:18:32.143540-05:00,1233809-1818160,552075.63,PEN,Soles,2026-08-11T00:00:00-05:00
ocds-dgv273-seacev3-2026-2392-97,ocds-dgv273-seacev3-2026-2392-97-2026-09-16T10:18:32.126366-05:00,1230291-1822166,640082.85,PEN,Soles,2026-09-01T00:00:00-05:00
ocds-dgv273-seacev3-1234766,ocds-dgv273-seacev3-1234766-2026-09-16T10:18:31.773113-05:00,1234766-1821513,1768280.0,PEN,Soles,2026-08-31T00:00:00-05:00
ocds-dgv273-seacev3-1237611,ocds-dgv273-seacev3-1237611-2026-09-16T10:18:31.598037-05:00,1237611-1820768,359890.94,PEN,Soles,2026-08-14T00:00:00-05:00
ocds-dgv273-seacev3-1232869,ocds-dgv273-seacev3-1232869-2026-09-16T10:18:31.350028-05:00,1232869-20519753830,312500.0,PEN,Soles,2026-08-25T00:00:00-05:00
ocds-dgv273-seacev3-1234160,ocds-dgv273-seacev3-1234160-2026-09-16T10:18:30.788177-05:00,1234160-1829266,3689854.45,PEN,Soles,2026-09-14T00:00:00-05:00
ocds-dgv273-seacev3-1233864,ocds-dgv273-seacev3-1233864-2026-09-16T10:18:30.535280-05:00,1233864-20447790999,101399.2,PEN,Soles,2026-09-14T00:00:00-05:00
ocds-dgv273-seacev3-1229964,ocds-dgv273-seacev3-1229964-2026-09-16T10:18:30.517441-05:00,1229964-1811658,704337.24,PEN,Soles,2026-08-04T00:00:00-05:00
ocds-dgv273-seacev3-1235134,ocds-dgv273-seacev3-1235134-2026-09-16T10:18:30.374776-05:00,1235134-20600098633,53996.33,PEN,Soles,2026-09-14T00:00:00-05:00
ocds-dgv273-seacev3-2026-1506-8,ocds-dgv273-seacev3-2026-1506-8-2026-09-16T10:18:30.359831-05:00,1233870-20541283472,65037.6,PEN,Soles,2026-08-04T00:00:00-05:00
ocds-dgv273-seacev3-1233708,ocds-dgv273-seacev3-1233708-2026-09-16T10:18:30.291677-05:00,1233708-1824676,432000.0,PEN,Soles,2026-09-14T00:00:00-05:00
ocds-dgv273-seacev3-1237460,ocds-dgv273-seacev3-1237460-2026-09-16T10:18:30.199986-05:00,1237460-20438447092,271983.0,PEN,Soles,2026-08-17T00:00:00-05:00
ocds-dgv273-seacev3-1237267,ocds-dgv273-seacev3-1237267-2026-09-16T10:18:30.182199-05:00,1237267-20600284691,141750.0,PEN,Soles,2026-08-27T00:00:00-05:00
ocds-dgv273-seacev3-1234718,ocds-dgv273-seacev3-1234718-2026-09-16T10:18:29.921420-05:00,1234718-1816976,195520.0,PEN,Soles,2026-08-19T00:00:00-05:00
ocds-dgv273-seacev3-1234234,ocds-dgv273-seacev3-1234234-2026-09-16T10:18:29.903867-05:00,1234234-1823474,10800000.0,PEN,Soles,2026-08-27T00:00:00-05:00
ocds-dgv273-seacev3-1236440,ocds-dgv273-seacev3-1236440-2026-09-16T10:18:29.729588-05:00,1236440-1818222,213696.0,PEN,Soles,2026-08-12T18:19:22-05:00
ocds-dgv273-seacev3-1236440,ocds-dgv273-seacev3-1236440-2026-09-16T10:18:29.729588-05:00,1236440-20347268683,926544.0,PEN,Soles,2026-08-12T18:19:14-05:00
ocds-dgv273-seacev3-1234702,ocds-dgv273-seacev3-1234702-2026-09-16T10:18:28.760542-05:00,1234702-20125534393,63680.0,PEN,Soles,2026-08-19T00:00:00-05:00
ocds-dgv273-seacev3-1233739,ocds-dgv273-seacev3-1233739-2026-09-16T10:18:28.742731-05:00,1233739-20600284691,169750.0,PEN,Soles,2026-08-27T00:00:00-05:00
ocds-dgv273-seacev3-1235454,ocds-dgv273-seacev3-1235454-2026-09-16T10:18:28.161954-05:00,1235454-10296426704,503360.0,PEN,Soles,2026-08-07T00:00:00-05:00
ocds-dgv273-seacev3-1237146,ocds-dgv273-seacev3-1237146-2026-09-16T10:18:28.146267-05:00,1237146-1822155,88375.84,PEN,Soles,2026-08-24T00:00:00-05:00
ocds-dgv273-seacev3-1237556,ocds-dgv273-seacev3-1237556-2026-09-16T10:18:27.883285-05:00,1237556-20574750050,65000.0,PEN,Soles,2026-09-14T00:00:00-05:00
ocds-dgv273-seacev3-1231026,ocds-dgv273-seacev3-1231026-2026-09-16T10:18:27.748529-05:00,1231026-1824524,515000.0,PEN,Soles,2026-09-14T00:00:00-05:00
ocds-dgv273-seacev3-1248033,ocds-dgv273-seacev3-1248033-2026-09-16T10:18:27.700308-05:00,1248033-20604234035,279980.0,PEN,Soles,2026-09-07T00:00:00-05:00
ocds-dgv273-seacev3-1233774,ocds-dgv273-seacev3-1233774-2026-09-16T10:18:27.407047-05:00,1233774-1815275,1057053.6,PEN,Soles,2026-08-05T00:00:00-05:00
ocds-dgv273-seacev3-1237118,ocds-dgv273-seacev3-1237118-2026-09-16T10:18:27.269252-05:00,1237118-10707666671,180000.0,PEN,Soles,2026-08-20T00:00:00-05:00
ocds-dgv273-seacev3-1233949,ocds-dgv273-seacev3-1233949-2026-09-16T10:18:26.969185-05:00,1233949-20600935845,400078.91,PEN,Soles,2026-09-04T00:00:00-05:00
ocds-dgv273-seacev3-1232084,ocds-dgv273-seacev3-1232084-2026-09-16T10:18:26.713562-05:00,1232084-1821595,4839321.8,PEN,Soles,2026-09-01T00:00:00-05:00
ocds-dgv273-seacev3-1234923,ocds-dgv273-seacev3-1234923-2026-09-16T10:18:26.397327-05:00,1234923-20503794692,216000.0,PEN,Soles,2026-08-28T00:00:00-05:00
ocds-dgv273-seacev3-2026-816-6,ocds-dgv273-seacev3-2026-816-6-2026-09-16T10:18:26.182587-05:00,1230991-20603678991,552790.0,PEN,Soles,2026-08-03T00:00:00-05:00
ocds-dgv273-seacev3-1230663,ocds-dgv273-seacev3-1230663-2026-09-16T10:18:26.139602-05:00,1230663-20332970411,102912.52,PEN,Soles,2026-08-17T00:00:00-05:00
ocds-dgv273-seacev3-2026-10561-21,ocds-dgv273-seacev3-2026-10561-21-2026-09-16T10:18:26.115403-05:00,1232938-20510070187,93000.0,PEN,Soles,2026-07-30T00:00:00-05:00
ocds-dgv273-seacev3-1231127,ocds-dgv273-seacev3-1231127-2026-09-16T10:18:25.936741-05:00,1231127-20611932767,187900.0,PEN,Soles,2026-09-14T00:00:00-05:00
ocds-dgv273-seacev3-1247432,ocds-dgv273-seacev3-1247432-2026-09-16T10:18:21.915129-05:00,1247432-20550694256,179000.0,PEN,Soles,2026-09-04T00:00:00-05:00
ocds-dgv273-seacev3-2026-232347-14,ocds-dgv273-seacev3-2026-232347-14-2026-09-16T10:18:21.619919-05:00,1242669-10107702542,50000.0,PEN,Soles,2026-08-19T00:00:00-05:00
ocds-dgv273-seacev3-1236191,ocds-dgv273-seacev3-1236191-2026-09-16T10:18:20.874997-05:00,1236191-1818523,3398423.31,PEN,Soles,2026-08-14T00:00:00-05:00
ocds-dgv273-seacev3-1235050,ocds-dgv273-seacev3-1235050-2026-09-16T10:18:20.845604-05:00,1235050-20605064451,204422.68,PEN,Soles,2026-08-05T00:00:00-05:00
ocds-dgv273-seacev3-1230154,ocds-dgv273-seacev3-1230154-2026-09-16T10:18:20.597436-05:00,1230154-1812134,604867.58,PEN,Soles,2026-07-21T00:00:00-05:00
ocds-dgv273-seacev3-1233324,ocds-dgv273-seacev3-1233324-2026-09-16T10:18:20.361166-05:00,1233324-20562673955,274980.0,PEN,Soles,2026-09-14T00:00:00-05:00
ocds-dgv273-seacev3-1237374,ocds-dgv273-seacev3-1237374-2026-09-16T10:18:20.272790-05:00,1237374-20604475059,61999.0,PEN,Soles,2026-09-04T00:00:00-05:00
ocds-dgv273-seacev3-1233765,ocds-dgv273-seacev3-1233765-2026-09-16T10:18:20.207111-05:00,1233765-20381450377,186000.0,PEN,Soles,2026-08-25T00:00:00-05:00
ocds-dgv273-seacev3-2026-10615-28,ocds-dgv273-seacev3-2026-10615-28-2026-09-16T10:18:20.071758-05:00,1234104-1816111,158250.0,PEN,Soles,2026-07-31T00:00:00-05:00
ocds-dgv273-seacev3-1233822,ocds-dgv273-seacev3-1233822-2026-09-16T10:18:19.468978-05:00,1233822-20514746355,130352.0,PEN,Soles,2026-08-17T00:00:00-05:00
ocds-dgv273-seacev3-1235588,ocds-dgv273-seacev3-1235588-2026-09-16T10:18:19.122475-05:00,1235588-20542675251,169415.55,PEN,Soles,2026-08-19T00:00:00-05:00
ocds-dgv273-seacev3-1234263,ocds-dgv273-seacev3-1234263-2026-09-16T10:18:18.902478-05:00,1234263-20534661411,2141059.67,PEN,Soles,2026-08-13T00:00:00-05:00
ocds-dgv273-seacev3-1230638,ocds-dgv273-seacev3-1230638-2026-09-16T10:18:18.863158-05:00,1230638-20601606233,2917770.0,PEN,Soles,2026-09-01T00:00:00-05:00
ocds-dgv273-seacev3-1224460,ocds-dgv273-seacev3-1224460-2026-09-16T10:18:18.551578-05:00,1224460-10328501231,422560.0,PEN,Soles,2026-08-05T00:00:00-05:00
ocds-dgv273-seacev3-1231706,ocds-dgv273-seacev3-1231706-2026-09-16T10:18:18.491626-05:00,1231706-1818498,4743595.4,PEN,Soles,2026-08-20T00:00:00-05:00
ocds-dgv273-seacev3-1233908,ocds-dgv273-seacev3-1233908-2026-09-16T10:18:18.005262-05:00,1233908-1819722,171266.62,PEN,Soles,2026-08-17T00:00:00-05:00
ocds-dgv273-seacev3-2026-10265-4,ocds-dgv273-seacev3-2026-10265-4-2026-09-16T10:18:16.724914-05:00,1230169-1828546,8244620.0,PEN,Soles,2026-09-14T00:00:00-05:00
ocds-dgv273-seacev3-1235080,ocds-dgv273-seacev3-1235080-2026-09-16T10:18:16.584055-05:00,1235080-10466300743,194400.0,PEN,Soles,2026-07-21T00:00:00-05:00
ocds-dgv273-seacev3-1237184,ocds-dgv273-seacev3-1237184-2026-09-16T10:18:16.189364-05:00,1237184-20522761525,106156.8,PEN,Soles,2026-08-12T00:00:00-05:00
ocds-dgv273-seacev3-1235581,ocds-dgv273-seacev3-1235581-2026-09-16T10:18:15.983202-05:00,1235581-20610831606,384000.0,PEN,Soles,2026-08-10T00:00:00-05:00
ocds-dgv273-seacev3-1234849,ocds-dgv273-seacev3-1234849-2026-09-16T10:18:15.955916-05:00,1234849-20611338938,59364.0,PEN,Soles,2026-08-03T00:00:00-05:00
ocds-dgv273-seacev3-2026-1901-6,ocds-dgv273-seacev3-2026-1901-6-2026-09-16T10:18:15.283036-05:00,1233066-1815723,82876.81,PEN,Soles,2026-08-05T00:00:00-05:00
ocds-dgv273-seacev3-1230761,ocds-dgv273-seacev3-1230761-2026-09-16T10:18:15.202265-05:00,1230761-1813135,1346070.28,PEN,Soles,2026-07-22T00:00:00-05:00
ocds-dgv273-seacev3-1231607,ocds-dgv273-seacev3-1231607-2026-09-16T10:18:13.403751-05:00,1231607-20605177655,132500.0,PEN,Soles,2026-09-04T00:00:00-05:00
ocds-dgv273-seacev3-1232041,ocds-dgv273-seacev3-1232041-2026-09-16T10:18:09.832335-05:00,1232041-20338570041,362894.75,PEN,Soles,2026-08-14T00:00:00-05:00
ocds-dgv273-seacev3-1233696,ocds-dgv273-seacev3-1233696-2026-09-16T10:18:09.815320-05:00,1233696-1820301,118000.0,PEN,Soles,2026-08-25T00:00:00-05:00
ocds-dgv273-seacev3-1233637,ocds-dgv273-seacev3-1233637-2026-09-16T10:18:09.610193-05:00,1233637-20600734904,159000.0,PEN,Soles,2026-09-03T00:00:00-05:00
ocds-dgv273-seacev3-1246842,ocds-dgv273-seacev3-1246842-2026-09-16T10:18:08.602599-05:00,1246842-1827779,1246457.51,PEN,Soles,2026-09-14T00:00:00-05:00
ocds-dgv273-seacev3-2026-705-28,ocds-dgv273-seacev3-2026-705-28-2026-09-16T10:18:08.401382-05:00,1237117-1819789,1706687.4,PEN,Soles,2026-09-14T00:00:00-05:00
ocds-dgv273-seacev3-1231766,ocds-dgv273-seacev3-1231766-2026-09-16T10:18:08.297871-05:00,1231766-1828770,7423600.0,PEN,Soles,2026-09-14T00:00:00-05:00
ocds-dgv273-seacev3-1236929,ocds-dgv273-seacev3-1236929-2026-09-16T10:18:08.239804-05:00,1236929-20262996329,510000.0,PEN,Soles,2026-08-31T00:00:00-05:00
ocds-dgv273-seacev3-1235345,ocds-dgv273-seacev3-1235345-2026-09-16T10:18:08.223640-05:00,1235345-20534477911,1535786.3,PEN,Soles,2026-08-07T00:00:00-05:00
ocds-dgv273-seacev3-1237271,ocds-dgv273-seacev3-1237271-2026-09-16T10:18:08.153263-05:00,1237271-1830603,114966.5,PEN,Soles,2026-09-11T00:00:00-05:00
ocds-dgv273-seacev3-1231628,ocds-dgv273-seacev3-1231628-2026-09-16T10:18:08.137469-05:00,1231628-20604234035,313880.0,PEN,Soles,2026-08-04T00:00:00-05:00
ocds-dgv273-seacev3-1237225,ocds-dgv273-seacev3-1237225-2026-09-16T10:18:07.493240-05:00,1237225-20510446659,167560.0,PEN,Soles,2026-09-04T00:00:00-05:00
ocds-dgv273-seacev3-1230202,ocds-dgv273-seacev3-1230202-2026-09-16T10:18:07.333738-05:00,1230202-1811206,463919.38,PEN,Soles,2026-07-13T00:00:00-05:00
ocds-dgv273-seacev3-1231363,ocds-dgv273-seacev3-1231363-2026-09-16T10:18:07.082643-05:00,1231363-20604767777,430000.0,PEN,Soles,2026-07-22T00:00:00-05:00
ocds-dgv273-seacev3-1233683,ocds-dgv273-seacev3-1233683-2026-09-16T10:18:06.965884-05:00,1233683-20552453710,1283986.32,PEN,Soles,2026-09-11T00:00:00-05:00
ocds-dgv273-seacev3-1236387,ocds-dgv273-seacev3-1236387-2026-09-16T10:18:06.199199-05:00,1236387-1822781,89400.0,PEN,Soles,2026-08-20T00:00:00-05:00
ocds-dgv273-seacev3-1233645,ocds-dgv273-seacev3-1233645-2026-09-16T10:18:06.046126-05:00,1233645-1815549,914086.61,PEN,Soles,2026-07-31T00:00:00-05:00
ocds-dgv273-seacev3-1246620,ocds-dgv273-seacev3-1246620-2026-09-16T10:18:05.830968-05:00,1246620-20614501236,306139.0,PEN,Soles,2026-09-14T00:00:00-05:00
ocds-dgv273-seacev3-1249794,ocds-dgv273-seacev3-1249794-2026-09-16T10:18:04.597994-05:00,1249794-20568929315,286098.81,PEN,Soles,2026-09-14T00:00:00-05:00
ocds-dgv273-seacev3-1233706,ocds-dgv273-seacev3-1233706-2026-09-16T10:18:04.519904-05:00,1233706-20552452314,58980.0,PEN,Soles,2026-08-03T00:00:00-05:00
ocds-dgv273-seacev3-1233706,ocds-dgv273-seacev3-1233706-2026-09-16T10:18:04.519904-05:00,1233706-20490897241,63579.19,PEN,Soles,2026-08-25T00:00:00-05:00
ocds-dgv273-seacev3-2026-1967-22,ocds-dgv273-seacev3-2026-1967-22-2026-09-16T10:18:03.902173-05:00,1229315-20490176692,232072.8,PEN,Soles,2026-08-07T00:00:00-05:00
ocds-dgv273-seacev3-2026-1327-3,ocds-dgv273-seacev3-2026-1327-3-2026-09-16T10:18:03.514542-05:00,1232244-20614568250,422497.67,PEN,Soles,2026-09-14T00:00:00-05:00
ocds-dgv273-seacev3-1234634,ocds-dgv273-seacev3-1234634-2026-09-16T10:18:03.498178-05:00,1234634-20606091924,250000.0,PEN,Soles,2026-08-10T00:00:00-05:00
ocds-dgv273-seacev3-1232212,ocds-dgv273-seacev3-1232212-2026-09-16T10:18:03.056369-05:00,1232212-20604922624,1080000.0,PEN,Soles,2026-09-09T00:00:00-05:00
ocds-dgv273-seacev3-2026-10428-1,ocds-dgv273-seacev3-2026-10428-1-2026-09-16T10:18:03.047904-05:00,1232508-10104527545,104075.0,PEN,Soles,2026-07-31T00:00:00-05:00
ocds-dgv273-seacev3-1231777,ocds-dgv273-seacev3-1231777-2026-09-16T10:18:03.031751-05:00,1231777-10732272076,188000.0,PEN,Soles,2026-08-12T00:00:00-05:00
ocds-dgv273-seacev3-1230829,ocds-dgv273-seacev3-1230829-2026-09-16T10:18:02.997378-05:00,1230829-20557788841,52900.0,PEN,Soles,2026-09-02T00:00:00-05:00
ocds-dgv273-seacev3-2026-2409-97,ocds-dgv273-seacev3-2026-2409-97-2026-09-16T10:17:59.135078-05:00,1237846-20125182420,658000.0,PEN,Soles,2026-09-14T00:00:00-05:00
ocds-dgv273-seacev3-1232602,ocds-dgv273-seacev3-1232602-2026-09-14T09:59:16.389955-05:00,1232602-20551742297,13457340.0,PEN,Soles,2026-08-10T00:00:00-05:00
ocds-dgv273-seacev3-1236279,ocds-dgv273-seacev3-1236279-2026-09-14T09:59:12.381214-05:00,1236279-20605585290,578000.0,PEN,Soles,2026-09-01T00:00:00-05:00
ocds-dgv273-seacev3-1246613,ocds-dgv273-seacev3-1246613-2026-09-13T12:05:45.386111-05:00,1246613-20534378344,604183.09,PEN,Soles,2026-09-02T00:00:00-05:00
ocds-dgv273-seacev3-1237314,ocds-dgv273-seacev3-1237314-2026-09-13T12:05:44.449581-05:00,1237314-20212980774,68918.27,PEN,Soles,2026-08-19T00:00:00-05:00
ocds-dgv273-seacev3-1233815,ocds-dgv273-seacev3-1233815-2026-09-13T12:05:44.268244-05:00,1233815-20551648436,55770.0,PEN,Soles,2026-09-10T00:00:00-05:00
ocds-dgv273-seacev3-1233530,ocds-dgv273-seacev3-1233530-2026-09-13T12:05:43.961793-05:00,1233530-20614305887,85000.0,PEN,Soles,2026-09-11T00:00:00-05:00
ocds-dgv273-seacev3-1237392,ocds-dgv273-seacev3-1237392-2026-09-13T12:05:43.888944-05:00,1237392-20527719942,121000.0,PEN,Soles,2026-09-01T00:00:00-05:00
ocds-dgv273-seacev3-1235958,ocds-dgv273-seacev3-1235958-2026-09-13T12:05:43.789512-05:00,1235958-1817826,75000.0,PEN,Soles,2026-08-17T00:00:00-05:00
ocds-dgv273-seacev3-1234022,ocds-dgv273-seacev3-1234022-2026-09-13T12:05:43.577059-05:00,1234022-315665,75000.0,PEN,Soles,2026-08-27T00:00:00-05:00
ocds-dgv273-seacev3-1235091,ocds-dgv273-seacev3-1235091-2026-09-13T12:05:43.118989-05:00,1235091-1824561,5180211.19,PEN,Soles,2026-09-01T00:00:00-05:00
ocds-dgv273-seacev3-1233000,ocds-dgv273-seacev3-1233000-2026-09-13T12:05:42.857364-05:00,1233000-20608078763,122906.7,PEN,Soles,2026-09-03T00:00:00-05:00
ocds-dgv273-seacev3-2026-167507-2,ocds-dgv273-seacev3-2026-167507-2-2026-09-13T12:05:42.703220-05:00,1231507-1819980,1504200.0,PEN,Soles,2026-08-18T00:00:00-05:00
ocds-dgv273-seacev3-1234307,ocds-dgv273-seacev3-1234307-2026-09-13T12:05:42.506975-05:00,1234307-20349497191,324000.0,PEN,Soles,2026-08-11T00:00:00-05:00
ocds-dgv273-seacev3-1235538,ocds-dgv273-seacev3-1235538-2026-09-13T12:05:42.082776-05:00,1235538-1825381,1010860.0,PEN,Soles,2026-09-01T00:00:00-05:00
ocds-dgv273-seacev3-1232820,ocds-dgv273-seacev3-1232820-2026-09-13T12:05:42.016528-05:00,1232820-1822479,1670196.0,PEN,Soles,2026-09-04T00:00:00-05:00
ocds-dgv273-seacev3-1237415,ocds-dgv273-seacev3-1237415-2026-09-13T12:05:41.939438-05:00,1237415-20605009787,142800.0,PEN,Soles,2026-09-11T00:00:00-05:00
ocds-dgv273-seacev3-2026-10167-7,ocds-dgv273-seacev3-2026-10167-7-2026-09-13T12:05:41.638445-05:00,1236840-20610253998,128200.8,PEN,Soles,2026-08-18T00:00:00-05:00
ocds-dgv273-seacev3-1233001,ocds-dgv273-seacev3-1233001-2026-09-13T12:05:41.507789-05:00,1233001-20606926643,6896548.15,PEN,Soles,2026-08-17T00:00:00-05:00
ocds-dgv273-seacev3-1237718,ocds-dgv273-seacev3-1237718-2026-09-13T12:05:41.346345-05:00,1237718-20611540800,290250.0,PEN,Soles,2026-08-12T00:00:00-05:00
ocds-dgv273-seacev3-1236782,ocds-dgv273-seacev3-1236782-2026-09-13T12:05:41.328416-05:00,1236782-1829165,640000.0,PEN,Soles,2026-09-11T00:00:00-05:00
ocds-dgv273-seacev3-1233489,ocds-dgv273-seacev3-1233489-2026-09-13T12:05:41.205272-05:00,1233489-20601147034,175929.0,PEN,Soles,2026-07-31T00:00:00-05:00
ocds-dgv273-seacev3-1236009,ocds-dgv273-seacev3-1236009-2026-09-13T12:05:40.726666-05:00,1236009-1816696,89657.17,PEN,Soles,2026-08-03T00:00:00-05:00
ocds-dgv273-seacev3-1233541,ocds-dgv273-seacev3-1233541-2026-09-13T12:05:40.516517-05:00,1233541-20520611569,268825.75,PEN,Soles,2026-07-31T00:00:00-05:00
ocds-dgv273-seacev3-2026-2393-14,ocds-dgv273-seacev3-2026-2393-14-2026-09-13T12:05:40.333095-05:00,1233059-20602336876,153692.64,PEN,Soles,2026-09-10T00:00:00-05:00
ocds-dgv273-seacev3-1236884,ocds-dgv273-seacev3-1236884-2026-09-13T12:05:40.260088-05:00,1236884-1819784,3550989.81,PEN,Soles,2026-08-12T00:00:00-05:00
ocds-dgv273-seacev3-1235239,ocds-dgv273-seacev3-1235239-2026-09-13T12:05:40.015876-05:00,1235239-20611579552,11550.0,PEN,Soles,2026-09-11T00:00:00-05:00
ocds-dgv273-seacev3-1234546,ocds-dgv273-seacev3-1234546-2026-09-13T12:05:39.999773-05:00,1234546-10460370774,99504.4,PEN,Soles,2026-08-14T00:00:00-05:00
ocds-dgv273-seacev3-1237662,ocds-dgv273-seacev3-1237662-2026-09-13T12:05:39.649254-05:00,1237662-20603360941,315000.0,PEN,Soles,2026-09-01T00:00:00-05:00
ocds-dgv273-seacev3-2026-1899-4,ocds-dgv273-seacev3-2026-1899-4-2026-09-13T12:05:39.429268-05:00,1233777-1816534,278300.0,PEN,Soles,2026-08-12T00:00:00-05:00
ocds-dgv273-seacev3-1232627,ocds-dgv273-seacev3-1232627-2026-09-13T12:05:39.067458-05:00,1232627-20610088849,134640.0,PEN,Soles,2026-08-11T00:00:00-05:00
ocds-dgv273-seacev3-2026-10-33,ocds-dgv273-seacev3-2026-10-33-2026-09-13T12:05:39.019099-05:00,1236160-20100210909,133752.64,PEN,Soles,2026-08-17T00:00:00-05:00
ocds-dgv273-seacev3-1230900,ocds-dgv273-seacev3-1230900-2026-09-13T12:05:38.976442-05:00,1230900-20606236175,289659.09,PEN,Soles,2026-08-05T00:00:00-05:00
ocds-dgv273-seacev3-1230110,ocds-dgv273-seacev3-1230110-2026-09-13T12:05:38.928109-05:00,1230110-20535700894,150900.0,PEN,Soles,2026-08-05T00:00:00-05:00
ocds-dgv273-seacev3-1231954,ocds-dgv273-seacev3-1231954-2026-09-13T12:05:38.906636-05:00,1231954-20545531888,242048.09,PEN,Soles,2026-08-13T00:00:00-05:00
ocds-dgv273-seacev3-1231579,ocds-dgv273-seacev3-1231579-2026-09-13T12:05:38.805188-05:00,1231579-1814475,16318013.68,PEN,Soles,2026-08-19T00:00:00-05:00
ocds-dgv273-seacev3-1232110,ocds-dgv273-seacev3-1232110-2026-09-13T12:05:38.758572-05:00,1232110-1814558,365156.16,PEN,Soles,2026-08-05T00:00:00-05:00
ocds-dgv273-seacev3-1230752,ocds-dgv273-seacev3-1230752-2026-09-13T12:05:38.730525-05:00,1230752-20605859420,501079.21,PEN,Soles,2026-08-17T00:00:00-05:00
ocds-dgv273-seacev3-1231716,ocds-dgv273-seacev3-1231716-2026-09-13T12:05:38.057030-05:00,1231716-1814095,1458664.46,PEN,Soles,2026-08-03T00:00:00-05:00
ocds-dgv273-seacev3-1235441,ocds-dgv273-seacev3-1235441-2026-09-13T12:05:34.329060-05:00,1235441-10104787946,460575.0,PEN,Soles,2026-08-10T00:00:00-05:00
ocds-dgv273-seacev3-2026-397-39,ocds-dgv273-seacev3-2026-397-39-2026-09-13T12:05:34.098175-05:00,1235732-20609478951,99800.0,PEN,Soles,2026-07-31T00:00:00-05:00
ocds-dgv273-seacev3-1233116,ocds-dgv273-seacev3-1233116-2026-09-13T12:05:34.023202-05:00,1233116-20602734740,691900.0,PEN,Soles,2026-07-21T00:00:00-05:00
ocds-dgv273-seacev3-1236286,ocds-dgv273-seacev3-1236286-2026-09-13T12:05:33.758362-05:00,1236286-10008788800,632500.0,PEN,Soles,2026-08-31T00:00:00-05:00
ocds-dgv273-seacev3-1237463,ocds-dgv273-seacev3-1237463-2026-09-13T12:05:33.500172-05:00,1237463-20108898713,88715.56,PEN,Soles,2026-09-02T00:00:00-05:00
ocds-dgv273-seacev3-1232963,ocds-dgv273-seacev3-1232963-2026-09-13T12:05:33.485994-05:00,1232963-20547258925,795431.0,PEN,Soles,2026-08-25T00:00:00-05:00
ocds-dgv273-seacev3-1232299,ocds-dgv273-seacev3-1232299-2026-09-13T12:05:33.392188-05:00,1232299-20521700794,126480.0,PEN,Soles,2026-08-18T00:00:00-05:00
ocds-dgv273-seacev3-1235975,ocds-dgv273-seacev3-1235975-2026-09-13T12:05:33.302826-05:00,1235975-1829488,609900.0,PEN,Soles,2026-09-10T00:00:00-05:00
ocds-dgv273-seacev3-1237353,ocds-dgv273-seacev3-1237353-2026-09-13T12:05:33.126239-05:00,1237353-1820172,86779.56,PEN,Soles,2026-08-14T00:00:00-05:00
ocds-dgv273-seacev3-1237996,ocds-dgv273-seacev3-1237996-2026-09-13T12:05:32.730192-05:00,1237996-20137323967,350696.7,PEN,Soles,2026-09-11T00:00:00-05:00
ocds-dgv273-seacev3-1234605,ocds-dgv273-seacev3-1234605-2026-09-13T12:05:32.651788-05:00,1234605-20539913191,392525.89,PEN,Soles,2026-09-10T00:00:00-05:00
ocds-dgv273-seacev3-1235483,ocds-dgv273-seacev3-1235483-2026-09-13T12:05:32.450226-05:00,1235483-1818620,537880.46,PEN,Soles,2026-08-12T00:00:00-05:00
ocds-dgv273-seacev3-1235725,ocds-dgv273-seacev3-1235725-2026-09-13T12:05:31.900673-05:00,1235725-20514505668,154968.0,PEN,Soles,2026-08-21T00:00:00-05:00
ocds-dgv273-seacev3-1230881,ocds-dgv273-seacev3-1230881-2026-09-13T12:05:31.712037-05:00,1230881-20542625741,619880.0,PEN,Soles,2026-09-11T00:00:00-05:00
ocds-dgv273-seacev3-1244390,ocds-dgv273-seacev3-1244390-2026-09-13T12:05:31.570581-05:00,1244390-20102108443,157319.61,PEN,Nuevos Soles,2026-09-11T00:00:00-05:00
ocds-dgv273-seacev3-2026-1262-2,ocds-dgv273-seacev3-2026-1262-2-2026-09-13T12:05:31.157989-05:00,1233879-1823756,15704983.97,PEN,Soles,2026-08-24T00:00:00-05:00
ocds-dgv273-seacev3-2026-1562-2,ocds-dgv273-seacev3-2026-1562-2-2026-09-13T12:05:31.120219-05:00,1231178-1814445,981472.3,PEN,Soles,2026-08-05T00:00:00-05:00
ocds-dgv273-seacev3-2026-1562-2,ocds-dgv273-seacev3-2026-1562-2-2026-09-13T12:05:31.120219-05:00,1231178-20477159037,981472.3,PEN,Soles,2026-08-05T00:00:00-05:00
ocds-dgv273-seacev3-1236809,ocds-dgv273-seacev3-1236809-2026-09-13T12:05:31.060111-05:00,1236809-10036682774,480732.0,PEN,Soles,2026-08-13T00:00:00-05:00
ocds-dgv273-seacev3-1234353,ocds-dgv273-seacev3-1234353-2026-09-13T12:05:31.033309-05:00,1234353-1816137,473871.13,PEN,Nuevos Soles,2026-08-04T00:00:00-05:00
ocds-dgv273-seacev3-1235797,ocds-dgv273-seacev3-1235797-2026-09-13T12:05:30.960149-05:00,1235797-20604893730,120000.0,PEN,Soles,2026-08-12T00:00:00-05:00
ocds-dgv273-seacev3-1237886,ocds-dgv273-seacev3-1237886-2026-09-13T12:05:30.927311-05:00,1237886-10311770816,265800.0,PEN,Soles,2026-08-18T00:00:00-05:00
ocds-dgv273-seacev3-1234653,ocds-dgv273-seacev3-1234653-2026-09-13T12:05:30.732379-05:00,1234653-20501549801,88200.0,PEN,Soles,2026-09-11T00:00:00-05:00
ocds-dgv273-seacev3-1236408,ocds-dgv273-seacev3-1236408-2026-09-13T12:05:30.254207-05:00,1236408-1825804,3735126.3,PEN,Soles,2026-09-11T00:00:00-05:00
ocds-dgv273-seacev3-1233937,ocds-dgv273-seacev3-1233937-2026-09-13T12:05:29.723384-05:00,1233937-10723726501,78658.47,PEN,Soles,2026-08-05T00:00:00-05:00
ocds-dgv273-seacev3-1234892,ocds-dgv273-seacev3-1234892-2026-09-13T12:05:29.656754-05:00,1234892-1817845,68272.38,PEN,Soles,2026-08-13T00:00:00-05:00
ocds-dgv273-seacev3-2026-10246-35,ocds-dgv273-seacev3-2026-10246-35-2026-09-13T12:05:29.391556-05:00,1233958-10102556769,57288.0,PEN,Soles,2026-07-20T00:00:00-05:00
ocds-dgv273-seacev3-1231648,ocds-dgv273-seacev3-1231648-2026-09-13T12:05:28.978687-05:00,1231648-10239583496,188496.0,PEN,Nuevos Soles,2026-08-10T00:00:00-05:00
ocds-dgv273-seacev3-2026-10547-4,ocds-dgv273-seacev3-2026-10547-4-2026-09-13T12:05:28.895441-05:00,1235013-1817444,144000.0,PEN,Soles,2026-08-04T00:00:00-05:00
ocds-dgv273-seacev3-1236624,ocds-dgv273-seacev3-1236624-2026-09-13T12:05:28.706947-05:00,1236624-1823427,404985.73,PEN,Soles,2026-09-02T00:00:00-05:00
ocds-dgv273-seacev3-1237555,ocds-dgv273-seacev3-1237555-2026-09-13T12:05:28.470480-05:00,1237555-20607886742,205256.0,PEN,Soles,2026-08-18T00:00:00-05:00
ocds-dgv273-seacev3-2026-1027-1,ocds-dgv273-seacev3-2026-1027-1-2026-09-13T12:05:28.389220-05:00,1233665-20602097251,85913.37,PEN,Soles,2026-08-03T00:00:00-05:00
ocds-dgv273-seacev3-1237509,ocds-dgv273-seacev3-1237509-2026-09-13T12:05:28.238953-05:00,1237509-10461708892,114452.37,PEN,Soles,2026-09-02T00:00:00-05:00
ocds-dgv273-seacev3-1231787,ocds-dgv273-seacev3-1231787-2026-09-13T12:05:27.973947-05:00,1231787-1813855,245576.88,PEN,Soles,2026-07-30T00:00:00-05:00
ocds-dgv273-seacev3-1231523,ocds-dgv273-seacev3-1231523-2026-09-13T12:05:27.895693-05:00,1231523-20537274922,312300.0,PEN,Soles,2026-09-02T00:00:00-05:00
ocds-dgv273-seacev3-1233121,ocds-dgv273-seacev3-1233121-2026-09-13T12:05:27.870612-05:00,1233121-20458602132,390000.0,PEN,Soles,2026-07-24T00:00:00-05:00
ocds-dgv273-seacev3-1231045,ocds-dgv273-seacev3-1231045-2026-09-13T12:05:27.842360-05:00,1231045-1816394,308685.4,PEN,Soles,2026-09-10T00:00:00-05:00
ocds-dgv273-seacev3-1231680,ocds-dgv273-seacev3-1231680-2026-09-13T12:05:27.787083-05:00,1231680-20605020497,1447712.0,PEN,Soles,2026-09-04T00:00:00-05:00
ocds-dgv273-seacev3-1231437,ocds-dgv273-seacev3-1231437-2026-09-13T12:05:27.771998-05:00,1231437-1812569,61000.0,PEN,Soles,2026-07-22T00:00:00-05:00
ocds-dgv273-seacev3-1231834,ocds-dgv273-seacev3-1231834-2026-09-13T12:05:27.726116-05:00,1231834-20534179571,997000.0,PEN,Soles,2026-09-11T00:00:00-05:00
ocds-dgv273-seacev3-1232181,ocds-dgv273-seacev3-1232181-2026-09-13T12:05:23.079415-05:00,1232181-20567181252,654750.0,PEN,Soles,2026-08-28T00:00:00-05:00
ocds-dgv273-seacev3-2026-10182-27,ocds-dgv273-seacev3-2026-10182-27-2026-09-13T12:05:22.987193-05:00,1233506-20563127229,86666.66,PEN,Soles,2026-09-02T00:00:00-05:00
ocds-dgv273-seacev3-1236043,ocds-dgv273-seacev3-1236043-2026-09-13T12:05:22.811948-05:00,1236043-20611606223,109000.0,PEN,Soles,2026-09-03T00:00:00-05:00
ocds-dgv273-seacev3-1237455,ocds-dgv273-seacev3-1237455-2026-09-13T12:05:22.601071-05:00,1237455-1824473,4677839.69,PEN,Soles,2026-09-10T00:00:00-05:00
ocds-dgv273-seacev3-1234282,ocds-dgv273-seacev3-1234282-2026-09-13T12:05:22.553787-05:00,1234282-20255361695,367400.0,PEN,Soles,2026-08-31T00:00:00-05:00
ocds-dgv273-seacev3-1234282,ocds-dgv273-seacev3-1234282-2026-09-13T12:05:22.553787-05:00,1234282-20471476898,2473438.11,PEN,Soles,2026-08-31T00:00:00-05:00
ocds-dgv273-seacev3-1234282,ocds-dgv273-seacev3-1234282-2026-09-13T12:05:22.553787-05:00,1234282-20511106762,1069385.0,PEN,Soles,2026-08-31T00:00:00-05:00
ocds-dgv273-seacev3-1234282,ocds-dgv273-seacev3-1234282-2026-09-13T12:05:22.553787-05:00,1234282-20522333051,143002.54,PEN,Soles,2026-08-31T00:00:00-05:00
ocds-dgv273-seacev3-1237162,ocds-dgv273-seacev3-1237162-2026-09-13T12:05:22.397229-05:00,1237162-20493368452,533796.0,PEN,Soles,2026-08-31T00:00:00-05:00
ocds-dgv273-seacev3-1237406,ocds-dgv273-seacev3-1237406-2026-09-13T12:05:22.233449-05:00,1237406-1825901,610167.24,PEN,Soles,2026-09-03T00:00:00-05:00
ocds-dgv273-seacev3-1236168,ocds-dgv273-seacev3-1236168-2026-09-13T12:05:22.216883-05:00,1236168-1822751,1169095.29,PEN,Soles,2026-08-20T00:00:00-05:00
ocds-dgv273-seacev3-1232154,ocds-dgv273-seacev3-1232154-2026-09-13T12:05:22.193227-05:00,1232154-20412126913,570589.0,PEN,Soles,2026-08-28T00:00:00-05:00
ocds-dgv273-seacev3-1234965,ocds-dgv273-seacev3-1234965-2026-09-13T12:05:22.141408-05:00,1234965-10304138608,134400.0,PEN,Soles,2026-07-21T00:00:00-05:00
ocds-dgv273-seacev3-1231049,ocds-dgv273-seacev3-1231049-2026-09-13T12:05:22.073645-05:00,1231049-1815770,1171695.81,PEN,Soles,2026-09-02T00:00:00-05:00
ocds-dgv273-seacev3-1237019,ocds-dgv273-seacev3-1237019-2026-09-13T12:05:21.873304-05:00,1237019-20611055944,13849529.5,PEN,Soles,2026-09-11T00:00:00-05:00
ocds-dgv273-seacev3-1234874,ocds-dgv273-seacev3-1234874-2026-09-13T12:05:21.630154-05:00,1234874-20448822304,72000.0,PEN,Soles,2026-09-09T00:00:00-05:00
ocds-dgv273-seacev3-1235645,ocds-dgv273-seacev3-1235645-2026-09-13T12:05:21.510755-05:00,1235645-1820952,160000.0,PEN,Soles,2026-08-19T00:00:00-05:00
ocds-dgv273-seacev3-1237038,ocds-dgv273-seacev3-1237038-2026-09-13T12:05:21.263996-05:00,1237038-1821426,3799967.91,PEN,Soles,2026-09-03T00:00:00-05:00
ocds-dgv273-seacev3-1235026,ocds-dgv273-seacev3-1235026-2026-09-13T12:05:21.216243-05:00,1235026-10081399587,136561.23,PEN,Soles,2026-08-31T00:00:00-05:00
ocds-dgv273-seacev3-1234951,ocds-dgv273-seacev3-1234951-2026-09-13T12:05:20.746524-05:00,1234951-1818271,273975.0,PEN,Soles,2026-09-04T00:00:00-05:00
ocds-dgv273-seacev3-1235150,ocds-dgv273-seacev3-1235150-2026-09-13T12:05:20.727582-05:00,1235150-20414948163,284999.5,PEN,Soles,2026-08-25T00:00:00-05:00
ocds-dgv273-seacev3-2026-1196-4,ocds-dgv273-seacev3-2026-1196-4-2026-09-13T12:05:20.656802-05:00,1237448-10434375270,129650.0,PEN,Soles,2026-08-21T00:00:00-05:00
ocds-dgv273-seacev3-1234457,ocds-dgv273-seacev3-1234457-2026-09-13T12:05:20.570940-05:00,1234457-10737355506,99750.0,PEN,Soles,2026-07-30T00:00:00-05:00
ocds-dgv273-seacev3-1235749,ocds-dgv273-seacev3-1235749-2026-09-13T12:05:20.551164-05:00,1235749-20600661141,428000.0,PEN,Soles,2026-09-02T00:00:00-05:00
ocds-dgv273-seacev3-1234412,ocds-dgv273-seacev3-1234412-2026-09-13T12:05:19.579296-05:00,1234412-20600111150,182684.0,PEN,Soles,2026-08-10T00:00:00-05:00
ocds-dgv273-seacev3-1248893,ocds-dgv273-seacev3-1248893-2026-09-13T12:05:19.542112-05:00,1248893-1830570,950279.25,PEN,Soles,2026-09-10T00:00:00-05:00
ocds-dgv273-seacev3-1237061,ocds-dgv273-seacev3-1237061-2026-09-13T12:05:19.464920-05:00,1237061-20568185880,239670.0,PEN,Soles,2026-09-11T00:00:00-05:00
ocds-dgv273-seacev3-1236636,ocds-dgv273-seacev3-1236636-2026-09-13T12:05:19.401819-05:00,1236636-20511037001,218929.0,PEN,Soles,2026-08-11T00:00:00-05:00
ocds-dgv273-seacev3-2026-10579-4,ocds-dgv273-seacev3-2026-10579-4-2026-09-13T12:05:19.347342-05:00,1237769-20609287803,122000.0,PEN,Soles,2026-09-10T00:00:00-05:00
ocds-dgv273-seacev3-2026-6-45,ocds-dgv273-seacev3-2026-6-45-2026-09-13T12:05:19.334609-05:00,1236960-20544843991,84000.0,PEN,Soles,2026-09-02T00:00:00-05:00
ocds-dgv273-seacev3-1234518,ocds-dgv273-seacev3-1234518-2026-09-13T12:05:18.835658-05:00,1234518-1825820,2096718.58,PEN,Soles,2026-09-03T00:00:00-05:00
ocds-dgv273-seacev3-1236786,ocds-dgv273-seacev3-1236786-2026-09-13T12:05:18.452283-05:00,1236786-20605567470,130000.0,PEN,Soles,2026-08-18T00:00:00-05:00
ocds-dgv273-seacev3-2026-1926-123,ocds-dgv273-seacev3-2026-1926-123-2026-09-13T12:05:18.439521-05:00,1236549-20345367757,224200.0,USD,Dólar Norteamericano,2026-09-10T00:00:00-05:00
ocds-dgv273-seacev3-1235872,ocds-dgv273-seacev3-1235872-2026-09-13T12:05:18.425604-05:00,1235872-20600782275,119280.0,PEN,Soles,2026-08-13T00:00:00-05:00
ocds-dgv273-seacev3-1230404,ocds-dgv273-seacev3-1230404-2026-09-13T12:05:18.409791-05:00,1230404-1812955,471150.4,PEN,Soles,2026-07-21T00:00:00-05:00
ocds-dgv273-seacev3-1236373,ocds-dgv273-seacev3-1236373-2026-09-13T12:05:18.288460-05:00,1236373-20601725054,256892.0,PEN,Soles,2026-08-18T00:00:00-05:00
ocds-dgv273-seacev3-1235161,ocds-dgv273-seacev3-1235161-2026-09-13T12:05:18.195772-05:00,1235161-1824683,1470233.76,PEN,Soles,2026-08-28T00:00:00-05:00
ocds-dgv273-seacev3-2026-10246-34,ocds-dgv273-seacev3-2026-10246-34-2026-09-13T12:05:18.178595-05:00,1232290-20554345141,137919.6,PEN,Soles,2026-07-31T00:00:00-05:00
ocds-dgv273-seacev3-1232139,ocds-dgv273-seacev3-1232139-2026-09-13T12:05:18.163951-05:00,1232139-10011497824,67500.0,PEN,Soles,2026-08-03T00:00:00-05:00
ocds-dgv273-seacev3-1247067,ocds-dgv273-seacev3-1247067-2026-09-13T12:05:17.952536-05:00,1247067-10463230434,24000.0,PEN,Nuevos Soles,2026-09-03T00:00:00-05:00
ocds-dgv273-seacev3-1236563,ocds-dgv273-seacev3-1236563-2026-09-13T12:05:17.900166-05:00,1236563-10296761961,201259.44,PEN,Soles,2026-09-11T00:00:00-05:00
ocds-dgv273-seacev3-2026-200276-23,ocds-dgv273-seacev3-2026-200276-23-2026-09-13T12:05:17.831741-05:00,1234749-20602362273,1311300.0,PEN,Soles,2026-08-28T00:00:00-05:00
ocds-dgv273-seacev3-1233779,ocds-dgv273-seacev3-1233779-2026-09-13T12:05:17.816550-05:00,1233779-20602493891,173364.04,PEN,Soles,2026-09-04T00:00:00-05:00
ocds-dgv273-seacev3-1233841,ocds-dgv273-seacev3-1233841-2026-09-13T12:05:17.607057-05:00,1233841-20511037001,138460.0,PEN,Soles,2026-07-30T00:00:00-05:00
ocds-dgv273-seacev3-1237115,ocds-dgv273-seacev3-1237115-2026-09-13T12:05:17.486158-05:00,1237115-20556411370,208801.26,PEN,Soles,2026-08-18T00:00:00-05:00
ocds-dgv273-seacev3-1234055,ocds-dgv273-seacev3-1234055-2026-09-13T12:05:16.801533-05:00,1234055-20449314868,1102500.0,PEN,Soles,2026-08-11T00:00:00-05:00
ocds-dgv273-seacev3-1236970,ocds-dgv273-seacev3-1236970-2026-09-13T12:05:16.630976-05:00,1236970-1819844,449406.7,PEN,Soles,2026-08-12T00:00:00-05:00
ocds-dgv273-seacev3-1234600,ocds-dgv273-seacev3-1234600-2026-09-13T12:05:16.491003-05:00,1234600-20101902740,233640.0,PEN,Soles,2026-09-10T00:00:00-05:00
ocds-dgv273-seacev3-1234811,ocds-dgv273-seacev3-1234811-2026-09-13T12:05:16.430400-05:00,1234811-20609645254,172000.0,PEN,Soles,2026-08-31T00:00:00-05:00
ocds-dgv273-seacev3-1237916,ocds-dgv273-seacev3-1237916-2026-09-13T12:05:16.292585-05:00,1237916-10104323249,80000.0,PEN,Soles,2026-08-05T00:00:00-05:00
ocds-dgv273-seacev3-1232026,ocds-dgv273-seacev3-1232026-2026-09-13T12:05:15.920409-05:00,1232026-20602260802,208000.0,PEN,Soles,2026-07-21T00:00:00-05:00
ocds-dgv273-seacev3-1230301,ocds-dgv273-seacev3-1230301-2026-09-13T12:05:15.787201-05:00,1230301-1812052,159799.0,PEN,Soles,2026-08-17T00:00:00-05:00
ocds-dgv273-seacev3-1233150,ocds-dgv273-seacev3-1233150-2026-09-13T12:05:11.593741-05:00,1233150-10405360972,210000.0,PEN,Soles,2026-08-17T00:00:00-05:00
ocds-dgv273-seacev3-1236506,ocds-dgv273-seacev3-1236506-2026-09-13T12:05:11.498663-05:00,1236506-1818455,212509.08,PEN,Soles,2026-08-14T00:00:00-05:00
ocds-dgv273-seacev3-1237242,ocds-dgv273-seacev3-1237242-2026-09-13T12:05:11.428812-05:00,1237242-1830403,697351.2,PEN,Soles,2026-09-11T00:00:00-05:00
ocds-dgv273-seacev3-1234565,ocds-dgv273-seacev3-1234565-2026-09-13T12:05:11.411075-05:00,1234565-20600908783,116400.0,PEN,Soles,2026-08-18T00:00:00-05:00
ocds-dgv273-seacev3-1233811,ocds-dgv273-seacev3-1233811-2026-09-13T12:05:11.317369-05:00,1233811-20565643496,291657.2,PEN,Soles,2026-08-03T00:00:00-05:00
ocds-dgv273-seacev3-1232252,ocds-dgv273-seacev3-1232252-2026-09-13T12:05:11.302347-05:00,1232252-1813513,65400.0,PEN,Soles,2026-08-12T00:00:00-05:00
ocds-dgv273-seacev3-2026-243393-24,ocds-dgv273-seacev3-2026-243393-24-2026-09-13T12:05:11.261740-05:00,1232975-20511772312,446789.76,PEN,Soles,2026-08-14T00:00:00-05:00
ocds-dgv273-seacev3-1232697,ocds-dgv273-seacev3-1232697-2026-09-13T12:05:11.128115-05:00,1232697-20438447092,433456.0,PEN,Soles,2026-07-24T00:00:00-05:00
ocds-dgv273-seacev3-2026-10246-36,ocds-dgv273-seacev3-2026-10246-36-2026-09-13T12:05:10.997324-05:00,1235333-10102556769,82280.0,PEN,Soles,2026-07-30T00:00:00-05:00
ocds-dgv273-seacev3-1232276,ocds-dgv273-seacev3-1232276-2026-09-13T12:05:10.723928-05:00,1232276-20605504168,59465.64,PEN,Soles,2026-07-21T00:00:00-05:00
ocds-dgv273-seacev3-1232191,ocds-dgv273-seacev3-1232191-2026-09-13T12:05:10.642173-05:00,1232191-20602544789,200025.0,PEN,Soles,2026-07-17T00:00:00-05:00
ocds-dgv273-seacev3-1232191,ocds-dgv273-seacev3-1232191-2026-09-13T12:05:10.642173-05:00,1232191-20601647771,211264.5,PEN,Soles,2026-08-25T00:00:00-05:00
ocds-dgv273-seacev3-1234064,ocds-dgv273-seacev3-1234064-2026-09-13T12:05:10.601146-05:00,1234064-1827242,256510.76,PEN,Soles,2026-09-09T00:00:00-05:00
ocds-dgv273-seacev3-1232175,ocds-dgv273-seacev3-1232175-2026-09-13T12:05:10.478441-05:00,1232175-1814867,17704440.0,PEN,Soles,2026-08-10T00:00:00-05:00
ocds-dgv273-seacev3-1235295,ocds-dgv273-seacev3-1235295-2026-09-13T12:05:10.247348-05:00,1235295-20604240914,77952.0,PEN,Soles,2026-08-14T00:00:00-05:00
ocds-dgv273-seacev3-1231521,ocds-dgv273-seacev3-1231521-2026-09-13T12:05:10.040654-05:00,1231521-1812486,58500.0,PEN,Soles,2026-08-11T00:00:00-05:00
ocds-dgv273-seacev3-2026-200191-113,ocds-dgv273-seacev3-2026-200191-113-2026-09-13T12:05:09.934466-05:00,1235384-20253541505,380000.0,PEN,Soles,2026-09-10T00:00:00-05:00
ocds-dgv273-seacev3-2026-10356-9,ocds-dgv273-seacev3-2026-10356-9-2026-09-13T12:05:09.900678-05:00,1230679-20502797230,413000.0,PEN,Soles,2026-08-26T00:00:00-05:00
ocds-dgv273-seacev3-1237441,ocds-dgv273-seacev3-1237441-2026-09-13T12:05:09.820462-05:00,1237441-20532492051,102649.69,PEN,Soles,2026-08-11T00:00:00-05:00
ocds-dgv273-seacev3-2026-1901-35,ocds-dgv273-seacev3-2026-1901-35-2026-09-13T12:05:09.805432-05:00,1234821-20418896915,86263.86,PEN,Soles,2026-08-19T00:00:00-05:00
ocds-dgv273-seacev3-1232487,ocds-dgv273-seacev3-1232487-2026-09-13T12:05:09.483218-05:00,1232487-1821602,899902.34,PEN,Soles,2026-08-19T00:00:00-05:00
ocds-dgv273-seacev3-1234456,ocds-dgv273-seacev3-1234456-2026-09-13T12:05:09.422800-05:00,1234456-20602664164,489673.2,PEN,Soles,2026-08-14T00:00:00-05:00
ocds-dgv273-seacev3-1247299,ocds-dgv273-seacev3-1247299-2026-09-13T12:05:09.396020-05:00,1247299-10459320836,24000.0,PEN,Nuevos Soles,2026-09-03T00:00:00-05:00
ocds-dgv273-seacev3-1234720,ocds-dgv273-seacev3-1234720-2026-09-13T12:05:09.342767-05:00,1234720-1823100,2417056.54,PEN,Soles,2026-09-03T00:00:00-05:00
ocds-dgv273-seacev3-1233791,ocds-dgv273-seacev3-1233791-2026-09-13T12:05:09.323166-05:00,1233791-20611730901,92000.0,PEN,Soles,2026-08-13T00:00:00-05:00
ocds-dgv273-seacev3-1235814,ocds-dgv273-seacev3-1235814-2026-09-13T12:05:09.236150-05:00,1235814-20613968793,275954.0,PEN,Soles,2026-08-20T00:00:00-05:00
ocds-dgv273-seacev3-1233942,ocds-dgv273-seacev3-1233942-2026-09-13T12:05:09.070983-05:00,1233942-1815781,1010257.32,PEN,Soles,2026-07-30T00:00:00-05:00
ocds-dgv273-seacev3-1236966,ocds-dgv273-seacev3-1236966-2026-09-13T12:05:08.994180-05:00,1236966-20603374062,299000.0,PEN,Soles,2026-08-19T00:00:00-05:00
ocds-dgv273-seacev3-1236966,ocds-dgv273-seacev3-1236966-2026-09-13T12:05:08.994180-05:00,1236966-20546561497,158800.0,PEN,Soles,2026-08-19T00:00:00-05:00
ocds-dgv273-seacev3-1236952,ocds-dgv273-seacev3-1236952-2026-09-13T12:05:08.874768-05:00,1236952-1829631,3765300.0,PEN,Soles,2026-09-11T00:00:00-05:00
ocds-dgv273-seacev3-1235109,ocds-dgv273-seacev3-1235109-2026-09-13T12:05:08.804201-05:00,1235109-1828527,86000.0,PEN,Soles,2026-09-11T00:00:00-05:00
ocds-dgv273-seacev3-1233437,ocds-dgv273-seacev3-1233437-2026-09-13T12:05:08.725454-05:00,1233437-20612341487,105467.0,PEN,Soles,2026-08-11T00:00:00-05:00
ocds-dgv273-seacev3-1236287,ocds-dgv273-seacev3-1236287-2026-09-13T12:05:08.591698-05:00,1236287-1818957,65184.0,PEN,Soles,2026-08-13T00:00:00-05:00
ocds-dgv273-seacev3-1236287,ocds-dgv273-seacev3-1236287-2026-09-13T12:05:08.591698-05:00,1236287-20610035541,73980.0,PEN,Soles,2026-08-13T00:00:00-05:00
ocds-dgv273-seacev3-1236998,ocds-dgv273-seacev3-1236998-2026-09-13T12:05:07.760152-05:00,1236998-1829577,2416700.0,PEN,Soles,2026-09-11T00:00:00-05:00
ocds-dgv273-seacev3-1236845,ocds-dgv273-seacev3-1236845-2026-09-13T12:05:07.689620-05:00,1236845-20513196211,1370678.4,PEN,Soles,2026-08-26T00:00:00-05:00
ocds-dgv273-seacev3-1235358,ocds-dgv273-seacev3-1235358-2026-09-13T12:05:07.676912-05:00,1235358-20604767513,104640.0,PEN,Soles,2026-08-21T00:00:00-05:00
ocds-dgv273-seacev3-2026-2407-82,ocds-dgv273-seacev3-2026-2407-82-2026-09-13T12:05:07.517188-05:00,1236327-1823003,79999.33,PEN,Soles,2026-09-02T00:00:00-05:00
ocds-dgv273-seacev3-1235122,ocds-dgv273-seacev3-1235122-2026-09-13T12:05:07.439275-05:00,1235122-20412126913,450248.71,PEN,Soles,2026-09-11T00:00:00-05:00
ocds-dgv273-seacev3-1235054,ocds-dgv273-seacev3-1235054-2026-09-13T12:05:07.424626-05:00,1235054-20612615722,161964.0,PEN,Soles,2026-09-11T00:00:00-05:00
ocds-dgv273-seacev3-1234858,ocds-dgv273-seacev3-1234858-2026-09-13T12:05:07.406957-05:00,1234858-1825869,1155000.0,PEN,Soles,2026-08-31T00:00:00-05:00
ocds-dgv273-seacev3-1235377,ocds-dgv273-seacev3-1235377-2026-09-13T12:05:07.266322-05:00,1235377-1820965,379970.5,PEN,Soles,2026-08-18T00:00:00-05:00
ocds-dgv273-seacev3-1246423,ocds-dgv273-seacev3-1246423-2026-09-13T12:05:07.193633-05:00,1246423-20601166641,587459.94,PEN,Soles,2026-09-10T00:00:00-05:00
ocds-dgv273-seacev3-2026-200455-7,ocds-dgv273-seacev3-2026-200455-7-2026-09-13T12:05:07.150912-05:00,1232522-1821635,5843489.07,PEN,Soles,2026-08-19T00:00:00-05:00
ocds-dgv273-seacev3-1234023,ocds-dgv273-seacev3-1234023-2026-09-13T12:05:07.090429-05:00,1234023-20487317757,66000.0,PEN,Soles,2026-08-07T00:00:00-05:00
ocds-dgv273-seacev3-2026-200363-115,ocds-dgv273-seacev3-2026-200363-115-2026-09-13T12:05:06.884182-05:00,1232481-20503794692,637050.0,PEN,Soles,2026-08-03T00:00:00-05:00
ocds-dgv273-seacev3-1236704,ocds-dgv273-seacev3-1236704-2026-09-13T12:05:06.823428-05:00,1236704-20614144859,134776.51,PEN,Soles,2026-09-02T00:00:00-05:00
ocds-dgv273-seacev3-1234617,ocds-dgv273-seacev3-1234617-2026-09-13T12:05:06.678211-05:00,1234617-1818657,478852.38,PEN,Soles,2026-09-10T00:00:00-05:00
ocds-dgv273-seacev3-1237426,ocds-dgv273-seacev3-1237426-2026-09-13T12:05:06.637663-05:00,1237426-20600616235,140759.1,PEN,Soles,2026-09-04T00:00:00-05:00
ocds-dgv273-seacev3-1236237,ocds-dgv273-seacev3-1236237-2026-09-13T12:05:06.538860-05:00,1236237-20512153110,92400.0,PEN,Soles,2026-09-10T00:00:00-05:00
ocds-dgv273-seacev3-1233508,ocds-dgv273-seacev3-1233508-2026-09-13T12:05:06.491269-05:00,1233508-20494399386,216293.0,PEN,Soles,2026-08-27T00:00:00-05:00
ocds-dgv273-seacev3-1232068,ocds-dgv273-seacev3-1232068-2026-09-13T12:05:06.377992-05:00,1232068-1828237,100800.0,PEN,Soles,2026-09-11T00:00:00-05:00
ocds-dgv273-seacev3-1237860,ocds-dgv273-seacev3-1237860-2026-09-13T12:05:06.281460-05:00,1237860-1820246,150000.0,PEN,Soles,2026-08-17T00:00:00-05:00
ocds-dgv273-seacev3-1234474,ocds-dgv273-seacev3-1234474-2026-09-13T12:05:06.252979-05:00,1234474-20338570041,302670.0,PEN,Soles,2026-09-02T00:00:00-05:00
ocds-dgv273-seacev3-1232945,ocds-dgv273-seacev3-1232945-2026-09-13T12:05:06.237196-05:00,1232945-1815860,156326.4,PEN,Soles,2026-09-03T00:00:00-05:00
ocds-dgv273-seacev3-2026-1997-10,ocds-dgv273-seacev3-2026-1997-10-2026-09-13T12:05:06.188600-05:00,1234952-20418896915,24949.81,USD,Dólar Norteamericano,2026-09-10T00:00:00-05:00
ocds-dgv273-seacev3-1230998,ocds-dgv273-seacev3-1230998-2026-09-13T12:05:06.172302-05:00,1230998-10419149697,59999.0,PEN,Soles,2026-07-17T00:00:00-05:00
ocds-dgv273-seacev3-2026-2543-183,ocds-dgv273-seacev3-2026-2543-183-2026-09-13T12:05:06.092778-05:00,1235807-20549445439,93600.0,PEN,Nuevos Soles,2026-08-19T00:00:00-05:00
ocds-dgv273-seacev3-1229982,ocds-dgv273-seacev3-1229982-2026-09-13T12:05:06.048035-05:00,1229982-20490288814,304480.0,PEN,Soles,2026-08-13T00:00:00-05:00
ocds-dgv273-seacev3-1235025,ocds-dgv273-seacev3-1235025-2026-09-13T12:05:05.999213-05:00,1235025-20559518701,6669729.14,PEN,Soles,2026-09-11T00:00:00-05:00
ocds-dgv273-seacev3-1235137,ocds-dgv273-seacev3-1235137-2026-09-13T12:05:05.552337-05:00,1235137-10443950856,99850.0,PEN,Soles,2026-07-31T00:00:00-05:00
ocds-dgv273-seacev3-1233697,ocds-dgv273-seacev3-1233697-2026-09-13T12:05:05.536769-05:00,1233697-1815879,349086.26,PEN,Soles,2026-07-31T00:00:00-05:00
ocds-dgv273-seacev3-1234612,ocds-dgv273-seacev3-1234612-2026-09-13T12:05:05.252223-05:00,1234612-20612799670,44160.0,PEN,Soles,2026-08-04T00:00:00-05:00
ocds-dgv273-seacev3-1233097,ocds-dgv273-seacev3-1233097-2026-09-13T12:05:05.233059-05:00,1233097-20546876722,821791.0,PEN,Soles,2026-08-21T00:00:00-05:00
ocds-dgv273-seacev3-1231099,ocds-dgv273-seacev3-1231099-2026-09-13T12:05:05.200555-05:00,1231099-10094738160,373208.0,PEN,Soles,2026-09-02T00:00:00-05:00
ocds-dgv273-seacev3-1231672,ocds-dgv273-seacev3-1231672-2026-09-13T12:05:05.108086-05:00,1231672-20603660944,49925.0,PEN,Soles,2026-07-20T00:00:00-05:00
ocds-dgv273-seacev3-1233657,ocds-dgv273-seacev3-1233657-2026-09-13T12:05:05.068968-05:00,1233657-20558376946,260000.0,PEN,Soles,2026-07-22T00:00:00-05:00
ocds-dgv273-seacev3-1230345,ocds-dgv273-seacev3-1230345-2026-09-13T12:05:05.053919-05:00,1230345-20507237984,93785.0,PEN,Soles,2026-08-28T00:00:00-05:00
ocds-dgv273-seacev3-2026-1899-20,ocds-dgv273-seacev3-2026-1899-20-2026-09-13T12:05:04.964187-05:00,1232800-20612943746,3555187.4,PEN,Soles,2026-08-20T00:00:00-05:00
ocds-dgv273-seacev3-2026-10420-2,ocds-dgv273-seacev3-2026-10420-2-2026-09-13T12:05:04.921241-05:00,1233022-20558243717,144231.22,PEN,Soles,2026-08-14T00:00:00-05:00
ocds-dgv273-seacev3-1232815,ocds-dgv273-seacev3-1232815-2026-09-13T12:05:04.872774-05:00,1232815-1816386,142815.3,PEN,Soles,2026-09-10T00:00:00-05:00
ocds-dgv273-seacev3-1233098,ocds-dgv273-seacev3-1233098-2026-09-13T12:05:04.832678-05:00,1233098-20603635036,256500.0,PEN,Soles,2026-09-03T00:00:00-05:00
ocds-dgv273-seacev3-1231685,ocds-dgv273-seacev3-1231685-2026-09-13T12:05:04.740792-05:00,1231685-1817769,1963497.96,PEN,Soles,2026-08-11T00:00:00-05:00
ocds-dgv273-seacev3-1231643,ocds-dgv273-seacev3-1231643-2026-09-13T12:05:04.724248-05:00,1231643-20607859192,353012.0,PEN,Soles,2026-08-04T00:00:00-05:00
ocds-dgv273-seacev3-1231335,ocds-dgv273-seacev3-1231335-2026-09-13T12:05:04.708760-05:00,1231335-20607832405,147000.0,PEN,Soles,2026-08-10T00:00:00-05:00
ocds-dgv273-seacev3-1229990,ocds-dgv273-seacev3-1229990-2026-09-13T12:05:04.699668-05:00,1229990-1812600,422077.01,PEN,Soles,2026-07-31T00:00:00-05:00
ocds-dgv273-seacev3-1232227,ocds-dgv273-seacev3-1232227-2026-09-13T12:05:04.630185-05:00,1232227-20100287791,330000.0,PEN,Soles,2026-08-11T00:00:00-05:00
ocds-dgv273-seacev3-1232227,ocds-dgv273-seacev3-1232227-2026-09-13T12:05:04.630185-05:00,1232227-20347268683,486000.0,PEN,Soles,2026-08-11T00:00:00-05:00
ocds-dgv273-seacev3-1232227,ocds-dgv273-seacev3-1232227-2026-09-13T12:05:04.630185-05:00,1232227-20609625512,800000.0,PEN,Soles,2026-08-11T00:00:00-05:00
ocds-dgv273-seacev3-1237839,ocds-dgv273-seacev3-1237839-2026-09-13T12:04:59.835685-05:00,1237839-20611610956,87000.0,PEN,Soles,2026-08-14T00:00:00-05:00
ocds-dgv273-seacev3-1233656,ocds-dgv273-seacev3-1233656-2026-09-13T12:04:59.763589-05:00,1233656-20600358627,226879.8,PEN,Soles,2026-08-20T00:00:00-05:00
ocds-dgv273-seacev3-1243711,ocds-dgv273-seacev3-1243711-2026-09-13T12:04:59.576740-05:00,1243711-20471476898,112812.8,PEN,Soles,2026-08-21T00:00:00-05:00
ocds-dgv273-seacev3-1234040,ocds-dgv273-seacev3-1234040-2026-09-13T12:04:59.383937-05:00,1234040-20609247933,488874.75,PEN,Soles,2026-08-31T00:00:00-05:00
ocds-dgv273-seacev3-2026-200190-8,ocds-dgv273-seacev3-2026-200190-8-2026-09-13T12:04:59.309213-05:00,1234113-20530063888,117600.0,PEN,Soles,2026-09-01T00:00:00-05:00
ocds-dgv273-seacev3-2026-425-25,ocds-dgv273-seacev3-2026-425-25-2026-09-13T12:04:59.115359-05:00,1237349-20558599813,3243079.87,PEN,Soles,2026-08-11T00:00:00-05:00
ocds-dgv273-seacev3-2026-1926-139,ocds-dgv273-seacev3-2026-1926-139-2026-09-13T12:04:59.099063-05:00,1234054-20602045375,75065.1,PEN,Soles,2026-09-11T00:00:00-05:00
ocds-dgv273-seacev3-1236837,ocds-dgv273-seacev3-1236837-2026-09-13T12:04:59.069818-05:00,1236837-20604229767,178000.0,PEN,Soles,2026-08-13T00:00:00-05:00
ocds-dgv273-seacev3-2026-1921-16,ocds-dgv273-seacev3-2026-1921-16-2026-09-13T12:04:58.989404-05:00,1231522-20100114349,26186.7,PEN,Soles,2026-08-28T00:00:00-05:00
ocds-dgv273-seacev3-2026-1921-16,ocds-dgv273-seacev3-2026-1921-16-2026-09-13T12:04:58.989404-05:00,1231522-20106498386,1817107.5,PEN,Soles,2026-08-28T00:00:00-05:00
ocds-dgv273-seacev3-1234002,ocds-dgv273-seacev3-1234002-2026-09-13T12:04:58.674481-05:00,1234002-10166824937,48000.0,PEN,Soles,2026-09-10T00:00:00-05:00
ocds-dgv273-seacev3-1237826,ocds-dgv273-seacev3-1237826-2026-09-13T12:04:58.641452-05:00,1237826-20253128641,345822.68,USD,Dólar Norteamericano,2026-08-14T00:00:00-05:00
ocds-dgv273-seacev3-1234885,ocds-dgv273-seacev3-1234885-2026-09-13T12:04:58.624231-05:00,1234885-99999999999,95616.0,PEN,Soles,2026-08-26T00:00:00-05:00
ocds-dgv273-seacev3-1234885,ocds-dgv273-seacev3-1234885-2026-09-13T12:04:58.624231-05:00,1234885-20449431741,246461.35,PEN,Soles,2026-09-03T00:00:00-05:00
ocds-dgv273-seacev3-1234885,ocds-dgv273-seacev3-1234885-2026-09-13T12:04:58.624231-05:00,1234885-20613378830,95616.0,PEN,Soles,2026-08-26T00:00:00-05:00
ocds-dgv273-seacev3-2026-10216-5,ocds-dgv273-seacev3-2026-10216-5-2026-09-13T12:04:58.536014-05:00,1233256-20515184113,4387847.5,PEN,Soles,2026-08-28T00:00:00-05:00
ocds-dgv273-seacev3-1233242,ocds-dgv273-seacev3-1233242-2026-09-13T12:04:58.451427-05:00,1233242-20606365951,131285.0,PEN,Soles,2026-07-24T00:00:00-05:00
ocds-dgv273-seacev3-1237520,ocds-dgv273-seacev3-1237520-2026-09-13T12:04:58.417446-05:00,1237520-20601647771,162772.2,PEN,Soles,2026-08-17T00:00:00-05:00
ocds-dgv273-seacev3-1237744,ocds-dgv273-seacev3-1237744-2026-09-13T12:04:58.340925-05:00,1237744-10414102641,248200.0,PEN,Soles,2026-09-02T00:00:00-05:00
ocds-dgv273-seacev3-1237777,ocds-dgv273-seacev3-1237777-2026-09-13T12:04:58.050813-05:00,1237777-20610270884,102700.0,PEN,Soles,2026-08-21T00:00:00-05:00
ocds-dgv273-seacev3-1236605,ocds-dgv273-seacev3-1236605-2026-09-13T12:04:58.024527-05:00,1236605-10024422271,77760.0,PEN,Soles,2026-08-17T00:00:00-05:00
ocds-dgv273-seacev3-1235608,ocds-dgv273-seacev3-1235608-2026-09-13T12:04:57.948046-05:00,1235608-20552452314,399234.0,PEN,Soles,2026-09-11T00:00:00-05:00
ocds-dgv273-seacev3-1235587,ocds-dgv273-seacev3-1235587-2026-09-13T12:04:57.875599-05:00,1235587-1817610,1002641.75,PEN,Soles,2026-08-11T00:00:00-05:00
ocds-dgv273-seacev3-2026-200192-226,ocds-dgv273-seacev3-2026-200192-226-2026-09-13T12:04:57.635399-05:00,1234098-20528966650,84000.0,PEN,Soles,2026-09-10T00:00:00-05:00
ocds-dgv273-seacev3-1230982,ocds-dgv273-seacev3-1230982-2026-09-13T12:04:57.545311-05:00,1230982-20610281258,178400.0,PEN,Soles,2026-09-11T00:00:00-05:00
ocds-dgv273-seacev3-1234358,ocds-dgv273-seacev3-1234358-2026-09-13T12:04:57.315547-05:00,1234358-20155108038,337630.0,PEN,Soles,2026-08-03T00:00:00-05:00
ocds-dgv273-seacev3-1237642,ocds-dgv273-seacev3-1237642-2026-09-13T12:04:57.001062-05:00,1237642-20550812984,164996.04,PEN,Soles,2026-08-20T00:00:00-05:00
ocds-dgv273-seacev3-1235204,ocds-dgv273-seacev3-1235204-2026-09-13T12:04:56.983195-05:00,1235204-20101015492,507100.0,PEN,Soles,2026-09-10T00:00:00-05:00
ocds-dgv273-seacev3-1235204,ocds-dgv273-seacev3-1235204-2026-09-13T12:04:56.983195-05:00,1235204-20198988490,379537.28,PEN,Soles,2026-09-10T00:00:00-05:00
ocds-dgv273-seacev3-1235204,ocds-dgv273-seacev3-1235204-2026-09-13T12:04:56.983195-05:00,1235204-20434095574,201699.0,PEN,Soles,2026-09-10T00:00:00-05:00
ocds-dgv273-seacev3-1236866,ocds-dgv273-seacev3-1236866-2026-09-13T12:04:56.879178-05:00,1236866-20536299620,123900.0,PEN,Soles,2026-08-26T00:00:00-05:00
ocds-dgv273-seacev3-1247276,ocds-dgv273-seacev3-1247276-2026-09-13T12:04:55.994365-05:00,1247276-10200170020,24000.0,PEN,Nuevos Soles,2026-09-03T00:00:00-05:00
ocds-dgv273-seacev3-1235982,ocds-dgv273-seacev3-1235982-2026-09-13T12:04:55.867191-05:00,1235982-20607595977,203000.0,PEN,Soles,2026-09-11T00:00:00-05:00
ocds-dgv273-seacev3-1232246,ocds-dgv273-seacev3-1232246-2026-09-13T12:04:55.739323-05:00,1232246-1817571,1100000.0,PEN,Soles,2026-08-14T00:00:00-05:00
ocds-dgv273-seacev3-1232246,ocds-dgv273-seacev3-1232246-2026-09-13T12:04:55.739323-05:00,1232246-1817690,1134144.93,PEN,Soles,2026-08-14T00:00:00-05:00
ocds-dgv273-seacev3-2026-2601-16,ocds-dgv273-seacev3-2026-2601-16-2026-09-13T12:04:55.658551-05:00,1236828-20602561284,195851.0,PEN,Soles,2026-09-03T00:00:00-05:00
ocds-dgv273-seacev3-1230828,ocds-dgv273-seacev3-1230828-2026-09-13T12:04:55.485060-05:00,1230828-20456104381,405279.5,PEN,Soles,2026-09-10T00:00:00-05:00
ocds-dgv273-seacev3-1235802,ocds-dgv273-seacev3-1235802-2026-09-13T12:04:54.969069-05:00,1235802-20612772453,173250.0,PEN,Soles,2026-09-02T00:00:00-05:00
ocds-dgv273-seacev3-1233557,ocds-dgv273-seacev3-1233557-2026-09-13T12:04:54.666807-05:00,1233557-20604130680,213176.44,PEN,Soles,2026-08-11T00:00:00-05:00
ocds-dgv273-seacev3-1234872,ocds-dgv273-seacev3-1234872-2026-09-13T12:04:54.540178-05:00,1234872-20606026081,63288.8,PEN,Soles,2026-08-13T00:00:00-05:00
ocds-dgv273-seacev3-1247104,ocds-dgv273-seacev3-1247104-2026-09-13T12:04:54.306256-05:00,1247104-10434429043,24000.0,PEN,Nuevos Soles,2026-09-03T00:00:00-05:00
ocds-dgv273-seacev3-1236598,ocds-dgv273-seacev3-1236598-2026-09-13T12:04:54.159358-05:00,1236598-1820725,210000.0,PEN,Soles,2026-08-18T00:00:00-05:00
ocds-dgv273-seacev3-1232025,ocds-dgv273-seacev3-1232025-2026-09-13T12:04:53.994664-05:00,1232025-1818438,142000.0,PEN,Soles,2026-08-13T00:00:00-05:00
ocds-dgv273-seacev3-1230065,ocds-dgv273-seacev3-1230065-2026-09-13T12:04:53.779363-05:00,1230065-1810908,4132479.57,PEN,Soles,2026-07-15T00:00:00-05:00
ocds-dgv273-seacev3-1230547,ocds-dgv273-seacev3-1230547-2026-09-13T12:04:53.627673-05:00,1230547-20607516813,923000.0,PEN,Soles,2026-08-12T00:00:00-05:00
ocds-dgv273-seacev3-1225344,ocds-dgv273-seacev3-1225344-2026-09-13T12:04:53.611960-05:00,1225344-1814894,58149.0,PEN,Soles,2026-07-24T00:00:00-05:00
ocds-dgv273-seacev3-1230902,ocds-dgv273-seacev3-1230902-2026-09-13T12:04:53.595418-05:00,1230902-1812479,1287496.99,PEN,Soles,2026-08-04T00:00:00-05:00
ocds-dgv273-seacev3-1232329,ocds-dgv273-seacev3-1232329-2026-09-13T12:04:53.559117-05:00,1232329-1817440,980000.0,PEN,Soles,2026-08-14T00:00:00-05:00
ocds-dgv273-seacev3-1232088,ocds-dgv273-seacev3-1232088-2026-09-13T12:04:53.431842-05:00,1232088-20601010047,501604.0,PEN,Soles,2026-08-03T00:00:00-05:00
ocds-dgv273-seacev3-1232088,ocds-dgv273-seacev3-1232088-2026-09-13T12:04:53.431842-05:00,1232088-20602386075,555000.0,PEN,Soles,2026-08-31T00:00:00-05:00
ocds-dgv273-seacev3-1232714,ocds-dgv273-seacev3-1232714-2026-09-13T12:04:53.337207-05:00,1232714-20545364612,139000.0,PEN,Soles,2026-09-09T00:00:00-05:00
ocds-dgv273-seacev3-1231903,ocds-dgv273-seacev3-1231903-2026-09-13T12:04:53.321889-05:00,1231903-20610583131,392000.0,PEN,Soles,2026-07-31T00:00:00-05:00
ocds-dgv273-seacev3-1236319,ocds-dgv273-seacev3-1236319-2026-09-13T12:04:47.708701-05:00,1236319-20212561534,177500.0,PEN,Soles,2026-08-26T00:00:00-05:00
ocds-dgv273-seacev3-1234076,ocds-dgv273-seacev3-1234076-2026-09-13T12:04:47.419060-05:00,1234076-20418896915,1232266.21,PEN,Soles,2026-08-28T00:00:00-05:00
ocds-dgv273-seacev3-1234076,ocds-dgv273-seacev3-1234076-2026-09-13T12:04:47.419060-05:00,1234076-20517182673,737545.29,PEN,Soles,2026-08-28T00:00:00-05:00
ocds-dgv273-seacev3-1237023,ocds-dgv273-seacev3-1237023-2026-09-13T12:04:47.329623-05:00,1237023-20605258779,3084680.0,PEN,Soles,2026-08-28T00:00:00-05:00
ocds-dgv273-seacev3-1233279,ocds-dgv273-seacev3-1233279-2026-09-13T12:04:47.115718-05:00,1233279-20604138958,105089.25,PEN,Soles,2026-07-24T00:00:00-05:00
ocds-dgv273-seacev3-1231172,ocds-dgv273-seacev3-1231172-2026-09-13T12:04:47.021996-05:00,1231172-1815738,94200.0,PEN,Soles,2026-08-03T00:00:00-05:00
ocds-dgv273-seacev3-1233554,ocds-dgv273-seacev3-1233554-2026-09-13T12:04:46.812832-05:00,1233554-10467999813,91145.8,PEN,Soles,2026-08-03T00:00:00-05:00
ocds-dgv273-seacev3-1235998,ocds-dgv273-seacev3-1235998-2026-09-13T12:04:46.581665-05:00,1235998-20616052340,98800.0,PEN,Soles,2026-08-03T00:00:00-05:00
ocds-dgv273-seacev3-1235998,ocds-dgv273-seacev3-1235998-2026-09-13T12:04:46.581665-05:00,1235998-20608481941,99000.0,PEN,Soles,2026-08-20T00:00:00-05:00
ocds-dgv273-seacev3-1236944,ocds-dgv273-seacev3-1236944-2026-09-13T12:04:46.518420-05:00,1236944-1823582,2745957.1,PEN,Soles,2026-09-03T00:00:00-05:00
ocds-dgv273-seacev3-1235607,ocds-dgv273-seacev3-1235607-2026-09-13T12:04:46.504191-05:00,1235607-20421367605,67000.0,PEN,Soles,2026-09-10T00:00:00-05:00
ocds-dgv273-seacev3-1237229,ocds-dgv273-seacev3-1237229-2026-09-13T12:04:46.374854-05:00,1237229-20379120181,748600.0,USD,Dólar Norteamericano,2026-09-10T00:00:00-05:00
ocds-dgv273-seacev3-1236530,ocds-dgv273-seacev3-1236530-2026-09-13T12:04:45.898833-05:00,1236530-1819200,2241997.12,PEN,Soles,2026-08-24T00:00:00-05:00
ocds-dgv273-seacev3-2026-200177-13,ocds-dgv273-seacev3-2026-200177-13-2026-09-13T12:04:45.713750-05:00,1235426-20519286794,105000.0,PEN,Soles,2026-09-11T00:00:00-05:00
ocds-dgv273-seacev3-1237163,ocds-dgv273-seacev3-1237163-2026-09-13T12:04:45.486666-05:00,1237163-20493368452,2239500.0,PEN,Soles,2026-08-31T00:00:00-05:00
ocds-dgv273-seacev3-1230635,ocds-dgv273-seacev3-1230635-2026-09-13T12:04:45.406414-05:00,1230635-20551648436,104000.0,PEN,Soles,2026-08-19T00:00:00-05:00
ocds-dgv273-seacev3-1236348,ocds-dgv273-seacev3-1236348-2026-09-13T12:04:45.307795-05:00,1236348-20514781851,125756.14,PEN,Soles,2026-09-02T00:00:00-05:00
ocds-dgv273-seacev3-1236654,ocds-dgv273-seacev3-1236654-2026-09-13T12:04:45.254975-05:00,1236654-10479307445,773277.12,PEN,Soles,2026-07-31T00:00:00-05:00
ocds-dgv273-seacev3-1235499,ocds-dgv273-seacev3-1235499-2026-09-13T12:04:45.238740-05:00,1235499-20409303707,182500.0,PEN,Soles,2026-08-25T00:00:00-05:00
ocds-dgv273-seacev3-2026-10595-13,ocds-dgv273-seacev3-2026-10595-13-2026-09-13T12:04:44.281857-05:00,1235921-20607958107,67000.0,PEN,Soles,2026-08-17T00:00:00-05:00
ocds-dgv273-seacev3-1234493,ocds-dgv273-seacev3-1234493-2026-09-13T12:04:44.228610-05:00,1234493-20100312736,63934.0,PEN,Soles,2026-08-03T00:00:00-05:00
ocds-dgv273-seacev3-1234447,ocds-dgv273-seacev3-1234447-2026-09-13T12:04:44.213525-05:00,1234447-1829885,7219416.75,PEN,Soles,2026-09-10T00:00:00-05:00
ocds-dgv273-seacev3-1231908,ocds-dgv273-seacev3-1231908-2026-09-13T12:04:43.596034-05:00,1231908-10424715781,66457.6,PEN,Soles,2026-07-17T00:00:00-05:00
ocds-dgv273-seacev3-1233237,ocds-dgv273-seacev3-1233237-2026-09-13T12:04:43.447392-05:00,1233237-1816904,1388145.14,PEN,Soles,2026-08-05T00:00:00-05:00
ocds-dgv273-seacev3-2026-1002999083-15,ocds-dgv273-seacev3-2026-1002999083-15-2026-09-13T12:04:43.239400-05:00,1234335-20602362273,540348.0,PEN,Soles,2026-08-31T00:00:00-05:00
ocds-dgv273-seacev3-1229981,ocds-dgv273-seacev3-1229981-2026-09-13T12:04:43.107770-05:00,1229981-1817479,121803.0,PEN,Soles,2026-09-11T11:14:28-05:00
ocds-dgv273-seacev3-1234895,ocds-dgv273-seacev3-1234895-2026-09-13T12:04:43.090644-05:00,1234895-10413420054,188810.0,PEN,Soles,2026-08-26T00:00:00-05:00
ocds-dgv273-seacev3-1234895,ocds-dgv273-seacev3-1234895-2026-09-13T12:04:43.090644-05:00,1234895-20535905194,260340.0,PEN,Soles,2026-08-26T00:00:00-05:00
ocds-dgv273-seacev3-1233401,ocds-dgv273-seacev3-1233401-2026-09-13T12:04:43.010677-05:00,1233401-1817308,247287.78,PEN,Soles,2026-08-18T00:00:00-05:00
ocds-dgv273-seacev3-1230377,ocds-dgv273-seacev3-1230377-2026-09-13T12:04:42.860543-05:00,1230377-1816789,750287.06,PEN,Soles,2026-08-05T00:00:00-05:00
ocds-dgv273-seacev3-1231358,ocds-dgv273-seacev3-1231358-2026-09-13T12:04:42.790570-05:00,1231358-20452457726,2955546.0,PEN,Soles,2026-08-14T00:00:00-05:00
ocds-dgv273-seacev3-1235836,ocds-dgv273-seacev3-1235836-2026-09-13T12:04:42.762127-05:00,1235836-20381450377,210520.0,PEN,Soles,2026-08-28T00:00:00-05:00
ocds-dgv273-seacev3-1231226,ocds-dgv273-seacev3-1231226-2026-09-13T12:04:42.745218-05:00,1231226-1812786,415000.0,PEN,Soles,2026-07-20T00:00:00-05:00
ocds-dgv273-seacev3-1228668,ocds-dgv273-seacev3-1228668-2026-09-13T12:04:42.691943-05:00,1228668-1822458,482285.68,PEN,Soles,2026-08-19T00:00:00-05:00
ocds-dgv273-seacev3-1231263,ocds-dgv273-seacev3-1231263-2026-09-13T12:04:42.676075-05:00,1231263-1812770,443900.0,PEN,Soles,2026-08-07T00:00:00-05:00
ocds-dgv273-seacev3-1229691,ocds-dgv273-seacev3-1229691-2026-09-13T12:04:42.607121-05:00,1229691-1820142,643680.0,PEN,Soles,2026-08-25T00:00:00-05:00
ocds-dgv273-seacev3-1232272,ocds-dgv273-seacev3-1232272-2026-09-13T12:04:42.584982-05:00,1232272-20603085192,79200.0,PEN,Soles,2026-09-10T00:00:00-05:00
ocds-dgv273-seacev3-2026-1902-6,ocds-dgv273-seacev3-2026-1902-6-2026-09-13T12:04:42.516956-05:00,1232150-20418896915,621131.55,PEN,Soles,2026-08-19T00:00:00-05:00
ocds-dgv273-seacev3-1230190,ocds-dgv273-seacev3-1230190-2026-09-13T12:04:42.501273-05:00,1230190-10468102001,49051.42,PEN,Soles,2026-08-13T00:00:00-05:00
ocds-dgv273-seacev3-1233865,ocds-dgv273-seacev3-1233865-2026-09-13T12:04:36.521120-05:00,1233865-20533028749,796012.0,PEN,Soles,2026-09-10T00:00:00-05:00
ocds-dgv273-seacev3-1233114,ocds-dgv273-seacev3-1233114-2026-09-13T12:04:36.436667-05:00,1233114-20603635036,105300.0,PEN,Soles,2026-09-03T00:00:00-05:00
ocds-dgv273-seacev3-1236899,ocds-dgv273-seacev3-1236899-2026-09-13T12:04:36.325035-05:00,1236899-10000449119,420055.8,PEN,Soles,2026-09-11T00:00:00-05:00
ocds-dgv273-seacev3-1231453,ocds-dgv273-seacev3-1231453-2026-09-13T12:04:36.282996-05:00,1231453-1812581,63500.0,PEN,Soles,2026-08-11T00:00:00-05:00
ocds-dgv273-seacev3-1235010,ocds-dgv273-seacev3-1235010-2026-09-13T12:04:36.118197-05:00,1235010-20604521590,96000.0,PEN,Soles,2026-08-03T00:00:00-05:00
ocds-dgv273-seacev3-1235010,ocds-dgv273-seacev3-1235010-2026-09-13T12:04:36.118197-05:00,1235010-20610637524,97600.0,PEN,Soles,2026-09-04T00:00:00-05:00
ocds-dgv273-seacev3-1233653,ocds-dgv273-seacev3-1233653-2026-09-13T12:04:36.031004-05:00,1233653-1817946,194440.4,PEN,Soles,2026-08-12T00:00:00-05:00
ocds-dgv273-seacev3-1236533,ocds-dgv273-seacev3-1236533-2026-09-13T12:04:35.986066-05:00,1236533-1825265,2316905.65,PEN,Soles,2026-09-03T00:00:00-05:00
ocds-dgv273-seacev3-1247268,ocds-dgv273-seacev3-1247268-2026-09-13T12:04:35.870777-05:00,1247268-20603068832,284333.35,PEN,Soles,2026-09-10T00:00:00-05:00
ocds-dgv273-seacev3-1232407,ocds-dgv273-seacev3-1232407-2026-09-13T12:04:35.829551-05:00,1232407-20610725539,109500.0,PEN,Soles,2026-08-26T00:00:00-05:00
ocds-dgv273-seacev3-1234145,ocds-dgv273-seacev3-1234145-2026-09-13T12:04:35.783620-05:00,1234145-20418896915,5084954.4,PEN,Soles,2026-08-24T00:00:00-05:00
ocds-dgv273-seacev3-1240510,ocds-dgv273-seacev3-1240510-2026-09-13T12:04:35.589232-05:00,1240510-20445464261,783242.5,PEN,Soles,2026-08-28T00:00:00-05:00
ocds-dgv273-seacev3-1232536,ocds-dgv273-seacev3-1232536-2026-09-13T12:04:34.999405-05:00,1232536-20256136865,1951754.79,PEN,Soles,2026-08-28T00:00:00-05:00
ocds-dgv273-seacev3-1231033,ocds-dgv273-seacev3-1231033-2026-09-13T12:04:34.901736-05:00,1231033-1815351,575000.0,PEN,Soles,2026-07-31T00:00:00-05:00
ocds-dgv273-seacev3-1236167,ocds-dgv273-seacev3-1236167-2026-09-13T12:04:34.465495-05:00,1236167-20600111150,1000000.0,PEN,Soles,2026-08-07T00:00:00-05:00
ocds-dgv273-seacev3-1236167,ocds-dgv273-seacev3-1236167-2026-09-13T12:04:34.465495-05:00,1236167-20490593293,1109000.0,PEN,Soles,2026-09-10T00:00:00-05:00
ocds-dgv273-seacev3-1237192,ocds-dgv273-seacev3-1237192-2026-09-13T12:04:34.397982-05:00,1237192-20100810418,4164.46,PEN,Soles,2026-09-09T00:00:00-05:00
ocds-dgv273-seacev3-1233805,ocds-dgv273-seacev3-1233805-2026-09-13T12:04:34.297267-05:00,1233805-10247108811,159200.0,PEN,Soles,2026-08-07T00:00:00-05:00
ocds-dgv273-seacev3-1235065,ocds-dgv273-seacev3-1235065-2026-09-13T12:04:34.167736-05:00,1235065-20552452314,269000.0,PEN,Soles,2026-09-10T00:00:00-05:00
ocds-dgv273-seacev3-1234015,ocds-dgv273-seacev3-1234015-2026-09-13T12:04:33.994419-05:00,1234015-20452857236,66586.38,PEN,Soles,2026-08-20T00:00:00-05:00
ocds-dgv273-seacev3-1245719,ocds-dgv273-seacev3-1245719-2026-09-13T12:04:33.857308-05:00,1245719-20539909755,247970.0,PEN,Soles,2026-08-28T00:00:00-05:00
ocds-dgv273-seacev3-1237440,ocds-dgv273-seacev3-1237440-2026-09-13T12:04:33.376334-05:00,1237440-1822134,174670.98,PEN,Soles,2026-09-03T00:00:00-05:00
ocds-dgv273-seacev3-1234909,ocds-dgv273-seacev3-1234909-2026-09-13T12:04:33.251638-05:00,1234909-10472744866,121000.0,PEN,Soles,2026-08-12T00:00:00-05:00
ocds-dgv273-seacev3-1237694,ocds-dgv273-seacev3-1237694-2026-09-13T12:04:33.170542-05:00,1237694-10206836895,84000.0,PEN,Soles,2026-08-14T00:00:00-05:00
ocds-dgv273-seacev3-2026-200031-1,ocds-dgv273-seacev3-2026-200031-1-2026-09-13T12:04:31.790888-05:00,1230993-20393667118,285144.5,PEN,Soles,2026-09-03T00:00:00-05:00
ocds-dgv273-seacev3-1233773,ocds-dgv273-seacev3-1233773-2026-09-13T12:04:31.281034-05:00,1233773-10413804049,203998.99,PEN,Soles,2026-08-11T00:00:00-05:00
ocds-dgv273-seacev3-1235489,ocds-dgv273-seacev3-1235489-2026-09-13T12:04:31.065398-05:00,1235489-20506774862,125665.76,PEN,Soles,2026-08-17T00:00:00-05:00
ocds-dgv273-seacev3-2026-2380-15,ocds-dgv273-seacev3-2026-2380-15-2026-09-13T12:04:30.670841-05:00,1232255-20602641164,213984.96,PEN,Soles,2026-08-11T00:00:00-05:00
ocds-dgv273-seacev3-2026-1899-1,ocds-dgv273-seacev3-2026-1899-1-2026-09-13T12:04:30.589846-05:00,1231239-1821691,1277000.0,PEN,Soles,2026-08-28T00:00:00-05:00
ocds-dgv273-seacev3-1233012,ocds-dgv273-seacev3-1233012-2026-09-13T12:04:30.535913-05:00,1233012-20600663748,67000.0,PEN,Soles,2026-08-11T00:00:00-05:00
ocds-dgv273-seacev3-1232183,ocds-dgv273-seacev3-1232183-2026-09-13T12:04:30.411321-05:00,1232183-20614159180,178590.0,PEN,Soles,2026-09-02T00:00:00-05:00
ocds-dgv273-seacev3-1231750,ocds-dgv273-seacev3-1231750-2026-09-13T12:04:30.359043-05:00,1231750-20517318168,2744137.2,PEN,Soles,2026-08-31T00:00:00-05:00
ocds-dgv273-seacev3-1236896,ocds-dgv273-seacev3-1236896-2026-09-11T10:24:22.552379-05:00,1236896-20509585661,468000.0,PEN,Soles,2026-09-02T00:00:00-05:00
ocds-dgv273-seacev3-1236794,ocds-dgv273-seacev3-1236794-2026-09-11T10:24:21.900800-05:00,1236794-20607499421,349000.0,PEN,Soles,2026-08-17T00:00:00-05:00
ocds-dgv273-seacev3-1237719,ocds-dgv273-seacev3-1237719-2026-09-11T10:24:21.632824-05:00,1237719-1821812,589834.68,PEN,Soles,2026-08-21T00:00:00-05:00
ocds-dgv273-seacev3-1235249,ocds-dgv273-seacev3-1235249-2026-09-11T10:24:20.403464-05:00,1235249-1817907,950279.25,PEN,Soles,2026-08-12T00:00:00-05:00
ocds-dgv273-seacev3-1237807,ocds-dgv273-seacev3-1237807-2026-09-11T10:24:19.761376-05:00,1237807-1822369,2064609.73,PEN,Soles,2026-08-28T00:00:00-05:00
ocds-dgv273-seacev3-1233129,ocds-dgv273-seacev3-1233129-2026-09-11T10:24:19.601216-05:00,1233129-20612800848,98000.0,PEN,Soles,2026-09-02T00:00:00-05:00
ocds-dgv273-seacev3-2026-1952-14,ocds-dgv273-seacev3-2026-1952-14-2026-09-11T10:24:18.592651-05:00,1236439-20418896915,100800.0,PEN,Soles,2026-08-27T00:00:00-05:00
ocds-dgv273-seacev3-1230794,ocds-dgv273-seacev3-1230794-2026-09-11T10:24:18.469011-05:00,1230794-1812017,1719776.0,PEN,Soles,2026-07-30T00:00:00-05:00
ocds-dgv273-seacev3-1236834,ocds-dgv273-seacev3-1236834-2026-09-11T10:24:17.801169-05:00,1236834-10440653371,254800.0,PEN,Soles,2026-09-01T00:00:00-05:00
ocds-dgv273-seacev3-1235846,ocds-dgv273-seacev3-1235846-2026-09-11T10:24:17.305766-05:00,1235846-1816006,1953528.56,PEN,Soles,2026-08-04T00:00:00-05:00
ocds-dgv273-seacev3-2026-1336-20,ocds-dgv273-seacev3-2026-1336-20-2026-09-11T10:24:17.152955-05:00,1233761-10258550604,286162.8,PEN,Soles,2026-09-01T00:00:00-05:00
ocds-dgv273-seacev3-1231608,ocds-dgv273-seacev3-1231608-2026-09-11T10:24:16.686220-05:00,1231608-20607274810,165100.0,PEN,Soles,2026-08-11T00:00:00-05:00
ocds-dgv273-seacev3-1233088,ocds-dgv273-seacev3-1233088-2026-09-11T10:24:16.588461-05:00,1233088-20445587690,74853.4,PEN,Soles,2026-07-22T00:00:00-05:00
ocds-dgv273-seacev3-1234062,ocds-dgv273-seacev3-1234062-2026-09-11T10:24:11.851844-05:00,1234062-20614397391,982908.19,PEN,Soles,2026-08-05T00:00:00-05:00
ocds-dgv273-seacev3-1234062,ocds-dgv273-seacev3-1234062-2026-09-11T10:24:11.851844-05:00,1234062-20610582053,1037370.32,PEN,Soles,2026-09-09T00:00:00-05:00
ocds-dgv273-seacev3-1237076,ocds-dgv273-seacev3-1237076-2026-09-11T10:24:11.683829-05:00,1237076-1819595,1828174.77,PEN,Soles,2026-08-12T00:00:00-05:00
ocds-dgv273-seacev3-1234110,ocds-dgv273-seacev3-1234110-2026-09-11T10:24:11.508672-05:00,1234110-1823808,17301472.42,PEN,Soles,2026-09-09T00:00:00-05:00
ocds-dgv273-seacev3-1234112,ocds-dgv273-seacev3-1234112-2026-09-11T10:24:11.014896-05:00,1234112-20488058411,369863.01,PEN,Soles,2026-08-18T00:00:00-05:00
ocds-dgv273-seacev3-1232320,ocds-dgv273-seacev3-1232320-2026-09-11T10:24:10.900907-05:00,1232320-1815134,136457.5,PEN,Soles,2026-08-17T00:00:00-05:00
ocds-dgv273-seacev3-1237195,ocds-dgv273-seacev3-1237195-2026-09-11T10:24:10.672267-05:00,1237195-1819794,441471.4,PEN,Soles,2026-08-12T00:00:00-05:00
ocds-dgv273-seacev3-1231582,ocds-dgv273-seacev3-1231582-2026-09-11T10:24:10.654610-05:00,1231582-20531040881,99800.0,PEN,Soles,2026-07-22T00:00:00-05:00
ocds-dgv273-seacev3-1236726,ocds-dgv273-seacev3-1236726-2026-09-11T10:24:10.360013-05:00,1236726-20568107901,169652.0,PEN,Soles,2026-07-31T00:00:00-05:00
ocds-dgv273-seacev3-1236443,ocds-dgv273-seacev3-1236443-2026-09-11T10:24:09.276201-05:00,1236443-1819727,149000.0,PEN,Soles,2026-08-12T00:00:00-05:00
ocds-dgv273-seacev3-1233487,ocds-dgv273-seacev3-1233487-2026-09-11T10:24:08.024243-05:00,1233487-20600098633,59153.58,PEN,Soles,2026-09-01T00:00:00-05:00
ocds-dgv273-seacev3-1233487,ocds-dgv273-seacev3-1233487-2026-09-11T10:24:08.024243-05:00,1233487-20610079777,103518.76,PEN,Soles,2026-09-01T00:00:00-05:00
ocds-dgv273-seacev3-1234265,ocds-dgv273-seacev3-1234265-2026-09-11T10:24:07.747650-05:00,1234265-1819364,170000.0,PEN,Soles,2026-09-09T00:00:00-05:00
ocds-dgv273-seacev3-1235614,ocds-dgv273-seacev3-1235614-2026-09-11T10:24:06.609335-05:00,1235614-1823122,2085701.31,PEN,Soles,2026-08-31T00:00:00-05:00
ocds-dgv273-seacev3-1234423,ocds-dgv273-seacev3-1234423-2026-09-11T10:24:06.568839-05:00,1234423-1824548,11877000.0,PEN,Soles,2026-08-27T00:00:00-05:00
ocds-dgv273-seacev3-1233967,ocds-dgv273-seacev3-1233967-2026-09-11T10:24:05.887079-05:00,1233967-20613677128,72059.0,PEN,Soles,2026-08-05T00:00:00-05:00
ocds-dgv273-seacev3-1235686,ocds-dgv273-seacev3-1235686-2026-09-11T10:24:05.737787-05:00,1235686-20606332841,63000.0,PEN,Soles,2026-09-09T00:00:00-05:00
ocds-dgv273-seacev3-1230099,ocds-dgv273-seacev3-1230099-2026-09-11T10:24:05.637118-05:00,1230099-1812721,908000.0,PEN,Soles,2026-07-31T00:00:00-05:00
ocds-dgv273-seacev3-2026-10249-85,ocds-dgv273-seacev3-2026-10249-85-2026-09-11T10:24:05.383410-05:00,1232941-L9000032997,981570.25,GBP,Libra Esterlina,2026-07-21T00:00:00-05:00
ocds-dgv273-seacev3-1231561,ocds-dgv273-seacev3-1231561-2026-09-11T10:24:05.362417-05:00,1231561-1813724,889075.01,PEN,Soles,2026-08-12T00:00:00-05:00
ocds-dgv273-seacev3-1231847,ocds-dgv273-seacev3-1231847-2026-09-11T10:24:05.295776-05:00,1231847-20534812567,431801.8,PEN,Soles,2026-07-30T00:00:00-05:00
ocds-dgv273-seacev3-1232421,ocds-dgv273-seacev3-1232421-2026-09-11T10:24:05.169689-05:00,1232421-10005164465,179800.0,PEN,Soles,2026-08-10T00:00:00-05:00
ocds-dgv273-seacev3-2026-2407-67,ocds-dgv273-seacev3-2026-2407-67-2026-09-11T10:24:05.059106-05:00,1230945-20421780472,738727.2,PEN,Soles,2026-09-09T00:00:00-05:00
ocds-dgv273-seacev3-1236858,ocds-dgv273-seacev3-1236858-2026-09-11T10:24:00.060286-05:00,1236858-20611325739,959400.0,PEN,Soles,2026-09-09T00:00:00-05:00
ocds-dgv273-seacev3-1236621,ocds-dgv273-seacev3-1236621-2026-09-11T10:23:59.906652-05:00,1236621-1819151,748869.28,PEN,Soles,2026-08-17T00:00:00-05:00
ocds-dgv273-seacev3-1236315,ocds-dgv273-seacev3-1236315-2026-09-11T10:23:59.890528-05:00,1236315-1818500,1137127.46,PEN,Soles,2026-08-10T00:00:00-05:00
ocds-dgv273-seacev3-1235343,ocds-dgv273-seacev3-1235343-2026-09-11T10:23:59.874025-05:00,1235343-10253194834,316680.0,PEN,Soles,2026-08-05T00:00:00-05:00
ocds-dgv273-seacev3-2026-10561-23,ocds-dgv273-seacev3-2026-10561-23-2026-09-11T10:23:59.365248-05:00,1232950-20600449258,249999.23,PEN,Soles,2026-07-30T00:00:00-05:00
ocds-dgv273-seacev3-1234075,ocds-dgv273-seacev3-1234075-2026-09-11T10:23:59.086129-05:00,1234075-20552504641,9818430.0,PEN,Soles,2026-08-31T00:00:00-05:00
ocds-dgv273-seacev3-1237342,ocds-dgv273-seacev3-1237342-2026-09-11T10:23:59.009979-05:00,1237342-20600522028,1054749.69,PEN,Soles,2026-08-28T00:00:00-05:00
ocds-dgv273-seacev3-1236916,ocds-dgv273-seacev3-1236916-2026-09-11T10:23:58.990555-05:00,1236916-L9000033119,1030167.07,USD,Dólar Norteamericano,2026-09-09T00:00:00-05:00
ocds-dgv273-seacev3-1235410,ocds-dgv273-seacev3-1235410-2026-09-11T10:23:58.806327-05:00,1235410-1817943,55045202.65,PEN,Soles,2026-08-07T00:00:00-05:00
ocds-dgv273-seacev3-2026-200455-9,ocds-dgv273-seacev3-2026-200455-9-2026-09-11T10:23:58.422660-05:00,1237692-20509242462,109499.62,PEN,Soles,2026-08-18T00:00:00-05:00
ocds-dgv273-seacev3-2026-200455-9,ocds-dgv273-seacev3-2026-200455-9-2026-09-11T10:23:58.422660-05:00,1237692-20431995281,128869.01,PEN,Soles,2026-08-18T00:00:00-05:00
ocds-dgv273-seacev3-1234949,ocds-dgv273-seacev3-1234949-2026-09-11T10:23:58.356910-05:00,1234949-20464408623,410000.0,PEN,Soles,2026-08-25T00:00:00-05:00
ocds-dgv273-seacev3-1246714,ocds-dgv273-seacev3-1246714-2026-09-11T10:23:58.270166-05:00,1246714-10448794496,26800.0,PEN,Nuevos Soles,2026-09-02T00:00:00-05:00
ocds-dgv273-seacev3-1237238,ocds-dgv273-seacev3-1237238-2026-09-11T10:23:57.874599-05:00,1237238-20550683645,145620.0,PEN,Soles,2026-08-21T00:00:00-05:00
ocds-dgv273-seacev3-1234445,ocds-dgv273-seacev3-1234445-2026-09-11T10:23:57.013063-05:00,1234445-1824405,423728.8,PEN,Soles,2026-08-27T00:00:00-05:00
ocds-dgv273-seacev3-1236856,ocds-dgv273-seacev3-1236856-2026-09-11T10:23:56.597014-05:00,1236856-20600908899,164964.0,PEN,Soles,2026-09-07T00:00:00-05:00
ocds-dgv273-seacev3-1234831,ocds-dgv273-seacev3-1234831-2026-09-11T10:23:55.787025-05:00,1234831-1820817,4637769.46,PEN,Soles,2026-08-19T00:00:00-05:00
ocds-dgv273-seacev3-1234899,ocds-dgv273-seacev3-1234899-2026-09-11T10:23:55.581545-05:00,1234899-20527761396,81418.0,PEN,Soles,2026-08-11T00:00:00-05:00
ocds-dgv273-seacev3-1237818,ocds-dgv273-seacev3-1237818-2026-09-11T10:23:55.366111-05:00,1237818-20600643224,265000.0,PEN,Soles,2026-08-31T00:00:00-05:00
ocds-dgv273-seacev3-1237639,ocds-dgv273-seacev3-1237639-2026-09-11T10:23:54.750737-05:00,1237639-20563893428,377000.0,PEN,Soles,2026-09-01T00:00:00-05:00
ocds-dgv273-seacev3-2026-10615-19,ocds-dgv273-seacev3-2026-10615-19-2026-09-11T10:23:54.736261-05:00,1237600-20501522601,936780.51,PEN,Soles,2026-09-09T00:00:00-05:00
ocds-dgv273-seacev3-1236122,ocds-dgv273-seacev3-1236122-2026-09-11T10:23:54.674862-05:00,1236122-20516082918,83384.23,PEN,Soles,2026-07-31T00:00:00-05:00
ocds-dgv273-seacev3-1237018,ocds-dgv273-seacev3-1237018-2026-09-11T10:23:54.453344-05:00,1237018-1818853,621942.42,PEN,Soles,2026-09-01T00:00:00-05:00
ocds-dgv273-seacev3-1231746,ocds-dgv273-seacev3-1231746-2026-09-11T10:23:53.856515-05:00,1231746-20552452314,124890.0,PEN,Soles,2026-07-20T00:00:00-05:00
ocds-dgv273-seacev3-1235822,ocds-dgv273-seacev3-1235822-2026-09-11T10:23:53.299300-05:00,1235822-1821411,371700.0,PEN,Soles,2026-09-01T00:00:00-05:00
ocds-dgv273-seacev3-1231055,ocds-dgv273-seacev3-1231055-2026-09-11T10:23:53.179282-05:00,1231055-1815834,428000.0,PEN,Soles,2026-08-11T00:00:00-05:00
ocds-dgv273-seacev3-2026-1908-81,ocds-dgv273-seacev3-2026-1908-81-2026-09-11T10:23:53.161842-05:00,1232901-10465940242,263000.0,PEN,Soles,2026-08-31T00:00:00-05:00
ocds-dgv273-seacev3-1243486,ocds-dgv273-seacev3-1243486-2026-09-11T10:23:53.028074-05:00,1243486-20556034720,293452.56,PEN,Soles,2026-09-01T00:00:00-05:00
ocds-dgv273-seacev3-1230192,ocds-dgv273-seacev3-1230192-2026-09-11T10:23:52.935605-05:00,1230192-20454203969,1712710.35,PEN,Soles,2026-08-27T00:00:00-05:00
ocds-dgv273-seacev3-1230044,ocds-dgv273-seacev3-1230044-2026-09-11T10:23:52.874860-05:00,1230044-1814489,388073.89,PEN,Soles,2026-08-05T00:00:00-05:00
ocds-dgv273-seacev3-1230378,ocds-dgv273-seacev3-1230378-2026-09-11T10:23:52.832310-05:00,1230378-1822016,522205.84,PEN,Soles,2026-09-09T00:00:00-05:00
ocds-dgv273-seacev3-2026-1049-4,ocds-dgv273-seacev3-2026-1049-4-2026-09-11T10:23:48.260838-05:00,1237187-1820559,1074724.98,PEN,Soles,2026-08-18T00:00:00-05:00
ocds-dgv273-seacev3-1237567,ocds-dgv273-seacev3-1237567-2026-09-11T10:23:48.168128-05:00,1237567-20100099447,415279.0,PEN,Soles,2026-08-18T00:00:00-05:00
ocds-dgv273-seacev3-1237625,ocds-dgv273-seacev3-1237625-2026-09-11T10:23:47.735192-05:00,1237625-20106498386,65449.17,PEN,Soles,2026-08-24T00:00:00-05:00
ocds-dgv273-seacev3-1234328,ocds-dgv273-seacev3-1234328-2026-09-11T10:23:47.601898-05:00,1234328-20608401670,55832.68,PEN,Soles,2026-09-03T00:00:00-05:00
ocds-dgv273-seacev3-1235715,ocds-dgv273-seacev3-1235715-2026-09-11T10:23:47.560965-05:00,1235715-20530880746,186838.32,PEN,Soles,2026-08-05T00:00:00-05:00
ocds-dgv273-seacev3-1236295,ocds-dgv273-seacev3-1236295-2026-09-11T10:23:47.528984-05:00,1236295-20601586470,169989.6,PEN,Soles,2026-08-18T00:00:00-05:00
ocds-dgv273-seacev3-1236926,ocds-dgv273-seacev3-1236926-2026-09-11T10:23:47.388981-05:00,1236926-20609599457,416062.0,PEN,Soles,2026-08-13T00:00:00-05:00
ocds-dgv273-seacev3-1236926,ocds-dgv273-seacev3-1236926-2026-09-11T10:23:47.388981-05:00,1236926-20601262178,419346.7,PEN,Soles,2026-08-13T00:00:00-05:00
ocds-dgv273-seacev3-1235112,ocds-dgv273-seacev3-1235112-2026-09-11T10:23:46.898401-05:00,1235112-L9000033020,237000.0,USD,Dólar Norteamericano,2026-08-05T00:00:00-05:00
ocds-dgv273-seacev3-1234638,ocds-dgv273-seacev3-1234638-2026-09-11T10:23:46.530766-05:00,1234638-1823194,2656323.76,PEN,Soles,2026-08-31T00:00:00-05:00
ocds-dgv273-seacev3-1233436,ocds-dgv273-seacev3-1233436-2026-09-11T10:23:46.517845-05:00,1233436-20137015987,1100700.0,PEN,Soles,2026-09-08T00:00:00-05:00
ocds-dgv273-seacev3-1235131,ocds-dgv273-seacev3-1235131-2026-09-11T10:23:46.312671-05:00,1235131-1828577,1119000.0,PEN,Soles,2026-09-09T00:00:00-05:00
ocds-dgv273-seacev3-1232955,ocds-dgv273-seacev3-1232955-2026-09-11T10:23:46.119099-05:00,1232955-20600375360,303010.0,PEN,Soles,2026-08-14T00:00:00-05:00
ocds-dgv273-seacev3-2026-10561-17,ocds-dgv273-seacev3-2026-10561-17-2026-09-11T10:23:45.174115-05:00,1236588-20600481020,98226.42,PEN,Soles,2026-08-19T00:00:00-05:00
ocds-dgv273-seacev3-1234941,ocds-dgv273-seacev3-1234941-2026-09-11T10:23:44.968549-05:00,1234941-1817079,68092.74,PEN,Soles,2026-08-04T00:00:00-05:00
ocds-dgv273-seacev3-1236586,ocds-dgv273-seacev3-1236586-2026-09-11T10:23:44.925078-05:00,1236586-20607837733,1600000.0,PEN,Soles,2026-08-14T00:00:00-05:00
ocds-dgv273-seacev3-2026-10554-13,ocds-dgv273-seacev3-2026-10554-13-2026-09-11T10:23:44.706777-05:00,1234191-1825902,2046672.41,PEN,Soles,2026-08-31T00:00:00-05:00
ocds-dgv273-seacev3-1235308,ocds-dgv273-seacev3-1235308-2026-09-11T10:23:44.219572-05:00,1235308-1823220,3147129.51,PEN,Soles,2026-09-09T00:00:00-05:00
ocds-dgv273-seacev3-1231496,ocds-dgv273-seacev3-1231496-2026-09-11T10:23:43.790921-05:00,1231496-1816088,3535350.28,PEN,Soles,2026-09-01T00:00:00-05:00
ocds-dgv273-seacev3-1235842,ocds-dgv273-seacev3-1235842-2026-09-11T10:23:42.741922-05:00,1235842-20615129748,108000.0,PEN,Soles,2026-08-13T00:00:00-05:00
ocds-dgv273-seacev3-1235139,ocds-dgv273-seacev3-1235139-2026-09-11T10:23:42.556932-05:00,1235139-20613968475,110000.0,PEN,Soles,2026-08-05T00:00:00-05:00
ocds-dgv273-seacev3-2026-2543-467,ocds-dgv273-seacev3-2026-2543-467-2026-09-11T10:23:42.206064-05:00,1232679-20606396181,199900.0,PEN,Soles,2026-09-01T00:00:00-05:00
ocds-dgv273-seacev3-1232337,ocds-dgv273-seacev3-1232337-2026-09-11T10:23:42.178222-05:00,1232337-20100070031,621017.62,PEN,Soles,2026-08-17T00:00:00-05:00
ocds-dgv273-seacev3-1231958,ocds-dgv273-seacev3-1231958-2026-09-11T10:23:42.092470-05:00,1231958-20501610217,223224.0,PEN,Soles,2026-08-26T00:00:00-05:00
ocds-dgv273-seacev3-1231958,ocds-dgv273-seacev3-1231958-2026-09-11T10:23:42.092470-05:00,1231958-20546876722,775204.0,PEN,Soles,2026-08-26T00:00:00-05:00
ocds-dgv273-seacev3-1231848,ocds-dgv273-seacev3-1231848-2026-09-11T10:23:42.039912-05:00,1231848-20606019972,56100.0,PEN,Soles,2026-08-05T00:00:00-05:00
ocds-dgv273-seacev3-2026-10561-19,ocds-dgv273-seacev3-2026-10561-19-2026-09-11T10:23:36.444536-05:00,1232610-1816765,352000.0,PEN,Soles,2026-08-07T00:00:00-05:00
ocds-dgv273-seacev3-1236919,ocds-dgv273-seacev3-1236919-2026-09-11T10:23:36.031159-05:00,1236919-20605416790,122500.0,PEN,Soles,2026-08-12T00:00:00-05:00
ocds-dgv273-seacev3-1234306,ocds-dgv273-seacev3-1234306-2026-09-11T10:23:35.467724-05:00,1234306-20408005575,141000.0,PEN,Soles,2026-08-10T00:00:00-05:00
ocds-dgv273-seacev3-1247895,ocds-dgv273-seacev3-1247895-2026-09-11T10:23:35.399123-05:00,1247895-20600794770,308990.0,PEN,Soles,2026-09-09T00:00:00-05:00
ocds-dgv273-seacev3-1233515,ocds-dgv273-seacev3-1233515-2026-09-11T10:23:35.344946-05:00,1233515-20521266903,147999.0,PEN,Soles,2026-07-31T00:00:00-05:00
ocds-dgv273-seacev3-1230049,ocds-dgv273-seacev3-1230049-2026-09-11T10:23:35.156921-05:00,1230049-1811998,1007183.69,PEN,Soles,2026-07-15T00:00:00-05:00
ocds-dgv273-seacev3-2026-10141-45,ocds-dgv273-seacev3-2026-10141-45-2026-09-11T10:23:35.092547-05:00,1232463-20613300911,373153.48,PEN,Soles,2026-08-26T00:00:00-05:00
ocds-dgv273-seacev3-1233548,ocds-dgv273-seacev3-1233548-2026-09-11T10:23:35.000329-05:00,1233548-20613285050,88137.6,PEN,Soles,2026-07-21T00:00:00-05:00
ocds-dgv273-seacev3-2026-200111-2,ocds-dgv273-seacev3-2026-200111-2-2026-09-11T10:23:34.928751-05:00,1234959-20511772312,899998.56,PEN,Soles,2026-09-09T00:00:00-05:00
ocds-dgv273-seacev3-1231166,ocds-dgv273-seacev3-1231166-2026-09-11T10:23:34.158352-05:00,1231166-10465606636,69160.0,PEN,Soles,2026-09-01T00:00:00-05:00
ocds-dgv273-seacev3-1236518,ocds-dgv273-seacev3-1236518-2026-09-11T10:23:33.779997-05:00,1236518-20614182220,93000.0,PEN,Soles,2026-08-21T00:00:00-05:00
ocds-dgv273-seacev3-2026-10248-43,ocds-dgv273-seacev3-2026-10248-43-2026-09-11T10:23:32.947956-05:00,1235356-20332970411,183411.5,USD,Dólar Norteamericano,2026-08-21T00:00:00-05:00
ocds-dgv273-seacev3-1235262,ocds-dgv273-seacev3-1235262-2026-09-11T10:23:32.745163-05:00,1235262-20511037001,333953.1,PEN,Soles,2026-08-14T12:18:43-05:00
ocds-dgv273-seacev3-1233913,ocds-dgv273-seacev3-1233913-2026-09-11T10:23:32.727316-05:00,1233913-1817754,2142473.08,PEN,Soles,2026-08-05T00:00:00-05:00
ocds-dgv273-seacev3-1231872,ocds-dgv273-seacev3-1231872-2026-09-11T10:23:31.659329-05:00,1231872-1819994,719064.68,PEN,Soles,2026-08-13T00:00:00-05:00
ocds-dgv273-seacev3-1231892,ocds-dgv273-seacev3-1231892-2026-09-11T10:23:30.766799-05:00,1231892-10266962636,283100.0,PEN,Soles,2026-09-01T00:00:00-05:00
ocds-dgv273-seacev3-1230889,ocds-dgv273-seacev3-1230889-2026-09-11T10:23:30.461408-05:00,1230889-20607355020,84232.92,PEN,Soles,2026-07-30T00:00:00-05:00
ocds-dgv273-seacev3-1232914,ocds-dgv273-seacev3-1232914-2026-09-11T10:23:30.382080-05:00,1232914-20501887286,83200.0,PEN,Soles,2026-08-18T00:00:00-05:00
ocds-dgv273-seacev3-1233084,ocds-dgv273-seacev3-1233084-2026-09-11T10:23:30.209308-05:00,1233084-20445587690,96417.0,PEN,Soles,2026-07-22T14:28:40-05:00
ocds-dgv273-seacev3-1237078,ocds-dgv273-seacev3-1237078-2026-09-11T10:23:25.329399-05:00,1237078-20101322158,255895.2,PEN,Soles,2026-08-28T18:26:39-05:00
ocds-dgv273-seacev3-1237548,ocds-dgv273-seacev3-1237548-2026-09-11T10:23:24.967143-05:00,1237548-20608457101,44599.11,PEN,Soles,2026-08-27T00:00:00-05:00
ocds-dgv273-seacev3-1236642,ocds-dgv273-seacev3-1236642-2026-09-11T10:23:24.771162-05:00,1236642-1822539,197000.0,PEN,Soles,2026-08-20T00:00:00-05:00
ocds-dgv273-seacev3-1230684,ocds-dgv273-seacev3-1230684-2026-09-11T10:23:24.650529-05:00,1230684-20610382593,95658.64,PEN,Soles,2026-07-08T00:00:00-05:00
ocds-dgv273-seacev3-1236284,ocds-dgv273-seacev3-1236284-2026-09-11T10:23:23.469064-05:00,1236284-20519136041,167583.6,PEN,Soles,2026-09-03T00:00:00-05:00
ocds-dgv273-seacev3-1233581,ocds-dgv273-seacev3-1233581-2026-09-11T10:23:23.331740-05:00,1233581-10446477418,2022000.0,PEN,Soles,2026-07-30T00:00:00-05:00
ocds-dgv273-seacev3-1235692,ocds-dgv273-seacev3-1235692-2026-09-11T10:23:23.245413-05:00,1235692-20568107901,98928.0,PEN,Soles,2026-07-24T00:00:00-05:00
ocds-dgv273-seacev3-1234125,ocds-dgv273-seacev3-1234125-2026-09-11T10:23:22.686104-05:00,1234125-20501887286,319000.0,PEN,Soles,2026-09-08T00:00:00-05:00
ocds-dgv273-seacev3-1244513,ocds-dgv273-seacev3-1244513-2026-09-11T10:23:22.459009-05:00,1244513-1824728,181162.06,PEN,Soles,2026-09-01T00:00:00-05:00
ocds-dgv273-seacev3-1226883,ocds-dgv273-seacev3-1226883-2026-09-11T10:23:20.860277-05:00,1226883-1817575,53000.0,PEN,Soles,2026-08-18T00:00:00-05:00
ocds-dgv273-seacev3-1237652,ocds-dgv273-seacev3-1237652-2026-09-11T10:23:19.815256-05:00,1237652-1820208,20237773.81,PEN,Soles,2026-08-13T00:00:00-05:00
ocds-dgv273-seacev3-1231380,ocds-dgv273-seacev3-1231380-2026-09-11T10:23:19.419766-05:00,1231380-20609440652,190580.02,PEN,Soles,2026-08-18T00:00:00-05:00
ocds-dgv273-seacev3-1230634,ocds-dgv273-seacev3-1230634-2026-09-11T10:23:19.338013-05:00,1230634-20571297605,144455.0,PEN,Soles,2026-07-20T00:00:00-05:00
ocds-dgv273-seacev3-1230634,ocds-dgv273-seacev3-1230634-2026-09-11T10:23:19.338013-05:00,1230634-20614066823,165000.0,PEN,Soles,2026-08-20T00:00:00-05:00
ocds-dgv273-seacev3-1232574,ocds-dgv273-seacev3-1232574-2026-09-11T10:23:19.280370-05:00,1232574-20506424888,779557.58,PEN,Soles,2026-08-04T00:00:00-05:00
ocds-dgv273-seacev3-1232574,ocds-dgv273-seacev3-1232574-2026-09-11T10:23:19.280370-05:00,1232574-1814436,779557.58,PEN,Soles,2026-08-04T00:00:00-05:00
ocds-dgv273-seacev3-1230527,ocds-dgv273-seacev3-1230527-2026-09-11T10:23:19.056561-05:00,1230527-20603428081,154041.92,PEN,Soles,2026-08-04T00:00:00-05:00
ocds-dgv273-seacev3-1231190,ocds-dgv273-seacev3-1231190-2026-09-11T10:23:13.346389-05:00,1231190-20600616235,2891900.0,PEN,Soles,2026-07-24T00:00:00-05:00
ocds-dgv273-seacev3-1230768,ocds-dgv273-seacev3-1230768-2026-09-11T10:23:12.930686-05:00,1230768-20603728271,492654.0,PEN,Soles,2026-07-30T00:00:00-05:00
ocds-dgv273-seacev3-1236888,ocds-dgv273-seacev3-1236888-2026-09-11T10:23:12.620559-05:00,1236888-20563787075,64000.0,PEN,Soles,2026-08-17T00:00:00-05:00
ocds-dgv273-seacev3-2026-1112-2,ocds-dgv273-seacev3-2026-1112-2-2026-09-11T10:23:12.403065-05:00,1230821-10410713506,690483.22,PEN,Soles,2026-07-24T00:00:00-05:00
ocds-dgv273-seacev3-1237371,ocds-dgv273-seacev3-1237371-2026-09-11T10:23:11.950108-05:00,1237371-20611689803,227143.0,PEN,Soles,2026-09-09T00:00:00-05:00
ocds-dgv273-seacev3-1237984,ocds-dgv273-seacev3-1237984-2026-09-11T10:23:11.934482-05:00,1237984-1818068,467000.0,PEN,Soles,2026-08-10T00:00:00-05:00
ocds-dgv273-seacev3-2026-42-56,ocds-dgv273-seacev3-2026-42-56-2026-09-11T10:23:11.728404-05:00,1234056-1816809,100361.55,PEN,Soles,2026-08-18T00:00:00-05:00
ocds-dgv273-seacev3-2026-42-56,ocds-dgv273-seacev3-2026-42-56-2026-09-11T10:23:11.728404-05:00,1234056-20609581876,111512.83,PEN,Soles,2026-08-18T00:00:00-05:00
ocds-dgv273-seacev3-1233807,ocds-dgv273-seacev3-1233807-2026-09-11T10:23:11.361570-05:00,1233807-1824924,15896192.49,PEN,Soles,2026-09-09T00:00:00-05:00
ocds-dgv273-seacev3-1236553,ocds-dgv273-seacev3-1236553-2026-09-11T10:23:10.845528-05:00,1236553-20553829721,156480.0,PEN,Soles,2026-09-01T00:00:00-05:00
ocds-dgv273-seacev3-1233543,ocds-dgv273-seacev3-1233543-2026-09-11T10:23:08.220781-05:00,1233543-10739551841,490000.0,PEN,Soles,2026-08-20T00:00:00-05:00
ocds-dgv273-seacev3-1236427,ocds-dgv273-seacev3-1236427-2026-09-11T10:23:07.726044-05:00,1236427-20605273361,87005.6,PEN,Soles,2026-08-04T00:00:00-05:00
ocds-dgv273-seacev3-1232596,ocds-dgv273-seacev3-1232596-2026-09-11T10:23:07.317182-05:00,1232596-20565323157,557800.0,PEN,Soles,2026-08-27T00:00:00-05:00
ocds-dgv273-seacev3-1230538,ocds-dgv273-seacev3-1230538-2026-09-11T10:23:07.191199-05:00,1230538-20420035901,32685.75,PEN,Soles,2026-08-10T00:00:00-05:00
ocds-dgv273-seacev3-1231100,ocds-dgv273-seacev3-1231100-2026-09-11T10:23:07.051009-05:00,1231100-1817181,225000.0,PEN,Soles,2026-08-13T00:00:00-05:00
ocds-dgv273-seacev3-2026-10487-5,ocds-dgv273-seacev3-2026-10487-5-2026-09-10T10:20:30.954927-05:00,1228350-10454224260,45000.0,PEN,Soles,2026-07-24T00:00:00-05:00
ocds-dgv273-seacev3-1235394,ocds-dgv273-seacev3-1235394-2026-09-10T10:20:30.887834-05:00,1235394-1820937,544238.9,PEN,Soles,2026-08-27T00:00:00-05:00
ocds-dgv273-seacev3-1231937,ocds-dgv273-seacev3-1231937-2026-09-10T10:20:30.837117-05:00,1231937-20607222577,190000.0,PEN,Soles,2026-08-12T00:00:00-05:00
ocds-dgv273-seacev3-1234794,ocds-dgv273-seacev3-1234794-2026-09-10T10:20:30.364639-05:00,1234794-1825496,1439000.0,PEN,Soles,2026-08-27T00:00:00-05:00
ocds-dgv273-seacev3-1236131,ocds-dgv273-seacev3-1236131-2026-09-10T10:20:30.303767-05:00,1236131-20611715651,517576.32,PEN,Soles,2026-08-31T00:00:00-05:00
ocds-dgv273-seacev3-1233163,ocds-dgv273-seacev3-1233163-2026-09-10T10:20:30.078326-05:00,1233163-20533028749,135370.0,PEN,Soles,2026-09-01T00:00:00-05:00
ocds-dgv273-seacev3-1234012,ocds-dgv273-seacev3-1234012-2026-09-10T10:20:28.367260-05:00,1234012-20607672513,175000.0,PEN,Soles,2026-08-07T00:00:00-05:00
ocds-dgv273-seacev3-1234406,ocds-dgv273-seacev3-1234406-2026-09-10T10:20:27.374071-05:00,1234406-20544119363,213217.2,PEN,Soles,2026-08-04T00:00:00-05:00
ocds-dgv273-seacev3-1234239,ocds-dgv273-seacev3-1234239-2026-09-10T10:20:27.031150-05:00,1234239-20600205049,139500.0,PEN,Soles,2026-08-05T00:00:00-05:00
ocds-dgv273-seacev3-1235132,ocds-dgv273-seacev3-1235132-2026-09-10T10:20:26.880224-05:00,1235132-20602519709,226000.0,PEN,Soles,2026-08-18T00:00:00-05:00
ocds-dgv273-seacev3-1235132,ocds-dgv273-seacev3-1235132-2026-09-10T10:20:26.880224-05:00,1235132-20612024287,223500.0,PEN,Soles,2026-08-18T00:00:00-05:00
ocds-dgv273-seacev3-1237337,ocds-dgv273-seacev3-1237337-2026-09-10T10:20:26.032261-05:00,1237337-20602836941,70000.0,PEN,Soles,2026-08-13T00:00:00-05:00
ocds-dgv273-seacev3-2026-93-4,ocds-dgv273-seacev3-2026-93-4-2026-09-10T10:20:24.898964-05:00,1230305-1811631,224904.53,PEN,Soles,2026-07-14T00:00:00-05:00
ocds-dgv273-seacev3-1232190,ocds-dgv273-seacev3-1232190-2026-09-10T10:20:24.785440-05:00,1232190-20521179849,156885.12,PEN,Soles,2026-08-05T00:00:00-05:00
ocds-dgv273-seacev3-1236637,ocds-dgv273-seacev3-1236637-2026-09-10T10:20:19.696271-05:00,1236637-20479790303,284094.99,PEN,Soles,2026-08-17T00:00:00-05:00
ocds-dgv273-seacev3-1236854,ocds-dgv273-seacev3-1236854-2026-09-10T10:20:19.356110-05:00,1236854-1822023,62190.0,PEN,Soles,2026-09-08T00:00:00-05:00
ocds-dgv273-seacev3-1236842,ocds-dgv273-seacev3-1236842-2026-09-10T10:20:18.701442-05:00,1236842-20502612710,132003.87,PEN,Soles,2026-08-13T00:00:00-05:00
ocds-dgv273-seacev3-1235875,ocds-dgv273-seacev3-1235875-2026-09-10T10:20:18.564206-05:00,1235875-1823446,163000.0,PEN,Soles,2026-08-31T00:00:00-05:00
ocds-dgv273-seacev3-1231449,ocds-dgv273-seacev3-1231449-2026-09-10T10:20:18.466293-05:00,1231449-20505110651,675150.0,PEN,Soles,2026-08-27T00:00:00-05:00
ocds-dgv273-seacev3-2026-10353-10,ocds-dgv273-seacev3-2026-10353-10-2026-09-10T10:20:18.402432-05:00,1233443-1824055,2797800.0,PEN,Soles,2026-09-08T00:00:00-05:00
ocds-dgv273-seacev3-1235467,ocds-dgv273-seacev3-1235467-2026-09-10T10:20:17.504429-05:00,1235467-20507852549,1555200.0,PEN,Soles,2026-08-11T00:00:00-05:00
ocds-dgv273-seacev3-1235606,ocds-dgv273-seacev3-1235606-2026-09-10T10:20:17.439267-05:00,1235606-1819321,87013.5,PEN,Soles,2026-08-12T00:00:00-05:00
ocds-dgv273-seacev3-2026-1926-41,ocds-dgv273-seacev3-2026-1926-41-2026-09-10T10:20:17.094783-05:00,1233711-20516530686,309947.25,PEN,Soles,2026-08-26T00:00:00-05:00
ocds-dgv273-seacev3-1232576,ocds-dgv273-seacev3-1232576-2026-09-10T10:20:16.259625-05:00,1232576-1815266,1655508.0,PEN,Soles,2026-07-30T00:00:00-05:00
ocds-dgv273-seacev3-1236933,ocds-dgv273-seacev3-1236933-2026-09-10T10:20:16.209017-05:00,1236933-10023685880,107434.9,PEN,Soles,2026-08-18T00:00:00-05:00
ocds-dgv273-seacev3-1246314,ocds-dgv273-seacev3-1246314-2026-09-10T10:20:16.025013-05:00,1246314-10416801661,89300.0,PEN,Soles,2026-09-08T00:00:00-05:00
ocds-dgv273-seacev3-1232189,ocds-dgv273-seacev3-1232189-2026-09-10T10:20:15.657729-05:00,1232189-20271779721,1333800.0,PEN,Soles,2026-09-04T00:00:00-05:00
ocds-dgv273-seacev3-1244903,ocds-dgv273-seacev3-1244903-2026-09-10T10:20:15.468346-05:00,1244903-1829258,18205591.86,PEN,Soles,2026-09-08T00:00:00-05:00
ocds-dgv273-seacev3-1233217,ocds-dgv273-seacev3-1233217-2026-09-10T10:20:15.412371-05:00,1233217-20293774308,530000.0,PEN,Soles,2026-09-08T00:00:00-05:00
ocds-dgv273-seacev3-1233217,ocds-dgv273-seacev3-1233217-2026-09-10T10:20:15.412371-05:00,1233217-20602975984,630000.0,PEN,Soles,2026-09-08T00:00:00-05:00
ocds-dgv273-seacev3-1236983,ocds-dgv273-seacev3-1236983-2026-09-10T10:20:15.025797-05:00,1236983-20423409011,244750.0,PEN,Soles,2026-08-21T00:00:00-05:00
ocds-dgv273-seacev3-1235661,ocds-dgv273-seacev3-1235661-2026-09-10T10:20:14.989594-05:00,1235661-1825786,17938598.27,PEN,Soles,2026-09-08T00:00:00-05:00
ocds-dgv273-seacev3-2026-13-48,ocds-dgv273-seacev3-2026-13-48-2026-09-10T10:20:14.708005-05:00,1236734-20563378060,256464.0,PEN,Soles,2026-08-20T00:00:00-05:00
ocds-dgv273-seacev3-1240607,ocds-dgv273-seacev3-1240607-2026-09-10T10:20:14.540551-05:00,1240607-1823109,6703588.11,PEN,Soles,2026-08-24T00:00:00-05:00
ocds-dgv273-seacev3-1238006,ocds-dgv273-seacev3-1238006-2026-09-10T10:20:14.246108-05:00,1238006-1827637,6891317.78,PEN,Soles,2026-09-08T00:00:00-05:00
ocds-dgv273-seacev3-1235845,ocds-dgv273-seacev3-1235845-2026-09-10T10:20:14.191033-05:00,1235845-20566394201,121500.0,PEN,Soles,2026-08-12T00:00:00-05:00
ocds-dgv273-seacev3-1225215,ocds-dgv273-seacev3-1225215-2026-09-10T10:20:13.631353-05:00,1225215-10454769959,62400.0,PEN,Soles,2026-08-21T00:00:00-05:00
ocds-dgv273-seacev3-1231003,ocds-dgv273-seacev3-1231003-2026-09-10T10:20:13.617067-05:00,1231003-20383929050,734931.57,PEN,Soles,2026-08-26T00:00:00-05:00
ocds-dgv273-seacev3-1236272,ocds-dgv273-seacev3-1236272-2026-09-10T10:20:08.349379-05:00,1236272-10408532286,167780.0,PEN,Soles,2026-08-31T00:00:00-05:00
ocds-dgv273-seacev3-1244250,ocds-dgv273-seacev3-1244250-2026-09-10T10:20:07.742837-05:00,1244250-20606537256,85215.0,PEN,Soles,2026-08-28T00:00:00-05:00
ocds-dgv273-seacev3-2026-1926-72,ocds-dgv273-seacev3-2026-1926-72-2026-09-10T10:20:07.272593-05:00,1231838-1813330,240000.0,PEN,Soles,2026-07-30T00:00:00-05:00
ocds-dgv273-seacev3-1234155,ocds-dgv273-seacev3-1234155-2026-09-10T10:20:06.955937-05:00,1234155-20491633477,470000.0,PEN,Soles,2026-08-10T00:00:00-05:00
ocds-dgv273-seacev3-1233857,ocds-dgv273-seacev3-1233857-2026-09-10T10:20:06.738347-05:00,1233857-20545255244,150000.0,PEN,Soles,2026-08-31T00:00:00-05:00
ocds-dgv273-seacev3-1236309,ocds-dgv273-seacev3-1236309-2026-09-10T10:20:06.399722-05:00,1236309-20505110651,202680.0,PEN,Soles,2026-08-12T00:00:00-05:00
ocds-dgv273-seacev3-1234683,ocds-dgv273-seacev3-1234683-2026-09-10T10:20:05.592541-05:00,1234683-20550358906,315500.0,PEN,Soles,2026-08-31T00:00:00-05:00
ocds-dgv273-seacev3-1230382,ocds-dgv273-seacev3-1230382-2026-09-10T10:20:05.384467-05:00,1230382-20544150104,350400.0,PEN,Soles,2026-08-26T00:00:00-05:00
ocds-dgv273-seacev3-1230382,ocds-dgv273-seacev3-1230382-2026-09-10T10:20:05.384467-05:00,1230382-20554258094,322560.0,PEN,Soles,2026-08-26T00:00:00-05:00
ocds-dgv273-seacev3-1230382,ocds-dgv273-seacev3-1230382-2026-09-10T10:20:05.384467-05:00,1230382-20607779695,309200.0,PEN,Soles,2026-08-26T00:00:00-05:00
ocds-dgv273-seacev3-1234837,ocds-dgv273-seacev3-1234837-2026-09-10T10:20:05.050879-05:00,1234837-1818847,4188091.06,PEN,Soles,2026-08-11T00:00:00-05:00
ocds-dgv273-seacev3-1237971,ocds-dgv273-seacev3-1237971-2026-09-10T10:20:04.961398-05:00,1237971-1820846,4768916.85,PEN,Soles,2026-08-19T00:00:00-05:00
ocds-dgv273-seacev3-1242511,ocds-dgv273-seacev3-1242511-2026-09-10T10:20:03.844384-05:00,1242511-1823319,788660.93,PEN,Soles,2026-08-27T00:00:00-05:00
ocds-dgv273-seacev3-2026-45-63,ocds-dgv273-seacev3-2026-45-63-2026-09-10T10:20:02.772990-05:00,1237458-10437177169,44531.2,PEN,Soles,2026-08-24T00:00:00-05:00
ocds-dgv273-seacev3-2026-1403-5,ocds-dgv273-seacev3-2026-1403-5-2026-09-10T10:20:02.764905-05:00,1233462-1814764,356895.83,PEN,Soles,2026-08-03T00:00:00-05:00
ocds-dgv273-seacev3-2026-2380-36,ocds-dgv273-seacev3-2026-2380-36-2026-09-10T10:20:01.968736-05:00,1230239-1827924,1296998.0,PEN,Soles,2026-09-07T00:00:00-05:00
ocds-dgv273-seacev3-1233351,ocds-dgv273-seacev3-1233351-2026-09-10T10:19:57.963506-05:00,1233351-10462763285,50908.0,PEN,Soles,2026-08-31T00:00:00-05:00
ocds-dgv273-seacev3-1232239,ocds-dgv273-seacev3-1232239-2026-09-10T10:19:57.929921-05:00,1232239-10415662691,214000.0,PEN,Soles,2026-08-05T00:00:00-05:00
ocds-dgv273-seacev3-1235816,ocds-dgv273-seacev3-1235816-2026-09-10T10:19:57.785768-05:00,1235816-20604771219,97400.0,PEN,Soles,2026-08-10T00:00:00-05:00
ocds-dgv273-seacev3-1237278,ocds-dgv273-seacev3-1237278-2026-09-10T10:19:57.325047-05:00,1237278-1819950,551178.76,PEN,Soles,2026-08-14T00:00:00-05:00
ocds-dgv273-seacev3-1237739,ocds-dgv273-seacev3-1237739-2026-09-10T10:19:57.150757-05:00,1237739-10012889220,133990.0,PEN,Soles,2026-08-26T00:00:00-05:00
ocds-dgv273-seacev3-1237291,ocds-dgv273-seacev3-1237291-2026-09-10T10:19:56.968519-05:00,1237291-1821171,2216331.39,PEN,Soles,2026-08-21T00:00:00-05:00
ocds-dgv273-seacev3-1233274,ocds-dgv273-seacev3-1233274-2026-09-10T10:19:56.493477-05:00,1233274-20502257987,589800.0,PEN,Soles,2026-08-28T00:00:00-05:00
ocds-dgv273-seacev3-1233821,ocds-dgv273-seacev3-1233821-2026-09-10T10:19:56.335482-05:00,1233821-1822935,299437125.76,PEN,Soles,2026-08-26T00:00:00-05:00
ocds-dgv273-seacev3-2026-1323-11,ocds-dgv273-seacev3-2026-1323-11-2026-09-10T10:19:55.401403-05:00,1236748-10468554351,330000.0,PEN,Soles,2026-08-24T00:00:00-05:00
ocds-dgv273-seacev3-1233718,ocds-dgv273-seacev3-1233718-2026-09-10T10:19:55.071996-05:00,1233718-20600362161,487959.45,PEN,Soles,2026-08-19T00:00:00-05:00
ocds-dgv273-seacev3-2026-2362-1,ocds-dgv273-seacev3-2026-2362-1-2026-09-10T10:19:54.727945-05:00,1235248-20600784669,192075.0,PEN,Soles,2026-09-03T00:00:00-05:00
ocds-dgv273-seacev3-1236769,ocds-dgv273-seacev3-1236769-2026-09-10T10:19:53.758668-05:00,1236769-1818903,219708.9,PEN,Soles,2026-08-14T00:00:00-05:00
ocds-dgv273-seacev3-1236560,ocds-dgv273-seacev3-1236560-2026-09-10T10:19:53.613523-05:00,1236560-1819325,1312500.11,PEN,Soles,2026-08-14T00:00:00-05:00
ocds-dgv273-seacev3-1236579,ocds-dgv273-seacev3-1236579-2026-09-10T10:19:53.253184-05:00,1236579-20182246078,106787.42,PEN,Soles,2026-08-11T00:00:00-05:00
ocds-dgv273-seacev3-1235190,ocds-dgv273-seacev3-1235190-2026-09-10T10:19:52.395875-05:00,1235190-1814816,2011796.79,PEN,Soles,2026-07-31T00:00:00-05:00
ocds-dgv273-seacev3-1235703,ocds-dgv273-seacev3-1235703-2026-09-10T10:19:52.279380-05:00,1235703-10759812765,1027150.0,PEN,Soles,2026-09-08T00:00:00-05:00
ocds-dgv273-seacev3-1236872,ocds-dgv273-seacev3-1236872-2026-09-10T10:19:52.212723-05:00,1236872-20613901478,75380.0,PEN,Soles,2026-08-17T00:00:00-05:00
ocds-dgv273-seacev3-1237439,ocds-dgv273-seacev3-1237439-2026-09-10T10:19:52.052041-05:00,1237439-20511037001,56452.5,PEN,Soles,2026-08-11T18:33:05-05:00
ocds-dgv273-seacev3-1230601,ocds-dgv273-seacev3-1230601-2026-09-10T10:19:51.348225-05:00,1230601-1823730,31880537.5,PEN,Soles,2026-09-08T00:00:00-05:00
ocds-dgv273-seacev3-1234795,ocds-dgv273-seacev3-1234795-2026-09-10T10:19:46.303989-05:00,1234795-20609344050,191680.0,PEN,Soles,2026-08-19T00:00:00-05:00
ocds-dgv273-seacev3-1235525,ocds-dgv273-seacev3-1235525-2026-09-10T10:19:46.070658-05:00,1235525-1819857,89500.0,PEN,Soles,2026-08-17T00:00:00-05:00
ocds-dgv273-seacev3-1233140,ocds-dgv273-seacev3-1233140-2026-09-10T10:19:45.743109-05:00,1233140-1811677,2923785.32,PEN,Soles,2026-07-13T00:00:00-05:00
ocds-dgv273-seacev3-1230396,ocds-dgv273-seacev3-1230396-2026-09-10T10:19:45.569794-05:00,1230396-20377339461,465000.0,PEN,Soles,2026-08-12T00:00:00-05:00
ocds-dgv273-seacev3-1236711,ocds-dgv273-seacev3-1236711-2026-09-10T10:19:44.891813-05:00,1236711-20556700487,2561115.44,PEN,Soles,2026-08-14T00:00:00-05:00
ocds-dgv273-seacev3-1233281,ocds-dgv273-seacev3-1233281-2026-09-10T10:19:44.415735-05:00,1233281-20532626600,201839.47,PEN,Soles,2026-08-31T00:00:00-05:00
ocds-dgv273-seacev3-1232641,ocds-dgv273-seacev3-1232641-2026-09-10T10:19:44.159671-05:00,1232641-10772794288,80000.0,PEN,Soles,2026-07-16T00:00:00-05:00
ocds-dgv273-seacev3-1236398,ocds-dgv273-seacev3-1236398-2026-09-10T10:19:41.747505-05:00,1236398-20490907140,549513.0,PEN,Soles,2026-09-08T00:00:00-05:00
ocds-dgv273-seacev3-1237191,ocds-dgv273-seacev3-1237191-2026-09-10T10:19:41.136902-05:00,1237191-20566394201,95645.0,PEN,Soles,2026-08-14T00:00:00-05:00
ocds-dgv273-seacev3-1247125,ocds-dgv273-seacev3-1247125-2026-09-10T10:19:40.711962-05:00,1247125-20603026277,74873.76,PEN,Soles,2026-09-08T00:00:00-05:00
ocds-dgv273-seacev3-2026-10159-12,ocds-dgv273-seacev3-2026-10159-12-2026-09-10T10:19:40.412845-05:00,1235376-20608099779,78503.0,PEN,Soles,2026-08-13T00:00:00-05:00
ocds-dgv273-seacev3-1245092,ocds-dgv273-seacev3-1245092-2026-09-10T10:19:35.169335-05:00,1245092-20601191289,91657.8,PEN,Soles,2026-08-27T00:00:00-05:00
ocds-dgv273-seacev3-1237618,ocds-dgv273-seacev3-1237618-2026-09-10T10:19:35.112770-05:00,1237618-20601093899,560667.54,PEN,Soles,2026-09-08T00:00:00-05:00
ocds-dgv273-seacev3-1233099,ocds-dgv273-seacev3-1233099-2026-09-10T10:19:34.708461-05:00,1233099-1822298,722772.53,PEN,Soles,2026-08-26T00:00:00-05:00
ocds-dgv273-seacev3-1236652,ocds-dgv273-seacev3-1236652-2026-09-10T10:19:34.239296-05:00,1236652-1819342,945183.85,PEN,Soles,2026-08-19T00:00:00-05:00
ocds-dgv273-seacev3-1231238,ocds-dgv273-seacev3-1231238-2026-09-10T10:19:34.203420-05:00,1231238-10421556917,1367367.68,PEN,Soles,2026-07-31T00:00:00-05:00
ocds-dgv273-seacev3-1232581,ocds-dgv273-seacev3-1232581-2026-09-10T10:19:33.870033-05:00,1232581-20600098633,87639.46,PEN,Soles,2026-08-31T00:00:00-05:00
ocds-dgv273-seacev3-1231996,ocds-dgv273-seacev3-1231996-2026-09-10T10:19:33.138394-05:00,1231996-1813679,600565.66,PEN,Soles,2026-07-21T00:00:00-05:00
ocds-dgv273-seacev3-2026-13-27,ocds-dgv273-seacev3-2026-13-27-2026-09-10T10:19:33.098136-05:00,1236177-20347506452,1660000.0,PEN,Soles,2026-09-07T00:00:00-05:00
ocds-dgv273-seacev3-1235730,ocds-dgv273-seacev3-1235730-2026-09-10T10:19:32.860747-05:00,1235730-20606795867,125800.0,PEN,Nuevos Soles,2026-08-19T00:00:00-05:00
ocds-dgv273-seacev3-2026-10353-8,ocds-dgv273-seacev3-2026-10353-8-2026-09-10T10:19:32.786359-05:00,1236086-20607305383,1900000.0,PEN,Soles,2026-09-08T00:00:00-05:00
ocds-dgv273-seacev3-1235481,ocds-dgv273-seacev3-1235481-2026-09-10T10:19:32.744190-05:00,1235481-20602515266,230000.0,PEN,Soles,2026-08-18T00:00:00-05:00
ocds-dgv273-seacev3-1237309,ocds-dgv273-seacev3-1237309-2026-09-10T10:19:32.609270-05:00,1237309-20100210909,93544.05,PEN,Soles,2026-09-01T00:00:00-05:00
ocds-dgv273-seacev3-1237257,ocds-dgv273-seacev3-1237257-2026-09-10T10:19:32.380931-05:00,1237257-20615367274,138656.0,PEN,Soles,2026-08-11T00:00:00-05:00
ocds-dgv273-seacev3-1231587,ocds-dgv273-seacev3-1231587-2026-09-10T10:19:32.003010-05:00,1231587-20421239275,55000.0,PEN,Soles,2026-07-24T00:00:00-05:00
ocds-dgv273-seacev3-1234250,ocds-dgv273-seacev3-1234250-2026-09-10T10:19:31.517866-05:00,1234250-20100148162,73663.05,PEN,Soles,2026-09-08T00:00:00-05:00
ocds-dgv273-seacev3-1232810,ocds-dgv273-seacev3-1232810-2026-09-10T10:19:30.141196-05:00,1232810-1822352,6192032.3,PEN,Soles,2026-08-26T00:00:00-05:00
ocds-dgv273-seacev3-1235833,ocds-dgv273-seacev3-1235833-2026-09-10T10:19:30.035803-05:00,1235833-20100287791,1069016.15,PEN,Soles,2026-08-26T00:00:00-05:00
ocds-dgv273-seacev3-1235833,ocds-dgv273-seacev3-1235833-2026-09-10T10:19:30.035803-05:00,1235833-20255361695,13173666.53,PEN,Soles,2026-08-26T00:00:00-05:00
ocds-dgv273-seacev3-1235833,ocds-dgv273-seacev3-1235833-2026-09-10T10:19:30.035803-05:00,1235833-20536390201,738000.0,PEN,Soles,2026-08-26T00:00:00-05:00
ocds-dgv273-seacev3-1235833,ocds-dgv273-seacev3-1235833-2026-09-10T10:19:30.035803-05:00,1235833-20613527134,1245349.0,PEN,Soles,2026-08-26T00:00:00-05:00
ocds-dgv273-seacev3-1230775,ocds-dgv273-seacev3-1230775-2026-09-10T10:19:29.141021-05:00,1230775-20392470388,115000.0,PEN,Soles,2026-08-31T00:00:00-05:00
ocds-dgv273-seacev3-1232729,ocds-dgv273-seacev3-1232729-2026-09-10T10:19:28.965937-05:00,1232729-1811930,419331.57,PEN,Soles,2026-07-20T00:00:00-05:00
ocds-dgv273-seacev3-1231037,ocds-dgv273-seacev3-1231037-2026-09-10T10:19:28.845915-05:00,1231037-20155945860,249600.0,PEN,Soles,2026-08-18T00:00:00-05:00
ocds-dgv273-seacev3-1231037,ocds-dgv273-seacev3-1231037-2026-09-10T10:19:28.845915-05:00,1231037-20421239275,86990.0,PEN,Soles,2026-08-18T00:00:00-05:00
ocds-dgv273-seacev3-1231037,ocds-dgv273-seacev3-1231037-2026-09-10T10:19:28.845915-05:00,1231037-20545990998,43800.0,PEN,Soles,2026-08-18T00:00:00-05:00
ocds-dgv273-seacev3-1231274,ocds-dgv273-seacev3-1231274-2026-09-10T10:19:28.768295-05:00,1231274-10189009581,45000.0,PEN,Soles,2026-07-24T00:00:00-05:00
ocds-dgv273-seacev3-1231274,ocds-dgv273-seacev3-1231274-2026-09-10T10:19:28.768295-05:00,1231274-10433483940,45000.0,PEN,Soles,2026-07-24T00:00:00-05:00
ocds-dgv273-seacev3-1230350,ocds-dgv273-seacev3-1230350-2026-09-10T10:19:28.621128-05:00,1230350-10244867150,255838.78,PEN,Soles,2026-07-14T00:00:00-05:00
ocds-dgv273-seacev3-1230350,ocds-dgv273-seacev3-1230350-2026-09-10T10:19:28.621128-05:00,1230350-20614654687,264419.43,PEN,Soles,2026-07-14T00:00:00-05:00
ocds-dgv273-seacev3-1233776,ocds-dgv273-seacev3-1233776-2026-09-10T10:19:22.959557-05:00,1233776-20571378354,1377480.0,PEN,Soles,2026-08-31T00:00:00-05:00
ocds-dgv273-seacev3-1230426,ocds-dgv273-seacev3-1230426-2026-09-10T10:19:22.846193-05:00,1230426-1821749,378436.73,PEN,Soles,2026-08-18T00:00:00-05:00
ocds-dgv273-seacev3-1236999,ocds-dgv273-seacev3-1236999-2026-09-10T10:19:22.702948-05:00,1236999-1821331,234672.41,PEN,Soles,2026-08-18T00:00:00-05:00
ocds-dgv273-seacev3-1237848,ocds-dgv273-seacev3-1237848-2026-09-10T10:19:22.286000-05:00,1237848-20449458436,104598.0,PEN,Soles,2026-08-13T00:00:00-05:00
ocds-dgv273-seacev3-1237402,ocds-dgv273-seacev3-1237402-2026-09-10T10:19:22.106905-05:00,1237402-1828767,36302296.29,PEN,Soles,2026-09-07T00:00:00-05:00
ocds-dgv273-seacev3-1233672,ocds-dgv273-seacev3-1233672-2026-09-10T10:19:22.059252-05:00,1233672-20506667357,150000.0,PEN,Soles,2026-09-03T00:00:00-05:00
ocds-dgv273-seacev3-1237760,ocds-dgv273-seacev3-1237760-2026-09-10T10:19:21.767430-05:00,1237760-20490471341,280000.0,PEN,Soles,2026-08-17T00:00:00-05:00
ocds-dgv273-seacev3-1236869,ocds-dgv273-seacev3-1236869-2026-09-10T10:19:21.616245-05:00,1236869-20394063577,135850.0,PEN,Soles,2026-08-12T00:00:00-05:00
ocds-dgv273-seacev3-1231491,ocds-dgv273-seacev3-1231491-2026-09-10T10:19:21.282214-05:00,1231491-20602374603,825396.0,PEN,Soles,2026-08-25T00:00:00-05:00
ocds-dgv273-seacev3-1232099,ocds-dgv273-seacev3-1232099-2026-09-10T10:19:21.174403-05:00,1232099-1814506,287867.59,PEN,Soles,2026-07-24T00:00:00-05:00
ocds-dgv273-seacev3-1234448,ocds-dgv273-seacev3-1234448-2026-09-10T10:19:20.730148-05:00,1234448-20393219719,307647.62,PEN,Soles,2026-08-05T00:00:00-05:00
ocds-dgv273-seacev3-1234407,ocds-dgv273-seacev3-1234407-2026-09-10T10:19:20.573300-05:00,1234407-20312308291,3248000.0,PEN,Soles,2026-09-07T00:00:00-05:00
ocds-dgv273-seacev3-1233307,ocds-dgv273-seacev3-1233307-2026-09-10T10:19:20.243642-05:00,1233307-10166860828,594000.0,PEN,Soles,2026-07-17T00:00:00-05:00
ocds-dgv273-seacev3-1236395,ocds-dgv273-seacev3-1236395-2026-09-10T10:19:20.076838-05:00,1236395-20493910052,139800.0,PEN,Soles,2026-08-31T00:00:00-05:00
ocds-dgv273-seacev3-1234522,ocds-dgv273-seacev3-1234522-2026-09-10T10:19:20.062500-05:00,1234522-20612432733,55350.0,PEN,Soles,2026-07-22T00:00:00-05:00
ocds-dgv273-seacev3-1234401,ocds-dgv273-seacev3-1234401-2026-09-10T10:19:19.644202-05:00,1234401-20533945075,84564.0,PEN,Soles,2026-07-31T00:00:00-05:00
ocds-dgv273-seacev3-1232966,ocds-dgv273-seacev3-1232966-2026-09-10T10:19:19.470165-05:00,1232966-1822290,1724499.33,PEN,Soles,2026-08-21T00:00:00-05:00
ocds-dgv273-seacev3-1237213,ocds-dgv273-seacev3-1237213-2026-09-10T10:19:19.287046-05:00,1237213-20100114349,56640.0,PEN,Soles,2026-09-07T00:00:00-05:00
ocds-dgv273-seacev3-1232127,ocds-dgv273-seacev3-1232127-2026-09-10T10:19:18.477466-05:00,1232127-20609578701,121000.0,PEN,Soles,2026-08-04T00:00:00-05:00
ocds-dgv273-seacev3-1235593,ocds-dgv273-seacev3-1235593-2026-09-10T10:19:16.854162-05:00,1235593-20607907791,98000.0,PEN,Soles,2026-08-31T00:00:00-05:00
ocds-dgv273-seacev3-1232004,ocds-dgv273-seacev3-1232004-2026-09-10T10:19:16.667508-05:00,1232004-1827210,1299208.0,PEN,Soles,2026-09-01T00:00:00-05:00
ocds-dgv273-seacev3-1231102,ocds-dgv273-seacev3-1231102-2026-09-10T10:19:16.651309-05:00,1231102-1812776,1250348.23,PEN,Soles,2026-08-07T00:00:00-05:00
ocds-dgv273-seacev3-1231619,ocds-dgv273-seacev3-1231619-2026-09-10T10:19:16.584142-05:00,1231619-1812680,433396.81,PEN,Soles,2026-07-17T00:00:00-05:00
ocds-dgv273-seacev3-1233111,ocds-dgv273-seacev3-1233111-2026-09-10T10:19:16.490532-05:00,1233111-20600164750,142000.0,PEN,Soles,2026-08-26T00:00:00-05:00
ocds-dgv273-seacev3-2026-1926-121,ocds-dgv273-seacev3-2026-1926-121-2026-09-10T10:19:11.767681-05:00,1233465-20518257723,430585.0,PEN,Soles,2026-08-26T00:00:00-05:00
ocds-dgv273-seacev3-1237533,ocds-dgv273-seacev3-1237533-2026-09-09T10:24:34.409480-05:00,1237533-20574690219,1668640.0,PEN,Soles,2026-08-12T00:00:00-05:00
ocds-dgv273-seacev3-2026-2543-367,ocds-dgv273-seacev3-2026-2543-367-2026-09-09T10:24:34.395222-05:00,1237158-1820978,261937.98,PEN,Soles,2026-08-27T00:00:00-05:00
ocds-dgv273-seacev3-1237536,ocds-dgv273-seacev3-1237536-2026-09-09T10:24:33.784142-05:00,1237536-20506813191,240000.0,PEN,Soles,2026-08-14T00:00:00-05:00
ocds-dgv273-seacev3-1237194,ocds-dgv273-seacev3-1237194-2026-09-09T10:24:33.517627-05:00,1237194-1824840,88999.91,PEN,Soles,2026-08-28T00:00:00-05:00
ocds-dgv273-seacev3-1235215,ocds-dgv273-seacev3-1235215-2026-09-09T10:24:33.419162-05:00,1235215-1819373,86306.17,PEN,Soles,2026-08-18T00:00:00-05:00
ocds-dgv273-seacev3-1237423,ocds-dgv273-seacev3-1237423-2026-09-09T10:24:33.170682-05:00,1237423-20603454163,147600.0,PEN,Soles,2026-08-14T12:42:50-05:00
ocds-dgv273-seacev3-2026-10615-20,ocds-dgv273-seacev3-2026-10615-20-2026-09-09T10:24:32.660641-05:00,1233482-1822842,757182.0,PEN,Soles,2026-08-20T00:00:00-05:00
ocds-dgv273-seacev3-2026-200520-11,ocds-dgv273-seacev3-2026-200520-11-2026-09-09T10:24:32.343146-05:00,1236806-20601080436,113900.0,PEN,Soles,2026-08-28T00:00:00-05:00
ocds-dgv273-seacev3-2026-735-4,ocds-dgv273-seacev3-2026-735-4-2026-09-09T10:24:32.220703-05:00,1237870-1828739,7287844.54,PEN,Soles,2026-09-07T00:00:00-05:00
ocds-dgv273-seacev3-1232161,ocds-dgv273-seacev3-1232161-2026-09-09T10:24:32.183834-05:00,1232161-20507634479,555000.0,PEN,Soles,2026-08-21T00:00:00-05:00
ocds-dgv273-seacev3-2026-2365-10,ocds-dgv273-seacev3-2026-2365-10-2026-09-09T10:24:31.283777-05:00,1232531-20601201136,854910.0,PEN,Soles,2026-08-25T00:00:00-05:00
ocds-dgv273-seacev3-1234930,ocds-dgv273-seacev3-1234930-2026-09-09T10:24:31.081270-05:00,1234930-20554329617,1513588.27,PEN,Soles,2026-08-14T00:00:00-05:00
ocds-dgv273-seacev3-1233407,ocds-dgv273-seacev3-1233407-2026-09-09T10:24:31.015095-05:00,1233407-1818525,479956.76,PEN,Soles,2026-08-10T00:00:00-05:00
ocds-dgv273-seacev3-1234680,ocds-dgv273-seacev3-1234680-2026-09-09T10:24:30.947570-05:00,1234680-20610281258,297600.0,PEN,Soles,2026-08-07T00:00:00-05:00
ocds-dgv273-seacev3-1233926,ocds-dgv273-seacev3-1233926-2026-09-09T10:24:30.868349-05:00,1233926-20452457211,406360.0,PEN,Soles,2026-08-07T00:00:00-05:00
ocds-dgv273-seacev3-1232777,ocds-dgv273-seacev3-1232777-2026-09-09T10:24:29.374459-05:00,1232777-1816156,1573306.81,PEN,Soles,2026-08-05T00:00:00-05:00
ocds-dgv273-seacev3-1237727,ocds-dgv273-seacev3-1237727-2026-09-09T10:24:29.203203-05:00,1237727-1821363,99967.54,PEN,Soles,2026-08-18T00:00:00-05:00
ocds-dgv273-seacev3-1237177,ocds-dgv273-seacev3-1237177-2026-09-09T10:24:29.094119-05:00,1237177-1820144,212103.36,PEN,Soles,2026-08-31T00:00:00-05:00
ocds-dgv273-seacev3-2026-1316-15,ocds-dgv273-seacev3-2026-1316-15-2026-09-09T10:24:28.949401-05:00,1237935-20600101898,391686.32,PEN,Soles,2026-08-18T00:00:00-05:00
ocds-dgv273-seacev3-1237285,ocds-dgv273-seacev3-1237285-2026-09-09T10:24:28.556439-05:00,1237285-20516045559,221214.4,PEN,Soles,2026-08-25T00:00:00-05:00
ocds-dgv273-seacev3-1231885,ocds-dgv273-seacev3-1231885-2026-09-09T10:24:28.497256-05:00,1231885-20603032498,63785.7,PEN,Soles,2026-08-10T00:00:00-05:00
ocds-dgv273-seacev3-1225701,ocds-dgv273-seacev3-1225701-2026-09-09T10:24:28.295240-05:00,1225701-1813729,690756.13,PEN,Soles,2026-08-07T00:00:00-05:00
ocds-dgv273-seacev3-2026-2005-27,ocds-dgv273-seacev3-2026-2005-27-2026-09-09T10:24:23.595409-05:00,1231082-20348511824,461739.9,PEN,Soles,2026-08-21T00:00:00-05:00
ocds-dgv273-seacev3-2026-2005-27,ocds-dgv273-seacev3-2026-2005-27-2026-09-09T10:24:23.595409-05:00,1231082-20600610172,226320.0,PEN,Soles,2026-08-21T00:00:00-05:00
ocds-dgv273-seacev3-1237966,ocds-dgv273-seacev3-1237966-2026-09-09T10:24:23.511793-05:00,1237966-1823165,394847.5,PEN,Soles,2026-08-24T00:00:00-05:00
ocds-dgv273-seacev3-1235782,ocds-dgv273-seacev3-1235782-2026-09-09T10:24:22.842411-05:00,1235782-20608077163,981715.63,PEN,Soles,2026-08-18T00:00:00-05:00
ocds-dgv273-seacev3-1230157,ocds-dgv273-seacev3-1230157-2026-09-09T10:24:22.743042-05:00,1230157-1812028,320000.0,PEN,Soles,2026-08-03T00:00:00-05:00
ocds-dgv273-seacev3-2026-2383-41,ocds-dgv273-seacev3-2026-2383-41-2026-09-09T10:24:21.149739-05:00,1237042-20520524836,118300.0,PEN,Soles,2026-08-28T00:00:00-05:00
ocds-dgv273-seacev3-1243869,ocds-dgv273-seacev3-1243869-2026-09-09T10:24:20.909757-05:00,1243869-20393529742,1064992.5,PEN,Soles,2026-08-28T00:00:00-05:00
ocds-dgv273-seacev3-1233544,ocds-dgv273-seacev3-1233544-2026-09-09T10:24:19.402011-05:00,1233544-20600592867,60900.4,PEN,Soles,2026-08-12T00:00:00-05:00
ocds-dgv273-seacev3-1235092,ocds-dgv273-seacev3-1235092-2026-09-09T10:24:18.719149-05:00,1235092-20490368761,245500.0,PEN,Soles,2026-08-12T00:00:00-05:00
ocds-dgv273-seacev3-1234179,ocds-dgv273-seacev3-1234179-2026-09-09T10:24:18.404196-05:00,1234179-10164358050,79950.0,PEN,Soles,2026-08-07T00:00:00-05:00
ocds-dgv273-seacev3-1237883,ocds-dgv273-seacev3-1237883-2026-09-09T10:24:17.678173-05:00,1237883-1822625,110000.0,PEN,Soles,2026-08-24T00:00:00-05:00
ocds-dgv273-seacev3-1230353,ocds-dgv273-seacev3-1230353-2026-09-09T10:24:17.478633-05:00,1230353-20612981494,165000.0,PEN,Soles,2026-08-17T00:00:00-05:00
ocds-dgv273-seacev3-1234219,ocds-dgv273-seacev3-1234219-2026-09-09T10:24:13.166912-05:00,1234219-20602479413,70000.0,PEN,Soles,2026-08-04T00:00:00-05:00
ocds-dgv273-seacev3-1230450,ocds-dgv273-seacev3-1230450-2026-09-09T10:24:13.096463-05:00,1230450-20615367274,139780.0,PEN,Soles,2026-07-30T00:00:00-05:00
ocds-dgv273-seacev3-1230450,ocds-dgv273-seacev3-1230450-2026-09-09T10:24:13.096463-05:00,1230450-20511037001,140744.0,PEN,Soles,2026-08-28T00:00:00-05:00
ocds-dgv273-seacev3-1231916,ocds-dgv273-seacev3-1231916-2026-09-09T10:24:12.888719-05:00,1231916-1813975,334607.79,PEN,Soles,2026-07-22T00:00:00-05:00
ocds-dgv273-seacev3-1233086,ocds-dgv273-seacev3-1233086-2026-09-09T10:24:12.828907-05:00,1233086-1814935,1648414.12,PEN,Soles,2026-08-10T00:00:00-05:00
ocds-dgv273-seacev3-1235199,ocds-dgv273-seacev3-1235199-2026-09-09T10:24:12.686124-05:00,1235199-1818837,348900.0,PEN,Soles,2026-08-31T00:00:00-05:00
ocds-dgv273-seacev3-1230576,ocds-dgv273-seacev3-1230576-2026-09-09T10:24:12.507121-05:00,1230576-1813091,279070.0,PEN,Soles,2026-08-10T00:00:00-05:00
ocds-dgv273-seacev3-1230576,ocds-dgv273-seacev3-1230576-2026-09-09T10:24:12.507121-05:00,1230576-1812985,288132.4,PEN,Soles,2026-09-07T00:00:00-05:00
ocds-dgv273-seacev3-1233586,ocds-dgv273-seacev3-1233586-2026-09-09T10:24:12.463381-05:00,1233586-1818147,198900.0,PEN,Soles,2026-08-13T00:00:00-05:00
ocds-dgv273-seacev3-1240522,ocds-dgv273-seacev3-1240522-2026-09-09T10:24:12.018786-05:00,1240522-20606706538,178245.0,PEN,Soles,2026-08-11T00:00:00-05:00
ocds-dgv273-seacev3-2026-10523-2,ocds-dgv273-seacev3-2026-10523-2-2026-09-09T10:24:12.004896-05:00,1236175-20450131891,117487.5,PEN,Soles,2026-08-14T00:00:00-05:00
ocds-dgv273-seacev3-1230021,ocds-dgv273-seacev3-1230021-2026-09-09T10:24:11.917589-05:00,1230021-1815198,306829.91,PEN,Soles,2026-07-31T00:00:00-05:00
ocds-dgv273-seacev3-1233448,ocds-dgv273-seacev3-1233448-2026-09-09T10:24:11.825499-05:00,1233448-20600941900,97497.0,PEN,Soles,2026-08-10T00:00:00-05:00
ocds-dgv273-seacev3-1237476,ocds-dgv273-seacev3-1237476-2026-09-09T10:24:11.700279-05:00,1237476-10081863321,543600.0,PEN,Soles,2026-08-12T00:00:00-05:00
ocds-dgv273-seacev3-1232543,ocds-dgv273-seacev3-1232543-2026-09-09T10:24:11.561068-05:00,1232543-20567293212,1121445.0,PEN,Soles,2026-08-21T00:00:00-05:00
ocds-dgv273-seacev3-2026-761-12,ocds-dgv273-seacev3-2026-761-12-2026-09-09T10:24:11.539639-05:00,1232098-20610619755,96600.0,PEN,Soles,2026-07-31T00:00:00-05:00
ocds-dgv273-seacev3-2026-761-12,ocds-dgv273-seacev3-2026-761-12-2026-09-09T10:24:11.539639-05:00,1232098-20527055840,1.0,PEN,Soles,2026-08-28T00:00:00-05:00
ocds-dgv273-seacev3-1230677,ocds-dgv273-seacev3-1230677-2026-09-09T10:24:11.214749-05:00,1230677-20612575518,120000.0,PEN,Soles,2026-07-22T00:00:00-05:00
ocds-dgv273-seacev3-2026-425-1,ocds-dgv273-seacev3-2026-425-1-2026-09-09T10:24:11.126775-05:00,1231424-20455679231,300000.0,PEN,Soles,2026-08-31T00:00:00-05:00
ocds-dgv273-seacev3-1236328,ocds-dgv273-seacev3-1236328-2026-09-09T10:24:11.035070-05:00,1236328-20552452314,198780.0,PEN,Soles,2026-08-19T00:00:00-05:00
ocds-dgv273-seacev3-1236766,ocds-dgv273-seacev3-1236766-2026-09-09T10:24:10.932998-05:00,1236766-20501887286,187379.51,PEN,Soles,2026-08-24T00:00:00-05:00
ocds-dgv273-seacev3-1236046,ocds-dgv273-seacev3-1236046-2026-09-09T10:24:10.917729-05:00,1236046-20612179272,78269.0,PEN,Soles,2026-08-13T00:00:00-05:00
ocds-dgv273-seacev3-1236972,ocds-dgv273-seacev3-1236972-2026-09-09T10:24:10.393202-05:00,1236972-1828231,4826000.0,PEN,Soles,2026-09-04T00:00:00-05:00
ocds-dgv273-seacev3-1230546,ocds-dgv273-seacev3-1230546-2026-09-09T10:24:09.715880-05:00,1230546-10167929538,54000.0,PEN,Soles,2026-07-13T00:00:00-05:00
ocds-dgv273-seacev3-1236799,ocds-dgv273-seacev3-1236799-2026-09-09T10:24:09.688045-05:00,1236799-20467305931,127440.0,PEN,Soles,2026-08-21T00:00:00-05:00
ocds-dgv273-seacev3-1235993,ocds-dgv273-seacev3-1235993-2026-09-09T10:24:09.674082-05:00,1235993-20612742872,68173.0,PEN,Soles,2026-08-05T00:00:00-05:00
ocds-dgv273-seacev3-2026-2378-18,ocds-dgv273-seacev3-2026-2378-18-2026-09-09T10:24:09.631832-05:00,1231167-20536630954,1110000.0,PEN,Soles,2026-08-25T00:00:00-05:00
ocds-dgv273-seacev3-1234451,ocds-dgv273-seacev3-1234451-2026-09-09T10:24:09.588153-05:00,1234451-10403887493,199656.0,PEN,Soles,2026-08-13T00:00:00-05:00
ocds-dgv273-seacev3-1236723,ocds-dgv273-seacev3-1236723-2026-09-09T10:24:09.367532-05:00,1236723-1820058,970000.0,PEN,Soles,2026-08-13T00:00:00-05:00
ocds-dgv273-seacev3-1236980,ocds-dgv273-seacev3-1236980-2026-09-09T10:24:08.760077-05:00,1236980-1820528,179000.0,PEN,Soles,2026-08-14T00:00:00-05:00
ocds-dgv273-seacev3-1236521,ocds-dgv273-seacev3-1236521-2026-09-09T10:24:08.685452-05:00,1236521-1819738,44000.0,PEN,Soles,2026-08-14T00:00:00-05:00
ocds-dgv273-seacev3-2026-10615-27,ocds-dgv273-seacev3-2026-10615-27-2026-09-09T10:24:08.275795-05:00,1234581-1817267,79702.8,PEN,Soles,2026-08-04T00:00:00-05:00
ocds-dgv273-seacev3-1232738,ocds-dgv273-seacev3-1232738-2026-09-09T10:24:08.259203-05:00,1232738-1821622,693880.36,PEN,Soles,2026-08-18T00:00:00-05:00
ocds-dgv273-seacev3-1236465,ocds-dgv273-seacev3-1236465-2026-09-09T10:24:08.196106-05:00,1236465-20515430769,447888.0,PEN,Soles,2026-09-07T00:00:00-05:00
ocds-dgv273-seacev3-1237385,ocds-dgv273-seacev3-1237385-2026-09-09T10:24:07.988157-05:00,1237385-20609735601,350000.0,PEN,Soles,2026-08-19T00:00:00-05:00
ocds-dgv273-seacev3-2026-1901-50,ocds-dgv273-seacev3-2026-1901-50-2026-09-09T10:24:07.975072-05:00,1234519-20100070970,1113907.2,PEN,Soles,2026-09-04T00:00:00-05:00
ocds-dgv273-seacev3-1234166,ocds-dgv273-seacev3-1234166-2026-09-09T10:24:07.677359-05:00,1234166-1817996,258592.75,PEN,Soles,2026-08-10T00:00:00-05:00
ocds-dgv273-seacev3-1234080,ocds-dgv273-seacev3-1234080-2026-09-09T10:24:07.582760-05:00,1234080-20514023167,168000.0,PEN,Soles,2026-08-05T00:00:00-05:00
ocds-dgv273-seacev3-1233259,ocds-dgv273-seacev3-1233259-2026-09-09T10:24:07.454759-05:00,1233259-1815962,412383.69,PEN,Soles,2026-08-05T00:00:00-05:00
ocds-dgv273-seacev3-1236322,ocds-dgv273-seacev3-1236322-2026-09-09T10:24:07.291969-05:00,1236322-1819257,279521.55,PEN,Soles,2026-08-13T00:00:00-05:00
ocds-dgv273-seacev3-1233418,ocds-dgv273-seacev3-1233418-2026-09-09T10:24:07.181151-05:00,1233418-20511037001,697524.12,PEN,Soles,2026-07-22T00:00:00-05:00
ocds-dgv273-seacev3-1235787,ocds-dgv273-seacev3-1235787-2026-09-09T10:24:06.971179-05:00,1235787-20502612710,112574.48,PEN,Soles,2026-08-13T00:00:00-05:00
ocds-dgv273-seacev3-1236214,ocds-dgv273-seacev3-1236214-2026-09-09T10:24:06.885511-05:00,1236214-20611700262,562500.0,PEN,Soles,2026-08-14T00:00:00-05:00
ocds-dgv273-seacev3-1230039,ocds-dgv273-seacev3-1230039-2026-09-09T10:24:06.599061-05:00,1230039-20612483168,433500.0,PEN,Soles,2026-07-30T00:00:00-05:00
ocds-dgv273-seacev3-1231964,ocds-dgv273-seacev3-1231964-2026-09-09T10:24:06.586732-05:00,1231964-20434869006,195540.4,PEN,Soles,2026-08-12T00:00:00-05:00
ocds-dgv273-seacev3-1232432,ocds-dgv273-seacev3-1232432-2026-09-09T10:24:06.555206-05:00,1232432-1813335,348060.74,PEN,Soles,2026-07-20T00:00:00-05:00
ocds-dgv273-seacev3-1230893,ocds-dgv273-seacev3-1230893-2026-09-09T10:24:06.518688-05:00,1230893-20508571152,733575.0,PEN,Soles,2026-07-08T00:00:00-05:00
ocds-dgv273-seacev3-1225876,ocds-dgv273-seacev3-1225876-2026-09-09T10:24:06.101196-05:00,1225876-1813660,497211.86,PEN,Soles,2026-08-07T00:00:00-05:00
ocds-dgv273-seacev3-1236381,ocds-dgv273-seacev3-1236381-2026-09-09T10:24:06.043426-05:00,1236381-10413420054,209000.0,PEN,Soles,2026-08-17T00:00:00-05:00
ocds-dgv273-seacev3-1230369,ocds-dgv273-seacev3-1230369-2026-09-09T10:24:05.970631-05:00,1230369-20605201505,140000.0,PEN,Soles,2026-07-16T00:00:00-05:00
ocds-dgv273-seacev3-1230369,ocds-dgv273-seacev3-1230369-2026-09-09T10:24:05.970631-05:00,1230369-10239907763,110000.0,PEN,Soles,2026-08-17T00:00:00-05:00
ocds-dgv273-seacev3-1230369,ocds-dgv273-seacev3-1230369-2026-09-09T10:24:05.970631-05:00,1230369-10244822172,141000.0,PEN,Soles,2026-08-24T00:00:00-05:00
ocds-dgv273-seacev3-1233461,ocds-dgv273-seacev3-1233461-2026-09-09T10:24:01.841121-05:00,1233461-20602142206,80000.0,PEN,Soles,2026-08-05T00:00:00-05:00
ocds-dgv273-seacev3-1233425,ocds-dgv273-seacev3-1233425-2026-09-09T10:24:01.762115-05:00,1233425-10707886841,83000.0,PEN,Soles,2026-08-11T00:00:00-05:00
ocds-dgv273-seacev3-1244818,ocds-dgv273-seacev3-1244818-2026-09-09T10:24:01.403549-05:00,1244818-10741752650,59200.0,PEN,Soles,2026-08-28T00:00:00-05:00
ocds-dgv273-seacev3-2026-1623-7,ocds-dgv273-seacev3-2026-1623-7-2026-09-09T10:24:01.332500-05:00,1237113-1819717,324676.83,PEN,Soles,2026-08-31T00:00:00-05:00
ocds-dgv273-seacev3-1237058,ocds-dgv273-seacev3-1237058-2026-09-09T10:24:00.545077-05:00,1237058-1819191,1147038.97,PEN,Soles,2026-08-13T00:00:00-05:00
ocds-dgv273-seacev3-1233390,ocds-dgv273-seacev3-1233390-2026-09-09T10:23:59.711507-05:00,1233390-10232615571,121800.0,PEN,Soles,2026-08-04T00:00:00-05:00
ocds-dgv273-seacev3-1233564,ocds-dgv273-seacev3-1233564-2026-09-09T10:23:59.692800-05:00,1233564-20602618626,119980.51,PEN,Soles,2026-08-17T00:00:00-05:00
ocds-dgv273-seacev3-1235987,ocds-dgv273-seacev3-1235987-2026-09-09T10:23:59.490900-05:00,1235987-20486512751,410689.44,PEN,Soles,2026-08-12T00:00:00-05:00
ocds-dgv273-seacev3-1237866,ocds-dgv273-seacev3-1237866-2026-09-09T10:23:59.410861-05:00,1237866-20553450749,74007.0,PEN,Soles,2026-09-04T00:00:00-05:00
ocds-dgv273-seacev3-1236244,ocds-dgv273-seacev3-1236244-2026-09-09T10:23:59.235605-05:00,1236244-20548792887,3551629.15,PEN,Soles,2026-09-04T00:00:00-05:00
ocds-dgv273-seacev3-1231863,ocds-dgv273-seacev3-1231863-2026-09-09T10:23:59.067167-05:00,1231863-20262996329,84455.0,PEN,Soles,2026-07-13T00:00:00-05:00
ocds-dgv273-seacev3-1233731,ocds-dgv273-seacev3-1233731-2026-09-09T10:23:58.107797-05:00,1233731-20604109630,105230.55,PEN,Soles,2026-08-28T00:00:00-05:00
ocds-dgv273-seacev3-1233699,ocds-dgv273-seacev3-1233699-2026-09-09T10:23:57.478721-05:00,1233699-10470212751,306500.0,PEN,Soles,2026-08-03T00:00:00-05:00
ocds-dgv273-seacev3-1234096,ocds-dgv273-seacev3-1234096-2026-09-09T10:23:57.361662-05:00,1234096-20610826955,78000.0,PEN,Soles,2026-08-03T00:00:00-05:00
ocds-dgv273-seacev3-2026-420-8,ocds-dgv273-seacev3-2026-420-8-2026-09-09T10:23:56.415229-05:00,1236900-1823218,162748.96,PEN,Soles,2026-08-28T00:00:00-05:00
ocds-dgv273-seacev3-1234049,ocds-dgv273-seacev3-1234049-2026-09-09T10:23:56.282453-05:00,1234049-20514044911,137932.56,PEN,Soles,2026-09-04T00:00:00-05:00
ocds-dgv273-seacev3-1235208,ocds-dgv273-seacev3-1235208-2026-09-09T10:23:56.227352-05:00,1235208-20513785390,118848.0,PEN,Soles,2026-08-18T00:00:00-05:00
ocds-dgv273-seacev3-1233030,ocds-dgv273-seacev3-1233030-2026-09-09T10:23:55.645188-05:00,1233030-10424038917,95600.0,PEN,Soles,2026-08-12T00:00:00-05:00
ocds-dgv273-seacev3-1239930,ocds-dgv273-seacev3-1239930-2026-09-09T10:23:50.074519-05:00,1239930-20604470588,33462.05,PEN,Soles,2026-08-11T00:00:00-05:00
ocds-dgv273-seacev3-2026-1493-22,ocds-dgv273-seacev3-2026-1493-22-2026-09-09T10:23:49.745820-05:00,1233071-1816201,2881330.55,PEN,Soles,2026-07-31T00:00:00-05:00
ocds-dgv273-seacev3-1233890,ocds-dgv273-seacev3-1233890-2026-09-09T10:23:49.730995-05:00,1233890-20604202842,2335200.0,PEN,Soles,2026-07-30T00:00:00-05:00
ocds-dgv273-seacev3-1239332,ocds-dgv273-seacev3-1239332-2026-09-09T10:23:48.979168-05:00,1239332-20602895964,3041.0,PEN,Soles,2026-08-11T00:00:00-05:00
ocds-dgv273-seacev3-1242528,ocds-dgv273-seacev3-1242528-2026-09-09T10:23:48.729913-05:00,1242528-1823283,1166757.19,PEN,Soles,2026-08-28T00:00:00-05:00
ocds-dgv273-seacev3-1234206,ocds-dgv273-seacev3-1234206-2026-09-09T10:23:48.532719-05:00,1234206-20293774308,2733500.0,PEN,Soles,2026-08-24T00:00:00-05:00
ocds-dgv273-seacev3-1225920,ocds-dgv273-seacev3-1225920-2026-09-09T10:23:48.160594-05:00,1225920-1813696,882749.88,PEN,Soles,2026-08-07T00:00:00-05:00
ocds-dgv273-seacev3-2026-10611-2,ocds-dgv273-seacev3-2026-10611-2-2026-09-09T10:23:47.856810-05:00,1235573-1818510,389826.18,PEN,Soles,2026-08-28T00:00:00-05:00
ocds-dgv273-seacev3-1231992,ocds-dgv273-seacev3-1231992-2026-09-09T10:23:47.834644-05:00,1231992-1818318,698624.51,PEN,Soles,2026-08-12T00:00:00-05:00
ocds-dgv273-seacev3-1231899,ocds-dgv273-seacev3-1231899-2026-09-09T10:23:47.821283-05:00,1231899-20431224870,48798.96,PEN,Soles,2026-07-14T00:00:00-05:00
ocds-dgv273-seacev3-1235383,ocds-dgv273-seacev3-1235383-2026-09-09T10:23:47.676889-05:00,1235383-10020463738,253805.37,PEN,Soles,2026-08-17T00:00:00-05:00
ocds-dgv273-seacev3-1234477,ocds-dgv273-seacev3-1234477-2026-09-09T10:23:47.544574-05:00,1234477-10095307553,99958.0,PEN,Soles,2026-07-30T00:00:00-05:00
ocds-dgv273-seacev3-1237834,ocds-dgv273-seacev3-1237834-2026-09-09T10:23:47.510194-05:00,1237834-10721615516,136000.0,PEN,Soles,2026-08-17T00:00:00-05:00
ocds-dgv273-seacev3-1237635,ocds-dgv273-seacev3-1237635-2026-09-09T10:23:47.048440-05:00,1237635-1827340,2875657.2,PEN,Soles,2026-09-03T00:00:00-05:00
ocds-dgv273-seacev3-1236777,ocds-dgv273-seacev3-1236777-2026-09-09T10:23:46.045319-05:00,1236777-1821743,127500.0,PEN,Soles,2026-08-28T00:00:00-05:00
ocds-dgv273-seacev3-1231422,ocds-dgv273-seacev3-1231422-2026-09-09T10:23:44.020788-05:00,1231422-1820320,2077215.0,PEN,Soles,2026-08-21T00:00:00-05:00
ocds-dgv273-seacev3-1230125,ocds-dgv273-seacev3-1230125-2026-09-09T10:23:43.960479-05:00,1230125-1808257,1708128.0,PEN,Soles,2026-07-07T00:00:00-05:00
ocds-dgv273-seacev3-1233117,ocds-dgv273-seacev3-1233117-2026-09-09T10:23:43.933335-05:00,1233117-20347268683,132600.0,PEN,Soles,2026-09-07T00:00:00-05:00
ocds-dgv273-seacev3-1232525,ocds-dgv273-seacev3-1232525-2026-09-09T10:23:43.890279-05:00,1232525-20417494406,135200.0,PEN,Soles,2026-08-05T00:00:00-05:00
ocds-dgv273-seacev3-1232525,ocds-dgv273-seacev3-1232525-2026-09-09T10:23:43.890279-05:00,1232525-20604334803,52000.0,PEN,Soles,2026-08-05T00:00:00-05:00
ocds-dgv273-seacev3-1232035,ocds-dgv273-seacev3-1232035-2026-09-09T10:23:43.767680-05:00,1232035-20537274922,310000.0,PEN,Soles,2026-07-31T00:00:00-05:00
ocds-dgv273-seacev3-1231081,ocds-dgv273-seacev3-1231081-2026-09-09T10:23:38.326992-05:00,1231081-10431796878,6800000.0,PEN,Soles,2026-08-04T18:55:17-05:00
ocds-dgv273-seacev3-1233542,ocds-dgv273-seacev3-1233542-2026-09-09T10:23:37.319547-05:00,1233542-20610308695,86400.0,PEN,Soles,2026-08-07T00:00:00-05:00
ocds-dgv273-seacev3-1243937,ocds-dgv273-seacev3-1243937-2026-09-09T10:23:36.869930-05:00,1243937-10708280238,488988.0,PEN,Soles,2026-09-07T00:00:00-05:00
ocds-dgv273-seacev3-1237453,ocds-dgv273-seacev3-1237453-2026-09-09T10:23:36.123212-05:00,1237453-20609688298,85300.0,PEN,Soles,2026-08-10T00:00:00-05:00
ocds-dgv273-seacev3-1233165,ocds-dgv273-seacev3-1233165-2026-09-09T10:23:36.063389-05:00,1233165-20600360486,121167.81,PEN,Soles,2026-08-05T00:00:00-05:00
ocds-dgv273-seacev3-1239967,ocds-dgv273-seacev3-1239967-2026-09-09T10:23:35.646939-05:00,1239967-20254702146,8455.2,PEN,Soles,2026-08-11T00:00:00-05:00
ocds-dgv273-seacev3-1232689,ocds-dgv273-seacev3-1232689-2026-09-09T10:23:35.442113-05:00,1232689-20607632724,65000.0,PEN,Soles,2026-08-14T00:00:00-05:00
ocds-dgv273-seacev3-1236213,ocds-dgv273-seacev3-1236213-2026-09-09T10:23:35.171723-05:00,1236213-1820813,1126483.66,PEN,Soles,2026-08-17T00:00:00-05:00
ocds-dgv273-seacev3-1236396,ocds-dgv273-seacev3-1236396-2026-09-09T10:23:34.675108-05:00,1236396-20501645517,171000.0,PEN,Soles,2026-09-07T00:00:00-05:00
ocds-dgv273-seacev3-1237329,ocds-dgv273-seacev3-1237329-2026-09-09T10:23:33.747296-05:00,1237329-20523372913,61000.0,PEN,Soles,2026-08-24T00:00:00-05:00
ocds-dgv273-seacev3-1239350,ocds-dgv273-seacev3-1239350-2026-09-09T10:23:33.557793-05:00,1239350-20100226813,8367.76,PEN,Soles,2026-08-11T00:00:00-05:00
ocds-dgv273-seacev3-1236178,ocds-dgv273-seacev3-1236178-2026-09-09T10:23:33.059144-05:00,1236178-1822417,2073858.56,PEN,Soles,2026-08-28T00:00:00-05:00
ocds-dgv273-seacev3-1234152,ocds-dgv273-seacev3-1234152-2026-09-09T10:23:32.790217-05:00,1234152-1819865,437294.11,PEN,Soles,2026-08-31T00:00:00-05:00
ocds-dgv273-seacev3-1235124,ocds-dgv273-seacev3-1235124-2026-09-09T10:23:32.620223-05:00,1235124-1819510,28851676.36,PEN,Soles,2026-08-28T00:00:00-05:00
ocds-dgv273-seacev3-1231919,ocds-dgv273-seacev3-1231919-2026-09-09T10:23:32.118719-05:00,1231919-20431224870,165986.0,PEN,Soles,2026-07-14T00:00:00-05:00
ocds-dgv273-seacev3-1231217,ocds-dgv273-seacev3-1231217-2026-09-09T10:23:32.083754-05:00,1231217-10280640072,21836190.32,PEN,Soles,2026-08-25T00:00:00-05:00
ocds-dgv273-seacev3-1230312,ocds-dgv273-seacev3-1230312-2026-09-09T10:23:32.025811-05:00,1230312-10108197710,254500.0,PEN,Soles,2026-07-15T00:00:00-05:00
ocds-dgv273-seacev3-1234606,ocds-dgv273-seacev3-1234606-2026-09-09T10:23:26.447226-05:00,1234606-10719963159,820000.0,PEN,Soles,2026-09-07T00:00:00-05:00
ocds-dgv273-seacev3-1234606,ocds-dgv273-seacev3-1234606-2026-09-09T10:23:26.447226-05:00,1234606-20601592020,1183703.4,PEN,Soles,2026-09-07T00:00:00-05:00
ocds-dgv273-seacev3-1239330,ocds-dgv273-seacev3-1239330-2026-09-09T10:23:26.019980-05:00,1239330-20538154301,13551.25,PEN,Soles,2026-08-11T00:00:00-05:00
ocds-dgv273-seacev3-1235531,ocds-dgv273-seacev3-1235531-2026-09-09T10:23:25.701619-05:00,1235531-20606660333,363000.0,PEN,Soles,2026-08-10T00:00:00-05:00
ocds-dgv273-seacev3-2026-200518-1,ocds-dgv273-seacev3-2026-200518-1-2026-09-09T10:23:25.632195-05:00,1237028-20600900855,197000.0,PEN,Soles,2026-08-17T00:00:00-05:00
ocds-dgv273-seacev3-1233047,ocds-dgv273-seacev3-1233047-2026-09-09T10:23:25.091059-05:00,1233047-1826560,643122.14,PEN,Soles,2026-09-04T00:00:00-05:00
ocds-dgv273-seacev3-1235515,ocds-dgv273-seacev3-1235515-2026-09-09T10:23:24.881649-05:00,1235515-20602161901,127832.0,PEN,Soles,2026-08-10T00:00:00-05:00
ocds-dgv273-seacev3-1239331,ocds-dgv273-seacev3-1239331-2026-09-09T10:23:24.693827-05:00,1239331-20546525938,1111.56,PEN,Soles,2026-08-11T00:00:00-05:00
ocds-dgv273-seacev3-1234640,ocds-dgv273-seacev3-1234640-2026-09-09T10:23:24.347067-05:00,1234640-20559644243,32700.0,PEN,Soles,2026-08-07T00:00:00-05:00
ocds-dgv273-seacev3-1233305,ocds-dgv273-seacev3-1233305-2026-09-09T10:23:24.188929-05:00,1233305-20610346007,139000.0,PEN,Soles,2026-08-04T00:00:00-05:00
ocds-dgv273-seacev3-1234034,ocds-dgv273-seacev3-1234034-2026-09-09T10:23:24.111835-05:00,1234034-1819911,261291.72,PEN,Soles,2026-08-31T00:00:00-05:00
ocds-dgv273-seacev3-1233431,ocds-dgv273-seacev3-1233431-2026-09-09T10:23:24.097549-05:00,1233431-20550773474,87356.79,PEN,Soles,2026-07-17T00:00:00-05:00
ocds-dgv273-seacev3-1237354,ocds-dgv273-seacev3-1237354-2026-09-09T10:23:23.369523-05:00,1237354-10238939441,139790.0,PEN,Soles,2026-08-26T00:00:00-05:00
ocds-dgv273-seacev3-1234326,ocds-dgv273-seacev3-1234326-2026-09-09T10:23:23.179581-05:00,1234326-20609760886,98797.0,PEN,Soles,2026-08-31T00:00:00-05:00
ocds-dgv273-seacev3-1231198,ocds-dgv273-seacev3-1231198-2026-09-09T10:23:23.142571-05:00,1231198-20604109630,103683.0,PEN,Soles,2026-08-28T00:00:00-05:00
ocds-dgv273-seacev3-1231865,ocds-dgv273-seacev3-1231865-2026-09-09T10:23:22.625044-05:00,1231865-20553231273,320500.0,PEN,Soles,2026-08-31T00:00:00-05:00
ocds-dgv273-seacev3-1232551,ocds-dgv273-seacev3-1232551-2026-09-09T10:23:21.238987-05:00,1232551-10429140337,301400.0,PEN,Soles,2026-08-28T00:00:00-05:00
ocds-dgv273-seacev3-1235868,ocds-dgv273-seacev3-1235868-2026-09-09T10:23:21.060007-05:00,1235868-10425826242,810522.9,PEN,Soles,2026-08-11T00:00:00-05:00
ocds-dgv273-seacev3-1236961,ocds-dgv273-seacev3-1236961-2026-09-09T10:23:20.568400-05:00,1236961-20600063708,238740.0,PEN,Soles,2026-08-19T00:00:00-05:00
ocds-dgv273-seacev3-1235093,ocds-dgv273-seacev3-1235093-2026-09-09T10:23:20.075039-05:00,1235093-20600190301,167788.8,PEN,Soles,2026-07-31T00:00:00-05:00
ocds-dgv273-seacev3-2026-15-12,ocds-dgv273-seacev3-2026-15-12-2026-09-09T10:23:19.325751-05:00,1231909-20341191476,1803006.6,PEN,Soles,2026-08-25T00:00:00-05:00
ocds-dgv273-seacev3-1228126,ocds-dgv273-seacev3-1228126-2026-09-08T10:14:18.632751-05:00,1228126-1819377,104508.0,PEN,Nuevos Soles,2026-08-24T00:00:00-05:00
ocds-dgv273-seacev3-1236016,ocds-dgv273-seacev3-1236016-2026-09-08T10:14:11.904869-05:00,1236016-20600852346,51464.0,PEN,Soles,2026-08-07T00:00:00-05:00
ocds-dgv273-seacev3-1234106,ocds-dgv273-seacev3-1234106-2026-09-07T10:14:54.728062-05:00,1234106-20501887286,82000.0,PEN,Soles,2026-08-18T00:00:00-05:00
ocds-dgv273-seacev3-1235579,ocds-dgv273-seacev3-1235579-2026-09-07T10:14:53.955445-05:00,1235579-20101015492,182472.0,PEN,Soles,2026-08-24T00:00:00-05:00
ocds-dgv273-seacev3-1235579,ocds-dgv273-seacev3-1235579-2026-09-07T10:14:53.955445-05:00,1235579-20434095574,192701.0,PEN,Soles,2026-08-24T00:00:00-05:00
ocds-dgv273-seacev3-1235579,ocds-dgv273-seacev3-1235579-2026-09-07T10:14:53.955445-05:00,1235579-20610169865,475718.60000000003,PEN,Soles,2026-08-24T00:00:00-05:00
ocds-dgv273-seacev3-1234057,ocds-dgv273-seacev3-1234057-2026-09-07T10:14:53.941031-05:00,1234057-10310436521,1068085.0,PEN,Soles,2026-07-30T00:00:00-05:00
ocds-dgv273-seacev3-1237284,ocds-dgv273-seacev3-1237284-2026-09-07T10:14:53.190694-05:00,1237284-20532587191,158377.0,PEN,Soles,2026-08-13T00:00:00-05:00
ocds-dgv273-seacev3-1235318,ocds-dgv273-seacev3-1235318-2026-09-07T10:14:52.937483-05:00,1235318-10323015711,363506.6,PEN,Soles,2026-09-04T00:00:00-05:00
ocds-dgv273-seacev3-1235318,ocds-dgv273-seacev3-1235318-2026-09-07T10:14:52.937483-05:00,1235318-20101015492,57939.0,PEN,Soles,2026-09-04T00:00:00-05:00
ocds-dgv273-seacev3-1235318,ocds-dgv273-seacev3-1235318-2026-09-07T10:14:52.937483-05:00,1235318-20198988490,395863.2,PEN,Soles,2026-09-04T00:00:00-05:00
ocds-dgv273-seacev3-1235318,ocds-dgv273-seacev3-1235318-2026-09-07T10:14:52.937483-05:00,1235318-20513344181,388146.0,PEN,Soles,2026-09-04T00:00:00-05:00
ocds-dgv273-seacev3-1230327,ocds-dgv273-seacev3-1230327-2026-09-07T10:14:52.814947-05:00,1230327-1810907,1258578.49,PEN,Soles,2026-07-14T00:00:00-05:00
ocds-dgv273-seacev3-1230137,ocds-dgv273-seacev3-1230137-2026-09-07T10:14:52.334355-05:00,1230137-20603067771,437828.4,PEN,Soles,2026-08-28T00:00:00-05:00
ocds-dgv273-seacev3-2026-200418-6,ocds-dgv273-seacev3-2026-200418-6-2026-09-07T10:14:51.715311-05:00,1235110-20522173933,350460.0,PEN,Soles,2026-08-05T00:00:00-05:00
ocds-dgv273-seacev3-1233294,ocds-dgv273-seacev3-1233294-2026-09-07T10:14:51.545190-05:00,1233294-1818511,1729993.35,PEN,Soles,2026-08-14T00:00:00-05:00
ocds-dgv273-seacev3-1233430,ocds-dgv273-seacev3-1233430-2026-09-07T10:14:51.347740-05:00,1233430-1822245,153729.0,PEN,Soles,2026-08-27T00:00:00-05:00
ocds-dgv273-seacev3-1233347,ocds-dgv273-seacev3-1233347-2026-09-07T10:14:51.285081-05:00,1233347-1815131,69648.38,PEN,Soles,2026-08-07T00:00:00-05:00
ocds-dgv273-seacev3-1234449,ocds-dgv273-seacev3-1234449-2026-09-07T10:14:51.060319-05:00,1234449-1818245,1126531.2,PEN,Soles,2026-08-12T00:00:00-05:00
ocds-dgv273-seacev3-1234692,ocds-dgv273-seacev3-1234692-2026-09-07T10:14:50.356127-05:00,1234692-10422201527,119400.0,PEN,Soles,2026-08-19T00:00:00-05:00
ocds-dgv273-seacev3-1236741,ocds-dgv273-seacev3-1236741-2026-09-07T10:14:50.265767-05:00,1236741-20429344531,267860.0,PEN,Soles,2026-08-27T00:00:00-05:00
ocds-dgv273-seacev3-1234079,ocds-dgv273-seacev3-1234079-2026-09-07T10:14:49.590747-05:00,1234079-1818111,581905.01,PEN,Soles,2026-08-10T00:00:00-05:00
ocds-dgv273-seacev3-1229881,ocds-dgv273-seacev3-1229881-2026-09-07T10:14:49.393382-05:00,1229881-1816801,1140002.36,PEN,Soles,2026-08-11T00:00:00-05:00
ocds-dgv273-seacev3-1232241,ocds-dgv273-seacev3-1232241-2026-09-07T10:14:49.347687-05:00,1232241-20491560909,132862.28,PEN,Soles,2026-08-04T00:00:00-05:00
ocds-dgv273-seacev3-1237474,ocds-dgv273-seacev3-1237474-2026-09-07T10:14:46.841205-05:00,1237474-20600111150,72420.0,PEN,Soles,2026-08-11T00:00:00-05:00
ocds-dgv273-seacev3-1235078,ocds-dgv273-seacev3-1235078-2026-09-07T10:14:46.514504-05:00,1235078-20604367167,288000.0,PEN,Soles,2026-08-27T00:00:00-05:00
ocds-dgv273-seacev3-1234459,ocds-dgv273-seacev3-1234459-2026-09-07T10:14:46.335982-05:00,1234459-20277897734,238059.0,PEN,Soles,2026-08-27T00:00:00-05:00
ocds-dgv273-seacev3-1236595,ocds-dgv273-seacev3-1236595-2026-09-07T10:14:46.235156-05:00,1236595-1819792,554123.14,PEN,Soles,2026-08-12T00:00:00-05:00
ocds-dgv273-seacev3-1236034,ocds-dgv273-seacev3-1236034-2026-09-07T10:14:45.981964-05:00,1236034-1819833,129046.0,PEN,Soles,2026-08-18T00:00:00-05:00
ocds-dgv273-seacev3-1235417,ocds-dgv273-seacev3-1235417-2026-09-07T10:14:45.930289-05:00,1235417-1825614,222410.0,PEN,Soles,2026-08-28T00:00:00-05:00
ocds-dgv273-seacev3-1235611,ocds-dgv273-seacev3-1235611-2026-09-07T10:14:45.883322-05:00,1235611-1820471,422914.05,PEN,Soles,2026-08-28T00:00:00-05:00
ocds-dgv273-seacev3-1237963,ocds-dgv273-seacev3-1237963-2026-09-07T10:14:45.771443-05:00,1237963-20295076781,138800.0,PEN,Soles,2026-08-27T00:00:00-05:00
ocds-dgv273-seacev3-1235072,ocds-dgv273-seacev3-1235072-2026-09-07T10:14:45.751768-05:00,1235072-20609368986,288629.98,PEN,Soles,2026-08-12T00:00:00-05:00
ocds-dgv273-seacev3-1237112,ocds-dgv273-seacev3-1237112-2026-09-07T10:14:45.508976-05:00,1237112-10450135254,129417.8,PEN,Soles,2026-08-13T00:00:00-05:00
ocds-dgv273-seacev3-1233837,ocds-dgv273-seacev3-1233837-2026-09-07T10:14:45.285464-05:00,1233837-20501543277,186200.0,PEN,Soles,2026-08-11T00:00:00-05:00
ocds-dgv273-seacev3-1233103,ocds-dgv273-seacev3-1233103-2026-09-07T10:14:45.269159-05:00,1233103-1815624,119500.0,PEN,Soles,2026-08-05T00:00:00-05:00
ocds-dgv273-seacev3-2026-739-5,ocds-dgv273-seacev3-2026-739-5-2026-09-07T10:14:45.120453-05:00,1233916-1815688,231597.62,PEN,Soles,2026-07-30T00:00:00-05:00
ocds-dgv273-seacev3-1234982,ocds-dgv273-seacev3-1234982-2026-09-07T10:14:44.912488-05:00,1234982-1814870,327488.16,PEN,Soles,2026-07-30T00:00:00-05:00
ocds-dgv273-seacev3-1230593,ocds-dgv273-seacev3-1230593-2026-09-07T10:14:44.568426-05:00,1230593-20407849699,300000.0,PEN,Soles,2026-08-11T00:00:00-05:00
ocds-dgv273-seacev3-1236283,ocds-dgv273-seacev3-1236283-2026-09-07T10:14:43.513817-05:00,1236283-20600239946,102698.75,PEN,Soles,2026-08-28T00:00:00-05:00
ocds-dgv273-seacev3-1233244,ocds-dgv273-seacev3-1233244-2026-09-07T10:14:43.258408-05:00,1233244-20550470901,56175.0,PEN,Soles,2026-08-26T00:00:00-05:00
ocds-dgv273-seacev3-1234807,ocds-dgv273-seacev3-1234807-2026-09-07T10:14:43.140423-05:00,1234807-1822882,2364851.91,PEN,Soles,2026-08-21T00:00:00-05:00
ocds-dgv273-seacev3-1235022,ocds-dgv273-seacev3-1235022-2026-09-07T10:14:43.029746-05:00,1235022-20608287958,203200.0,PEN,Soles,2026-08-07T00:00:00-05:00
ocds-dgv273-seacev3-1235022,ocds-dgv273-seacev3-1235022-2026-09-07T10:14:43.029746-05:00,1235022-20612566152,172601.0,PEN,Soles,2026-08-07T00:00:00-05:00
ocds-dgv273-seacev3-1234065,ocds-dgv273-seacev3-1234065-2026-09-07T10:14:43.015941-05:00,1234065-20253541505,135000.0,PEN,Soles,2026-08-26T00:00:00-05:00
ocds-dgv273-seacev3-1235183,ocds-dgv273-seacev3-1235183-2026-09-07T10:14:42.595082-05:00,1235183-20100018625,385567.05,PEN,Soles,2026-09-01T00:00:00-05:00
ocds-dgv273-seacev3-1235183,ocds-dgv273-seacev3-1235183-2026-09-07T10:14:42.595082-05:00,1235183-20100287791,1917660.68,PEN,Soles,2026-09-01T00:00:00-05:00
ocds-dgv273-seacev3-1235183,ocds-dgv273-seacev3-1235183-2026-09-07T10:14:42.595082-05:00,1235183-20522761525,930099.0,PEN,Soles,2026-09-01T00:00:00-05:00
ocds-dgv273-seacev3-1233964,ocds-dgv273-seacev3-1233964-2026-09-07T10:14:41.460081-05:00,1233964-20522293084,643050.2,PEN,Soles,2026-09-03T00:00:00-05:00
ocds-dgv273-seacev3-1237358,ocds-dgv273-seacev3-1237358-2026-09-07T10:14:41.287889-05:00,1237358-20604250685,78151.0,PEN,Soles,2026-08-17T00:00:00-05:00
ocds-dgv273-seacev3-2026-10046-13,ocds-dgv273-seacev3-2026-10046-13-2026-09-07T10:14:41.192861-05:00,1235780-20507634479,86400.0,PEN,Soles,2026-08-12T00:00:00-05:00
ocds-dgv273-seacev3-1235981,ocds-dgv273-seacev3-1235981-2026-09-07T10:14:41.121193-05:00,1235981-20537188333,111300.0,PEN,Soles,2026-08-27T00:00:00-05:00
ocds-dgv273-seacev3-1235548,ocds-dgv273-seacev3-1235548-2026-09-07T10:14:41.086900-05:00,1235548-20602410863,768000.0,PEN,Soles,2026-08-13T00:00:00-05:00
ocds-dgv273-seacev3-1229775,ocds-dgv273-seacev3-1229775-2026-09-07T10:14:41.052653-05:00,1229775-1811483,4599062.92,PEN,Soles,2026-07-31T00:00:00-05:00
ocds-dgv273-seacev3-1230230,ocds-dgv273-seacev3-1230230-2026-09-07T10:14:40.953207-05:00,1230230-1827672,565452.0,PEN,Soles,2026-09-03T00:00:00-05:00
ocds-dgv273-seacev3-1232275,ocds-dgv273-seacev3-1232275-2026-09-07T10:14:40.936872-05:00,1232275-1813713,76508.65,PEN,Soles,2026-08-05T00:00:00-05:00
ocds-dgv273-seacev3-1233090,ocds-dgv273-seacev3-1233090-2026-09-07T10:14:40.654960-05:00,1233090-1815523,210000.0,PEN,Soles,2026-08-05T00:00:00-05:00
ocds-dgv273-seacev3-1230528,ocds-dgv273-seacev3-1230528-2026-09-07T10:14:40.550547-05:00,1230528-20456323007,493200.0,PEN,Soles,2026-07-15T00:00:00-05:00
ocds-dgv273-seacev3-1242186,ocds-dgv273-seacev3-1242186-2026-09-07T10:14:35.268828-05:00,1242186-1823475,2133430.46,PEN,Soles,2026-08-27T00:00:00-05:00
ocds-dgv273-seacev3-2026-1926-83,ocds-dgv273-seacev3-2026-1926-83-2026-09-07T10:14:34.811379-05:00,1236838-20522333132,190000.0,PEN,Soles,2026-08-27T00:00:00-05:00
ocds-dgv273-seacev3-1233906,ocds-dgv273-seacev3-1233906-2026-09-07T10:14:34.436469-05:00,1233906-20614987082,55500.0,PEN,Soles,2026-07-31T00:00:00-05:00
ocds-dgv273-seacev3-1240961,ocds-dgv273-seacev3-1240961-2026-09-07T10:14:33.723819-05:00,1240961-1823403,5598057.89,PEN,Soles,2026-08-24T00:00:00-05:00
ocds-dgv273-seacev3-1230619,ocds-dgv273-seacev3-1230619-2026-09-07T10:14:33.597768-05:00,1230619-20600340949,284970.0,PEN,Soles,2026-09-03T00:00:00-05:00
ocds-dgv273-seacev3-1237473,ocds-dgv273-seacev3-1237473-2026-09-07T10:14:33.265436-05:00,1237473-20600852346,54740.0,PEN,Soles,2026-08-19T00:00:00-05:00
ocds-dgv273-seacev3-1237516,ocds-dgv273-seacev3-1237516-2026-09-07T10:14:32.268089-05:00,1237516-1823455,774890.0,PEN,Soles,2026-08-27T00:00:00-05:00
ocds-dgv273-seacev3-2026-1922-84,ocds-dgv273-seacev3-2026-1922-84-2026-09-07T10:14:31.935980-05:00,1232457-20552075341,460000.0,PEN,Soles,2026-07-31T00:00:00-05:00
ocds-dgv273-seacev3-1235601,ocds-dgv273-seacev3-1235601-2026-09-07T10:14:31.483261-05:00,1235601-20448439519,101014.0,PEN,Soles,2026-08-26T00:00:00-05:00
ocds-dgv273-seacev3-1234975,ocds-dgv273-seacev3-1234975-2026-09-07T10:14:31.392934-05:00,1234975-20166103054,177364.2,PEN,Soles,2026-08-14T00:00:00-05:00
ocds-dgv273-seacev3-1237749,ocds-dgv273-seacev3-1237749-2026-09-07T10:14:31.254001-05:00,1237749-20534378344,693968.17,PEN,Soles,2026-08-14T00:00:00-05:00
ocds-dgv273-seacev3-1233286,ocds-dgv273-seacev3-1233286-2026-09-07T10:14:31.239278-05:00,1233286-20511037001,80475.0,PEN,Nuevos Soles,2026-07-24T00:00:00-05:00
ocds-dgv273-seacev3-1232242,ocds-dgv273-seacev3-1232242-2026-09-07T10:14:31.043051-05:00,1232242-1817778,218482.11,PEN,Soles,2026-08-11T00:00:00-05:00
ocds-dgv273-seacev3-1236668,ocds-dgv273-seacev3-1236668-2026-09-07T10:14:30.843676-05:00,1236668-1820317,121892.81,PEN,Soles,2026-08-18T00:00:00-05:00
ocds-dgv273-seacev3-1236780,ocds-dgv273-seacev3-1236780-2026-09-07T10:14:29.731510-05:00,1236780-20182246078,4021547.92,PEN,Soles,2026-08-10T00:00:00-05:00
ocds-dgv273-seacev3-1230106,ocds-dgv273-seacev3-1230106-2026-09-07T10:14:28.837848-05:00,1230106-1816016,385200.0,PEN,Soles,2026-08-28T00:00:00-05:00
ocds-dgv273-seacev3-1231079,ocds-dgv273-seacev3-1231079-2026-09-07T10:14:28.795063-05:00,1231079-1819820,1870000.0,PEN,Soles,2026-08-12T00:00:00-05:00
ocds-dgv273-seacev3-2026-10615-24,ocds-dgv273-seacev3-2026-10615-24-2026-09-07T10:14:25.910640-05:00,1236275-1820616,105000.0,PEN,Soles,2026-08-17T00:00:00-05:00
ocds-dgv273-seacev3-1237604,ocds-dgv273-seacev3-1237604-2026-09-07T10:14:25.774427-05:00,1237604-10456643898,129338.38,PEN,Soles,2026-08-14T00:00:00-05:00
ocds-dgv273-seacev3-1247606,ocds-dgv273-seacev3-1247606-2026-09-07T10:14:25.702851-05:00,1247606-10154434751,22000.0,PEN,Soles,2026-09-04T00:00:00-05:00
ocds-dgv273-seacev3-1234950,ocds-dgv273-seacev3-1234950-2026-09-07T10:14:25.384377-05:00,1234950-20550596751,71000.0,PEN,Soles,2026-08-07T00:00:00-05:00
ocds-dgv273-seacev3-1235024,ocds-dgv273-seacev3-1235024-2026-09-07T10:14:25.008474-05:00,1235024-20542218356,195000.0,PEN,Soles,2026-08-13T00:00:00-05:00
ocds-dgv273-seacev3-1237517,ocds-dgv273-seacev3-1237517-2026-09-07T10:14:24.669016-05:00,1237517-20556731285,45900.0,PEN,Soles,2026-08-27T00:00:00-05:00
ocds-dgv273-seacev3-1232989,ocds-dgv273-seacev3-1232989-2026-09-07T10:14:24.593639-05:00,1232989-20100018625,130500.0,PEN,Soles,2026-08-03T00:00:00-05:00
ocds-dgv273-seacev3-1232989,ocds-dgv273-seacev3-1232989-2026-09-07T10:14:24.593639-05:00,1232989-20604767513,272580.0,PEN,Soles,2026-08-03T00:00:00-05:00
ocds-dgv273-seacev3-1236476,ocds-dgv273-seacev3-1236476-2026-09-07T10:14:24.558328-05:00,1236476-1823886,248000.0,PEN,Soles,2026-08-24T00:00:00-05:00
ocds-dgv273-seacev3-2026-1982-5,ocds-dgv273-seacev3-2026-1982-5-2026-09-07T10:14:24.480671-05:00,1237741-20342868844,1072455.0,PEN,Soles,2026-09-03T00:00:00-05:00
ocds-dgv273-seacev3-1235800,ocds-dgv273-seacev3-1235800-2026-09-07T10:14:24.420110-05:00,1235800-20511102775,115540.0,PEN,Soles,2026-08-11T00:00:00-05:00
ocds-dgv273-seacev3-1235327,ocds-dgv273-seacev3-1235327-2026-09-07T10:14:24.406609-05:00,1235327-20601673003,350035.2,PEN,Soles,2026-09-02T00:00:00-05:00
ocds-dgv273-seacev3-1234981,ocds-dgv273-seacev3-1234981-2026-09-07T10:14:24.388906-05:00,1234981-20101015492,680739.0,PEN,Soles,2026-08-24T00:00:00-05:00
ocds-dgv273-seacev3-1234981,ocds-dgv273-seacev3-1234981-2026-09-07T10:14:24.388906-05:00,1234981-20198988490,1411696.4,PEN,Soles,2026-08-24T00:00:00-05:00
ocds-dgv273-seacev3-1234981,ocds-dgv273-seacev3-1234981-2026-09-07T10:14:24.388906-05:00,1234981-20434095574,869000.0,PEN,Soles,2026-08-24T00:00:00-05:00
ocds-dgv273-seacev3-1235811,ocds-dgv273-seacev3-1235811-2026-09-07T10:14:24.337564-05:00,1235811-20491202069,65200.0,PEN,Soles,2026-08-03T00:00:00-05:00
ocds-dgv273-seacev3-1235619,ocds-dgv273-seacev3-1235619-2026-09-07T10:14:24.322262-05:00,1235619-20608515217,94416.9,PEN,Soles,2026-08-27T00:00:00-05:00
ocds-dgv273-seacev3-2026-2543-456,ocds-dgv273-seacev3-2026-2543-456-2026-09-07T10:14:24.302869-05:00,1236236-20155695901,1020000.0,PEN,Soles,2026-09-03T00:00:00-05:00
ocds-dgv273-seacev3-1235915,ocds-dgv273-seacev3-1235915-2026-09-07T10:14:23.878432-05:00,1235915-20601069882,46000.0,PEN,Soles,2026-08-26T00:00:00-05:00
ocds-dgv273-seacev3-2026-1003001687-13,ocds-dgv273-seacev3-2026-1003001687-13-2026-09-07T10:14:23.412162-05:00,1233884-20609512262,75000.0,PEN,Soles,2026-08-17T00:00:00-05:00
ocds-dgv273-seacev3-1236715,ocds-dgv273-seacev3-1236715-2026-09-07T10:14:23.289477-05:00,1236715-20605644121,224400.0,PEN,Soles,2026-08-27T00:00:00-05:00
ocds-dgv273-seacev3-1229753,ocds-dgv273-seacev3-1229753-2026-09-07T10:14:22.165326-05:00,1229753-20546691862,132415.17,PEN,Soles,2026-08-25T00:00:00-05:00
ocds-dgv273-seacev3-1236134,ocds-dgv273-seacev3-1236134-2026-09-07T10:14:21.998014-05:00,1236134-20507634479,240494.28,PEN,Soles,2026-08-14T00:00:00-05:00
ocds-dgv273-seacev3-1231713,ocds-dgv273-seacev3-1231713-2026-09-07T10:14:21.925753-05:00,1231713-1817646,286401.12,PEN,Soles,2026-08-07T00:00:00-05:00
ocds-dgv273-seacev3-1236084,ocds-dgv273-seacev3-1236084-2026-09-07T10:14:21.552551-05:00,1236084-20450700771,75540.0,PEN,Soles,2026-08-12T11:44:36-05:00
ocds-dgv273-seacev3-1235056,ocds-dgv273-seacev3-1235056-2026-09-07T10:14:21.502511-05:00,1235056-1817200,109711.6,PEN,Soles,2026-08-27T00:00:00-05:00
ocds-dgv273-seacev3-1234005,ocds-dgv273-seacev3-1234005-2026-09-07T10:14:21.342943-05:00,1234005-1817422,365138.0,PEN,Soles,2026-09-04T00:00:00-05:00
ocds-dgv273-seacev3-1233904,ocds-dgv273-seacev3-1233904-2026-09-07T10:14:21.236881-05:00,1233904-1825501,3480000.0,PEN,Soles,2026-09-03T00:00:00-05:00
ocds-dgv273-seacev3-1237299,ocds-dgv273-seacev3-1237299-2026-09-07T10:14:21.164643-05:00,1237299-20563136562,64310.0,PEN,Soles,2026-08-17T12:56:10-05:00
ocds-dgv273-seacev3-1234279,ocds-dgv273-seacev3-1234279-2026-09-07T10:14:20.787784-05:00,1234279-20607004103,333279.0,PEN,Soles,2026-09-03T00:00:00-05:00
ocds-dgv273-seacev3-2026-2543-890,ocds-dgv273-seacev3-2026-2543-890-2026-09-07T10:14:20.479428-05:00,1230766-20509173801,330000.0,PEN,Soles,2026-08-04T00:00:00-05:00
ocds-dgv273-seacev3-1232265,ocds-dgv273-seacev3-1232265-2026-09-07T10:14:20.425687-05:00,1232265-20607171093,78000.0,PEN,Soles,2026-08-27T00:00:00-05:00
ocds-dgv273-seacev3-1230856,ocds-dgv273-seacev3-1230856-2026-09-07T10:14:20.389318-05:00,1230856-20601927862,119600.0,PEN,Soles,2026-08-17T00:00:00-05:00
ocds-dgv273-seacev3-2026-2543-466,ocds-dgv273-seacev3-2026-2543-466-2026-09-07T10:14:20.322764-05:00,1229455-20606371862,160000.0,PEN,Soles,2026-08-27T00:00:00-05:00
ocds-dgv273-seacev3-1231640,ocds-dgv273-seacev3-1231640-2026-09-07T10:14:16.024771-05:00,1231640-10705102061,192000.0,PEN,Soles,2026-07-09T00:00:00-05:00
ocds-dgv273-seacev3-1234526,ocds-dgv273-seacev3-1234526-2026-09-07T10:14:15.998843-05:00,1234526-20338570041,320000.0,PEN,Soles,2026-08-21T00:00:00-05:00
ocds-dgv273-seacev3-1236170,ocds-dgv273-seacev3-1236170-2026-09-07T10:14:15.788886-05:00,1236170-1823524,60300.0,PEN,Soles,2026-09-03T00:00:00-05:00
ocds-dgv273-seacev3-2026-10615-22,ocds-dgv273-seacev3-2026-10615-22-2026-09-07T10:14:15.237517-05:00,1234537-1824757,1142415.25,PEN,Soles,2026-08-26T00:00:00-05:00
ocds-dgv273-seacev3-2026-317-1,ocds-dgv273-seacev3-2026-317-1-2026-09-07T10:14:15.110552-05:00,1231637-20502445805,374150.0,PEN,Soles,2026-07-20T17:44:08-05:00
ocds-dgv273-seacev3-1234937,ocds-dgv273-seacev3-1234937-2026-09-07T10:14:14.672606-05:00,1234937-20516474085,184999.0,PEN,Soles,2026-08-10T00:00:00-05:00
ocds-dgv273-seacev3-1241662,ocds-dgv273-seacev3-1241662-2026-09-07T10:14:14.490400-05:00,1241662-1825046,398510.5,PEN,Soles,2026-08-27T00:00:00-05:00
ocds-dgv273-seacev3-1234123,ocds-dgv273-seacev3-1234123-2026-09-07T10:14:14.452357-05:00,1234123-10310034580,57000.0,PEN,Soles,2026-07-30T19:01:21-05:00
ocds-dgv273-seacev3-1236539,ocds-dgv273-seacev3-1236539-2026-09-07T10:14:14.277929-05:00,1236539-20467534026,21619000.0,PEN,Soles,2026-07-30T00:00:00-05:00
ocds-dgv273-seacev3-1232506,ocds-dgv273-seacev3-1232506-2026-09-07T10:14:14.219237-05:00,1232506-1814608,436917.44,PEN,Soles,2026-08-07T00:00:00-05:00
ocds-dgv273-seacev3-1230869,ocds-dgv273-seacev3-1230869-2026-09-07T10:14:14.210098-05:00,1230869-1813662,440140.54,PEN,Nuevos Soles,2026-07-31T00:00:00-05:00
ocds-dgv273-seacev3-1235334,ocds-dgv273-seacev3-1235334-2026-09-07T10:14:13.952607-05:00,1235334-1819517,300155.1,PEN,Soles,2026-08-12T00:00:00-05:00
ocds-dgv273-seacev3-1231489,ocds-dgv273-seacev3-1231489-2026-09-07T10:14:13.836662-05:00,1231489-20571573645,74800.0,PEN,Soles,2026-07-30T00:00:00-05:00
ocds-dgv273-seacev3-2026-10137-23,ocds-dgv273-seacev3-2026-10137-23-2026-09-07T10:14:13.720098-05:00,1234596-20507634479,339913.73,PEN,Soles,2026-08-05T00:00:00-05:00
ocds-dgv273-seacev3-2026-1391-1,ocds-dgv273-seacev3-2026-1391-1-2026-09-07T10:14:13.654319-05:00,1235655-20612648671,604130.0,PEN,Soles,2026-09-04T00:00:00-05:00
ocds-dgv273-seacev3-1236965,ocds-dgv273-seacev3-1236965-2026-09-07T10:14:13.373827-05:00,1236965-10706719526,79892.0,PEN,Soles,2026-08-17T00:00:00-05:00
ocds-dgv273-seacev3-1231970,ocds-dgv273-seacev3-1231970-2026-09-07T10:14:13.317261-05:00,1231970-20600386477,1191058.82,PEN,Soles,2026-08-03T00:00:00-05:00
ocds-dgv273-seacev3-1233385,ocds-dgv273-seacev3-1233385-2026-09-07T10:14:13.298974-05:00,1233385-1817162,120000.0,PEN,Soles,2026-08-07T00:00:00-05:00
ocds-dgv273-seacev3-1236942,ocds-dgv273-seacev3-1236942-2026-09-07T10:14:13.150701-05:00,1236942-20523470761,53680.0,PEN,Soles,2026-08-17T00:00:00-05:00
ocds-dgv273-seacev3-1233859,ocds-dgv273-seacev3-1233859-2026-09-07T10:14:13.128428-05:00,1233859-20603471955,165000.0,PEN,Soles,2026-08-17T00:00:00-05:00
ocds-dgv273-seacev3-1230824,ocds-dgv273-seacev3-1230824-2026-09-07T10:14:12.707672-05:00,1230824-10488005184,99890.0,PEN,Soles,2026-07-16T00:00:00-05:00
ocds-dgv273-seacev3-1234988,ocds-dgv273-seacev3-1234988-2026-09-07T10:14:12.668564-05:00,1234988-20570813171,75483.13,PEN,Soles,2026-09-02T00:00:00-05:00
ocds-dgv273-seacev3-1235127,ocds-dgv273-seacev3-1235127-2026-09-07T10:14:12.077687-05:00,1235127-10095307553,264540.0,PEN,Soles,2026-08-12T00:00:00-05:00
ocds-dgv273-seacev3-1230451,ocds-dgv273-seacev3-1230451-2026-09-07T10:14:10.941601-05:00,1230451-20600616235,483800.95,PEN,Soles,2026-07-31T00:00:00-05:00
ocds-dgv273-seacev3-1234997,ocds-dgv273-seacev3-1234997-2026-09-07T10:14:10.514378-05:00,1234997-10002419365,229782.0,PEN,Soles,2026-08-07T00:00:00-05:00
ocds-dgv273-seacev3-1234997,ocds-dgv273-seacev3-1234997-2026-09-07T10:14:10.514378-05:00,1234997-20608287958,324900.0,PEN,Soles,2026-08-07T00:00:00-05:00
ocds-dgv273-seacev3-1234997,ocds-dgv273-seacev3-1234997-2026-09-07T10:14:10.514378-05:00,1234997-20610079050,346608.82,PEN,Soles,2026-08-07T00:00:00-05:00
ocds-dgv273-seacev3-1234997,ocds-dgv273-seacev3-1234997-2026-09-07T10:14:10.514378-05:00,1234997-20612566152,494592.56,PEN,Soles,2026-08-07T00:00:00-05:00
ocds-dgv273-seacev3-1244852,ocds-dgv273-seacev3-1244852-2026-09-07T10:14:10.475639-05:00,1244852-20563379112,69999.0,PEN,Soles,2026-09-03T00:00:00-05:00
ocds-dgv273-seacev3-1241739,ocds-dgv273-seacev3-1241739-2026-09-07T10:14:10.239803-05:00,1241739-1822755,427593.94,PEN,Soles,2026-08-27T00:00:00-05:00
ocds-dgv273-seacev3-1235838,ocds-dgv273-seacev3-1235838-2026-09-07T10:14:10.163446-05:00,1235838-20490600257,198000.0,PEN,Soles,2026-08-11T00:00:00-05:00
ocds-dgv273-seacev3-1235984,ocds-dgv273-seacev3-1235984-2026-09-07T10:14:09.839322-05:00,1235984-1819702,158776.0,PEN,Soles,2026-08-14T00:00:00-05:00
ocds-dgv273-seacev3-1230330,ocds-dgv273-seacev3-1230330-2026-09-07T10:14:09.744574-05:00,1230330-1812427,1462831.25,PEN,Soles,2026-07-20T00:00:00-05:00
ocds-dgv273-seacev3-2026-10167-4,ocds-dgv273-seacev3-2026-10167-4-2026-09-07T10:14:09.641703-05:00,1232908-20610253998,2290762.8,PEN,Soles,2026-08-24T00:00:00-05:00
ocds-dgv273-seacev3-1232619,ocds-dgv273-seacev3-1232619-2026-09-07T10:14:09.622049-05:00,1232619-20491854058,289640.0,PEN,Soles,2026-08-27T00:00:00-05:00
ocds-dgv273-seacev3-1231730,ocds-dgv273-seacev3-1231730-2026-09-07T10:14:09.585510-05:00,1231730-20602120831,918900.0,PEN,Soles,2026-08-25T00:00:00-05:00
ocds-dgv273-seacev3-1231590,ocds-dgv273-seacev3-1231590-2026-09-07T10:14:09.341703-05:00,1231590-1815558,33972402.22,PEN,Soles,2026-08-04T00:00:00-05:00
ocds-dgv273-seacev3-2026-12-16,ocds-dgv273-seacev3-2026-12-16-2026-09-05T13:37:09.587311-05:00,1233898-20341191476,221259.4,PEN,Soles,2026-09-02T00:00:00-05:00
ocds-dgv273-seacev3-1235114,ocds-dgv273-seacev3-1235114-2026-09-05T13:37:09.330220-05:00,1235114-20609292149,124384.45,PEN,Soles,2026-09-03T00:00:00-05:00
ocds-dgv273-seacev3-1234744,ocds-dgv273-seacev3-1234744-2026-09-05T13:37:09.014994-05:00,1234744-1820877,464780.5,PEN,Soles,2026-08-25T00:00:00-05:00
ocds-dgv273-seacev3-1237167,ocds-dgv273-seacev3-1237167-2026-09-05T13:37:08.859506-05:00,1237167-1827851,5919330.21,PEN,Soles,2026-09-03T00:00:00-05:00
ocds-dgv273-seacev3-1232700,ocds-dgv273-seacev3-1232700-2026-09-05T13:37:08.796919-05:00,1232700-20604045852,115000.0,PEN,Soles,2026-07-30T00:00:00-05:00
ocds-dgv273-seacev3-1236846,ocds-dgv273-seacev3-1236846-2026-09-05T13:37:08.665120-05:00,1236846-1819479,110000.0,PEN,Soles,2026-08-12T00:00:00-05:00
ocds-dgv273-seacev3-1236330,ocds-dgv273-seacev3-1236330-2026-09-05T13:37:08.554351-05:00,1236330-20605019995,195000.0,PEN,Soles,2026-08-12T00:00:00-05:00
ocds-dgv273-seacev3-1231466,ocds-dgv273-seacev3-1231466-2026-09-05T13:37:08.409163-05:00,1231466-1813123,268500.0,PEN,Soles,2026-08-04T00:00:00-05:00
ocds-dgv273-seacev3-1237009,ocds-dgv273-seacev3-1237009-2026-09-05T13:37:08.350860-05:00,1237009-1826790,1022735.53,PEN,Soles,2026-09-03T00:00:00-05:00
ocds-dgv273-seacev3-1235023,ocds-dgv273-seacev3-1235023-2026-09-05T13:37:05.433190-05:00,1235023-20601906822,134000.0,PEN,Soles,2026-08-18T00:00:00-05:00
ocds-dgv273-seacev3-1238696,ocds-dgv273-seacev3-1238696-2026-09-05T13:37:04.386384-05:00,1238696-20494883865,179496.0,PEN,Soles,2026-08-12T00:00:00-05:00
ocds-dgv273-seacev3-1236891,ocds-dgv273-seacev3-1236891-2026-09-05T13:37:03.756336-05:00,1236891-1826292,1176765.45,PEN,Soles,2026-09-02T00:00:00-05:00
ocds-dgv273-seacev3-1235277,ocds-dgv273-seacev3-1235277-2026-09-05T13:37:03.679077-05:00,1235277-1819423,1525551.68,PEN,Soles,2026-08-13T00:00:00-05:00
ocds-dgv273-seacev3-1233747,ocds-dgv273-seacev3-1233747-2026-09-05T13:37:03.611968-05:00,1233747-20610346007,84000.0,PEN,Soles,2026-08-03T00:00:00-05:00
ocds-dgv273-seacev3-2026-10420-1,ocds-dgv273-seacev3-2026-10420-1-2026-09-05T13:37:03.410154-05:00,1234690-20558243717,228251.4,PEN,Soles,2026-08-05T00:00:00-05:00
ocds-dgv273-seacev3-1237091,ocds-dgv273-seacev3-1237091-2026-09-05T13:37:03.304169-05:00,1237091-1819834,474555.59,PEN,Soles,2026-08-26T00:00:00-05:00
ocds-dgv273-seacev3-1232147,ocds-dgv273-seacev3-1232147-2026-09-05T13:37:02.928813-05:00,1232147-20454168365,4544635.33,PEN,Soles,2026-08-27T00:00:00-05:00
ocds-dgv273-seacev3-1231043,ocds-dgv273-seacev3-1231043-2026-09-05T13:37:02.649024-05:00,1231043-20612859605,43800.0,PEN,Soles,2026-07-24T00:00:00-05:00
ocds-dgv273-seacev3-1231043,ocds-dgv273-seacev3-1231043-2026-09-05T13:37:02.649024-05:00,1231043-10431339167,45900.0,PEN,Soles,2026-08-27T00:00:00-05:00
ocds-dgv273-seacev3-1241332,ocds-dgv273-seacev3-1241332-2026-09-05T13:36:58.055409-05:00,1241332-20603430086,106273.35,PEN,Soles,2026-08-13T00:00:00-05:00
ocds-dgv273-seacev3-1234903,ocds-dgv273-seacev3-1234903-2026-09-05T13:36:57.995847-05:00,1234903-20609292149,78461.45,PEN,Soles,2026-09-03T00:00:00-05:00
ocds-dgv273-seacev3-1235428,ocds-dgv273-seacev3-1235428-2026-09-05T13:36:57.554651-05:00,1235428-20512075135,130000.0,PEN,Nuevos Soles,2026-08-13T00:00:00-05:00
ocds-dgv273-seacev3-1238327,ocds-dgv273-seacev3-1238327-2026-09-05T13:36:57.171952-05:00,1238327-1821865,27668917.91,PEN,Soles,2026-08-21T00:00:00-05:00
ocds-dgv273-seacev3-1236897,ocds-dgv273-seacev3-1236897-2026-09-05T13:36:56.849847-05:00,1236897-20506407100,449537.0,PEN,Soles,2026-07-31T00:00:00-05:00
ocds-dgv273-seacev3-1234233,ocds-dgv273-seacev3-1234233-2026-09-05T13:36:55.567520-05:00,1234233-1819253,307900.0,PEN,Soles,2026-08-26T00:00:00-05:00
ocds-dgv273-seacev3-1235477,ocds-dgv273-seacev3-1235477-2026-09-05T13:36:55.241952-05:00,1235477-20601173221,12737226.3,PEN,Soles,2026-08-20T15:15:19-05:00
ocds-dgv273-seacev3-1235009,ocds-dgv273-seacev3-1235009-2026-09-05T13:36:55.056261-05:00,1235009-20609292149,86104.2,PEN,Soles,2026-09-03T00:00:00-05:00
ocds-dgv273-seacev3-1237928,ocds-dgv273-seacev3-1237928-2026-09-05T13:36:54.857549-05:00,1237928-1825717,1760723.64,PEN,Soles,2026-09-01T00:00:00-05:00
ocds-dgv273-seacev3-1237068,ocds-dgv273-seacev3-1237068-2026-09-05T13:36:54.840676-05:00,1237068-1820420,476149.73,PEN,Soles,2026-08-14T00:00:00-05:00
ocds-dgv273-seacev3-2026-1908-65,ocds-dgv273-seacev3-2026-1908-65-2026-09-05T13:36:54.459205-05:00,1233230-1814840,163930.0,PEN,Soles,2026-08-05T00:00:00-05:00
ocds-dgv273-seacev3-1231788,ocds-dgv273-seacev3-1231788-2026-09-05T13:36:54.067082-05:00,1231788-20100177341,823074.0,PEN,Soles,2026-07-10T00:00:00-05:00
ocds-dgv273-seacev3-1237961,ocds-dgv273-seacev3-1237961-2026-09-05T13:36:52.242966-05:00,1237961-10166248154,129400.0,PEN,Soles,2026-08-14T00:00:00-05:00
ocds-dgv273-seacev3-1233290,ocds-dgv273-seacev3-1233290-2026-09-05T13:36:52.131656-05:00,1233290-20100375738,143341.68,PEN,Soles,2026-08-26T00:00:00-05:00
ocds-dgv273-seacev3-1232369,ocds-dgv273-seacev3-1232369-2026-09-05T13:36:51.530810-05:00,1232369-10712580921,49526.08,PEN,Soles,2026-08-13T00:00:00-05:00
ocds-dgv273-seacev3-2026-200520-1,ocds-dgv273-seacev3-2026-200520-1-2026-09-05T13:36:51.510898-05:00,1231850-20557219987,3179885.04,PEN,Soles,2026-08-21T00:00:00-05:00
ocds-dgv273-seacev3-1237221,ocds-dgv273-seacev3-1237221-2026-09-05T13:36:46.502337-05:00,1237221-1821326,229854.75,PEN,Soles,2026-08-18T00:00:00-05:00
ocds-dgv273-seacev3-1235117,ocds-dgv273-seacev3-1235117-2026-09-05T13:36:46.413263-05:00,1235117-1817091,423964.96,PEN,Soles,2026-08-27T00:00:00-05:00
ocds-dgv273-seacev3-1234918,ocds-dgv273-seacev3-1234918-2026-09-05T13:36:46.107994-05:00,1234918-1817698,235190.35,PEN,Soles,2026-08-10T00:00:00-05:00
ocds-dgv273-seacev3-1237270,ocds-dgv273-seacev3-1237270-2026-09-05T13:36:45.866144-05:00,1237270-20601739829,96000.0,PEN,Soles,2026-08-17T00:00:00-05:00
ocds-dgv273-seacev3-1235478,ocds-dgv273-seacev3-1235478-2026-09-05T13:36:45.564538-05:00,1235478-10238393294,95984.0,PEN,Soles,2026-08-18T00:00:00-05:00
ocds-dgv273-seacev3-1235663,ocds-dgv273-seacev3-1235663-2026-09-05T13:36:45.324680-05:00,1235663-20608218921,369474.61,PEN,Soles,2026-08-27T00:00:00-05:00
ocds-dgv273-seacev3-1233547,ocds-dgv273-seacev3-1233547-2026-09-05T13:36:45.292548-05:00,1233547-20562893998,80000.0,PEN,Soles,2026-08-19T00:00:00-05:00
ocds-dgv273-seacev3-1236276,ocds-dgv273-seacev3-1236276-2026-09-05T13:36:45.087578-05:00,1236276-1822407,2417269.07,PEN,Soles,2026-08-26T00:00:00-05:00
ocds-dgv273-seacev3-1235829,ocds-dgv273-seacev3-1235829-2026-09-05T13:36:45.071869-05:00,1235829-1818789,310232.77,PEN,Soles,2026-08-11T00:00:00-05:00
ocds-dgv273-seacev3-1230492,ocds-dgv273-seacev3-1230492-2026-09-05T13:36:44.992660-05:00,1230492-10420498883,100000.0,PEN,Soles,2026-08-25T00:00:00-05:00
ocds-dgv273-seacev3-1235278,ocds-dgv273-seacev3-1235278-2026-09-05T13:36:44.824386-05:00,1235278-20518874684,411600.0,PEN,Soles,2026-08-11T00:00:00-05:00
ocds-dgv273-seacev3-1231461,ocds-dgv273-seacev3-1231461-2026-09-05T13:36:44.699422-05:00,1231461-10443335167,139902.0,PEN,Soles,2026-07-16T00:00:00-05:00
ocds-dgv273-seacev3-1235799,ocds-dgv273-seacev3-1235799-2026-09-05T13:36:44.426295-05:00,1235799-20522338797,229292.0,PEN,Soles,2026-08-12T00:00:00-05:00
ocds-dgv273-seacev3-2026-1908-63,ocds-dgv273-seacev3-2026-1908-63-2026-09-05T13:36:44.038453-05:00,1233235-1814846,178100.0,PEN,Soles,2026-08-04T00:00:00-05:00
ocds-dgv273-seacev3-1237457,ocds-dgv273-seacev3-1237457-2026-09-05T13:36:43.159521-05:00,1237457-20604250685,185000.0,PEN,Soles,2026-08-12T00:00:00-05:00
ocds-dgv273-seacev3-1234714,ocds-dgv273-seacev3-1234714-2026-09-05T13:36:42.972296-05:00,1234714-20109161609,114000.0,PEN,Soles,2026-08-24T00:00:00-05:00
ocds-dgv273-seacev3-1236063,ocds-dgv273-seacev3-1236063-2026-09-05T13:36:42.926754-05:00,1236063-1818077,2679993.93,PEN,Soles,2026-08-07T00:00:00-05:00
ocds-dgv273-seacev3-1237964,ocds-dgv273-seacev3-1237964-2026-09-05T13:36:42.874165-05:00,1237964-1820807,1048887.34,PEN,Soles,2026-08-14T00:00:00-05:00
ocds-dgv273-seacev3-1236040,ocds-dgv273-seacev3-1236040-2026-09-05T13:36:42.553344-05:00,1236040-20563626578,418000.0,PEN,Soles,2026-08-26T00:00:00-05:00
ocds-dgv273-seacev3-1234073,ocds-dgv273-seacev3-1234073-2026-09-05T13:36:42.291846-05:00,1234073-20486783606,1820620.91,PEN,Soles,2026-08-26T00:00:00-05:00
ocds-dgv273-seacev3-1234400,ocds-dgv273-seacev3-1234400-2026-09-05T13:36:42.204087-05:00,1234400-1821886,312780.24,PEN,Soles,2026-08-25T00:00:00-05:00
ocds-dgv273-seacev3-1237093,ocds-dgv273-seacev3-1237093-2026-09-05T13:36:42.110281-05:00,1237093-20600616235,280374.0,PEN,Soles,2026-08-11T17:20:32-05:00
ocds-dgv273-seacev3-1235541,ocds-dgv273-seacev3-1235541-2026-09-05T13:36:41.960543-05:00,1235541-20609994992,107352.0,PEN,Soles,2026-08-12T00:00:00-05:00
ocds-dgv273-seacev3-1235336,ocds-dgv273-seacev3-1235336-2026-09-05T13:36:41.596904-05:00,1235336-1819112,240796.71,PEN,Soles,2026-08-13T00:00:00-05:00
ocds-dgv273-seacev3-1235163,ocds-dgv273-seacev3-1235163-2026-09-05T13:36:41.579057-05:00,1235163-20609292149,94335.0,PEN,Soles,2026-09-03T00:00:00-05:00
ocds-dgv273-seacev3-1234394,ocds-dgv273-seacev3-1234394-2026-09-05T13:36:41.562337-05:00,1234394-20533647724,71500.0,PEN,Soles,2026-08-10T00:00:00-05:00
ocds-dgv273-seacev3-1234173,ocds-dgv273-seacev3-1234173-2026-09-05T13:36:41.361640-05:00,1234173-1813447,162628.2,PEN,Soles,2026-07-20T00:00:00-05:00
ocds-dgv273-seacev3-1234016,ocds-dgv273-seacev3-1234016-2026-09-05T13:36:41.232746-05:00,1234016-20601152291,379682.62,PEN,Soles,2026-07-21T00:00:00-05:00
ocds-dgv273-seacev3-1234216,ocds-dgv273-seacev3-1234216-2026-09-05T13:36:40.898606-05:00,1234216-1816997,199800.0,PEN,Soles,2026-08-03T00:00:00-05:00
ocds-dgv273-seacev3-1230703,ocds-dgv273-seacev3-1230703-2026-09-05T13:36:40.860067-05:00,1230703-20427862331,456035.8,PEN,Soles,2026-09-03T00:00:00-05:00
ocds-dgv273-seacev3-2026-6-82,ocds-dgv273-seacev3-2026-6-82-2026-09-05T13:36:40.659256-05:00,1232716-20601726191,46500.0,PEN,Soles,2026-07-24T00:00:00-05:00
ocds-dgv273-seacev3-1234922,ocds-dgv273-seacev3-1234922-2026-09-05T13:36:40.391078-05:00,1234922-20605945547,223091.6,PEN,Soles,2026-08-13T00:00:00-05:00
ocds-dgv273-seacev3-1234277,ocds-dgv273-seacev3-1234277-2026-09-05T13:36:39.864477-05:00,1234277-10249490640,125580.0,PEN,Soles,2026-08-04T00:00:00-05:00
ocds-dgv273-seacev3-1232196,ocds-dgv273-seacev3-1232196-2026-09-05T13:36:39.691009-05:00,1232196-20607742406,81000.0,PEN,Soles,2026-08-03T00:00:00-05:00
ocds-dgv273-seacev3-1232235,ocds-dgv273-seacev3-1232235-2026-09-05T13:36:39.554186-05:00,1232235-1816436,143952.54,PEN,Soles,2026-08-11T00:00:00-05:00
ocds-dgv273-seacev3-2026-200266-25,ocds-dgv273-seacev3-2026-200266-25-2026-09-05T13:36:39.539479-05:00,1231078-20605031251,107487.72,PEN,Soles,2026-08-25T00:00:00-05:00
ocds-dgv273-seacev3-1232880,ocds-dgv273-seacev3-1232880-2026-09-05T13:36:39.416945-05:00,1232880-10412372528,108603.0,PEN,Soles,2026-07-24T00:00:00-05:00
ocds-dgv273-seacev3-1232880,ocds-dgv273-seacev3-1232880-2026-09-05T13:36:39.416945-05:00,1232880-20612348708,76370.0,PEN,Soles,2026-07-24T00:00:00-05:00
ocds-dgv273-seacev3-1235580,ocds-dgv273-seacev3-1235580-2026-09-05T13:36:39.400599-05:00,1235580-20487569136,403560.38,PEN,Soles,2026-08-05T00:00:00-05:00
ocds-dgv273-seacev3-1232501,ocds-dgv273-seacev3-1232501-2026-09-05T13:36:39.351556-05:00,1232501-20611540800,78260.0,PEN,Soles,2026-07-31T11:40:59-05:00
ocds-dgv273-seacev3-1231488,ocds-dgv273-seacev3-1231488-2026-09-05T13:36:39.266704-05:00,1231488-20607960594,238400.0,PEN,Soles,2026-08-03T00:00:00-05:00
ocds-dgv273-seacev3-1230639,ocds-dgv273-seacev3-1230639-2026-09-05T13:36:39.250596-05:00,1230639-20600477481,399938.0,PEN,Soles,2026-08-25T00:00:00-05:00
ocds-dgv273-seacev3-1230724,ocds-dgv273-seacev3-1230724-2026-09-05T13:36:39.200950-05:00,1230724-20610619755,84000.0,PEN,Soles,2026-07-17T00:00:00-05:00
ocds-dgv273-seacev3-1244790,ocds-dgv273-seacev3-1244790-2026-09-05T13:36:34.411209-05:00,1244790-20531717296,1397876.33,PEN,Soles,2026-08-26T00:00:00-05:00
ocds-dgv273-seacev3-1234865,ocds-dgv273-seacev3-1234865-2026-09-05T13:36:34.035899-05:00,1234865-20606333758,49584.1,PEN,Soles,2026-08-13T00:00:00-05:00
ocds-dgv273-seacev3-1234888,ocds-dgv273-seacev3-1234888-2026-09-05T13:36:33.834704-05:00,1234888-20607139394,268000.0,PEN,Soles,2026-08-10T00:00:00-05:00
ocds-dgv273-seacev3-1225292,ocds-dgv273-seacev3-1225292-2026-09-05T13:36:33.490543-05:00,1225292-1813061,867777.57,PEN,Soles,2026-07-31T00:00:00-05:00
ocds-dgv273-seacev3-2026-105388-14,ocds-dgv273-seacev3-2026-105388-14-2026-09-05T13:36:33.415959-05:00,1234244-10456270269,47736.0,PEN,Soles,2026-08-05T00:00:00-05:00
ocds-dgv273-seacev3-1236690,ocds-dgv273-seacev3-1236690-2026-09-05T13:36:33.319639-05:00,1236690-1823185,3040215.31,PEN,Soles,2026-09-02T00:00:00-05:00
ocds-dgv273-seacev3-1237096,ocds-dgv273-seacev3-1237096-2026-09-05T13:36:33.060344-05:00,1237096-20612857840,137145.0,PEN,Soles,2026-08-11T00:00:00-05:00
ocds-dgv273-seacev3-1233726,ocds-dgv273-seacev3-1233726-2026-09-05T13:36:32.730955-05:00,1233726-1816623,1667117.2,PEN,Soles,2026-08-07T00:00:00-05:00
ocds-dgv273-seacev3-1234531,ocds-dgv273-seacev3-1234531-2026-09-05T13:36:32.256488-05:00,1234531-20348511824,408127.78,PEN,Soles,2026-08-13T00:00:00-05:00
ocds-dgv273-seacev3-1229604,ocds-dgv273-seacev3-1229604-2026-09-05T13:36:31.492532-05:00,1229604-1814400,130500.0,PEN,Soles,2026-07-31T00:00:00-05:00
ocds-dgv273-seacev3-1233842,ocds-dgv273-seacev3-1233842-2026-09-05T13:36:31.048997-05:00,1233842-20486882761,215575.96,PEN,Nuevos Soles,2026-08-05T00:00:00-05:00
ocds-dgv273-seacev3-1234488,ocds-dgv273-seacev3-1234488-2026-09-05T13:36:30.961618-05:00,1234488-20553853355,113760.0,PEN,Soles,2026-08-19T00:00:00-05:00
ocds-dgv273-seacev3-1233785,ocds-dgv273-seacev3-1233785-2026-09-05T13:36:30.609388-05:00,1233785-1818049,215276.47,PEN,Soles,2026-08-10T00:00:00-05:00
ocds-dgv273-seacev3-2026-1346-6,ocds-dgv273-seacev3-2026-1346-6-2026-09-05T13:36:30.569088-05:00,1236931-20100210909,61530.0,PEN,Soles,2026-08-14T00:00:00-05:00
ocds-dgv273-seacev3-1232020,ocds-dgv273-seacev3-1232020-2026-09-05T13:36:30.135968-05:00,1232020-20555424222,722350.0,PEN,Soles,2026-09-02T00:00:00-05:00
ocds-dgv273-seacev3-1235341,ocds-dgv273-seacev3-1235341-2026-09-05T13:36:29.810861-05:00,1235341-20609106752,24.0,PEN,Soles,2026-08-04T00:00:00-05:00
ocds-dgv273-seacev3-1235977,ocds-dgv273-seacev3-1235977-2026-09-05T13:36:29.757207-05:00,1235977-10295856705,110000.0,PEN,Soles,2026-08-25T00:00:00-05:00
ocds-dgv273-seacev3-1232830,ocds-dgv273-seacev3-1232830-2026-09-05T13:36:29.013312-05:00,1232830-20609495627,183883.0,PEN,Soles,2026-08-12T00:00:00-05:00
ocds-dgv273-seacev3-1232717,ocds-dgv273-seacev3-1232717-2026-09-05T13:36:28.932995-05:00,1232717-1816343,233861.14,PEN,Soles,2026-07-31T00:00:00-05:00
ocds-dgv273-seacev3-1230583,ocds-dgv273-seacev3-1230583-2026-09-05T13:36:28.849131-05:00,1230583-1816382,1278023.01,PEN,Soles,2026-08-03T00:00:00-05:00
ocds-dgv273-seacev3-1236221,ocds-dgv273-seacev3-1236221-2026-09-05T13:36:23.224057-05:00,1236221-20509860981,162782.09,PEN,Soles,2026-08-11T00:00:00-05:00
ocds-dgv273-seacev3-1232102,ocds-dgv273-seacev3-1232102-2026-09-05T13:36:22.929872-05:00,1232102-20611024844,304778.35,PEN,Nuevos Soles,2026-08-04T00:00:00-05:00
ocds-dgv273-seacev3-1234197,ocds-dgv273-seacev3-1234197-2026-09-05T13:36:22.831220-05:00,1234197-1816098,149016.0,PEN,Soles,2026-07-31T00:00:00-05:00
ocds-dgv273-seacev3-1232348,ocds-dgv273-seacev3-1232348-2026-09-05T13:36:22.110110-05:00,1232348-20601963966,260000.0,PEN,Soles,2026-08-13T00:00:00-05:00
ocds-dgv273-seacev3-1230191,ocds-dgv273-seacev3-1230191-2026-09-05T13:36:21.551776-05:00,1230191-20609114909,327000.0,PEN,Soles,2026-07-20T00:00:00-05:00
ocds-dgv273-seacev3-2026-2385-3,ocds-dgv273-seacev3-2026-2385-3-2026-09-05T13:36:21.196309-05:00,1234060-20538736695,187000.0,PEN,Soles,2026-09-02T00:00:00-05:00
ocds-dgv273-seacev3-1237940,ocds-dgv273-seacev3-1237940-2026-09-05T13:36:21.114800-05:00,1237940-10180875561,92500.0,PEN,Soles,2026-08-14T00:00:00-05:00
ocds-dgv273-seacev3-2026-105388-15,ocds-dgv273-seacev3-2026-105388-15-2026-09-05T13:36:21.099375-05:00,1235542-10714418501,139104.0,PEN,Soles,2026-08-10T00:00:00-05:00
ocds-dgv273-seacev3-1236004,ocds-dgv273-seacev3-1236004-2026-09-05T13:36:19.720072-05:00,1236004-10480330892,320853.8,PEN,Soles,2026-08-05T00:00:00-05:00
ocds-dgv273-seacev3-1232765,ocds-dgv273-seacev3-1232765-2026-09-05T13:36:19.338186-05:00,1232765-1820077,466200.0,PEN,Soles,2026-08-14T00:00:00-05:00
ocds-dgv273-seacev3-1232538,ocds-dgv273-seacev3-1232538-2026-09-05T13:36:19.206349-05:00,1232538-20604338418,130000.0,PEN,Soles,2026-08-18T00:00:00-05:00
ocds-dgv273-seacev3-1231216,ocds-dgv273-seacev3-1231216-2026-09-05T13:36:17.994982-05:00,1231216-1815593,1104323.3,PEN,Soles,2026-07-30T00:00:00-05:00
ocds-dgv273-seacev3-1231980,ocds-dgv273-seacev3-1231980-2026-09-05T13:36:17.948727-05:00,1231980-1815456,353968.05,PEN,Soles,2026-08-12T00:00:00-05:00
ocds-dgv273-seacev3-1232614,ocds-dgv273-seacev3-1232614-2026-09-05T13:36:17.831209-05:00,1232614-1815347,97161.78,PEN,Soles,2026-08-11T00:00:00-05:00
ocds-dgv273-seacev3-1240070,ocds-dgv273-seacev3-1240070-2026-09-05T13:36:11.952562-05:00,1240070-1818958,1498157.63,PEN,Soles,2026-08-10T00:00:00-05:00
ocds-dgv273-seacev3-1229542,ocds-dgv273-seacev3-1229542-2026-09-05T13:36:11.107893-05:00,1229542-1813575,1893739.67,PEN,Soles,2026-07-24T00:00:00-05:00
ocds-dgv273-seacev3-1231629,ocds-dgv273-seacev3-1231629-2026-09-05T13:36:11.091282-05:00,1231629-10293428846,1489015.17,PEN,Soles,2026-08-26T00:00:00-05:00
ocds-dgv273-seacev3-1235955,ocds-dgv273-seacev3-1235955-2026-09-05T13:36:10.053404-05:00,1235955-1818168,229017.67,PEN,Soles,2026-08-12T00:00:00-05:00
ocds-dgv273-seacev3-2026-2356-16,ocds-dgv273-seacev3-2026-2356-16-2026-09-05T13:36:09.234532-05:00,1230433-20609287803,84500.0,PEN,Soles,2026-09-03T00:00:00-05:00
ocds-dgv273-seacev3-1235999,ocds-dgv273-seacev3-1235999-2026-09-05T13:36:09.178043-05:00,1235999-20600225805,158560.31,PEN,Soles,2026-08-14T00:00:00-05:00
ocds-dgv273-seacev3-1235826,ocds-dgv273-seacev3-1235826-2026-09-05T13:36:07.230913-05:00,1235826-20601586470,1629500.0,PEN,Soles,2026-09-03T00:00:00-05:00
ocds-dgv273-seacev3-1228593,ocds-dgv273-seacev3-1228593-2026-09-05T13:36:07.202255-05:00,1228593-20532400628,134000.0,PEN,Soles,2026-08-20T00:00:00-05:00
ocds-dgv273-seacev3-1233497,ocds-dgv273-seacev3-1233497-2026-09-05T13:36:07.092977-05:00,1233497-10240038701,267840.0,PEN,Soles,2026-08-11T00:00:00-05:00
ocds-dgv273-seacev3-2026-260-4,ocds-dgv273-seacev3-2026-260-4-2026-09-05T13:36:06.167782-05:00,1229952-1811313,774669.87,PEN,Soles,2026-07-20T00:00:00-05:00
ocds-dgv273-seacev3-1231611,ocds-dgv273-seacev3-1231611-2026-09-05T13:36:06.062594-05:00,1231611-1814111,355768.45,PEN,Soles,2026-07-22T00:00:00-05:00
ocds-dgv273-seacev3-1232580,ocds-dgv273-seacev3-1232580-2026-09-05T13:36:00.424085-05:00,1232580-1821737,590086.93,PEN,Soles,2026-08-20T00:00:00-05:00
ocds-dgv273-seacev3-2026-2384-25,ocds-dgv273-seacev3-2026-2384-25-2026-09-05T13:36:00.112151-05:00,1223844-20546904106,309679.2,PEN,Soles,2026-06-30T00:00:00-05:00
ocds-dgv273-seacev3-2026-200520-10,ocds-dgv273-seacev3-2026-200520-10-2026-09-05T13:35:59.869039-05:00,1234711-20486830027,36700.0,PEN,Soles,2026-08-14T00:00:00-05:00
ocds-dgv273-seacev3-1236502,ocds-dgv273-seacev3-1236502-2026-09-05T13:35:59.715059-05:00,1236502-20518498259,2058212.75,PEN,Soles,2026-08-26T00:00:00-05:00
ocds-dgv273-seacev3-1232344,ocds-dgv273-seacev3-1232344-2026-09-05T13:35:59.588012-05:00,1232344-1817471,157850.0,PEN,Soles,2026-08-12T00:00:00-05:00
ocds-dgv273-seacev3-1241312,ocds-dgv273-seacev3-1241312-2026-09-05T13:35:59.235558-05:00,1241312-20556700487,4416159.33,PEN,Soles,2026-08-20T00:00:00-05:00
ocds-dgv273-seacev3-1235287,ocds-dgv273-seacev3-1235287-2026-09-05T13:35:58.880163-05:00,1235287-1819419,76277.58,PEN,Soles,2026-08-13T00:00:00-05:00
ocds-dgv273-seacev3-1235000,ocds-dgv273-seacev3-1235000-2026-09-05T13:35:58.588042-05:00,1235000-20109161609,369600.0,PEN,Soles,2026-08-05T00:00:00-05:00
ocds-dgv273-seacev3-1234664,ocds-dgv273-seacev3-1234664-2026-09-05T13:35:58.467171-05:00,1234664-20602148093,84000.0,PEN,Soles,2026-08-18T00:00:00-05:00
ocds-dgv273-seacev3-1231378,ocds-dgv273-seacev3-1231378-2026-09-05T13:35:58.451395-05:00,1231378-20600364490,108125.0,PEN,Soles,2026-08-10T00:00:00-05:00
ocds-dgv273-seacev3-1235788,ocds-dgv273-seacev3-1235788-2026-09-05T13:35:58.347566-05:00,1235788-1819183,169800.0,PEN,Soles,2026-08-12T00:00:00-05:00
ocds-dgv273-seacev3-1230389,ocds-dgv273-seacev3-1230389-2026-09-05T13:35:58.300514-05:00,1230389-1826536,216246.8,PEN,Soles,2026-09-03T00:00:00-05:00
ocds-dgv273-seacev3-1234991,ocds-dgv273-seacev3-1234991-2026-09-05T13:35:58.017819-05:00,1234991-20609292149,89068.2,PEN,Soles,2026-09-03T00:00:00-05:00
ocds-dgv273-seacev3-1236770,ocds-dgv273-seacev3-1236770-2026-09-05T13:35:57.865659-05:00,1236770-1819317,661739.43,PEN,Soles,2026-08-11T00:00:00-05:00
ocds-dgv273-seacev3-1233997,ocds-dgv273-seacev3-1233997-2026-09-05T13:35:57.528592-05:00,1233997-20613690426,69000.0,PEN,Soles,2026-08-04T00:00:00-05:00
ocds-dgv273-seacev3-1231918,ocds-dgv273-seacev3-1231918-2026-09-05T13:35:55.812425-05:00,1231918-20602544789,409500.0,PEN,Soles,2026-07-17T17:58:05-05:00
ocds-dgv273-seacev3-1231918,ocds-dgv273-seacev3-1231918-2026-09-05T13:35:55.812425-05:00,1231918-20601647771,428610.0,PEN,Soles,2026-07-17T00:00:00-05:00
ocds-dgv273-seacev3-1231793,ocds-dgv273-seacev3-1231793-2026-09-05T13:35:55.496264-05:00,1231793-20525074057,104202.24,PEN,Soles,2026-07-31T00:00:00-05:00
ocds-dgv273-seacev3-1237323,ocds-dgv273-seacev3-1237323-2026-09-05T13:35:55.321827-05:00,1237323-20530306292,99686.5,PEN,Soles,2026-08-19T00:00:00-05:00
ocds-dgv273-seacev3-1233454,ocds-dgv273-seacev3-1233454-2026-09-05T13:35:55.264452-05:00,1233454-10440653371,121900.0,PEN,Soles,2026-08-26T00:00:00-05:00
ocds-dgv273-seacev3-1233816,ocds-dgv273-seacev3-1233816-2026-09-05T13:35:55.037207-05:00,1233816-10802017281,115000.0,PEN,Soles,2026-08-25T00:00:00-05:00
ocds-dgv273-seacev3-1228650,ocds-dgv273-seacev3-1228650-2026-09-05T13:35:54.291896-05:00,1228650-20102032951,738000.0,PEN,Soles,2026-08-24T00:00:00-05:00
ocds-dgv273-seacev3-1236722,ocds-dgv273-seacev3-1236722-2026-09-04T13:58:12.470148-05:00,1236722-1820115,413371.62,PEN,Soles,2026-08-13T00:00:00-05:00
ocds-dgv273-seacev3-1233567,ocds-dgv273-seacev3-1233567-2026-09-04T13:58:12.043333-05:00,1233567-20542625741,295000.0,PEN,Soles,2026-09-01T00:00:00-05:00
ocds-dgv273-seacev3-1234955,ocds-dgv273-seacev3-1234955-2026-09-04T13:58:11.888348-05:00,1234955-1820254,354417.01,PEN,Soles,2026-08-25T00:00:00-05:00
ocds-dgv273-seacev3-1237077,ocds-dgv273-seacev3-1237077-2026-09-04T13:58:11.630424-05:00,1237077-1820259,254648.34,PEN,Soles,2026-08-14T00:00:00-05:00
ocds-dgv273-seacev3-1237877,ocds-dgv273-seacev3-1237877-2026-09-04T13:58:11.009363-05:00,1237877-20611643323,99500.0,PEN,Soles,2026-08-17T00:00:00-05:00
ocds-dgv273-seacev3-1232322,ocds-dgv273-seacev3-1232322-2026-09-04T13:58:10.481312-05:00,1232322-20605603883,4229474.0,PEN,Soles,2026-08-20T00:00:00-05:00
ocds-dgv273-seacev3-1235897,ocds-dgv273-seacev3-1235897-2026-09-04T13:58:10.078212-05:00,1235897-1819501,114696.72,PEN,Soles,2026-08-12T00:00:00-05:00
ocds-dgv273-seacev3-1233146,ocds-dgv273-seacev3-1233146-2026-09-04T13:58:08.967620-05:00,1233146-1814939,1067647.4,PEN,Soles,2026-07-24T00:00:00-05:00
ocds-dgv273-seacev3-1230931,ocds-dgv273-seacev3-1230931-2026-09-04T13:58:08.834897-05:00,1230931-20612452645,473310.0,PEN,Soles,2026-08-04T00:00:00-05:00
ocds-dgv273-seacev3-1233839,ocds-dgv273-seacev3-1233839-2026-09-04T13:58:08.725412-05:00,1233839-10468980512,76000.0,PEN,Soles,2026-08-05T00:00:00-05:00
ocds-dgv273-seacev3-1235491,ocds-dgv273-seacev3-1235491-2026-09-04T13:58:08.490401-05:00,1235491-20552452314,188670.0,PEN,Soles,2026-08-25T00:00:00-05:00
ocds-dgv273-seacev3-1235475,ocds-dgv273-seacev3-1235475-2026-09-04T13:58:08.308017-05:00,1235475-20605090851,99000.0,PEN,Soles,2026-08-10T00:00:00-05:00
ocds-dgv273-seacev3-1230518,ocds-dgv273-seacev3-1230518-2026-09-04T13:58:07.592743-05:00,1230518-1812145,117540.0,PEN,Soles,2026-07-20T00:00:00-05:00
ocds-dgv273-seacev3-1236436,ocds-dgv273-seacev3-1236436-2026-09-04T13:58:07.554849-05:00,1236436-10176407471,1303270.86,PEN,Soles,2026-08-25T00:00:00-05:00
ocds-dgv273-seacev3-1233006,ocds-dgv273-seacev3-1233006-2026-09-04T13:58:06.864828-05:00,1233006-1819394,485100.0,PEN,Soles,2026-09-02T00:00:00-05:00
ocds-dgv273-seacev3-1232288,ocds-dgv273-seacev3-1232288-2026-09-04T13:58:06.723269-05:00,1232288-1813561,456553.6,PEN,Soles,2026-07-24T00:00:00-05:00
ocds-dgv273-seacev3-1231417,ocds-dgv273-seacev3-1231417-2026-09-04T13:58:06.602189-05:00,1231417-1812992,324482.37,PEN,Soles,2026-08-24T00:00:00-05:00
ocds-dgv273-seacev3-1236556,ocds-dgv273-seacev3-1236556-2026-09-04T13:58:02.394637-05:00,1236556-20511037001,230217.81,PEN,Soles,2026-08-11T00:00:00-05:00
ocds-dgv273-seacev3-1237256,ocds-dgv273-seacev3-1237256-2026-09-04T13:58:02.167608-05:00,1237256-1819863,117000.0,PEN,Soles,2026-08-17T00:00:00-05:00
ocds-dgv273-seacev3-1235976,ocds-dgv273-seacev3-1235976-2026-09-04T13:58:02.151427-05:00,1235976-1818429,1517502.75,PEN,Soles,2026-08-11T00:00:00-05:00
ocds-dgv273-seacev3-1236060,ocds-dgv273-seacev3-1236060-2026-09-04T13:58:01.465494-05:00,1236060-1817993,814579.16,PEN,Soles,2026-08-10T00:00:00-05:00
ocds-dgv273-seacev3-1237051,ocds-dgv273-seacev3-1237051-2026-09-04T13:58:01.393773-05:00,1237051-20526421672,172800.0,PEN,Soles,2026-08-17T00:00:00-05:00
ocds-dgv273-seacev3-1237396,ocds-dgv273-seacev3-1237396-2026-09-04T13:58:01.321946-05:00,1237396-1827359,6677770.0,PEN,Soles,2026-09-02T00:00:00-05:00
ocds-dgv273-seacev3-1237586,ocds-dgv273-seacev3-1237586-2026-09-04T13:58:00.878254-05:00,1237586-10419167431,85600.0,PEN,Soles,2026-08-13T00:00:00-05:00
ocds-dgv273-seacev3-2026-307-12,ocds-dgv273-seacev3-2026-307-12-2026-09-04T13:58:00.835078-05:00,1236577-1819533,729926.92,PEN,Soles,2026-08-19T00:00:00-05:00
ocds-dgv273-seacev3-1236979,ocds-dgv273-seacev3-1236979-2026-09-04T13:58:00.740970-05:00,1236979-1819241,75000.0,PEN,Soles,2026-08-13T00:00:00-05:00
ocds-dgv273-seacev3-1236578,ocds-dgv273-seacev3-1236578-2026-09-04T13:58:00.714407-05:00,1236578-1819888,419888.8,PEN,Soles,2026-08-12T00:00:00-05:00
ocds-dgv273-seacev3-1237574,ocds-dgv273-seacev3-1237574-2026-09-04T13:58:00.499410-05:00,1237574-20514746355,75000.0,PEN,Soles,2026-08-25T00:00:00-05:00
ocds-dgv273-seacev3-1239707,ocds-dgv273-seacev3-1239707-2026-09-04T13:58:00.415141-05:00,1239707-1819908,4731185.66,PEN,Soles,2026-08-13T00:00:00-05:00
ocds-dgv273-seacev3-1235002,ocds-dgv273-seacev3-1235002-2026-09-04T13:58:00.367057-05:00,1235002-10427651806,155000.0,PEN,Soles,2026-07-24T00:00:00-05:00
ocds-dgv273-seacev3-1236699,ocds-dgv273-seacev3-1236699-2026-09-04T13:57:59.771198-05:00,1236699-20601301513,112112.0,PEN,Soles,2026-08-12T00:00:00-05:00
ocds-dgv273-seacev3-1235363,ocds-dgv273-seacev3-1235363-2026-09-04T13:57:59.553407-05:00,1235363-20603983719,163855.0,PEN,Soles,2026-08-07T00:00:00-05:00
ocds-dgv273-seacev3-1236359,ocds-dgv273-seacev3-1236359-2026-09-04T13:57:58.934607-05:00,1236359-20390932864,323670.0,PEN,Soles,2026-08-25T00:00:00-05:00
ocds-dgv273-seacev3-2026-1926-229,ocds-dgv273-seacev3-2026-1926-229-2026-09-04T13:57:58.741241-05:00,1233250-20602045375,114900.0,PEN,Soles,2026-08-25T00:00:00-05:00
ocds-dgv273-seacev3-1232620,ocds-dgv273-seacev3-1232620-2026-09-04T13:57:58.617634-05:00,1232620-1814790,175383.68,PEN,Soles,2026-07-24T00:00:00-05:00
ocds-dgv273-seacev3-1236217,ocds-dgv273-seacev3-1236217-2026-09-04T13:57:58.451616-05:00,1236217-20605672753,301490.0,PEN,Soles,2026-08-12T00:00:00-05:00
ocds-dgv273-seacev3-1234620,ocds-dgv273-seacev3-1234620-2026-09-04T13:57:57.683733-05:00,1234620-20613080768,136000.0,PEN,Soles,2026-08-14T13:02:54-05:00
ocds-dgv273-seacev3-2026-2349-9,ocds-dgv273-seacev3-2026-2349-9-2026-09-04T13:57:57.574624-05:00,1231700-20603360941,57600.0,PEN,Soles,2026-08-07T00:00:00-05:00
ocds-dgv273-seacev3-1237551,ocds-dgv273-seacev3-1237551-2026-09-04T13:57:57.544048-05:00,1237551-20607076139,199780.0,PEN,Soles,2026-08-25T00:00:00-05:00
ocds-dgv273-seacev3-1232900,ocds-dgv273-seacev3-1232900-2026-09-04T13:57:56.965112-05:00,1232900-10415241785,114000.0,PEN,Soles,2026-09-01T00:00:00-05:00
ocds-dgv273-seacev3-1233495,ocds-dgv273-seacev3-1233495-2026-09-04T13:57:56.890474-05:00,1233495-20603163606,199000.0,PEN,Soles,2026-08-25T00:00:00-05:00
ocds-dgv273-seacev3-1237921,ocds-dgv273-seacev3-1237921-2026-09-04T13:57:56.388025-05:00,1237921-20509860981,242473.0,PEN,Soles,2026-08-13T00:00:00-05:00
ocds-dgv273-seacev3-1233972,ocds-dgv273-seacev3-1233972-2026-09-04T13:57:56.304386-05:00,1233972-20612946842,128002.0,PEN,Soles,2026-07-24T00:00:00-05:00
ocds-dgv273-seacev3-1230730,ocds-dgv273-seacev3-1230730-2026-09-04T13:57:56.102269-05:00,1230730-20552839073,2353245.33,PEN,Soles,2026-07-31T00:00:00-05:00
ocds-dgv273-seacev3-1231670,ocds-dgv273-seacev3-1231670-2026-09-04T13:57:56.009891-05:00,1231670-1817050,52335.0,PEN,Nuevos Soles,2026-08-04T00:00:00-05:00
ocds-dgv273-seacev3-1229320,ocds-dgv273-seacev3-1229320-2026-09-04T13:57:55.978452-05:00,1229320-10413420054,348750.0,PEN,Soles,2026-08-20T00:00:00-05:00
ocds-dgv273-seacev3-1229320,ocds-dgv273-seacev3-1229320-2026-09-04T13:57:55.978452-05:00,1229320-20601328624,271260.0,PEN,Soles,2026-08-20T00:00:00-05:00
ocds-dgv273-seacev3-2026-42-53,ocds-dgv273-seacev3-2026-42-53-2026-09-04T13:57:55.942440-05:00,1230517-1815020,1964627.56,PEN,Soles,2026-08-04T00:00:00-05:00
ocds-dgv273-seacev3-1235035,ocds-dgv273-seacev3-1235035-2026-09-04T13:57:50.549280-05:00,1235035-20609994992,64559.3,PEN,Soles,2026-08-13T00:00:00-05:00
ocds-dgv273-seacev3-1233358,ocds-dgv273-seacev3-1233358-2026-09-04T13:57:50.411963-05:00,1233358-20602143016,220000.0,PEN,Soles,2026-08-25T00:00:00-05:00
ocds-dgv273-seacev3-1231898,ocds-dgv273-seacev3-1231898-2026-09-04T13:57:49.463952-05:00,1231898-1819689,304154.6,PEN,Soles,2026-08-14T00:00:00-05:00
ocds-dgv273-seacev3-1234090,ocds-dgv273-seacev3-1234090-2026-09-04T13:57:49.365863-05:00,1234090-20609994992,49594.05,PEN,Soles,2026-08-13T00:00:00-05:00
ocds-dgv273-seacev3-1230870,ocds-dgv273-seacev3-1230870-2026-09-04T13:57:47.423215-05:00,1230870-1812613,4442658.45,PEN,Soles,2026-07-17T00:00:00-05:00
ocds-dgv273-seacev3-1243024,ocds-dgv273-seacev3-1243024-2026-09-04T13:57:47.402766-05:00,1243024-20605148582,89915.0,PEN,Soles,2026-08-20T00:00:00-05:00
ocds-dgv273-seacev3-1236450,ocds-dgv273-seacev3-1236450-2026-09-04T13:57:47.375656-05:00,1236450-20603307772,143000.0,PEN,Soles,2026-08-24T00:00:00-05:00
ocds-dgv273-seacev3-1235789,ocds-dgv273-seacev3-1235789-2026-09-04T13:57:47.274950-05:00,1235789-1817937,3249988.47,PEN,Soles,2026-08-07T00:00:00-05:00
ocds-dgv273-seacev3-1235366,ocds-dgv273-seacev3-1235366-2026-09-04T13:57:47.135911-05:00,1235366-20565643496,93115.5,PEN,Soles,2026-08-04T00:00:00-05:00
ocds-dgv273-seacev3-2026-1323-18,ocds-dgv273-seacev3-2026-1323-18-2026-09-04T13:57:47.001773-05:00,1235919-20473935407,175062.33,PEN,Soles,2026-08-17T00:00:00-05:00
ocds-dgv273-seacev3-1232484,ocds-dgv273-seacev3-1232484-2026-09-04T13:57:46.880684-05:00,1232484-10011468387,274970.0,PEN,Soles,2026-07-30T00:00:00-05:00
ocds-dgv273-seacev3-1236425,ocds-dgv273-seacev3-1236425-2026-09-04T13:57:46.532032-05:00,1236425-20607402133,125550.0,PEN,Soles,2026-08-24T00:00:00-05:00
ocds-dgv273-seacev3-1232760,ocds-dgv273-seacev3-1232760-2026-09-04T13:57:45.890644-05:00,1232760-1814626,661250.0,PEN,Soles,2026-08-11T00:00:00-05:00
ocds-dgv273-seacev3-1231665,ocds-dgv273-seacev3-1231665-2026-09-04T13:57:45.819720-05:00,1231665-1817339,763259.0,PEN,Nuevos Soles,2026-08-04T00:00:00-05:00
ocds-dgv273-seacev3-1234568,ocds-dgv273-seacev3-1234568-2026-09-04T13:57:45.230744-05:00,1234568-1817027,74810.0,PEN,Soles,2026-08-04T00:00:00-05:00
ocds-dgv273-seacev3-1232686,ocds-dgv273-seacev3-1232686-2026-09-04T13:57:44.857512-05:00,1232686-1814817,516922.61,PEN,Soles,2026-07-30T00:00:00-05:00
ocds-dgv273-seacev3-1236596,ocds-dgv273-seacev3-1236596-2026-09-04T13:57:44.683066-05:00,1236596-1820279,701473.14,PEN,Soles,2026-08-14T00:00:00-05:00
ocds-dgv273-seacev3-1231655,ocds-dgv273-seacev3-1231655-2026-09-04T13:57:44.275338-05:00,1231655-10247102090,360000.0,PEN,Soles,2026-07-21T14:17:50-05:00
ocds-dgv273-seacev3-1232783,ocds-dgv273-seacev3-1232783-2026-09-04T13:57:44.131436-05:00,1232783-20600523539,87635.5,PEN,Soles,2026-08-13T00:00:00-05:00
ocds-dgv273-seacev3-1230858,ocds-dgv273-seacev3-1230858-2026-09-04T13:57:44.108362-05:00,1230858-20552452314,71980.0,PEN,Soles,2026-08-05T00:00:00-05:00
ocds-dgv273-seacev3-1231571,ocds-dgv273-seacev3-1231571-2026-09-04T13:57:43.883719-05:00,1231571-1814263,348411.83,PEN,Soles,2026-08-11T00:00:00-05:00
ocds-dgv273-seacev3-1230349,ocds-dgv273-seacev3-1230349-2026-09-04T13:57:43.847268-05:00,1230349-1811917,380199.02,PEN,Soles,2026-07-15T00:00:00-05:00
ocds-dgv273-seacev3-1234017,ocds-dgv273-seacev3-1234017-2026-09-04T13:57:39.355471-05:00,1234017-20600111150,42304.0,PEN,Soles,2026-08-05T00:00:00-05:00
ocds-dgv273-seacev3-1233335,ocds-dgv273-seacev3-1233335-2026-09-04T13:57:39.286789-05:00,1233335-20609398664,245000.0,PEN,Soles,2026-08-04T00:00:00-05:00
ocds-dgv273-seacev3-1231426,ocds-dgv273-seacev3-1231426-2026-09-04T13:57:38.649410-05:00,1231426-20504431160,1580000.0,PEN,Soles,2026-08-20T00:00:00-05:00
ocds-dgv273-seacev3-2026-1049-3,ocds-dgv273-seacev3-2026-1049-3-2026-09-04T13:57:38.637512-05:00,1229528-1810760,604183.09,PEN,Soles,2026-07-17T00:00:00-05:00
ocds-dgv273-seacev3-1235493,ocds-dgv273-seacev3-1235493-2026-09-04T13:57:37.435259-05:00,1235493-10724745305,103500.0,PEN,Soles,2026-08-12T00:00:00-05:00
ocds-dgv273-seacev3-1236568,ocds-dgv273-seacev3-1236568-2026-09-04T13:57:37.232001-05:00,1236568-20494883865,167100.0,PEN,Soles,2026-08-17T00:00:00-05:00
ocds-dgv273-seacev3-1237181,ocds-dgv273-seacev3-1237181-2026-09-04T13:57:36.850892-05:00,1237181-20119207640,414960.0,PEN,Soles,2026-08-17T00:00:00-05:00
ocds-dgv273-seacev3-1235753,ocds-dgv273-seacev3-1235753-2026-09-04T13:57:35.027393-05:00,1235753-20601514681,3687159.96,PEN,Soles,2026-08-07T00:00:00-05:00
ocds-dgv273-seacev3-1236486,ocds-dgv273-seacev3-1236486-2026-09-04T13:57:34.764415-05:00,1236486-20491854058,59600.0,PEN,Soles,2026-08-11T00:00:00-05:00
ocds-dgv273-seacev3-1233648,ocds-dgv273-seacev3-1233648-2026-09-04T13:57:34.653131-05:00,1233648-20608557190,69750.0,PEN,Soles,2026-08-18T00:00:00-05:00
ocds-dgv273-seacev3-1234063,ocds-dgv273-seacev3-1234063-2026-09-04T13:57:34.536987-05:00,1234063-20601236266,149190.3,PEN,Soles,2026-08-19T00:00:00-05:00
ocds-dgv273-seacev3-1235798,ocds-dgv273-seacev3-1235798-2026-09-04T13:57:34.464775-05:00,1235798-20568237430,178044.87,PEN,Soles,2026-08-10T00:00:00-05:00
ocds-dgv273-seacev3-1235189,ocds-dgv273-seacev3-1235189-2026-09-04T13:57:34.342283-05:00,1235189-10724745305,104300.0,PEN,Soles,2026-08-12T00:00:00-05:00
ocds-dgv273-seacev3-1232328,ocds-dgv273-seacev3-1232328-2026-09-04T13:57:33.991240-05:00,1232328-20507634479,290108.28,PEN,Soles,2026-07-20T00:00:00-05:00
ocds-dgv273-seacev3-1237991,ocds-dgv273-seacev3-1237991-2026-09-04T13:57:33.783156-05:00,1237991-20496094345,247023.22,PEN,Soles,2026-08-24T00:00:00-05:00
ocds-dgv273-seacev3-1230050,ocds-dgv273-seacev3-1230050-2026-09-04T13:57:33.566427-05:00,1230050-1811721,85722.55,PEN,Soles,2026-08-24T00:00:00-05:00
ocds-dgv273-seacev3-1230598,ocds-dgv273-seacev3-1230598-2026-09-04T13:57:33.435966-05:00,1230598-1820271,7287714.16,PEN,Soles,2026-08-19T00:00:00-05:00
ocds-dgv273-seacev3-1232984,ocds-dgv273-seacev3-1232984-2026-09-04T13:57:33.420449-05:00,1232984-1815001,1403494.86,PEN,Soles,2026-08-03T00:00:00-05:00
ocds-dgv273-seacev3-1231981,ocds-dgv273-seacev3-1231981-2026-09-04T13:57:33.404158-05:00,1231981-20601994543,664848.0,PEN,Soles,2026-08-10T00:00:00-05:00
ocds-dgv273-seacev3-1229607,ocds-dgv273-seacev3-1229607-2026-09-04T13:57:33.370683-05:00,1229607-20609304309,720000.0,PEN,Soles,2026-08-03T00:00:00-05:00
ocds-dgv273-seacev3-1232303,ocds-dgv273-seacev3-1232303-2026-09-04T13:57:33.202201-05:00,1232303-1817291,382131.0,PEN,Soles,2026-08-25T00:00:00-05:00
ocds-dgv273-seacev3-1233122,ocds-dgv273-seacev3-1233122-2026-09-04T13:57:33.122054-05:00,1233122-1812804,43233002.82,PEN,Soles,2026-09-02T00:00:00-05:00
ocds-dgv273-seacev3-1230176,ocds-dgv273-seacev3-1230176-2026-09-04T13:57:32.899374-05:00,1230176-20502221796,1929434.4,PEN,Soles,2026-08-21T00:00:00-05:00
ocds-dgv273-seacev3-1237703,ocds-dgv273-seacev3-1237703-2026-09-04T13:57:27.584031-05:00,1237703-20559644243,169229.0,PEN,Soles,2026-08-12T17:54:06-05:00
ocds-dgv273-seacev3-1234679,ocds-dgv273-seacev3-1234679-2026-09-04T13:57:27.567897-05:00,1234679-1819444,279225.0,PEN,Soles,2026-08-25T00:00:00-05:00
ocds-dgv273-seacev3-1236755,ocds-dgv273-seacev3-1236755-2026-09-04T13:57:27.534695-05:00,1236755-20611716339,153230.0,PEN,Soles,2026-08-24T00:00:00-05:00
ocds-dgv273-seacev3-1239889,ocds-dgv273-seacev3-1239889-2026-09-04T13:57:26.954925-05:00,1239889-10469196289,55000.0,PEN,Soles,2026-08-10T00:00:00-05:00
ocds-dgv273-seacev3-1239889,ocds-dgv273-seacev3-1239889-2026-09-04T13:57:26.954925-05:00,1239889-10413566571,55000.0,PEN,Soles,2026-09-01T00:00:00-05:00
ocds-dgv273-seacev3-1236455,ocds-dgv273-seacev3-1236455-2026-09-04T13:57:26.654538-05:00,1236455-20486952483,90365.0,PEN,Soles,2026-08-20T00:00:00-05:00
ocds-dgv273-seacev3-1236796,ocds-dgv273-seacev3-1236796-2026-09-04T13:57:26.525127-05:00,1236796-10086089063,120000.0,PEN,Soles,2026-08-28T00:00:00-05:00
ocds-dgv273-seacev3-1236796,ocds-dgv273-seacev3-1236796-2026-09-04T13:57:26.525127-05:00,1236796-20521301237,52000.0,PEN,Soles,2026-08-28T00:00:00-05:00
ocds-dgv273-seacev3-1236400,ocds-dgv273-seacev3-1236400-2026-09-04T13:57:26.288384-05:00,1236400-20468286662,411434.51,PEN,Soles,2026-08-12T00:00:00-05:00
ocds-dgv273-seacev3-2026-2383-70,ocds-dgv273-seacev3-2026-2383-70-2026-09-04T13:57:26.199551-05:00,1234143-20606407069,31500.0,PEN,Soles,2026-08-17T00:00:00-05:00
ocds-dgv273-seacev3-1237622,ocds-dgv273-seacev3-1237622-2026-09-04T13:57:25.918003-05:00,1237622-20614020572,81918.1,PEN,Soles,2026-08-19T00:00:00-05:00
ocds-dgv273-seacev3-1230588,ocds-dgv273-seacev3-1230588-2026-09-04T13:57:25.627214-05:00,1230588-10462356795,345462.99,PEN,Soles,2026-07-31T00:00:00-05:00
ocds-dgv273-seacev3-1237268,ocds-dgv273-seacev3-1237268-2026-09-04T13:57:25.447547-05:00,1237268-10293071239,388942.48,PEN,Soles,2026-08-05T00:00:00-05:00
ocds-dgv273-seacev3-1236849,ocds-dgv273-seacev3-1236849-2026-09-04T13:57:25.433014-05:00,1236849-20541775189,55200.0,PEN,Soles,2026-08-11T00:00:00-05:00
ocds-dgv273-seacev3-2026-1493-18,ocds-dgv273-seacev3-2026-1493-18-2026-09-04T13:57:25.273125-05:00,1233069-1816650,3293401.96,PEN,Soles,2026-08-07T00:00:00-05:00
ocds-dgv273-seacev3-1235664,ocds-dgv273-seacev3-1235664-2026-09-04T13:57:23.916867-05:00,1235664-20394039358,94000.0,PEN,Soles,2026-08-10T00:00:00-05:00
ocds-dgv273-seacev3-1235889,ocds-dgv273-seacev3-1235889-2026-09-04T13:57:23.796008-05:00,1235889-1825962,8699924.52,PEN,Soles,2026-09-02T00:00:00-05:00
ocds-dgv273-seacev3-1234041,ocds-dgv273-seacev3-1234041-2026-09-04T13:57:23.516664-05:00,1234041-10449185574,142380.0,PEN,Soles,2026-09-02T00:00:00-05:00
ocds-dgv273-seacev3-1237144,ocds-dgv273-seacev3-1237144-2026-09-04T13:57:23.118412-05:00,1237144-20608366475,84915.0,PEN,Soles,2026-08-24T00:00:00-05:00
ocds-dgv273-seacev3-1232811,ocds-dgv273-seacev3-1232811-2026-09-04T13:57:22.837624-05:00,1232811-10702225863,85001.1,PEN,Soles,2026-07-31T00:00:00-05:00
ocds-dgv273-seacev3-1235032,ocds-dgv273-seacev3-1235032-2026-09-04T13:57:22.665674-05:00,1235032-20600734874,112935.46,PEN,Soles,2026-08-12T00:00:00-05:00
ocds-dgv273-seacev3-1236281,ocds-dgv273-seacev3-1236281-2026-09-04T13:57:22.506422-05:00,1236281-20610512888,57792.0,PEN,Soles,2026-08-04T00:00:00-05:00
ocds-dgv273-seacev3-1237810,ocds-dgv273-seacev3-1237810-2026-09-04T13:57:22.476177-05:00,1237810-1820887,374346.88,PEN,Soles,2026-08-14T00:00:00-05:00
ocds-dgv273-seacev3-1237868,ocds-dgv273-seacev3-1237868-2026-09-04T13:57:22.093787-05:00,1237868-1821056,1058744.04,PEN,Soles,2026-08-18T00:00:00-05:00
ocds-dgv273-seacev3-1230139,ocds-dgv273-seacev3-1230139-2026-09-04T13:57:21.731335-05:00,1230139-20614147751,419811.0,PEN,Soles,2026-07-30T00:00:00-05:00
ocds-dgv273-seacev3-1237026,ocds-dgv273-seacev3-1237026-2026-09-04T13:57:16.002140-05:00,1237026-1822338,2979800.0,PEN,Soles,2026-08-27T00:00:00-05:00
ocds-dgv273-seacev3-1234687,ocds-dgv273-seacev3-1234687-2026-09-04T13:57:15.964450-05:00,1234687-1817036,54550.0,PEN,Soles,2026-08-04T00:00:00-05:00
ocds-dgv273-seacev3-1236188,ocds-dgv273-seacev3-1236188-2026-09-04T13:57:15.624546-05:00,1236188-20519374499,239000.0,PEN,Soles,2026-08-11T00:00:00-05:00
ocds-dgv273-seacev3-1236949,ocds-dgv273-seacev3-1236949-2026-09-04T13:57:15.191141-05:00,1236949-1827371,1172600.0,PEN,Soles,2026-09-02T00:00:00-05:00
ocds-dgv273-seacev3-1237902,ocds-dgv273-seacev3-1237902-2026-09-04T13:57:15.059644-05:00,1237902-20534206721,108822.96,PEN,Soles,2026-08-13T00:00:00-05:00
ocds-dgv273-seacev3-1237056,ocds-dgv273-seacev3-1237056-2026-09-04T13:57:14.599088-05:00,1237056-10806327943,355000.0,PEN,Soles,2026-08-21T00:00:00-05:00
ocds-dgv273-seacev3-1231487,ocds-dgv273-seacev3-1231487-2026-09-04T13:57:14.396054-05:00,1231487-1814274,3086953.77,PEN,Soles,2026-08-03T00:00:00-05:00
ocds-dgv273-seacev3-1237774,ocds-dgv273-seacev3-1237774-2026-09-04T13:57:14.236691-05:00,1237774-20486760819,104352.5,PEN,Soles,2026-08-17T00:00:00-05:00
ocds-dgv273-seacev3-1230088,ocds-dgv273-seacev3-1230088-2026-09-04T13:57:13.931195-05:00,1230088-20601114250,790690.0,PEN,Soles,2026-07-24T00:00:00-05:00
ocds-dgv273-seacev3-1233409,ocds-dgv273-seacev3-1233409-2026-09-04T13:57:13.096104-05:00,1233409-20611540800,266625.14,PEN,Soles,2026-08-03T00:00:00-05:00
ocds-dgv273-seacev3-1233601,ocds-dgv273-seacev3-1233601-2026-09-04T13:57:12.842923-05:00,1233601-20155695901,241700.0,PEN,Nuevos Soles,2026-07-31T00:00:00-05:00
ocds-dgv273-seacev3-2026-2543-881,ocds-dgv273-seacev3-2026-2543-881-2026-09-04T13:57:11.360958-05:00,1234793-20521561492,60038.4,PEN,Soles,2026-09-01T00:00:00-05:00
ocds-dgv273-seacev3-1236416,ocds-dgv273-seacev3-1236416-2026-09-04T13:57:10.740588-05:00,1236416-20415955821,79200.0,PEN,Soles,2026-08-14T00:00:00-05:00
ocds-dgv273-seacev3-1230566,ocds-dgv273-seacev3-1230566-2026-09-04T13:57:10.374992-05:00,1230566-20100077044,97915.15,PEN,Soles,2026-07-21T00:00:00-05:00
ocds-dgv273-seacev3-1231638,ocds-dgv273-seacev3-1231638-2026-09-04T13:57:10.343829-05:00,1231638-1813628,395677.28,PEN,Soles,2026-07-20T00:00:00-05:00
ocds-dgv273-seacev3-1230956,ocds-dgv273-seacev3-1230956-2026-09-04T13:57:10.295878-05:00,1230956-20552504641,745522.82,PEN,Soles,2026-09-01T00:00:00-05:00
ocds-dgv273-seacev3-1230967,ocds-dgv273-seacev3-1230967-2026-09-04T13:57:10.220872-05:00,1230967-20602665101,53660.0,PEN,Soles,2026-08-05T00:00:00-05:00
ocds-dgv273-seacev3-1236902,ocds-dgv273-seacev3-1236902-2026-09-04T13:57:03.537626-05:00,1236902-20568163304,113052.5,PEN,Soles,2026-08-21T00:00:00-05:00
ocds-dgv273-seacev3-1237627,ocds-dgv273-seacev3-1237627-2026-09-04T13:57:03.404739-05:00,1237627-20431084172,192647.6,PEN,Soles,2026-08-18T00:00:00-05:00
ocds-dgv273-seacev3-1235205,ocds-dgv273-seacev3-1235205-2026-09-04T13:57:03.219029-05:00,1235205-20568069979,87777.77,PEN,Soles,2026-08-05T00:00:00-05:00
ocds-dgv273-seacev3-1233383,ocds-dgv273-seacev3-1233383-2026-09-04T13:57:03.015704-05:00,1233383-1815546,523286.32,PEN,Soles,2026-08-11T00:00:00-05:00
ocds-dgv273-seacev3-1234901,ocds-dgv273-seacev3-1234901-2026-09-04T13:57:02.913240-05:00,1234901-1819064,783187.47,PEN,Soles,2026-08-25T00:00:00-05:00
ocds-dgv273-seacev3-1232560,ocds-dgv273-seacev3-1232560-2026-09-04T13:57:02.897361-05:00,1232560-1821958,37960709.83,PEN,Soles,2026-08-19T00:00:00-05:00
ocds-dgv273-seacev3-1231595,ocds-dgv273-seacev3-1231595-2026-09-04T13:57:02.509338-05:00,1231595-20516859971,2097000.0,PEN,Soles,2026-08-21T00:00:00-05:00
ocds-dgv273-seacev3-1237080,ocds-dgv273-seacev3-1237080-2026-09-04T13:57:02.233200-05:00,1237080-20601042003,119499.0,PEN,Soles,2026-08-25T00:00:00-05:00
ocds-dgv273-seacev3-1233632,ocds-dgv273-seacev3-1233632-2026-09-04T13:57:01.448774-05:00,1233632-1816120,395936.32,PEN,Soles,2026-07-31T00:00:00-05:00
ocds-dgv273-seacev3-1236406,ocds-dgv273-seacev3-1236406-2026-09-04T13:57:01.240556-05:00,1236406-20605340408,234000.0,PEN,Soles,2026-08-12T00:00:00-05:00
ocds-dgv273-seacev3-1236908,ocds-dgv273-seacev3-1236908-2026-09-04T13:57:01.154641-05:00,1236908-1816249,635053.99,PEN,Nuevos Soles,2026-07-30T00:00:00-05:00
ocds-dgv273-seacev3-1233752,ocds-dgv273-seacev3-1233752-2026-09-04T13:57:00.937812-05:00,1233752-20498587012,274132.0,PEN,Soles,2026-08-07T00:00:00-05:00
ocds-dgv273-seacev3-1235289,ocds-dgv273-seacev3-1235289-2026-09-04T13:57:00.782489-05:00,1235289-20605090851,195000.0,PEN,Soles,2026-08-10T00:00:00-05:00
ocds-dgv273-seacev3-1233985,ocds-dgv273-seacev3-1233985-2026-09-04T13:57:00.491016-05:00,1233985-10449185574,249660.0,PEN,Soles,2026-09-02T00:00:00-05:00
ocds-dgv273-seacev3-2026-200191-62,ocds-dgv273-seacev3-2026-200191-62-2026-09-04T13:56:59.196015-05:00,1237230-20487317757,90000.0,PEN,Soles,2026-08-25T00:00:00-05:00
ocds-dgv273-seacev3-1229950,ocds-dgv273-seacev3-1229950-2026-09-04T13:56:58.720204-05:00,1229950-1811703,1246457.51,PEN,Soles,2026-08-04T00:00:00-05:00
ocds-dgv273-seacev3-1234183,ocds-dgv273-seacev3-1234183-2026-09-04T13:56:58.684611-05:00,1234183-10408707973,428148.0,PEN,Soles,2026-08-14T00:00:00-05:00
ocds-dgv273-seacev3-1235924,ocds-dgv273-seacev3-1235924-2026-09-04T13:56:58.587359-05:00,1235924-20407893248,274355.37,PEN,Soles,2026-08-07T00:00:00-05:00
ocds-dgv273-seacev3-1230937,ocds-dgv273-seacev3-1230937-2026-09-04T13:56:58.078549-05:00,1230937-20208473523,89420.4,PEN,Soles,2026-07-31T00:00:00-05:00
ocds-dgv273-seacev3-1233031,ocds-dgv273-seacev3-1233031-2026-09-04T13:56:58.002515-05:00,1233031-20600989040,1128936.0,PEN,Soles,2026-08-12T00:00:00-05:00
ocds-dgv273-seacev3-1231602,ocds-dgv273-seacev3-1231602-2026-09-04T13:56:57.908332-05:00,1231602-1820754,10596319.85,PEN,Soles,2026-08-17T00:00:00-05:00
ocds-dgv273-seacev3-1237378,ocds-dgv273-seacev3-1237378-2026-09-03T10:51:02.387571-05:00,1237378-10258550604,265400.0,PEN,Soles,2026-09-01T00:00:00-05:00
ocds-dgv273-seacev3-1236098,ocds-dgv273-seacev3-1236098-2026-09-03T10:51:02.338844-05:00,1236098-20606948507,825500.0,PEN,Soles,2026-08-17T00:00:00-05:00
ocds-dgv273-seacev3-1231707,ocds-dgv273-seacev3-1231707-2026-09-03T10:51:02.225803-05:00,1231707-1815023,123000.0,PEN,Soles,2026-08-10T00:00:00-05:00
ocds-dgv273-seacev3-2026-10215-7,ocds-dgv273-seacev3-2026-10215-7-2026-09-03T10:51:02.134269-05:00,1230863-20101994091,135936.0,PEN,Soles,2026-08-12T00:00:00-05:00
ocds-dgv273-seacev3-2026-10482-1,ocds-dgv273-seacev3-2026-10482-1-2026-09-03T10:51:02.076017-05:00,1233616-20606706538,127680.0,PEN,Soles,2026-07-31T00:00:00-05:00
ocds-dgv273-seacev3-1240346,ocds-dgv273-seacev3-1240346-2026-09-03T10:51:02.038891-05:00,1240346-1821687,307668.02,PEN,Soles,2026-08-24T00:00:00-05:00
ocds-dgv273-seacev3-1235408,ocds-dgv273-seacev3-1235408-2026-09-03T10:51:02.023182-05:00,1235408-20490363964,177300.9,PEN,Soles,2026-08-12T00:00:00-05:00
ocds-dgv273-seacev3-1232946,ocds-dgv273-seacev3-1232946-2026-09-03T10:51:01.889617-05:00,1232946-20614925648,63000.0,PEN,Soles,2026-08-10T00:00:00-05:00
ocds-dgv273-seacev3-1235843,ocds-dgv273-seacev3-1235843-2026-09-03T10:51:01.832871-05:00,1235843-20501842347,99080.0,PEN,Soles,2026-07-31T00:00:00-05:00
ocds-dgv273-seacev3-1231661,ocds-dgv273-seacev3-1231661-2026-09-03T10:51:01.741127-05:00,1231661-20533902180,111124.0,PEN,Soles,2026-07-31T00:00:00-05:00
ocds-dgv273-seacev3-1233507,ocds-dgv273-seacev3-1233507-2026-09-03T10:51:01.342276-05:00,1233507-1815399,198000.0,PEN,Soles,2026-07-31T00:00:00-05:00
ocds-dgv273-seacev3-1233394,ocds-dgv273-seacev3-1233394-2026-09-03T10:51:01.293338-05:00,1233394-20533773517,72600.0,PEN,Soles,2026-08-10T00:00:00-05:00
ocds-dgv273-seacev3-1235240,ocds-dgv273-seacev3-1235240-2026-09-03T10:51:01.251499-05:00,1235240-20616055438,77500.0,PEN,Soles,2026-08-03T00:00:00-05:00
ocds-dgv273-seacev3-1230418,ocds-dgv273-seacev3-1230418-2026-09-03T10:51:00.771323-05:00,1230418-20541491318,305612.0,PEN,Soles,2026-07-24T00:00:00-05:00
ocds-dgv273-seacev3-1234576,ocds-dgv273-seacev3-1234576-2026-09-03T10:51:00.704865-05:00,1234576-1823036,2496733.9,PEN,Soles,2026-08-28T00:00:00-05:00
ocds-dgv273-seacev3-1233983,ocds-dgv273-seacev3-1233983-2026-09-03T10:51:00.260162-05:00,1233983-1815413,139198.22,PEN,Soles,2026-08-19T00:00:00-05:00
ocds-dgv273-seacev3-1233577,ocds-dgv273-seacev3-1233577-2026-09-03T10:51:00.019056-05:00,1233577-20600158385,525400.0,PEN,Soles,2026-08-31T00:00:00-05:00
ocds-dgv273-seacev3-2026-2409-140,ocds-dgv273-seacev3-2026-2409-140-2026-09-03T10:50:59.947233-05:00,1230160-20553231273,175500.0,PEN,Soles,2026-08-21T00:00:00-05:00
ocds-dgv273-seacev3-1227715,ocds-dgv273-seacev3-1227715-2026-09-03T10:50:59.816121-05:00,1227715-10466994052,319000.0,PEN,Soles,2026-08-04T00:00:00-05:00
ocds-dgv273-seacev3-1234648,ocds-dgv273-seacev3-1234648-2026-09-03T10:50:59.523778-05:00,1234648-1817686,80765.35,PEN,Soles,2026-08-12T00:00:00-05:00
ocds-dgv273-seacev3-1236378,ocds-dgv273-seacev3-1236378-2026-09-03T10:50:59.384256-05:00,1236378-20603177828,197000.0,PEN,Soles,2026-08-18T00:00:00-05:00
ocds-dgv273-seacev3-1233897,ocds-dgv273-seacev3-1233897-2026-09-03T10:50:59.212250-05:00,1233897-10414193655,80000.0,PEN,Soles,2026-08-10T00:00:00-05:00
ocds-dgv273-seacev3-1237020,ocds-dgv273-seacev3-1237020-2026-09-03T10:50:59.160371-05:00,1237020-20601351481,53000.0,PEN,Soles,2026-08-11T00:00:00-05:00
ocds-dgv273-seacev3-1231197,ocds-dgv273-seacev3-1231197-2026-09-03T10:50:59.010669-05:00,1231197-10418013732,104490.0,PEN,Soles,2026-08-11T00:00:00-05:00
ocds-dgv273-seacev3-2026-1493-20,ocds-dgv273-seacev3-2026-1493-20-2026-09-03T10:50:58.939536-05:00,1233074-1816615,4535424.32,PEN,Soles,2026-08-03T00:00:00-05:00
ocds-dgv273-seacev3-1236995,ocds-dgv273-seacev3-1236995-2026-09-03T10:50:58.883159-05:00,1236995-20508191597,365085.0,PEN,Soles,2026-08-19T00:00:00-05:00
ocds-dgv273-seacev3-1236341,ocds-dgv273-seacev3-1236341-2026-09-03T10:50:58.635449-05:00,1236341-20601908183,98000.0,PEN,Soles,2026-08-11T00:00:00-05:00
ocds-dgv273-seacev3-1231253,ocds-dgv273-seacev3-1231253-2026-09-03T10:50:57.619911-05:00,1231253-1813156,352583.14,PEN,Soles,2026-08-03T00:00:00-05:00
ocds-dgv273-seacev3-1238811,ocds-dgv273-seacev3-1238811-2026-09-03T10:50:57.503604-05:00,1238811-20531092504,247686.51,PEN,Soles,2026-08-07T00:00:00-05:00
ocds-dgv273-seacev3-1233901,ocds-dgv273-seacev3-1233901-2026-09-03T10:50:57.386073-05:00,1233901-1815642,576678.03,PEN,Soles,2026-08-05T00:00:00-05:00
ocds-dgv273-seacev3-1232202,ocds-dgv273-seacev3-1232202-2026-09-03T10:50:56.573923-05:00,1232202-20522540359,3240000.0,PEN,Soles,2026-08-14T00:00:00-05:00
ocds-dgv273-seacev3-1233992,ocds-dgv273-seacev3-1233992-2026-09-03T10:50:56.518530-05:00,1233992-10470562388,63298.8,PEN,Soles,2026-08-05T00:00:00-05:00
ocds-dgv273-seacev3-1235060,ocds-dgv273-seacev3-1235060-2026-09-03T10:50:55.957089-05:00,1235060-10447080112,97087.0,PEN,Soles,2026-07-24T00:00:00-05:00
ocds-dgv273-seacev3-2026-102627-15,ocds-dgv273-seacev3-2026-102627-15-2026-09-03T10:50:55.152439-05:00,1232607-20513345748,82694.4,PEN,Soles,2026-07-31T00:00:00-05:00
ocds-dgv273-seacev3-1230428,ocds-dgv273-seacev3-1230428-2026-09-03T10:50:54.976673-05:00,1230428-20612640956,106424.5,PEN,Nuevos Soles,2026-08-24T00:00:00-05:00
ocds-dgv273-seacev3-1232164,ocds-dgv273-seacev3-1232164-2026-09-03T10:50:54.872353-05:00,1232164-20498587012,228480.0,PEN,Soles,2026-08-21T00:00:00-05:00
ocds-dgv273-seacev3-1232410,ocds-dgv273-seacev3-1232410-2026-09-03T10:50:54.686623-05:00,1232410-10285881167,110000.0,PEN,Soles,2026-07-31T00:00:00-05:00
ocds-dgv273-seacev3-1232474,ocds-dgv273-seacev3-1232474-2026-09-03T10:50:54.616749-05:00,1232474-20600811364,682400.0,PEN,Soles,2026-08-19T00:00:00-05:00
ocds-dgv273-seacev3-1232260,ocds-dgv273-seacev3-1232260-2026-09-03T10:50:54.597026-05:00,1232260-20493267427,55700.0,PEN,Soles,2026-08-21T00:00:00-05:00
ocds-dgv273-seacev3-1232137,ocds-dgv273-seacev3-1232137-2026-09-03T10:50:54.564452-05:00,1232137-20511037001,55605.0,PEN,Soles,2026-07-20T00:00:00-05:00
ocds-dgv273-seacev3-1232136,ocds-dgv273-seacev3-1232136-2026-09-03T10:50:54.550508-05:00,1232136-20608300903,69402.5,PEN,Soles,2026-07-20T00:00:00-05:00
ocds-dgv273-seacev3-1231432,ocds-dgv273-seacev3-1231432-2026-09-03T10:50:54.491980-05:00,1231432-1813390,206472.31,PEN,Soles,2026-07-21T00:00:00-05:00
ocds-dgv273-seacev3-2026-1191-7,ocds-dgv273-seacev3-2026-1191-7-2026-09-03T10:50:50.590836-05:00,1237943-20539952847,88000.0,PEN,Soles,2026-08-18T00:00:00-05:00
ocds-dgv273-seacev3-1237671,ocds-dgv273-seacev3-1237671-2026-09-03T10:50:48.397447-05:00,1237671-10422728517,214590.0,PEN,Soles,2026-08-12T00:00:00-05:00
ocds-dgv273-seacev3-1235397,ocds-dgv273-seacev3-1235397-2026-09-03T10:50:42.064254-05:00,1235397-20531092504,263368.88,PEN,Soles,2026-08-14T00:00:00-05:00
ocds-dgv273-seacev3-1235820,ocds-dgv273-seacev3-1235820-2026-09-03T10:50:41.951778-05:00,1235820-20505110651,102000.0,PEN,Soles,2026-08-10T00:00:00-05:00
ocds-dgv273-seacev3-2026-200363-182,ocds-dgv273-seacev3-2026-200363-182-2026-09-03T10:50:41.938641-05:00,1236162-20100018625,332671.0,PEN,Soles,2026-08-19T00:00:00-05:00
ocds-dgv273-seacev3-1234662,ocds-dgv273-seacev3-1234662-2026-09-03T10:50:41.676786-05:00,1234662-1817059,161134.27,PEN,Soles,2026-08-04T00:00:00-05:00
ocds-dgv273-seacev3-1233287,ocds-dgv273-seacev3-1233287-2026-09-03T10:50:41.272769-05:00,1233287-1817678,2412372.72,PEN,Soles,2026-08-05T00:00:00-05:00
ocds-dgv273-seacev3-1233940,ocds-dgv273-seacev3-1233940-2026-09-03T10:50:41.045012-05:00,1233940-1826622,9958267.19,PEN,Soles,2026-08-31T00:00:00-05:00
ocds-dgv273-seacev3-1234742,ocds-dgv273-seacev3-1234742-2026-09-03T10:50:41.009471-05:00,1234742-L0609014171,59500.0,USD,Dólar Norteamericano,2026-08-19T00:00:00-05:00
ocds-dgv273-seacev3-1234608,ocds-dgv273-seacev3-1234608-2026-09-03T10:50:40.066094-05:00,1234608-20615367274,78641.6,PEN,Soles,2026-08-07T12:05:38-05:00
ocds-dgv273-seacev3-1229224,ocds-dgv273-seacev3-1229224-2026-09-03T10:50:39.662590-05:00,1229224-1813072,266477.41,PEN,Soles,2026-07-20T00:00:00-05:00
ocds-dgv273-seacev3-1234910,ocds-dgv273-seacev3-1234910-2026-09-03T10:50:39.617678-05:00,1234910-20608571869,70000.0,PEN,Soles,2026-08-17T00:00:00-05:00
ocds-dgv273-seacev3-1236303,ocds-dgv273-seacev3-1236303-2026-09-03T10:50:39.411539-05:00,1236303-1819805,55005.0,PEN,Soles,2026-08-25T00:00:00-05:00
ocds-dgv273-seacev3-1234829,ocds-dgv273-seacev3-1234829-2026-09-03T10:50:39.194598-05:00,1234829-1822626,283020.73,PEN,Soles,2026-08-24T00:00:00-05:00
ocds-dgv273-seacev3-1235978,ocds-dgv273-seacev3-1235978-2026-09-03T10:50:38.959632-05:00,1235978-20610498630,36140.0,PEN,Soles,2026-08-12T00:00:00-05:00
ocds-dgv273-seacev3-1232171,ocds-dgv273-seacev3-1232171-2026-09-03T10:50:38.881561-05:00,1232171-20533647724,195470.0,PEN,Nuevos Soles,2026-08-05T00:00:00-05:00
ocds-dgv273-seacev3-1235876,ocds-dgv273-seacev3-1235876-2026-09-03T10:50:38.799816-05:00,1235876-1818394,230301.34,PEN,Soles,2026-08-21T00:00:00-05:00
ocds-dgv273-seacev3-1236253,ocds-dgv273-seacev3-1236253-2026-09-03T10:50:37.904233-05:00,1236253-20355185681,207090.0,PEN,Soles,2026-08-14T00:00:00-05:00
ocds-dgv273-seacev3-1232254,ocds-dgv273-seacev3-1232254-2026-09-03T10:50:37.738781-05:00,1232254-10702946501,62190.73,PEN,Soles,2026-08-21T00:00:00-05:00
ocds-dgv273-seacev3-1235105,ocds-dgv273-seacev3-1235105-2026-09-03T10:50:37.700532-05:00,1235105-20490176692,61428.0,PEN,Soles,2026-08-05T00:00:00-05:00
ocds-dgv273-seacev3-1235765,ocds-dgv273-seacev3-1235765-2026-09-03T10:50:37.654647-05:00,1235765-1818073,73000.0,PEN,Soles,2026-08-10T00:00:00-05:00
ocds-dgv273-seacev3-1231728,ocds-dgv273-seacev3-1231728-2026-09-03T10:50:37.548342-05:00,1231728-1821297,7165391.92,PEN,Soles,2026-08-19T00:00:00-05:00
ocds-dgv273-seacev3-1232341,ocds-dgv273-seacev3-1232341-2026-09-03T10:50:37.310372-05:00,1232341-1814290,198169.98,PEN,Soles,2026-08-20T00:00:00-05:00
ocds-dgv273-seacev3-1233060,ocds-dgv273-seacev3-1233060-2026-09-03T10:50:37.224178-05:00,1233060-20603222203,129000.0,PEN,Soles,2026-08-04T00:00:00-05:00
ocds-dgv273-seacev3-1234805,ocds-dgv273-seacev3-1234805-2026-09-03T10:50:37.099494-05:00,1234805-20606608919,278337.08,PEN,Soles,2026-07-24T00:00:00-05:00
ocds-dgv273-seacev3-2026-51-44,ocds-dgv273-seacev3-2026-51-44-2026-09-03T10:50:37.077239-05:00,1230918-20607123145,289750.0,PEN,Soles,2026-07-21T00:00:00-05:00
ocds-dgv273-seacev3-1231145,ocds-dgv273-seacev3-1231145-2026-09-03T10:50:36.871823-05:00,1231145-20537274922,140000.0,PEN,Soles,2026-08-20T00:00:00-05:00
ocds-dgv273-seacev3-1230392,ocds-dgv273-seacev3-1230392-2026-09-03T10:50:36.783130-05:00,1230392-20124794413,460342.0,PEN,Soles,2026-08-28T00:00:00-05:00
ocds-dgv273-seacev3-1235971,ocds-dgv273-seacev3-1235971-2026-09-03T10:50:29.978508-05:00,1235971-20610941355,62220.0,PEN,Soles,2026-08-14T00:00:00-05:00
ocds-dgv273-seacev3-1234466,ocds-dgv273-seacev3-1234466-2026-09-03T10:50:29.658205-05:00,1234466-1824157,7116654.06,PEN,Soles,2026-08-28T00:00:00-05:00
ocds-dgv273-seacev3-1233754,ocds-dgv273-seacev3-1233754-2026-09-03T10:50:29.640751-05:00,1233754-1815954,2359468.4,PEN,Soles,2026-07-31T00:00:00-05:00
ocds-dgv273-seacev3-1235357,ocds-dgv273-seacev3-1235357-2026-09-03T10:50:29.286244-05:00,1235357-10415961851,303666.0,PEN,Soles,2026-08-24T00:00:00-05:00
ocds-dgv273-seacev3-1231886,ocds-dgv273-seacev3-1231886-2026-09-03T10:50:29.248254-05:00,1231886-10093652164,89000.0,PEN,Soles,2026-08-03T00:00:00-05:00
ocds-dgv273-seacev3-1230024,ocds-dgv273-seacev3-1230024-2026-09-03T10:50:29.168091-05:00,1230024-20557853767,102150.0,PEN,Soles,2026-07-24T00:00:00-05:00
ocds-dgv273-seacev3-1237644,ocds-dgv273-seacev3-1237644-2026-09-03T10:50:29.095292-05:00,1237644-10444056105,238779.9,PEN,Soles,2026-08-13T00:00:00-05:00
ocds-dgv273-seacev3-1232430,ocds-dgv273-seacev3-1232430-2026-09-03T10:50:29.043389-05:00,1232430-20602059511,260000.0,PEN,Soles,2026-08-24T00:00:00-05:00
ocds-dgv273-seacev3-1235674,ocds-dgv273-seacev3-1235674-2026-09-03T10:50:28.993037-05:00,1235674-20490963562,537900.0,PEN,Soles,2026-08-07T00:00:00-05:00
ocds-dgv273-seacev3-1234686,ocds-dgv273-seacev3-1234686-2026-09-03T10:50:28.977372-05:00,1234686-20524010110,172500.0,PEN,Soles,2026-08-12T00:00:00-05:00
ocds-dgv273-seacev3-1231583,ocds-dgv273-seacev3-1231583-2026-09-03T10:50:28.926006-05:00,1231583-20511037001,210737.24,PEN,Soles,2026-07-17T00:00:00-05:00
ocds-dgv273-seacev3-1232764,ocds-dgv273-seacev3-1232764-2026-09-03T10:50:28.676041-05:00,1232764-1814010,60624.73,PEN,Soles,2026-08-11T00:00:00-05:00
ocds-dgv273-seacev3-2026-176869-4,ocds-dgv273-seacev3-2026-176869-4-2026-09-03T10:50:28.626651-05:00,1233803-20551300944,57225.5,PEN,Soles,2026-08-05T00:00:00-05:00
ocds-dgv273-seacev3-1230004,ocds-dgv273-seacev3-1230004-2026-09-03T10:50:28.555689-05:00,1230004-1811817,1193656.62,PEN,Soles,2026-07-24T00:00:00-05:00
ocds-dgv273-seacev3-1235233,ocds-dgv273-seacev3-1235233-2026-09-03T10:50:28.437285-05:00,1235233-20511037001,332090.77,PEN,Soles,2026-08-04T00:00:00-05:00
ocds-dgv273-seacev3-1233413,ocds-dgv273-seacev3-1233413-2026-09-03T10:50:28.423125-05:00,1233413-10257629894,72800.4,PEN,Soles,2026-08-28T00:00:00-05:00
ocds-dgv273-seacev3-1235473,ocds-dgv273-seacev3-1235473-2026-09-03T10:50:28.244470-05:00,1235473-20448767443,180000.0,PEN,Soles,2026-08-07T00:00:00-05:00
ocds-dgv273-seacev3-1235892,ocds-dgv273-seacev3-1235892-2026-09-03T10:50:27.777589-05:00,1235892-10182069413,111931.4,PEN,Soles,2026-08-12T00:00:00-05:00
ocds-dgv273-seacev3-1236664,ocds-dgv273-seacev3-1236664-2026-09-03T10:50:26.658835-05:00,1236664-20559644243,65000.0,PEN,Soles,2026-08-10T00:00:00-05:00
ocds-dgv273-seacev3-1235206,ocds-dgv273-seacev3-1235206-2026-09-03T10:50:26.526535-05:00,1235206-1817973,3716831.12,PEN,Soles,2026-08-10T00:00:00-05:00
ocds-dgv273-seacev3-1236945,ocds-dgv273-seacev3-1236945-2026-09-03T10:50:26.435639-05:00,1236945-10430518777,66300.0,PEN,Soles,2026-08-04T00:00:00-05:00
ocds-dgv273-seacev3-1231360,ocds-dgv273-seacev3-1231360-2026-09-03T10:50:26.301265-05:00,1231360-20155695901,554360.0,PEN,Soles,2026-09-01T00:00:00-05:00
ocds-dgv273-seacev3-1236649,ocds-dgv273-seacev3-1236649-2026-09-03T10:50:26.251220-05:00,1236649-20601776678,64825.6,PEN,Soles,2026-08-04T00:00:00-05:00
ocds-dgv273-seacev3-1239695,ocds-dgv273-seacev3-1239695-2026-09-03T10:50:25.967540-05:00,1239695-1820149,4242600.97,PEN,Soles,2026-08-20T00:00:00-05:00
ocds-dgv273-seacev3-1234287,ocds-dgv273-seacev3-1234287-2026-09-03T10:50:25.595958-05:00,1234287-20491239221,435600.0,PEN,Soles,2026-08-04T00:00:00-05:00
ocds-dgv273-seacev3-1237732,ocds-dgv273-seacev3-1237732-2026-09-03T10:50:25.175345-05:00,1237732-1820282,110537.7,PEN,Soles,2026-08-21T00:00:00-05:00
ocds-dgv273-seacev3-1237182,ocds-dgv273-seacev3-1237182-2026-09-03T10:50:25.116968-05:00,1237182-10238934694,193800.0,PEN,Soles,2026-08-12T00:00:00-05:00
ocds-dgv273-seacev3-1237988,ocds-dgv273-seacev3-1237988-2026-09-03T10:50:24.550402-05:00,1237988-1821080,957000.0,PEN,Soles,2026-08-21T00:00:00-05:00
ocds-dgv273-seacev3-1233603,ocds-dgv273-seacev3-1233603-2026-09-03T10:50:24.525766-05:00,1233603-1816353,2163070.0,PEN,Soles,2026-07-31T00:00:00-05:00
ocds-dgv273-seacev3-2026-235776-2,ocds-dgv273-seacev3-2026-235776-2-2026-09-03T10:50:24.243956-05:00,1231627-1812779,191944.7,PEN,Soles,2026-07-22T00:00:00-05:00
ocds-dgv273-seacev3-1231333,ocds-dgv273-seacev3-1231333-2026-09-03T10:50:24.113868-05:00,1231333-20600096207,258500.0,PEN,Soles,2026-08-21T00:00:00-05:00
ocds-dgv273-seacev3-1232694,ocds-dgv273-seacev3-1232694-2026-09-03T10:50:23.781239-05:00,1232694-20539711726,634480.0,PEN,Soles,2026-08-18T00:00:00-05:00
ocds-dgv273-seacev3-1233107,ocds-dgv273-seacev3-1233107-2026-09-03T10:50:23.743549-05:00,1233107-1814402,376152.93,PEN,Soles,2026-08-05T00:00:00-05:00
ocds-dgv273-seacev3-2026-200018-15,ocds-dgv273-seacev3-2026-200018-15-2026-09-03T10:50:23.708134-05:00,1233100-20606506113,35026.92,PEN,Soles,2026-07-24T00:00:00-05:00
ocds-dgv273-seacev3-1232257,ocds-dgv273-seacev3-1232257-2026-09-03T10:50:23.691601-05:00,1232257-1813549,222986.1,PEN,Soles,2026-07-21T00:00:00-05:00
ocds-dgv273-seacev3-1231969,ocds-dgv273-seacev3-1231969-2026-09-03T10:50:23.653249-05:00,1231969-1820879,8480658.84,PEN,Soles,2026-08-20T00:00:00-05:00
ocds-dgv273-seacev3-1230434,ocds-dgv273-seacev3-1230434-2026-09-03T10:50:23.441340-05:00,1230434-20602400914,94800.0,PEN,Soles,2026-08-21T00:00:00-05:00
ocds-dgv273-seacev3-1232160,ocds-dgv273-seacev3-1232160-2026-09-03T10:50:17.196469-05:00,1232160-20507734775,2064000.0,PEN,Soles,2026-08-25T00:00:00-05:00
ocds-dgv273-seacev3-1235392,ocds-dgv273-seacev3-1235392-2026-09-03T10:50:16.920334-05:00,1235392-10747302621,155000.0,PEN,Nuevos Soles,2026-08-10T00:00:00-05:00
ocds-dgv273-seacev3-1235695,ocds-dgv273-seacev3-1235695-2026-09-03T10:50:16.869652-05:00,1235695-1816324,65275.0,PEN,Soles,2026-07-31T00:00:00-05:00
ocds-dgv273-seacev3-1232185,ocds-dgv273-seacev3-1232185-2026-09-03T10:50:16.836534-05:00,1232185-10408370642,292370.78,PEN,Soles,2026-07-31T00:00:00-05:00
ocds-dgv273-seacev3-2026-10536-1,ocds-dgv273-seacev3-2026-10536-1-2026-09-03T10:50:16.778171-05:00,1235086-20607931128,269872.0,PEN,Soles,2026-08-13T00:00:00-05:00
ocds-dgv273-seacev3-2026-2350-4,ocds-dgv273-seacev3-2026-2350-4-2026-09-03T10:50:16.734127-05:00,1237788-20604267707,76500.0,PEN,Soles,2026-08-17T00:00:00-05:00
ocds-dgv273-seacev3-1236498,ocds-dgv273-seacev3-1236498-2026-09-03T10:50:16.679584-05:00,1236498-20504109195,137777.0,PEN,Soles,2026-08-24T00:00:00-05:00
ocds-dgv273-seacev3-1238005,ocds-dgv273-seacev3-1238005-2026-09-03T10:50:16.533310-05:00,1238005-20542350033,439921.73,PEN,Soles,2026-08-20T00:00:00-05:00
ocds-dgv273-seacev3-1237372,ocds-dgv273-seacev3-1237372-2026-09-03T10:50:16.409067-05:00,1237372-L9000032865,281000.0,USD,Dólar Norteamericano,2026-08-31T00:00:00-05:00
ocds-dgv273-seacev3-2026-1986-1,ocds-dgv273-seacev3-2026-1986-1-2026-09-03T10:50:16.249031-05:00,1235070-20100148162,421581.9,PEN,Soles,2026-08-04T00:00:00-05:00
ocds-dgv273-seacev3-1234405,ocds-dgv273-seacev3-1234405-2026-09-03T10:50:16.233931-05:00,1234405-20609883686,47360.0,PEN,Soles,2026-08-21T00:00:00-05:00
ocds-dgv273-seacev3-1230120,ocds-dgv273-seacev3-1230120-2026-09-03T10:50:16.059867-05:00,1230120-1814825,69391.58,PEN,Soles,2026-08-21T00:00:00-05:00
ocds-dgv273-seacev3-1233345,ocds-dgv273-seacev3-1233345-2026-09-03T10:50:16.032017-05:00,1233345-20610371788,139000.0,PEN,Soles,2026-08-21T00:00:00-05:00
ocds-dgv273-seacev3-1234698,ocds-dgv273-seacev3-1234698-2026-09-03T10:50:16.015086-05:00,1234698-20449458436,73998.0,PEN,Nuevos Soles,2026-08-05T00:00:00-05:00
ocds-dgv273-seacev3-1235038,ocds-dgv273-seacev3-1235038-2026-09-03T10:50:15.795337-05:00,1235038-1817103,465177.63,PEN,Soles,2026-08-07T00:00:00-05:00
ocds-dgv273-seacev3-1237954,ocds-dgv273-seacev3-1237954-2026-09-03T10:50:15.583355-05:00,1237954-20513581476,89984.0,PEN,Soles,2026-08-17T00:00:00-05:00
ocds-dgv273-seacev3-1237430,ocds-dgv273-seacev3-1237430-2026-09-03T10:50:15.569500-05:00,1237430-1824791,273516.4,PEN,Soles,2026-08-28T00:00:00-05:00
ocds-dgv273-seacev3-1236844,ocds-dgv273-seacev3-1236844-2026-09-03T10:50:15.134666-05:00,1236844-20512283242,60000.0,PEN,Soles,2026-08-14T00:00:00-05:00
ocds-dgv273-seacev3-1235966,ocds-dgv273-seacev3-1235966-2026-09-03T10:50:15.098937-05:00,1235966-20610757139,140120.49,PEN,Soles,2026-08-17T00:00:00-05:00
ocds-dgv273-seacev3-1236930,ocds-dgv273-seacev3-1236930-2026-09-03T10:50:15.047252-05:00,1236930-20600254830,100200.0,PEN,Soles,2026-08-11T00:00:00-05:00
ocds-dgv273-seacev3-1232319,ocds-dgv273-seacev3-1232319-2026-09-03T10:50:13.900222-05:00,1232319-20609983885,578850.0,PEN,Soles,2026-08-20T00:00:00-05:00
ocds-dgv273-seacev3-1234226,ocds-dgv273-seacev3-1234226-2026-09-03T10:50:13.718157-05:00,1234226-1816968,737892.28,PEN,Soles,2026-08-11T00:00:00-05:00
ocds-dgv273-seacev3-2026-2360-33,ocds-dgv273-seacev3-2026-2360-33-2026-09-03T10:50:13.565872-05:00,1231051-20560145358,1777450.0,PEN,Soles,2026-08-31T00:00:00-05:00
ocds-dgv273-seacev3-1233209,ocds-dgv273-seacev3-1233209-2026-09-03T10:50:13.319980-05:00,1233209-10010734377,160188.0,PEN,Soles,2026-07-30T00:00:00-05:00
ocds-dgv273-seacev3-1239117,ocds-dgv273-seacev3-1239117-2026-09-03T10:50:13.094629-05:00,1239117-10472740291,75000.0,PEN,Soles,2026-08-14T00:00:00-05:00
ocds-dgv273-seacev3-1237498,ocds-dgv273-seacev3-1237498-2026-09-03T10:50:13.078341-05:00,1237498-20609955903,85000.0,PEN,Soles,2026-08-17T00:00:00-05:00
ocds-dgv273-seacev3-1234161,ocds-dgv273-seacev3-1234161-2026-09-03T10:50:12.995517-05:00,1234161-10088783706,153900.0,PEN,Soles,2026-08-13T00:00:00-05:00
ocds-dgv273-seacev3-1235501,ocds-dgv273-seacev3-1235501-2026-09-03T10:50:12.489530-05:00,1235501-20600877004,369000.0,PEN,Soles,2026-08-05T00:00:00-05:00
ocds-dgv273-seacev3-1234588,ocds-dgv273-seacev3-1234588-2026-09-03T10:50:12.472737-05:00,1234588-20601114829,114579.9,PEN,Soles,2026-08-05T00:00:00-05:00
ocds-dgv273-seacev3-2026-10356-6,ocds-dgv273-seacev3-2026-10356-6-2026-09-03T10:50:12.425493-05:00,1234199-20600429150,934980.0,PEN,Soles,2026-08-31T00:00:00-05:00
ocds-dgv273-seacev3-1236270,ocds-dgv273-seacev3-1236270-2026-09-03T10:50:12.201169-05:00,1236270-20608069519,82000.0,PEN,Soles,2026-08-14T00:00:00-05:00
ocds-dgv273-seacev3-1233932,ocds-dgv273-seacev3-1233932-2026-09-03T10:50:12.184995-05:00,1233932-20606581760,1166981.86,PEN,Soles,2026-08-03T00:00:00-05:00
ocds-dgv273-seacev3-1236186,ocds-dgv273-seacev3-1236186-2026-09-03T10:50:11.763376-05:00,1236186-20440637869,93699.5,PEN,Soles,2026-08-10T00:00:00-05:00
ocds-dgv273-seacev3-1234067,ocds-dgv273-seacev3-1234067-2026-09-03T10:50:11.635486-05:00,1234067-L5552918196,64393.0,USD,Dólar Norteamericano,2026-07-17T00:00:00-05:00
ocds-dgv273-seacev3-1235158,ocds-dgv273-seacev3-1235158-2026-09-03T10:50:11.471946-05:00,1235158-10410828184,57475.8,PEN,Soles,2026-08-10T00:00:00-05:00
ocds-dgv273-seacev3-1233691,ocds-dgv273-seacev3-1233691-2026-09-03T10:50:11.359050-05:00,1233691-1815881,3238455.09,PEN,Soles,2026-08-04T00:00:00-05:00
ocds-dgv273-seacev3-2026-2383-129,ocds-dgv273-seacev3-2026-2383-129-2026-09-03T10:50:10.838698-05:00,1231007-1812911,15629508.0,PEN,Soles,2026-08-25T00:00:00-05:00
ocds-dgv273-seacev3-1232061,ocds-dgv273-seacev3-1232061-2026-09-03T10:50:10.805136-05:00,1232061-1813874,97728.0,PEN,Soles,2026-07-31T00:00:00-05:00
ocds-dgv273-seacev3-1232672,ocds-dgv273-seacev3-1232672-2026-09-03T10:50:10.741161-05:00,1232672-20546876722,350989.0,PEN,Soles,2026-08-28T00:00:00-05:00
ocds-dgv273-seacev3-1232535,ocds-dgv273-seacev3-1232535-2026-09-03T10:50:10.719545-05:00,1232535-20610847766,112989.36,PEN,Soles,2026-08-03T18:55:47-05:00
ocds-dgv273-seacev3-2026-2557-20,ocds-dgv273-seacev3-2026-2557-20-2026-09-03T10:50:10.563367-05:00,1233089-1818327,235253.0,PEN,Soles,2026-08-07T00:00:00-05:00
ocds-dgv273-seacev3-1233041,ocds-dgv273-seacev3-1233041-2026-09-03T10:50:10.545680-05:00,1233041-1817131,447563.17,PEN,Soles,2026-08-04T00:00:00-05:00
ocds-dgv273-seacev3-1230739,ocds-dgv273-seacev3-1230739-2026-09-03T10:50:10.536631-05:00,1230739-1811419,761553.83,PEN,Soles,2026-07-16T00:00:00-05:00
ocds-dgv273-seacev3-1231097,ocds-dgv273-seacev3-1231097-2026-09-03T10:50:10.467637-05:00,1231097-1813638,499771.67,PEN,Soles,2026-07-30T00:00:00-05:00
ocds-dgv273-seacev3-1232640,ocds-dgv273-seacev3-1232640-2026-09-03T10:50:10.322727-05:00,1232640-20608617915,239700.0,PEN,Soles,2026-07-21T00:00:00-05:00
ocds-dgv273-seacev3-1232640,ocds-dgv273-seacev3-1232640-2026-09-03T10:50:10.322727-05:00,1232640-20454571259,241500.0,PEN,Soles,2026-08-19T00:00:00-05:00
ocds-dgv273-seacev3-1236963,ocds-dgv273-seacev3-1236963-2026-09-03T10:50:04.490534-05:00,1236963-20573029764,2279200.0,PEN,Soles,2026-08-17T00:00:00-05:00
ocds-dgv273-seacev3-2026-1898-17,ocds-dgv273-seacev3-2026-1898-17-2026-09-03T10:50:04.314226-05:00,1232749-1815017,184800.0,PEN,Soles,2026-08-17T00:00:00-05:00
ocds-dgv273-seacev3-1233749,ocds-dgv273-seacev3-1233749-2026-09-03T10:50:04.140388-05:00,1233749-1824723,5233752.33,PEN,Soles,2026-08-28T00:00:00-05:00
ocds-dgv273-seacev3-1242533,ocds-dgv273-seacev3-1242533-2026-09-03T10:50:04.096256-05:00,1242533-20407893248,1249881.57,PEN,Soles,2026-08-19T00:00:00-05:00
ocds-dgv273-seacev3-2026-1920-9,ocds-dgv273-seacev3-2026-1920-9-2026-09-03T10:50:04.045590-05:00,1234271-20505120451,327000.0,PEN,Soles,2026-08-04T00:00:00-05:00
ocds-dgv273-seacev3-1236648,ocds-dgv273-seacev3-1236648-2026-09-03T10:50:03.862749-05:00,1236648-1822000,1598114.96,PEN,Soles,2026-08-18T00:00:00-05:00
ocds-dgv273-seacev3-1233566,ocds-dgv273-seacev3-1233566-2026-09-03T10:50:03.025735-05:00,1233566-20444481651,206706.5,PEN,Soles,2026-08-05T00:00:00-05:00
ocds-dgv273-seacev3-1237781,ocds-dgv273-seacev3-1237781-2026-09-03T10:50:02.942549-05:00,1237781-20182049086,55258.95,PEN,Soles,2026-08-17T00:00:00-05:00
ocds-dgv273-seacev3-2026-10548-1,ocds-dgv273-seacev3-2026-10548-1-2026-09-03T10:50:02.828216-05:00,1232273-10040203139,257218.59999999998,PEN,Soles,2026-07-20T00:00:00-05:00
ocds-dgv273-seacev3-1233298,ocds-dgv273-seacev3-1233298-2026-09-03T10:50:02.627940-05:00,1233298-1814857,166900.0,PEN,Soles,2026-07-31T00:00:00-05:00
ocds-dgv273-seacev3-1223988,ocds-dgv273-seacev3-1223988-2026-09-03T10:50:02.474497-05:00,1223988-1813765,350972.51,PEN,Soles,2026-07-24T00:00:00-05:00
ocds-dgv273-seacev3-1231074,ocds-dgv273-seacev3-1231074-2026-09-03T10:50:02.375198-05:00,1231074-20100041953,6658063.3,USD,Dólar Norteamericano,2026-08-19T00:00:00-05:00
ocds-dgv273-seacev3-2026-1623-6,ocds-dgv273-seacev3-2026-1623-6-2026-09-03T10:50:02.338305-05:00,1230031-20526146191,6012533.78,PEN,Soles,2026-08-31T00:00:00-05:00
ocds-dgv273-seacev3-1237669,ocds-dgv273-seacev3-1237669-2026-09-03T10:50:02.287299-05:00,1237669-10447479988,92000.0,PEN,Soles,2026-08-13T00:00:00-05:00
ocds-dgv273-seacev3-1234475,ocds-dgv273-seacev3-1234475-2026-09-03T10:50:02.262928-05:00,1234475-20609287803,64900.0,PEN,Soles,2026-08-12T00:00:00-05:00
ocds-dgv273-seacev3-1235925,ocds-dgv273-seacev3-1235925-2026-09-03T10:50:02.037271-05:00,1235925-1818014,291351.61,PEN,Soles,2026-08-18T00:00:00-05:00
ocds-dgv273-seacev3-1234245,ocds-dgv273-seacev3-1234245-2026-09-03T10:50:01.815463-05:00,1234245-20511037001,86022.5,PEN,Soles,2026-08-07T00:00:00-05:00
ocds-dgv273-seacev3-2026-1581-2,ocds-dgv273-seacev3-2026-1581-2-2026-09-03T10:50:01.762899-05:00,1233876-1821088,1773922.73,PEN,Soles,2026-08-25T00:00:00-05:00
ocds-dgv273-seacev3-1233679,ocds-dgv273-seacev3-1233679-2026-09-03T10:50:01.547741-05:00,1233679-1818392,1892069.97,PEN,Soles,2026-08-10T00:00:00-05:00
ocds-dgv273-seacev3-2026-1343-9,ocds-dgv273-seacev3-2026-1343-9-2026-09-03T10:50:00.922669-05:00,1235291-1819579,1735763.4,PEN,Soles,2026-08-12T00:00:00-05:00
ocds-dgv273-seacev3-1234530,ocds-dgv273-seacev3-1234530-2026-09-03T10:50:00.898288-05:00,1234530-1820845,244529.2,PEN,Soles,2026-08-17T00:00:00-05:00
ocds-dgv273-seacev3-1236200,ocds-dgv273-seacev3-1236200-2026-09-03T10:50:00.412566-05:00,1236200-1815163,2632649.71,PEN,Soles,2026-07-24T00:00:00-05:00
ocds-dgv273-seacev3-1245212,ocds-dgv273-seacev3-1245212-2026-09-03T10:50:00.222553-05:00,1245212-20608165631,41606.67,PEN,Soles,2026-08-28T00:00:00-05:00
ocds-dgv273-seacev3-2026-2376-10,ocds-dgv273-seacev3-2026-2376-10-2026-09-03T10:49:59.989935-05:00,1235864-1819766,140500.0,PEN,Soles,2026-08-19T00:00:00-05:00
ocds-dgv273-seacev3-1236807,ocds-dgv273-seacev3-1236807-2026-09-03T10:49:59.871912-05:00,1236807-1815235,2592127.11,PEN,Soles,2026-07-24T00:00:00-05:00
ocds-dgv273-seacev3-1235561,ocds-dgv273-seacev3-1235561-2026-09-03T10:49:59.806103-05:00,1235561-1819194,269205.2,PEN,Soles,2026-08-12T00:00:00-05:00
ocds-dgv273-seacev3-2026-10383-5,ocds-dgv273-seacev3-2026-10383-5-2026-09-03T10:49:59.517641-05:00,1235594-10450035233,35200.0,PEN,Soles,2026-08-10T00:00:00-05:00
ocds-dgv273-seacev3-1229821,ocds-dgv273-seacev3-1229821-2026-09-03T10:49:58.879683-05:00,1229821-20511037001,55348.0,PEN,Soles,2026-07-10T00:00:00-05:00
ocds-dgv273-seacev3-1230542,ocds-dgv273-seacev3-1230542-2026-09-03T10:49:58.775938-05:00,1230542-1814218,545393.86,PEN,Soles,2026-07-30T00:00:00-05:00
ocds-dgv273-seacev3-2026-10-17,ocds-dgv273-seacev3-2026-10-17-2026-09-03T10:49:58.016194-05:00,1235143-20507634479,946033.66,PEN,Soles,2026-08-31T00:00:00-05:00
ocds-dgv273-seacev3-1232123,ocds-dgv273-seacev3-1232123-2026-09-03T10:49:57.407874-05:00,1232123-20608280112,195000.0,PEN,Soles,2026-08-24T00:00:00-05:00
ocds-dgv273-seacev3-1229996,ocds-dgv273-seacev3-1229996-2026-09-03T10:49:57.373554-05:00,1229996-1811228,443345.45,PEN,Soles,2026-07-17T00:00:00-05:00
ocds-dgv273-seacev3-1230702,ocds-dgv273-seacev3-1230702-2026-09-03T10:49:57.260583-05:00,1230702-20450483142,79771.27,PEN,Soles,2026-07-24T00:00:00-05:00
ocds-dgv273-seacev3-1231021,ocds-dgv273-seacev3-1231021-2026-09-03T10:49:57.064945-05:00,1231021-10442516834,108775.0,PEN,Soles,2026-08-03T00:00:00-05:00
ocds-dgv273-seacev3-1230590,ocds-dgv273-seacev3-1230590-2026-09-03T10:49:56.852832-05:00,1230590-20550694256,550700.0,PEN,Soles,2026-08-18T00:00:00-05:00
ocds-dgv273-seacev3-1230289,ocds-dgv273-seacev3-1230289-2026-09-03T10:49:56.821026-05:00,1230289-1813258,167371.91,PEN,Soles,2026-07-24T00:00:00-05:00
ocds-dgv273-seacev3-1236317,ocds-dgv273-seacev3-1236317-2026-09-03T10:49:52.064557-05:00,1236317-1826149,46370289.12,PEN,Soles,2026-08-31T00:00:00-05:00
ocds-dgv273-seacev3-1238340,ocds-dgv273-seacev3-1238340-2026-09-03T10:49:51.654196-05:00,1238340-20601482542,99507.0,PEN,Soles,2026-08-25T00:00:00-05:00
ocds-dgv273-seacev3-1237869,ocds-dgv273-seacev3-1237869-2026-09-03T10:49:51.388899-05:00,1237869-20608947222,206850.0,PEN,Nuevos Soles,2026-08-17T00:00:00-05:00
ocds-dgv273-seacev3-1244129,ocds-dgv273-seacev3-1244129-2026-09-03T10:49:51.295492-05:00,1244129-1824361,96549.8,PEN,Soles,2026-08-24T00:00:00-05:00
ocds-dgv273-seacev3-1236385,ocds-dgv273-seacev3-1236385-2026-09-03T10:49:50.663377-05:00,1236385-20560028122,704200.0,PEN,Soles,2026-08-31T00:00:00-05:00
ocds-dgv273-seacev3-1237490,ocds-dgv273-seacev3-1237490-2026-09-03T10:49:50.287605-05:00,1237490-20449458436,58748.0,PEN,Soles,2026-08-11T00:00:00-05:00
ocds-dgv273-seacev3-2026-1868-5,ocds-dgv273-seacev3-2026-1868-5-2026-09-03T10:49:50.203004-05:00,1235486-1817892,2053348.02,PEN,Soles,2026-08-07T00:00:00-05:00
ocds-dgv273-seacev3-1234850,ocds-dgv273-seacev3-1234850-2026-09-03T10:49:50.188385-05:00,1234850-20601173221,228620.0,PEN,Soles,2026-08-05T00:00:00-05:00
ocds-dgv273-seacev3-1237970,ocds-dgv273-seacev3-1237970-2026-09-03T10:49:48.262016-05:00,1237970-20487569136,326601.83,PEN,Soles,2026-08-21T00:00:00-05:00
ocds-dgv273-seacev3-1236481,ocds-dgv273-seacev3-1236481-2026-09-03T10:49:47.786693-05:00,1236481-1820093,4910365.45,PEN,Soles,2026-08-21T00:00:00-05:00
ocds-dgv273-seacev3-1237251,ocds-dgv273-seacev3-1237251-2026-09-03T10:49:47.757547-05:00,1237251-20486109603,58923.7,PEN,Soles,2026-08-18T00:00:00-05:00
ocds-dgv273-seacev3-1235747,ocds-dgv273-seacev3-1235747-2026-09-03T10:49:47.707527-05:00,1235747-20100128218,17388617.48,PEN,Soles,2026-08-07T00:00:00-05:00
ocds-dgv273-seacev3-1233855,ocds-dgv273-seacev3-1233855-2026-09-03T10:49:41.603566-05:00,1233855-1815381,76000.0,PEN,Soles,2026-08-05T00:00:00-05:00
ocds-dgv273-seacev3-1233639,ocds-dgv273-seacev3-1233639-2026-09-03T10:49:41.356584-05:00,1233639-1821953,93000.0,PEN,Soles,2026-08-20T00:00:00-05:00
ocds-dgv273-seacev3-1231775,ocds-dgv273-seacev3-1231775-2026-09-03T10:49:41.194043-05:00,1231775-1820661,988600.0,PEN,Soles,2026-08-14T00:00:00-05:00
ocds-dgv273-seacev3-1231119,ocds-dgv273-seacev3-1231119-2026-09-03T10:49:40.874065-05:00,1231119-10436931862,70504.0,PEN,Soles,2026-08-03T00:00:00-05:00
ocds-dgv273-seacev3-1234373,ocds-dgv273-seacev3-1234373-2026-09-03T10:49:40.700742-05:00,1234373-1817538,167620.0,PEN,Soles,2026-08-10T00:00:00-05:00
ocds-dgv273-seacev3-1233179,ocds-dgv273-seacev3-1233179-2026-09-03T10:49:40.684951-05:00,1233179-1816078,251086.38,PEN,Soles,2026-08-04T00:00:00-05:00
ocds-dgv273-seacev3-1232730,ocds-dgv273-seacev3-1232730-2026-09-03T10:49:40.590132-05:00,1232730-1813982,119500.0,PEN,Soles,2026-07-24T00:00:00-05:00
ocds-dgv273-seacev3-1234398,ocds-dgv273-seacev3-1234398-2026-09-03T10:49:40.118066-05:00,1234398-20538736695,370000.0,PEN,Soles,2026-08-05T00:00:00-05:00
ocds-dgv273-seacev3-1228401,ocds-dgv273-seacev3-1228401-2026-09-03T10:49:40.090166-05:00,1228401-20507634479,951511.76,PEN,Soles,2026-08-20T00:00:00-05:00
ocds-dgv273-seacev3-1234646,ocds-dgv273-seacev3-1234646-2026-09-03T10:49:39.923743-05:00,1234646-10466274491,73500.0,PEN,Soles,2026-07-22T00:00:00-05:00
ocds-dgv273-seacev3-1231484,ocds-dgv273-seacev3-1231484-2026-09-03T10:49:39.830697-05:00,1231484-1812521,164000.0,PEN,Soles,2026-07-31T00:00:00-05:00
ocds-dgv273-seacev3-1234192,ocds-dgv273-seacev3-1234192-2026-09-03T10:49:39.096951-05:00,1234192-20605046127,67850.0,PEN,Soles,2026-08-13T00:00:00-05:00
ocds-dgv273-seacev3-1230270,ocds-dgv273-seacev3-1230270-2026-09-03T10:49:37.979918-05:00,1230270-20490656554,192480.0,PEN,Soles,2026-07-22T00:00:00-05:00
ocds-dgv273-seacev3-2026-1493-10,ocds-dgv273-seacev3-2026-1493-10-2026-09-03T10:49:37.851615-05:00,1233029-1816085,2287632.45,PEN,Soles,2026-08-04T00:00:00-05:00
ocds-dgv273-seacev3-1232797,ocds-dgv273-seacev3-1232797-2026-09-03T10:49:37.245171-05:00,1232797-1816265,1450000.0,PEN,Soles,2026-08-04T00:00:00-05:00
ocds-dgv273-seacev3-1230166,ocds-dgv273-seacev3-1230166-2026-09-03T10:49:37.214864-05:00,1230166-1818288,466897.42,PEN,Soles,2026-08-17T00:00:00-05:00
ocds-dgv273-seacev3-1225270,ocds-dgv273-seacev3-1225270-2026-09-03T10:49:36.814487-05:00,1225270-1812958,2092899.16,PEN,Soles,2026-07-17T00:00:00-05:00
ocds-dgv273-seacev3-2026-235776-1,ocds-dgv273-seacev3-2026-235776-1-2026-09-03T10:49:29.844728-05:00,1231605-1812756,3454539.41,PEN,Soles,2026-07-22T00:00:00-05:00
ocds-dgv273-seacev3-1236419,ocds-dgv273-seacev3-1236419-2026-09-03T10:49:29.753960-05:00,1236419-1820078,159304.16,PEN,Soles,2026-08-17T00:00:00-05:00
ocds-dgv273-seacev3-1236116,ocds-dgv273-seacev3-1236116-2026-09-03T10:49:29.711326-05:00,1236116-20604673608,209856.0,PEN,Soles,2026-08-21T00:00:00-05:00
ocds-dgv273-seacev3-1235947,ocds-dgv273-seacev3-1235947-2026-09-03T10:49:29.696551-05:00,1235947-20606053569,55790.0,PEN,Soles,2026-08-03T00:00:00-05:00
ocds-dgv273-seacev3-1231407,ocds-dgv273-seacev3-1231407-2026-09-03T10:49:29.637364-05:00,1231407-1812628,4632468.01,PEN,Soles,2026-07-17T00:00:00-05:00
ocds-dgv273-seacev3-2026-1617-1,ocds-dgv273-seacev3-2026-1617-1-2026-09-03T10:49:29.440936-05:00,1245018-20478158867,1291234.66,PEN,Soles,2026-08-28T00:00:00-05:00
ocds-dgv273-seacev3-1234628,ocds-dgv273-seacev3-1234628-2026-09-03T10:49:29.378862-05:00,1234628-20537198215,169000.0,PEN,Soles,2026-08-12T00:00:00-05:00
ocds-dgv273-seacev3-1239319,ocds-dgv273-seacev3-1239319-2026-09-03T10:49:29.316817-05:00,1239319-10402476082,169961.25,PEN,Soles,2026-08-21T00:00:00-05:00
ocds-dgv273-seacev3-1236278,ocds-dgv273-seacev3-1236278-2026-09-03T10:49:29.050531-05:00,1236278-1819826,1878664.93,PEN,Soles,2026-08-12T00:00:00-05:00
ocds-dgv273-seacev3-1235164,ocds-dgv273-seacev3-1235164-2026-09-03T10:49:28.831567-05:00,1235164-20606085495,98700.0,PEN,Soles,2026-07-24T00:00:00-05:00
ocds-dgv273-seacev3-1235164,ocds-dgv273-seacev3-1235164-2026-09-03T10:49:28.831567-05:00,1235164-10465439071,99120.0,PEN,Soles,2026-08-17T00:00:00-05:00
ocds-dgv273-seacev3-1245882,ocds-dgv273-seacev3-1245882-2026-09-03T10:49:28.795378-05:00,1245882-1826720,90142.97,PEN,Soles,2026-08-31T00:00:00-05:00
ocds-dgv273-seacev3-1233500,ocds-dgv273-seacev3-1233500-2026-09-03T10:49:28.423404-05:00,1233500-1816269,765000.0,PEN,Soles,2026-08-05T00:00:00-05:00
ocds-dgv273-seacev3-1236002,ocds-dgv273-seacev3-1236002-2026-09-03T10:49:28.377566-05:00,1236002-10420561755,63200.0,PEN,Soles,2026-08-03T00:00:00-05:00
ocds-dgv273-seacev3-1237008,ocds-dgv273-seacev3-1237008-2026-09-03T10:49:28.210615-05:00,1237008-1819106,407841.18,PEN,Soles,2026-08-11T00:00:00-05:00
ocds-dgv273-seacev3-2026-1366-3,ocds-dgv273-seacev3-2026-1366-3-2026-09-03T10:49:28.181237-05:00,1233888-20512375953,189453.92,PEN,Soles,2026-07-31T00:00:00-05:00
ocds-dgv273-seacev3-2026-10418-16,ocds-dgv273-seacev3-2026-10418-16-2026-09-03T10:49:27.991258-05:00,1230826-20610594779,135000.0,PEN,Soles,2026-08-05T00:00:00-05:00
ocds-dgv273-seacev3-1233391,ocds-dgv273-seacev3-1233391-2026-09-03T10:49:27.787644-05:00,1233391-1816271,615181.27,PEN,Soles,2026-07-31T00:00:00-05:00
ocds-dgv273-seacev3-1224773,ocds-dgv273-seacev3-1224773-2026-09-03T10:49:27.771892-05:00,1224773-20610711821,76990.0,PEN,Soles,2026-08-21T00:00:00-05:00
ocds-dgv273-seacev3-1235660,ocds-dgv273-seacev3-1235660-2026-09-03T10:49:27.699946-05:00,1235660-20563954664,189682.05,PEN,Soles,2026-08-24T00:00:00-05:00
ocds-dgv273-seacev3-1237969,ocds-dgv273-seacev3-1237969-2026-09-03T10:49:27.591976-05:00,1237969-20608635671,68000.0,PEN,Soles,2026-08-13T00:00:00-05:00
ocds-dgv273-seacev3-1231408,ocds-dgv273-seacev3-1231408-2026-09-03T10:49:27.132328-05:00,1231408-1809482,432002.76,PEN,Soles,2026-07-08T00:00:00-05:00
ocds-dgv273-seacev3-1234746,ocds-dgv273-seacev3-1234746-2026-09-03T10:49:26.897383-05:00,1234746-1816793,73600.0,PEN,Soles,2026-08-12T00:00:00-05:00
ocds-dgv273-seacev3-1231348,ocds-dgv273-seacev3-1231348-2026-09-03T10:49:26.864472-05:00,1231348-20602309127,146891.01,PEN,Soles,2026-08-07T00:00:00-05:00
ocds-dgv273-seacev3-1236038,ocds-dgv273-seacev3-1236038-2026-09-03T10:49:26.770404-05:00,1236038-1818814,1459316.11,PEN,Soles,2026-08-11T00:00:00-05:00
ocds-dgv273-seacev3-2026-307-11,ocds-dgv273-seacev3-2026-307-11-2026-09-03T10:49:26.586980-05:00,1237211-1819498,1516078.92,PEN,Soles,2026-08-19T00:00:00-05:00
ocds-dgv273-seacev3-1236990,ocds-dgv273-seacev3-1236990-2026-09-03T10:49:26.272254-05:00,1236990-1826746,14273759.38,PEN,Soles,2026-09-01T00:00:00-05:00
ocds-dgv273-seacev3-1232000,ocds-dgv273-seacev3-1232000-2026-09-03T10:49:26.064100-05:00,1232000-1813544,802910.43,PEN,Soles,2026-08-03T00:00:00-05:00
ocds-dgv273-seacev3-1235227,ocds-dgv273-seacev3-1235227-2026-09-03T10:49:25.366963-05:00,1235227-20614187434,176000.0,PEN,Soles,2026-08-25T00:00:00-05:00
ocds-dgv273-seacev3-1236227,ocds-dgv273-seacev3-1236227-2026-09-03T10:49:25.341653-05:00,1236227-1819815,4509251.52,PEN,Soles,2026-08-13T00:00:00-05:00
ocds-dgv273-seacev3-1232565,ocds-dgv273-seacev3-1232565-2026-09-03T10:49:25.200747-05:00,1232565-1816761,105000.0,PEN,Soles,2026-08-19T00:00:00-05:00
ocds-dgv273-seacev3-1230417,ocds-dgv273-seacev3-1230417-2026-09-03T10:49:24.506151-05:00,1230417-1811979,434915.18,PEN,Soles,2026-07-24T00:00:00-05:00
ocds-dgv273-seacev3-1232201,ocds-dgv273-seacev3-1232201-2026-09-03T10:49:24.310530-05:00,1232201-1817574,93900.0,PEN,Soles,2026-08-11T00:00:00-05:00
ocds-dgv273-seacev3-1231498,ocds-dgv273-seacev3-1231498-2026-09-03T10:49:17.898110-05:00,1231498-1813049,126000.0,PEN,Soles,2026-07-21T00:00:00-05:00
ocds-dgv273-seacev3-1233449,ocds-dgv273-seacev3-1233449-2026-09-03T10:49:17.848336-05:00,1233449-1814828,353346.65,PEN,Soles,2026-07-31T00:00:00-05:00
ocds-dgv273-seacev3-1235242,ocds-dgv273-seacev3-1235242-2026-09-03T10:49:17.810269-05:00,1235242-20602600611,404527.2,PEN,Soles,2026-08-11T00:00:00-05:00
ocds-dgv273-seacev3-1235916,ocds-dgv273-seacev3-1235916-2026-09-03T10:49:17.770789-05:00,1235916-20610513213,98500.0,PEN,Soles,2026-07-31T00:00:00-05:00
ocds-dgv273-seacev3-1235817,ocds-dgv273-seacev3-1235817-2026-09-03T10:49:17.312047-05:00,1235817-1820696,465261.43,PEN,Soles,2026-08-21T00:00:00-05:00
ocds-dgv273-seacev3-1236260,ocds-dgv273-seacev3-1236260-2026-09-03T10:49:17.257797-05:00,1236260-20119901180,73856.37,PEN,Soles,2026-08-14T00:00:00-05:00
ocds-dgv273-seacev3-1235173,ocds-dgv273-seacev3-1235173-2026-09-03T10:49:16.909606-05:00,1235173-1817426,859198.39,PEN,Soles,2026-08-07T00:00:00-05:00
ocds-dgv273-seacev3-1237064,ocds-dgv273-seacev3-1237064-2026-09-03T10:49:16.532082-05:00,1237064-20531860251,1468834.61,PEN,Soles,2026-08-20T00:00:00-05:00
ocds-dgv273-seacev3-1232550,ocds-dgv273-seacev3-1232550-2026-09-03T10:49:16.435927-05:00,1232550-20612514721,318125.0,PEN,Soles,2026-08-07T00:00:00-05:00
ocds-dgv273-seacev3-1232519,ocds-dgv273-seacev3-1232519-2026-09-03T10:49:16.042329-05:00,1232519-1816840,370000.0,PEN,Soles,2026-08-21T00:00:00-05:00
ocds-dgv273-seacev3-1236975,ocds-dgv273-seacev3-1236975-2026-09-03T10:49:15.683473-05:00,1236975-10753583357,183708.0,PEN,Soles,2026-08-12T00:00:00-05:00
ocds-dgv273-seacev3-1233854,ocds-dgv273-seacev3-1233854-2026-09-03T10:49:15.331011-05:00,1233854-20610609199,467931.17,PEN,Soles,2026-08-10T00:00:00-05:00
ocds-dgv273-seacev3-1233182,ocds-dgv273-seacev3-1233182-2026-09-03T10:49:15.315206-05:00,1233182-1814934,703750.3,PEN,Soles,2026-07-24T00:00:00-05:00
ocds-dgv273-seacev3-1234117,ocds-dgv273-seacev3-1234117-2026-09-03T10:49:14.880065-05:00,1234117-1816676,224901.42,PEN,Soles,2026-08-04T00:00:00-05:00
ocds-dgv273-seacev3-1236133,ocds-dgv273-seacev3-1236133-2026-09-03T10:49:14.502987-05:00,1236133-20602655718,96200.0,PEN,Soles,2026-08-03T00:00:00-05:00
ocds-dgv273-seacev3-1233600,ocds-dgv273-seacev3-1233600-2026-09-03T10:49:14.357194-05:00,1233600-1815541,499618.47,PEN,Soles,2026-07-30T00:00:00-05:00
ocds-dgv273-seacev3-1234266,ocds-dgv273-seacev3-1234266-2026-09-03T10:49:14.212993-05:00,1234266-20531698488,462560.0,PEN,Soles,2026-08-05T00:00:00-05:00
ocds-dgv273-seacev3-1237232,ocds-dgv273-seacev3-1237232-2026-09-03T10:49:14.040487-05:00,1237232-20529089571,1132255.16,PEN,Soles,2026-08-31T00:00:00-05:00
ocds-dgv273-seacev3-1234218,ocds-dgv273-seacev3-1234218-2026-09-03T10:49:13.542203-05:00,1234218-20609994992,127620.0,PEN,Soles,2026-08-04T00:00:00-05:00
ocds-dgv273-seacev3-1237643,ocds-dgv273-seacev3-1237643-2026-09-03T10:49:13.444345-05:00,1237643-1820187,1994002.7,PEN,Soles,2026-08-21T00:00:00-05:00
ocds-dgv273-seacev3-1231681,ocds-dgv273-seacev3-1231681-2026-09-03T10:49:13.199048-05:00,1231681-20600502108,888448.0,PEN,Soles,2026-08-21T00:00:00-05:00
ocds-dgv273-seacev3-2026-2360-68,ocds-dgv273-seacev3-2026-2360-68-2026-09-03T10:49:12.989183-05:00,1234833-10404681210,70000.0,PEN,Soles,2026-08-07T00:00:00-05:00
ocds-dgv273-seacev3-1231413,ocds-dgv273-seacev3-1231413-2026-09-03T10:49:12.973038-05:00,1231413-20600194861,372408.21,PEN,Soles,2026-08-03T00:00:00-05:00
ocds-dgv273-seacev3-1231201,ocds-dgv273-seacev3-1231201-2026-09-03T10:49:12.238627-05:00,1231201-20604730326,498205.92,PEN,Soles,2026-08-20T00:00:00-05:00
ocds-dgv273-seacev3-1236509,ocds-dgv273-seacev3-1236509-2026-09-03T10:49:12.198323-05:00,1236509-1818565,3012497.72,PEN,Soles,2026-08-11T00:00:00-05:00
ocds-dgv273-seacev3-1232732,ocds-dgv273-seacev3-1232732-2026-09-03T10:49:12.159501-05:00,1232732-1814539,589684.75,PEN,Soles,2026-07-31T00:00:00-05:00
ocds-dgv273-seacev3-1233701,ocds-dgv273-seacev3-1233701-2026-09-03T10:49:11.824640-05:00,1233701-20602250807,109452.0,PEN,Soles,2026-07-31T00:00:00-05:00
ocds-dgv273-seacev3-1232516,ocds-dgv273-seacev3-1232516-2026-09-03T10:49:11.808825-05:00,1232516-20600721179,386439.49,PEN,Soles,2026-08-05T00:00:00-05:00
ocds-dgv273-seacev3-1230362,ocds-dgv273-seacev3-1230362-2026-09-03T10:49:11.573176-05:00,1230362-1820203,8244217.33,PEN,Soles,2026-08-20T00:00:00-05:00
ocds-dgv273-seacev3-1232590,ocds-dgv273-seacev3-1232590-2026-09-03T10:49:11.555295-05:00,1232590-20613018949,115407.0,PEN,Soles,2026-08-05T00:00:00-05:00
ocds-dgv273-seacev3-1233019,ocds-dgv273-seacev3-1233019-2026-09-03T10:49:11.538182-05:00,1233019-1815581,120000.0,PEN,Soles,2026-08-04T00:00:00-05:00
ocds-dgv273-seacev3-2026-2409-117,ocds-dgv273-seacev3-2026-2409-117-2026-09-03T10:49:11.495810-05:00,1230295-20390932864,233243.2,PEN,Soles,2026-08-21T00:00:00-05:00
ocds-dgv273-seacev3-1231526,ocds-dgv273-seacev3-1231526-2026-09-03T10:49:11.301789-05:00,1231526-20568069979,138800.0,PEN,Soles,2026-07-31T00:00:00-05:00
ocds-dgv273-seacev3-1231568,ocds-dgv273-seacev3-1231568-2026-09-03T10:49:11.272999-05:00,1231568-20421239275,75000.0,PEN,Soles,2026-08-05T00:00:00-05:00
ocds-dgv273-seacev3-1231227,ocds-dgv273-seacev3-1231227-2026-09-03T10:49:11.256953-05:00,1231227-20611813113,34200.0,PEN,Soles,2026-07-16T00:00:00-05:00
ocds-dgv273-seacev3-1236706,ocds-dgv273-seacev3-1236706-2026-08-31T10:01:46.384578-05:00,1236706-1820097,756756.38,PEN,Soles,2026-08-19T00:00:00-05:00
ocds-dgv273-seacev3-1233120,ocds-dgv273-seacev3-1233120-2026-08-30T10:02:54.604991-05:00,1233120-10311680833,169760.72,PEN,Soles,2026-08-05T00:00:00-05:00
ocds-dgv273-seacev3-2026-2543-559,ocds-dgv273-seacev3-2026-2543-559-2026-08-30T10:02:53.819381-05:00,1220791-20539421647,368160.0,PEN,Soles,2026-08-19T00:00:00-05:00
ocds-dgv273-seacev3-1235834,ocds-dgv273-seacev3-1235834-2026-08-30T10:02:53.304568-05:00,1235834-20608700901,92500.0,PEN,Soles,2026-08-04T00:00:00-05:00
ocds-dgv273-seacev3-1234862,ocds-dgv273-seacev3-1234862-2026-08-30T10:02:51.489113-05:00,1234862-20481233331,89280.0,PEN,Nuevos Soles,2026-08-11T00:00:00-05:00
ocds-dgv273-seacev3-1236950,ocds-dgv273-seacev3-1236950-2026-08-30T10:02:51.244896-05:00,1236950-10333262831,68475.0,PEN,Soles,2026-08-19T00:00:00-05:00
ocds-dgv273-seacev3-1237514,ocds-dgv273-seacev3-1237514-2026-08-30T10:02:51.082601-05:00,1237514-1820360,185000.0,PEN,Soles,2026-08-20T00:00:00-05:00
ocds-dgv273-seacev3-1231006,ocds-dgv273-seacev3-1231006-2026-08-30T10:02:51.049729-05:00,1231006-20511037001,272690.0,PEN,Soles,2026-07-30T00:00:00-05:00
ocds-dgv273-seacev3-1236051,ocds-dgv273-seacev3-1236051-2026-08-30T10:02:50.945542-05:00,1236051-20601135141,116208.0,PEN,Soles,2026-08-10T00:00:00-05:00
ocds-dgv273-seacev3-1245121,ocds-dgv273-seacev3-1245121-2026-08-30T10:02:50.803084-05:00,1245121-20609317401,41890.0,PEN,Soles,2026-08-27T00:00:00-05:00
ocds-dgv273-seacev3-1235332,ocds-dgv273-seacev3-1235332-2026-08-30T10:02:50.729302-05:00,1235332-20602972608,93000.0,PEN,Soles,2026-08-11T00:00:00-05:00
ocds-dgv273-seacev3-1234077,ocds-dgv273-seacev3-1234077-2026-08-30T10:02:50.714457-05:00,1234077-20613523767,135219.32,PEN,Soles,2026-08-05T15:23:35-05:00
ocds-dgv273-seacev3-1234939,ocds-dgv273-seacev3-1234939-2026-08-30T10:02:50.665229-05:00,1234939-20524924910,195978.0,PEN,Soles,2026-08-12T00:00:00-05:00
ocds-dgv273-seacev3-1236479,ocds-dgv273-seacev3-1236479-2026-08-30T10:02:50.559765-05:00,1236479-20600825187,236356.13,PEN,Soles,2026-07-31T00:00:00-05:00
ocds-dgv273-seacev3-1235854,ocds-dgv273-seacev3-1235854-2026-08-30T10:02:50.276904-05:00,1235854-1821764,139520.0,PEN,Soles,2026-08-18T00:00:00-05:00
ocds-dgv273-seacev3-2026-251427-3,ocds-dgv273-seacev3-2026-251427-3-2026-08-30T10:02:50.224076-05:00,1230773-20517670988,48100.0,PEN,Soles,2026-07-17T00:00:00-05:00
ocds-dgv273-seacev3-1232236,ocds-dgv273-seacev3-1232236-2026-08-30T10:02:50.124830-05:00,1232236-1815191,1713670.84,PEN,Soles,2026-07-31T00:00:00-05:00
ocds-dgv273-seacev3-1235148,ocds-dgv273-seacev3-1235148-2026-08-30T10:02:49.807224-05:00,1235148-20482644253,2438035.3,PEN,Soles,2026-08-20T00:00:00-05:00
ocds-dgv273-seacev3-1236087,ocds-dgv273-seacev3-1236087-2026-08-30T10:02:49.520164-05:00,1236087-20538139689,80000.0,PEN,Soles,2026-08-14T00:00:00-05:00
ocds-dgv273-seacev3-1234025,ocds-dgv273-seacev3-1234025-2026-08-30T10:02:49.471134-05:00,1234025-1823922,1395000.0,PEN,Soles,2026-08-27T00:00:00-05:00
ocds-dgv273-seacev3-2026-2378-23,ocds-dgv273-seacev3-2026-2378-23-2026-08-30T10:02:49.221813-05:00,1236219-20600628144,141000.0,PEN,Soles,2026-08-10T00:00:00-05:00
ocds-dgv273-seacev3-1231456,ocds-dgv273-seacev3-1231456-2026-08-30T10:02:49.098408-05:00,1231456-1818646,128466.6,PEN,Soles,2026-08-19T00:00:00-05:00
ocds-dgv273-seacev3-1233051,ocds-dgv273-seacev3-1233051-2026-08-30T10:02:48.861503-05:00,1233051-10454769959,2399500.0,PEN,Soles,2026-08-03T00:00:00-05:00
ocds-dgv273-seacev3-1230276,ocds-dgv273-seacev3-1230276-2026-08-30T10:02:48.826639-05:00,1230276-20609165465,77400.0,PEN,Soles,2026-08-07T00:00:00-05:00
ocds-dgv273-seacev3-2026-200119-24,ocds-dgv273-seacev3-2026-200119-24-2026-08-30T10:02:48.784349-05:00,1231693-20347268683,616000.0,PEN,Soles,2026-07-21T00:00:00-05:00
ocds-dgv273-seacev3-1231696,ocds-dgv273-seacev3-1231696-2026-08-30T10:02:48.639685-05:00,1231696-20467305931,274500.0,PEN,Soles,2026-08-19T00:00:00-05:00
ocds-dgv273-seacev3-1231440,ocds-dgv273-seacev3-1231440-2026-08-30T10:02:48.617417-05:00,1231440-1813573,1250520.6,PEN,Soles,2026-07-31T00:00:00-05:00
ocds-dgv273-seacev3-1237842,ocds-dgv273-seacev3-1237842-2026-08-30T10:02:44.081553-05:00,1237842-20448170471,67788.7,PEN,Soles,2026-08-10T00:00:00-05:00
ocds-dgv273-seacev3-1234695,ocds-dgv273-seacev3-1234695-2026-08-30T10:02:43.967157-05:00,1234695-1817266,1814897.09,PEN,Soles,2026-08-10T00:00:00-05:00
ocds-dgv273-seacev3-1234527,ocds-dgv273-seacev3-1234527-2026-08-30T10:02:43.952800-05:00,1234527-20601908183,52900.0,PEN,Soles,2026-08-03T00:00:00-05:00
ocds-dgv273-seacev3-1235741,ocds-dgv273-seacev3-1235741-2026-08-30T10:02:43.803785-05:00,1235741-1818566,853190.66,PEN,Soles,2026-08-10T00:00:00-05:00
ocds-dgv273-seacev3-2026-10486-3,ocds-dgv273-seacev3-2026-10486-3-2026-08-30T10:02:43.569955-05:00,1235806-10458652614,116700.0,PEN,Soles,2026-08-12T00:00:00-05:00
ocds-dgv273-seacev3-1235423,ocds-dgv273-seacev3-1235423-2026-08-30T10:02:43.554982-05:00,1235423-20509860981,39812.0,PEN,Soles,2026-08-05T00:00:00-05:00
ocds-dgv273-seacev3-1233444,ocds-dgv273-seacev3-1233444-2026-08-30T10:02:43.206972-05:00,1233444-10458959973,114500.0,PEN,Soles,2026-07-30T00:00:00-05:00
ocds-dgv273-seacev3-1237053,ocds-dgv273-seacev3-1237053-2026-08-30T10:02:43.089622-05:00,1237053-20498697381,231000.0,PEN,Soles,2026-07-24T00:00:00-05:00
ocds-dgv273-seacev3-1234961,ocds-dgv273-seacev3-1234961-2026-08-30T10:02:42.722999-05:00,1234961-20511037001,108000.0,PEN,Soles,2026-08-12T00:00:00-05:00
ocds-dgv273-seacev3-1240620,ocds-dgv273-seacev3-1240620-2026-08-30T10:02:42.612156-05:00,1240620-1821169,4242280.92,PEN,Soles,2026-08-21T00:00:00-05:00
ocds-dgv273-seacev3-1236922,ocds-dgv273-seacev3-1236922-2026-08-30T10:02:42.303180-05:00,1236922-10266306313,210000.0,PEN,Soles,2026-08-10T00:00:00-05:00
ocds-dgv273-seacev3-1233934,ocds-dgv273-seacev3-1233934-2026-08-30T10:02:41.675167-05:00,1233934-20524509858,295000.0,PEN,Soles,2026-08-21T00:00:00-05:00
ocds-dgv273-seacev3-1235503,ocds-dgv273-seacev3-1235503-2026-08-30T10:02:41.587438-05:00,1235503-20519604591,165115.7,PEN,Soles,2026-08-11T00:00:00-05:00
ocds-dgv273-seacev3-1235701,ocds-dgv273-seacev3-1235701-2026-08-30T10:02:41.291351-05:00,1235701-20614769425,109700.0,PEN,Soles,2026-08-20T00:00:00-05:00
ocds-dgv273-seacev3-1233748,ocds-dgv273-seacev3-1233748-2026-08-30T10:02:40.246020-05:00,1233748-20522333132,1450237.23,PEN,Soles,2026-08-27T00:00:00-05:00
ocds-dgv273-seacev3-1235492,ocds-dgv273-seacev3-1235492-2026-08-30T10:02:40.173901-05:00,1235492-20568975422,114700.0,PEN,Soles,2026-08-12T00:00:00-05:00
ocds-dgv273-seacev3-1235398,ocds-dgv273-seacev3-1235398-2026-08-30T10:02:40.078526-05:00,1235398-20563531356,244000.0,PEN,Soles,2026-08-10T00:00:00-05:00
ocds-dgv273-seacev3-1233143,ocds-dgv273-seacev3-1233143-2026-08-30T10:02:40.032256-05:00,1233143-20544168062,3499000.0,PEN,Soles,2026-07-24T00:00:00-05:00
ocds-dgv273-seacev3-1233377,ocds-dgv273-seacev3-1233377-2026-08-30T10:02:39.854164-05:00,1233377-20604093547,222510.0,PEN,Soles,2026-08-10T00:00:00-05:00
ocds-dgv273-seacev3-1244489,ocds-dgv273-seacev3-1244489-2026-08-30T10:02:39.796844-05:00,1244489-10224019985,111600.0,PEN,Soles,2026-08-25T00:00:00-05:00
ocds-dgv273-seacev3-1239880,ocds-dgv273-seacev3-1239880-2026-08-30T10:02:39.764096-05:00,1239880-10100791248,55000.0,PEN,Soles,2026-08-25T00:00:00-05:00
ocds-dgv273-seacev3-1237584,ocds-dgv273-seacev3-1237584-2026-08-30T10:02:39.590393-05:00,1237584-20601893011,97522.28,PEN,Soles,2026-08-07T00:00:00-05:00
ocds-dgv273-seacev3-1233873,ocds-dgv273-seacev3-1233873-2026-08-30T10:02:39.438201-05:00,1233873-1815717,4146757.27,PEN,Soles,2026-07-31T00:00:00-05:00
ocds-dgv273-seacev3-1234293,ocds-dgv273-seacev3-1234293-2026-08-30T10:02:39.349192-05:00,1234293-20332970411,71225.8,PEN,Soles,2026-07-24T00:00:00-05:00
ocds-dgv273-seacev3-2026-200207-1,ocds-dgv273-seacev3-2026-200207-1-2026-08-30T10:02:39.154156-05:00,1235346-20546876722,68028.0,PEN,Soles,2026-08-13T00:00:00-05:00
ocds-dgv273-seacev3-1235220,ocds-dgv273-seacev3-1235220-2026-08-30T10:02:39.139322-05:00,1235220-1820108,138709.0,PEN,Soles,2026-08-20T00:00:00-05:00
ocds-dgv273-seacev3-1236573,ocds-dgv273-seacev3-1236573-2026-08-30T10:02:38.873836-05:00,1236573-20603217226,77000.0,PEN,Soles,2026-08-10T00:00:00-05:00
ocds-dgv273-seacev3-2026-1493-16,ocds-dgv273-seacev3-2026-1493-16-2026-08-30T10:02:38.860167-05:00,1233067-1816024,1945126.81,PEN,Soles,2026-08-18T00:00:00-05:00
ocds-dgv273-seacev3-1233343,ocds-dgv273-seacev3-1233343-2026-08-30T10:02:38.632485-05:00,1233343-20610574093,166320.0,PEN,Soles,2026-08-28T00:00:00-05:00
ocds-dgv273-seacev3-1234561,ocds-dgv273-seacev3-1234561-2026-08-30T10:02:38.617070-05:00,1234561-20109350754,84275.0,PEN,Soles,2026-08-17T00:00:00-05:00
ocds-dgv273-seacev3-1231890,ocds-dgv273-seacev3-1231890-2026-08-30T10:02:38.420737-05:00,1231890-20604621004,80600.0,PEN,Soles,2026-07-24T00:00:00-05:00
ocds-dgv273-seacev3-1231645,ocds-dgv273-seacev3-1231645-2026-08-30T10:02:37.765224-05:00,1231645-1814328,358221.12,PEN,Soles,2026-08-03T00:00:00-05:00
ocds-dgv273-seacev3-2026-2409-147,ocds-dgv273-seacev3-2026-2409-147-2026-08-30T10:02:37.720934-05:00,1231893-20605819371,48000.0,PEN,Soles,2026-08-18T00:00:00-05:00
ocds-dgv273-seacev3-1242519,ocds-dgv273-seacev3-1242519-2026-08-30T10:02:33.361836-05:00,1242519-20539909755,247970.0,PEN,Soles,2026-08-25T00:00:00-05:00
ocds-dgv273-seacev3-1237434,ocds-dgv273-seacev3-1237434-2026-08-30T10:02:32.915843-05:00,1237434-20607160938,86000.0,PEN,Soles,2026-08-13T00:00:00-05:00
ocds-dgv273-seacev3-1235224,ocds-dgv273-seacev3-1235224-2026-08-30T10:02:32.848388-05:00,1235224-1817600,1657395.96,PEN,Soles,2026-08-05T00:00:00-05:00
ocds-dgv273-seacev3-1245168,ocds-dgv273-seacev3-1245168-2026-08-30T10:02:32.690231-05:00,1245168-10295714595,50000.0,PEN,Soles,2026-08-27T00:00:00-05:00
ocds-dgv273-seacev3-1237090,ocds-dgv273-seacev3-1237090-2026-08-30T10:02:32.323130-05:00,1237090-1819903,1167240.16,PEN,Soles,2026-08-13T00:00:00-05:00
ocds-dgv273-seacev3-1233266,ocds-dgv273-seacev3-1233266-2026-08-30T10:02:32.253578-05:00,1233266-10407483630,121000.0,PEN,Soles,2026-07-31T00:00:00-05:00
ocds-dgv273-seacev3-1234652,ocds-dgv273-seacev3-1234652-2026-08-30T10:02:31.945074-05:00,1234652-20604871183,190990.0,PEN,Soles,2026-08-12T00:00:00-05:00
ocds-dgv273-seacev3-1234701,ocds-dgv273-seacev3-1234701-2026-08-30T10:02:31.838298-05:00,1234701-10002005773,288000.0,PEN,Soles,2026-08-12T00:00:00-05:00
ocds-dgv273-seacev3-1234498,ocds-dgv273-seacev3-1234498-2026-08-30T10:02:31.002535-05:00,1234498-10742473576,139495.0,PEN,Soles,2026-08-07T00:00:00-05:00
ocds-dgv273-seacev3-1234481,ocds-dgv273-seacev3-1234481-2026-08-30T10:02:30.988009-05:00,1234481-1821311,267750.0,PEN,Soles,2026-08-27T00:00:00-05:00
ocds-dgv273-seacev3-1234200,ocds-dgv273-seacev3-1234200-2026-08-30T10:02:30.924159-05:00,1234200-20450700771,297000.0,PEN,Soles,2026-08-05T18:34:39-05:00
ocds-dgv273-seacev3-1236273,ocds-dgv273-seacev3-1236273-2026-08-30T10:02:30.521243-05:00,1236273-20347268683,479400.0,PEN,Soles,2026-08-20T00:00:00-05:00
ocds-dgv273-seacev3-1235018,ocds-dgv273-seacev3-1235018-2026-08-30T10:02:30.355778-05:00,1235018-1819124,1398982.18,PEN,Soles,2026-08-11T00:00:00-05:00
ocds-dgv273-seacev3-2026-200195-70,ocds-dgv273-seacev3-2026-200195-70-2026-08-30T10:02:29.522487-05:00,1235222-20479566250,97000.0,PEN,Soles,2026-08-20T00:00:00-05:00
ocds-dgv273-seacev3-1236946,ocds-dgv273-seacev3-1236946-2026-08-30T10:02:29.491357-05:00,1236946-L0611180092,222222.0,USD,Dólar Norteamericano,2026-08-17T00:00:00-05:00
ocds-dgv273-seacev3-1230625,ocds-dgv273-seacev3-1230625-2026-08-30T10:02:29.182049-05:00,1230625-1819203,12701029.05,PEN,Soles,2026-08-18T00:00:00-05:00
ocds-dgv273-seacev3-1226129,ocds-dgv273-seacev3-1226129-2026-08-30T10:02:28.965074-05:00,1226129-1816604,335941.46,PEN,Soles,2026-08-05T00:00:00-05:00
ocds-dgv273-seacev3-1236274,ocds-dgv273-seacev3-1236274-2026-08-30T10:02:28.943634-05:00,1236274-20603682565,205200.0,PEN,Soles,2026-08-10T00:00:00-05:00
ocds-dgv273-seacev3-1243910,ocds-dgv273-seacev3-1243910-2026-08-30T10:02:28.793150-05:00,1243910-L9000033085,270000.0,PEN,Soles,2026-08-27T00:00:00-05:00
ocds-dgv273-seacev3-1234109,ocds-dgv273-seacev3-1234109-2026-08-30T10:02:28.604398-05:00,1234109-20601236266,153387.41,PEN,Soles,2026-08-12T00:00:00-05:00
ocds-dgv273-seacev3-1231133,ocds-dgv273-seacev3-1231133-2026-08-30T10:02:28.541411-05:00,1231133-1811997,805625.41,PEN,Soles,2026-07-17T00:00:00-05:00
ocds-dgv273-seacev3-1233574,ocds-dgv273-seacev3-1233574-2026-08-30T10:02:28.479917-05:00,1233574-10024304359,524400.0,PEN,Soles,2026-08-10T00:00:00-05:00
ocds-dgv273-seacev3-1237111,ocds-dgv273-seacev3-1237111-2026-08-30T10:02:28.258010-05:00,1237111-1819809,642480.0,PEN,Soles,2026-08-14T00:00:00-05:00
ocds-dgv273-seacev3-1234048,ocds-dgv273-seacev3-1234048-2026-08-30T10:02:27.970956-05:00,1234048-1816344,887700.0,PEN,Soles,2026-08-13T00:00:00-05:00
ocds-dgv273-seacev3-1236504,ocds-dgv273-seacev3-1236504-2026-08-30T10:02:27.836251-05:00,1236504-20612838136,72100.0,PEN,Soles,2026-08-04T00:00:00-05:00
ocds-dgv273-seacev3-1232722,ocds-dgv273-seacev3-1232722-2026-08-30T10:02:27.708591-05:00,1232722-1815348,196561.79,PEN,Soles,2026-08-13T00:00:00-05:00
ocds-dgv273-seacev3-2026-2392-56,ocds-dgv273-seacev3-2026-2392-56-2026-08-30T10:02:27.484835-05:00,1231824-20539556909,160512.0,PEN,Soles,2026-08-20T00:00:00-05:00
ocds-dgv273-seacev3-1236714,ocds-dgv273-seacev3-1236714-2026-08-30T10:02:23.122241-05:00,1236714-10725770460,95820.0,PEN,Soles,2026-08-05T00:00:00-05:00
ocds-dgv273-seacev3-1231112,ocds-dgv273-seacev3-1231112-2026-08-30T10:02:23.060925-05:00,1231112-20603236549,298483.61,PEN,Soles,2026-07-31T00:00:00-05:00
ocds-dgv273-seacev3-1237301,ocds-dgv273-seacev3-1237301-2026-08-30T10:02:23.013898-05:00,1237301-20606929626,195000.0,PEN,Soles,2026-08-20T00:00:00-05:00
ocds-dgv273-seacev3-1234632,ocds-dgv273-seacev3-1234632-2026-08-30T10:02:22.916058-05:00,1234632-20509289931,80451.81,PEN,Soles,2026-07-31T00:00:00-05:00
ocds-dgv273-seacev3-1234891,ocds-dgv273-seacev3-1234891-2026-08-30T10:02:22.584691-05:00,1234891-20544843991,61000.0,PEN,Soles,2026-08-10T00:00:00-05:00
ocds-dgv273-seacev3-2026-232347-21,ocds-dgv273-seacev3-2026-232347-21-2026-08-30T10:02:22.426534-05:00,1242731-10721780282,50000.0,PEN,Soles,2026-08-26T00:00:00-05:00
ocds-dgv273-seacev3-1235509,ocds-dgv273-seacev3-1235509-2026-08-30T10:02:22.232518-05:00,1235509-10244822172,40741.4,PEN,Soles,2026-08-12T00:00:00-05:00
ocds-dgv273-seacev3-1236587,ocds-dgv273-seacev3-1236587-2026-08-30T10:02:22.043885-05:00,1236587-1819719,67284.0,PEN,Soles,2026-08-13T00:00:00-05:00
ocds-dgv273-seacev3-1236112,ocds-dgv273-seacev3-1236112-2026-08-30T10:02:22.009610-05:00,1236112-10453926759,69500.0,PEN,Soles,2026-08-04T00:00:00-05:00
ocds-dgv273-seacev3-1236987,ocds-dgv273-seacev3-1236987-2026-08-30T10:02:21.677688-05:00,1236987-20613901478,98200.0,PEN,Soles,2026-08-05T00:00:00-05:00
ocds-dgv273-seacev3-1234827,ocds-dgv273-seacev3-1234827-2026-08-30T10:02:21.611544-05:00,1234827-20609723468,95494.0,PEN,Soles,2026-08-17T00:00:00-05:00
ocds-dgv273-seacev3-1235061,ocds-dgv273-seacev3-1235061-2026-08-30T10:02:21.450732-05:00,1235061-20542675251,150800.0,PEN,Soles,2026-08-07T00:00:00-05:00
ocds-dgv273-seacev3-1244761,ocds-dgv273-seacev3-1244761-2026-08-30T10:02:20.899516-05:00,1244761-10104296225,62500.0,PEN,Soles,2026-08-27T00:00:00-05:00
ocds-dgv273-seacev3-1236294,ocds-dgv273-seacev3-1236294-2026-08-30T10:02:20.863473-05:00,1236294-20537814625,73150.0,PEN,Soles,2026-08-19T00:00:00-05:00
ocds-dgv273-seacev3-1233863,ocds-dgv273-seacev3-1233863-2026-08-30T10:02:20.720834-05:00,1233863-20600935845,243200.0,PEN,Soles,2026-08-19T00:00:00-05:00
ocds-dgv273-seacev3-1237981,ocds-dgv273-seacev3-1237981-2026-08-30T10:02:20.589632-05:00,1237981-1818045,1620362.95,PEN,Soles,2026-08-19T00:00:00-05:00
ocds-dgv273-seacev3-1237752,ocds-dgv273-seacev3-1237752-2026-08-30T10:02:20.574269-05:00,1237752-1820752,257500.0,PEN,Soles,2026-08-20T00:00:00-05:00
ocds-dgv273-seacev3-1235592,ocds-dgv273-seacev3-1235592-2026-08-30T10:02:20.511047-05:00,1235592-20518861604,250344.0,PEN,Soles,2026-08-27T00:00:00-05:00
ocds-dgv273-seacev3-1234716,ocds-dgv273-seacev3-1234716-2026-08-30T10:02:20.440547-05:00,1234716-10095307553,44957.0,PEN,Soles,2026-08-03T00:00:00-05:00
ocds-dgv273-seacev3-1233678,ocds-dgv273-seacev3-1233678-2026-08-30T10:02:20.190734-05:00,1233678-20610968423,59990.0,PEN,Soles,2026-07-21T00:00:00-05:00
ocds-dgv273-seacev3-1236546,ocds-dgv273-seacev3-1236546-2026-08-30T10:02:18.322085-05:00,1236546-20561249009,72730.0,PEN,Soles,2026-08-04T00:00:00-05:00
ocds-dgv273-seacev3-1236571,ocds-dgv273-seacev3-1236571-2026-08-30T10:02:18.272173-05:00,1236571-1819985,901723.2,PEN,Soles,2026-08-13T00:00:00-05:00
ocds-dgv273-seacev3-1233222,ocds-dgv273-seacev3-1233222-2026-08-30T10:02:18.033579-05:00,1233222-20562893998,95000.0,PEN,Soles,2026-08-24T00:00:00-05:00
ocds-dgv273-seacev3-1229515,ocds-dgv273-seacev3-1229515-2026-08-30T10:02:17.809321-05:00,1229515-20609819856,111400.0,PEN,Soles,2026-07-24T00:00:00-05:00
ocds-dgv273-seacev3-1236226,ocds-dgv273-seacev3-1236226-2026-08-30T10:02:17.684080-05:00,1236226-10423730272,247875.0,PEN,Soles,2026-08-12T00:00:00-05:00
ocds-dgv273-seacev3-1237363,ocds-dgv273-seacev3-1237363-2026-08-30T10:02:17.288871-05:00,1237363-20559644243,44300.0,PEN,Soles,2026-08-11T15:12:39-05:00
ocds-dgv273-seacev3-1235439,ocds-dgv273-seacev3-1235439-2026-08-30T10:02:17.276057-05:00,1235439-1819646,1625696.43,PEN,Soles,2026-08-20T00:00:00-05:00
ocds-dgv273-seacev3-1235524,ocds-dgv273-seacev3-1235524-2026-08-30T10:02:17.027229-05:00,1235524-1818697,515851.77,PEN,Soles,2026-08-10T00:00:00-05:00
ocds-dgv273-seacev3-1234175,ocds-dgv273-seacev3-1234175-2026-08-30T10:02:16.974703-05:00,1234175-20295006570,486205.06,PEN,Soles,2026-08-28T00:00:00-05:00
ocds-dgv273-seacev3-1235853,ocds-dgv273-seacev3-1235853-2026-08-30T10:02:16.852498-05:00,1235853-20501887286,130600.0,PEN,Soles,2026-08-10T00:00:00-05:00
ocds-dgv273-seacev3-1229936,ocds-dgv273-seacev3-1229936-2026-08-30T10:02:16.692219-05:00,1229936-20547246919,150000.0,PEN,Soles,2026-07-31T00:00:00-05:00
ocds-dgv273-seacev3-1232549,ocds-dgv273-seacev3-1232549-2026-08-30T10:02:16.669805-05:00,1232549-1819545,395311.78,PEN,Soles,2026-08-12T00:00:00-05:00
ocds-dgv273-seacev3-1231620,ocds-dgv273-seacev3-1231620-2026-08-30T10:02:16.655839-05:00,1231620-20100070970,910651.02,PEN,Soles,2026-07-24T00:00:00-05:00
ocds-dgv273-seacev3-1230917,ocds-dgv273-seacev3-1230917-2026-08-30T10:02:16.523075-05:00,1230917-10094504959,107875.73,PEN,Soles,2026-08-20T00:00:00-05:00
ocds-dgv273-seacev3-1231624,ocds-dgv273-seacev3-1231624-2026-08-30T10:02:16.416148-05:00,1231624-20608497855,97669.74,PEN,Soles,2026-08-07T00:00:00-05:00
ocds-dgv273-seacev3-1230290,ocds-dgv273-seacev3-1230290-2026-08-30T10:02:16.285412-05:00,1230290-20600100557,98797.2,PEN,Soles,2026-07-20T00:00:00-05:00
ocds-dgv273-seacev3-1230290,ocds-dgv273-seacev3-1230290-2026-08-30T10:02:16.285412-05:00,1230290-20601809061,310887.0,PEN,Soles,2026-07-20T00:00:00-05:00
ocds-dgv273-seacev3-1236993,ocds-dgv273-seacev3-1236993-2026-08-29T10:11:46.537821-05:00,1236993-20609186748,91957.99,PEN,Soles,2026-08-17T00:00:00-05:00
ocds-dgv273-seacev3-1236449,ocds-dgv273-seacev3-1236449-2026-08-29T10:11:46.364956-05:00,1236449-20559644243,61761.76,PEN,Soles,2026-08-07T00:00:00-05:00
ocds-dgv273-seacev3-1234395,ocds-dgv273-seacev3-1234395-2026-08-29T10:11:46.162893-05:00,1234395-20609636816,113760.0,PEN,Soles,2026-08-27T00:00:00-05:00
ocds-dgv273-seacev3-1244860,ocds-dgv273-seacev3-1244860-2026-08-29T10:11:45.771942-05:00,1244860-1824997,18520613.9,PEN,Soles,2026-08-26T00:00:00-05:00
ocds-dgv273-seacev3-1232345,ocds-dgv273-seacev3-1232345-2026-08-29T10:11:44.951793-05:00,1232345-1816316,153500.0,PEN,Soles,2026-08-04T00:00:00-05:00
ocds-dgv273-seacev3-1235505,ocds-dgv273-seacev3-1235505-2026-08-29T10:11:44.883222-05:00,1235505-1818177,703000.0,PEN,Soles,2026-08-07T00:00:00-05:00
ocds-dgv273-seacev3-2026-275294-56,ocds-dgv273-seacev3-2026-275294-56-2026-08-29T10:11:44.763812-05:00,1237125-10450246676,30000.0,PEN,Soles,2026-08-27T00:00:00-05:00
ocds-dgv273-seacev3-1238302,ocds-dgv273-seacev3-1238302-2026-08-29T10:11:44.317193-05:00,1238302-10457784061,63000.0,PEN,Soles,2026-08-12T00:00:00-05:00
ocds-dgv273-seacev3-1237252,ocds-dgv273-seacev3-1237252-2026-08-29T10:11:44.149783-05:00,1237252-10753583357,158096.4,PEN,Soles,2026-07-30T00:00:00-05:00
ocds-dgv273-seacev3-1236590,ocds-dgv273-seacev3-1236590-2026-08-29T10:11:44.037488-05:00,1236590-20604771219,51150.0,PEN,Soles,2026-08-12T00:00:00-05:00
ocds-dgv273-seacev3-1233225,ocds-dgv273-seacev3-1233225-2026-08-29T10:11:43.637146-05:00,1233225-20501610217,293970.0,PEN,Soles,2026-08-19T00:00:00-05:00
ocds-dgv273-seacev3-2026-275294-58,ocds-dgv273-seacev3-2026-275294-58-2026-08-29T10:11:43.257407-05:00,1237109-10709475199,21000.0,PEN,Soles,2026-08-27T00:00:00-05:00
ocds-dgv273-seacev3-1235997,ocds-dgv273-seacev3-1235997-2026-08-29T10:11:43.164726-05:00,1235997-20603430086,146313.45,PEN,Soles,2026-08-11T00:00:00-05:00
ocds-dgv273-seacev3-1237445,ocds-dgv273-seacev3-1237445-2026-08-29T10:11:42.858089-05:00,1237445-20487198561,126200.0,PEN,Soles,2026-08-27T00:00:00-05:00
ocds-dgv273-seacev3-1235028,ocds-dgv273-seacev3-1235028-2026-08-29T10:11:42.207510-05:00,1235028-10444256279,389999.0,PEN,Soles,2026-08-04T00:00:00-05:00
ocds-dgv273-seacev3-1239349,ocds-dgv273-seacev3-1239349-2026-08-29T10:11:41.829614-05:00,1239349-20608182528,4718.5,PEN,Soles,2026-08-11T00:00:00-05:00
ocds-dgv273-seacev3-1236870,ocds-dgv273-seacev3-1236870-2026-08-29T10:11:41.626777-05:00,1236870-1820652,139051.2,PEN,Soles,2026-08-13T00:00:00-05:00
ocds-dgv273-seacev3-1230532,ocds-dgv273-seacev3-1230532-2026-08-29T10:11:41.430634-05:00,1230532-20373687333,187798.0,PEN,Soles,2026-08-05T00:00:00-05:00
ocds-dgv273-seacev3-1231753,ocds-dgv273-seacev3-1231753-2026-08-29T10:11:41.239029-05:00,1231753-20524800510,914641.0,PEN,Soles,2026-07-10T00:00:00-05:00
ocds-dgv273-seacev3-1230894,ocds-dgv273-seacev3-1230894-2026-08-29T10:11:41.167277-05:00,1230894-20570698304,99944.11,PEN,Soles,2026-07-10T00:00:00-05:00
ocds-dgv273-seacev3-1230381,ocds-dgv273-seacev3-1230381-2026-08-29T10:11:40.806368-05:00,1230381-20608152921,142350.0,PEN,Soles,2026-07-20T00:00:00-05:00
ocds-dgv273-seacev3-1236189,ocds-dgv273-seacev3-1236189-2026-08-29T10:11:36.420271-05:00,1236189-1820689,123500.0,PEN,Soles,2026-08-19T00:00:00-05:00
ocds-dgv273-seacev3-1231315,ocds-dgv273-seacev3-1231315-2026-08-29T10:11:36.404192-05:00,1231315-1812722,1095776.17,PEN,Soles,2026-07-17T00:00:00-05:00
ocds-dgv273-seacev3-1231687,ocds-dgv273-seacev3-1231687-2026-08-29T10:11:36.023505-05:00,1231687-10455833081,66457.6,PEN,Soles,2026-07-17T00:00:00-05:00
ocds-dgv273-seacev3-2026-275294-59,ocds-dgv273-seacev3-2026-275294-59-2026-08-29T10:11:35.788261-05:00,1237128-10442798937,21000.0,PEN,Soles,2026-08-27T00:00:00-05:00
ocds-dgv273-seacev3-2026-276-5,ocds-dgv273-seacev3-2026-276-5-2026-08-29T10:11:34.938247-05:00,1233192-1817942,934689.71,PEN,Soles,2026-08-07T00:00:00-05:00
ocds-dgv273-seacev3-1236552,ocds-dgv273-seacev3-1236552-2026-08-29T10:11:34.805584-05:00,1236552-20610082182,115894.8,PEN,Soles,2026-08-07T00:00:00-05:00
ocds-dgv273-seacev3-1237710,ocds-dgv273-seacev3-1237710-2026-08-29T10:11:34.749008-05:00,1237710-20605641939,150000.0,PEN,Soles,2026-08-19T00:00:00-05:00
ocds-dgv273-seacev3-2026-200266-36,ocds-dgv273-seacev3-2026-200266-36-2026-08-29T10:11:33.144493-05:00,1233927-20601258812,224364.0,PEN,Soles,2026-08-27T00:00:00-05:00
ocds-dgv273-seacev3-1232969,ocds-dgv273-seacev3-1232969-2026-08-29T10:11:31.842811-05:00,1232969-1815137,205817.02,PEN,Soles,2026-07-30T00:00:00-05:00
ocds-dgv273-seacev3-1232193,ocds-dgv273-seacev3-1232193-2026-08-29T10:11:30.848632-05:00,1232193-1814376,87292.3,PEN,Soles,2026-07-22T00:00:00-05:00
ocds-dgv273-seacev3-1230357,ocds-dgv273-seacev3-1230357-2026-08-29T10:11:30.798371-05:00,1230357-20534428384,735000.0,PEN,Soles,2026-07-30T00:00:00-05:00
ocds-dgv273-seacev3-1236089,ocds-dgv273-seacev3-1236089-2026-08-29T10:11:25.506653-05:00,1236089-20502612710,178301.32,PEN,Soles,2026-08-12T00:00:00-05:00
ocds-dgv273-seacev3-1231926,ocds-dgv273-seacev3-1231926-2026-08-29T10:11:24.571907-05:00,1231926-20601638615,64800.0,PEN,Soles,2026-08-03T00:00:00-05:00
ocds-dgv273-seacev3-1233953,ocds-dgv273-seacev3-1233953-2026-08-29T10:11:24.537635-05:00,1233953-20603237120,369647.98,PEN,Soles,2026-08-20T00:00:00-05:00
ocds-dgv273-seacev3-1236354,ocds-dgv273-seacev3-1236354-2026-08-29T10:11:24.429519-05:00,1236354-20537758377,152279.0,PEN,Soles,2026-08-13T00:00:00-05:00
ocds-dgv273-seacev3-1233745,ocds-dgv273-seacev3-1233745-2026-08-29T10:11:24.415595-05:00,1233745-20603988974,78988.0,PEN,Soles,2026-08-11T00:00:00-05:00
ocds-dgv273-seacev3-1239328,ocds-dgv273-seacev3-1239328-2026-08-29T10:11:23.935635-05:00,1239328-20254702146,9495.0,PEN,Soles,2026-08-11T00:00:00-05:00
ocds-dgv273-seacev3-1233539,ocds-dgv273-seacev3-1233539-2026-08-29T10:11:23.847108-05:00,1233539-10458946901,180675.0,PEN,Soles,2026-07-30T00:00:00-05:00
ocds-dgv273-seacev3-1234305,ocds-dgv273-seacev3-1234305-2026-08-29T10:11:23.493042-05:00,1234305-10102765287,136800.0,PEN,Soles,2026-08-05T00:00:00-05:00
ocds-dgv273-seacev3-1235856,ocds-dgv273-seacev3-1235856-2026-08-29T10:11:23.434600-05:00,1235856-20559644243,121280.0,PEN,Soles,2026-08-07T00:00:00-05:00
ocds-dgv273-seacev3-1237715,ocds-dgv273-seacev3-1237715-2026-08-29T10:11:23.321739-05:00,1237715-1823486,51724.55,PEN,Soles,2026-08-25T00:00:00-05:00
ocds-dgv273-seacev3-1236459,ocds-dgv273-seacev3-1236459-2026-08-29T10:11:23.205743-05:00,1236459-1822162,350000.0,PEN,Soles,2026-08-27T00:00:00-05:00
ocds-dgv273-seacev3-1236391,ocds-dgv273-seacev3-1236391-2026-08-29T10:11:22.995166-05:00,1236391-20604598835,50577.75,PEN,Soles,2026-07-24T00:00:00-05:00
ocds-dgv273-seacev3-1235808,ocds-dgv273-seacev3-1235808-2026-08-29T10:11:22.896037-05:00,1235808-20536685261,232000.0,PEN,Soles,2026-08-19T16:05:01-05:00
ocds-dgv273-seacev3-2026-1921-68,ocds-dgv273-seacev3-2026-1921-68-2026-08-29T10:11:21.746945-05:00,1234867-20602162274,176250.0,PEN,Soles,2026-08-19T00:00:00-05:00
ocds-dgv273-seacev3-1236461,ocds-dgv273-seacev3-1236461-2026-08-29T10:11:21.176847-05:00,1236461-20486279436,99110.8,PEN,Soles,2026-08-10T17:59:00-05:00
ocds-dgv273-seacev3-1231001,ocds-dgv273-seacev3-1231001-2026-08-29T10:11:20.317727-05:00,1231001-1815752,179498.08,PEN,Soles,2026-07-30T00:00:00-05:00
ocds-dgv273-seacev3-2026-200276-24,ocds-dgv273-seacev3-2026-200276-24-2026-08-29T10:11:20.301751-05:00,1229902-20492504018,644195.0,PEN,Soles,2026-08-12T00:00:00-05:00
ocds-dgv273-seacev3-2026-1347-7,ocds-dgv273-seacev3-2026-1347-7-2026-08-29T10:11:19.521653-05:00,1235255-20546972446,195900.0,PEN,Soles,2026-08-10T00:00:00-05:00
ocds-dgv273-seacev3-1231811,ocds-dgv273-seacev3-1231811-2026-08-29T10:11:19.100929-05:00,1231811-20468787360,76382.0,PEN,Soles,2026-07-10T00:00:00-05:00
ocds-dgv273-seacev3-1230947,ocds-dgv273-seacev3-1230947-2026-08-29T10:11:19.028304-05:00,1230947-1813664,483570.0,PEN,Soles,2026-07-21T00:00:00-05:00
ocds-dgv273-seacev3-1230860,ocds-dgv273-seacev3-1230860-2026-08-29T10:11:18.813026-05:00,1230860-20450700771,417600.0,PEN,Soles,2026-07-22T00:00:00-05:00
ocds-dgv273-seacev3-1230860,ocds-dgv273-seacev3-1230860-2026-08-29T10:11:18.813026-05:00,1230860-20601020581,120000.0,PEN,Soles,2026-07-22T00:00:00-05:00
ocds-dgv273-seacev3-1231695,ocds-dgv273-seacev3-1231695-2026-08-29T10:11:18.693308-05:00,1231695-20603405723,240630.0,PEN,Soles,2026-07-22T00:00:00-05:00
ocds-dgv273-seacev3-1238934,ocds-dgv273-seacev3-1238934-2026-08-29T10:11:14.577687-05:00,1238934-20601570263,1305.2,PEN,Soles,2026-08-10T00:00:00-05:00
ocds-dgv273-seacev3-1239835,ocds-dgv273-seacev3-1239835-2026-08-29T10:11:14.155537-05:00,1239835-20393025868,6504.3,PEN,Soles,2026-08-11T00:00:00-05:00
ocds-dgv273-seacev3-1237511,ocds-dgv273-seacev3-1237511-2026-08-29T10:11:13.975108-05:00,1237511-20100205492,70389.0,PEN,Soles,2026-08-17T00:00:00-05:00
ocds-dgv273-seacev3-1237208,ocds-dgv273-seacev3-1237208-2026-08-29T10:11:13.777376-05:00,1237208-1818623,483210.0,PEN,Soles,2026-08-19T00:00:00-05:00
ocds-dgv273-seacev3-1231741,ocds-dgv273-seacev3-1231741-2026-08-29T10:11:13.761020-05:00,1231741-20603405723,360494.0,PEN,Soles,2026-07-22T00:00:00-05:00
ocds-dgv273-seacev3-1235589,ocds-dgv273-seacev3-1235589-2026-08-29T10:11:13.717524-05:00,1235589-1817651,1791091.41,PEN,Soles,2026-08-05T00:00:00-05:00
ocds-dgv273-seacev3-1233618,ocds-dgv273-seacev3-1233618-2026-08-29T10:11:12.774002-05:00,1233618-1820876,68137.8,PEN,Soles,2026-08-18T00:00:00-05:00
ocds-dgv273-seacev3-1232393,ocds-dgv273-seacev3-1232393-2026-08-29T10:11:12.644446-05:00,1232393-20607659321,123401.2,PEN,Soles,2026-08-03T00:00:00-05:00
ocds-dgv273-seacev3-1233788,ocds-dgv273-seacev3-1233788-2026-08-29T10:11:12.600751-05:00,1233788-1815400,146711.57,PEN,Soles,2026-07-30T00:00:00-05:00
ocds-dgv273-seacev3-1236325,ocds-dgv273-seacev3-1236325-2026-08-29T10:11:11.802835-05:00,1236325-20600078314,52100.0,PEN,Soles,2026-08-03T00:00:00-05:00
ocds-dgv273-seacev3-2026-1209-21,ocds-dgv273-seacev3-2026-1209-21-2026-08-29T10:11:11.740908-05:00,1235777-20539711726,123567.5,PEN,Soles,2026-08-19T00:00:00-05:00
ocds-dgv273-seacev3-1235390,ocds-dgv273-seacev3-1235390-2026-08-29T10:11:10.339139-05:00,1235390-20511037001,87924.12,PEN,Soles,2026-08-07T00:00:00-05:00
ocds-dgv273-seacev3-1233127,ocds-dgv273-seacev3-1233127-2026-08-29T10:11:09.994158-05:00,1233127-1820634,432256.53,PEN,Soles,2026-08-19T00:00:00-05:00
ocds-dgv273-seacev3-1234463,ocds-dgv273-seacev3-1234463-2026-08-29T10:11:09.965080-05:00,1234463-20518759079,154660.0,PEN,Soles,2026-08-03T00:00:00-05:00
ocds-dgv273-seacev3-2026-200170-5,ocds-dgv273-seacev3-2026-200170-5-2026-08-29T10:11:09.860658-05:00,1230972-20614934931,367000.0,PEN,Soles,2026-07-30T00:00:00-05:00
ocds-dgv273-seacev3-1235602,ocds-dgv273-seacev3-1235602-2026-08-29T10:11:09.594685-05:00,1235602-10805688667,114520.0,PEN,Soles,2026-08-12T00:00:00-05:00
ocds-dgv273-seacev3-1239977,ocds-dgv273-seacev3-1239977-2026-08-29T10:11:09.165446-05:00,1239977-20554436294,68940.0,PEN,Soles,2026-08-11T00:00:00-05:00
ocds-dgv273-seacev3-1235479,ocds-dgv273-seacev3-1235479-2026-08-29T10:11:09.058746-05:00,1235479-20600352513,316008.0,PEN,Soles,2026-08-14T00:00:00-05:00
ocds-dgv273-seacev3-2026-275294-51,ocds-dgv273-seacev3-2026-275294-51-2026-08-29T10:11:08.914927-05:00,1237123-10749844286,24000.0,PEN,Soles,2026-08-27T00:00:00-05:00
ocds-dgv273-seacev3-1236006,ocds-dgv273-seacev3-1236006-2026-08-29T10:11:08.624330-05:00,1236006-20600078314,58100.0,PEN,Soles,2026-08-03T00:00:00-05:00
ocds-dgv273-seacev3-2026-408-1,ocds-dgv273-seacev3-2026-408-1-2026-08-29T10:11:08.601379-05:00,1234471-10305893761,77271.4,PEN,Soles,2026-07-31T00:00:00-05:00
ocds-dgv273-seacev3-1235901,ocds-dgv273-seacev3-1235901-2026-08-29T10:11:08.239296-05:00,1235901-20100241022,120700.0,PEN,Soles,2026-08-07T00:00:00-05:00
ocds-dgv273-seacev3-1231859,ocds-dgv273-seacev3-1231859-2026-08-29T10:11:07.995161-05:00,1231859-10799993487,64500.0,PEN,Soles,2026-07-31T00:00:00-05:00
ocds-dgv273-seacev3-1231815,ocds-dgv273-seacev3-1231815-2026-08-29T10:11:07.878350-05:00,1231815-20519365589,221176.9,PEN,Soles,2026-07-10T00:00:00-05:00
ocds-dgv273-seacev3-2026-1926-197,ocds-dgv273-seacev3-2026-1926-197-2026-08-29T10:11:02.974574-05:00,1233694-20543342905,22500.0,USD,Dólar Norteamericano,2026-08-03T00:00:00-05:00
ocds-dgv273-seacev3-2026-2543-178,ocds-dgv273-seacev3-2026-2543-178-2026-08-29T10:11:02.763144-05:00,1235774-20609157080,51750.0,PEN,Soles,2026-08-19T00:00:00-05:00
ocds-dgv273-seacev3-1235810,ocds-dgv273-seacev3-1235810-2026-08-29T10:11:02.621847-05:00,1235810-1817908,758294.85,PEN,Soles,2026-08-11T00:00:00-05:00
ocds-dgv273-seacev3-2026-1295-2,ocds-dgv273-seacev3-2026-1295-2-2026-08-29T10:11:01.824679-05:00,1232967-20487777243,262952.5,PEN,Soles,2026-08-05T00:00:00-05:00
ocds-dgv273-seacev3-2026-1297-3,ocds-dgv273-seacev3-2026-1297-3-2026-08-29T10:11:01.384786-05:00,1233475-20482530592,2997464.34,PEN,Soles,2026-08-04T00:00:00-05:00
ocds-dgv273-seacev3-1228272,ocds-dgv273-seacev3-1228272-2026-08-29T10:11:01.298586-05:00,1228272-1815767,135273.37,PEN,Soles,2026-08-10T00:00:00-05:00
ocds-dgv273-seacev3-1233594,ocds-dgv273-seacev3-1233594-2026-08-29T10:11:01.262311-05:00,1233594-20609275252,199999.99,PEN,Soles,2026-08-07T00:00:00-05:00
ocds-dgv273-seacev3-2026-275294-60,ocds-dgv273-seacev3-2026-275294-60-2026-08-29T10:11:01.132341-05:00,1237110-10732018625,21000.0,PEN,Soles,2026-08-27T00:00:00-05:00
ocds-dgv273-seacev3-1233419,ocds-dgv273-seacev3-1233419-2026-08-29T10:11:00.866728-05:00,1233419-1816398,1034595.27,PEN,Soles,2026-08-19T00:00:00-05:00
ocds-dgv273-seacev3-1235884,ocds-dgv273-seacev3-1235884-2026-08-29T10:11:00.254331-05:00,1235884-20448464629,120400.0,PEN,Soles,2026-08-07T00:00:00-05:00
ocds-dgv273-seacev3-1236224,ocds-dgv273-seacev3-1236224-2026-08-29T10:11:00.025493-05:00,1236224-1820004,696101.94,PEN,Soles,2026-08-19T00:00:00-05:00
ocds-dgv273-seacev3-1235302,ocds-dgv273-seacev3-1235302-2026-08-29T10:10:57.853380-05:00,1235302-1819418,76411.14,PEN,Soles,2026-08-13T00:00:00-05:00
ocds-dgv273-seacev3-1233352,ocds-dgv273-seacev3-1233352-2026-08-29T10:10:57.837496-05:00,1233352-1816403,169412.6,PEN,Soles,2026-08-19T00:00:00-05:00
ocds-dgv273-seacev3-1229653,ocds-dgv273-seacev3-1229653-2026-08-29T10:10:57.444635-05:00,1229653-1811167,855656.82,PEN,Soles,2026-07-17T00:00:00-05:00
ocds-dgv273-seacev3-1231092,ocds-dgv273-seacev3-1231092-2026-08-29T10:10:56.982144-05:00,1231092-20480009917,124700.0,PEN,Soles,2026-07-31T00:00:00-05:00
ocds-dgv273-seacev3-1232882,ocds-dgv273-seacev3-1232882-2026-08-29T10:10:56.831280-05:00,1232882-1814781,327700.0,PEN,Soles,2026-08-03T00:00:00-05:00
ocds-dgv273-seacev3-1232546,ocds-dgv273-seacev3-1232546-2026-08-29T10:10:56.814424-05:00,1232546-1814583,110000.0,PEN,Soles,2026-07-30T00:00:00-05:00
ocds-dgv273-seacev3-1232371,ocds-dgv273-seacev3-1232371-2026-08-29T10:10:56.765344-05:00,1232371-20562979108,183480.0,PEN,Soles,2026-08-13T00:00:00-05:00
ocds-dgv273-seacev3-1231220,ocds-dgv273-seacev3-1231220-2026-08-29T10:10:56.600163-05:00,1231220-20612736261,56721.47,PEN,Soles,2026-07-10T00:00:00-05:00
ocds-dgv273-seacev3-1232217,ocds-dgv273-seacev3-1232217-2026-08-29T10:10:56.526148-05:00,1232217-1813613,147612.87,PEN,Soles,2026-08-03T00:00:00-05:00
ocds-dgv273-seacev3-1230361,ocds-dgv273-seacev3-1230361-2026-08-29T10:10:56.472943-05:00,1230361-20615596451,49200.0,PEN,Soles,2026-07-07T00:00:00-05:00
ocds-dgv273-seacev3-1237684,ocds-dgv273-seacev3-1237684-2026-08-29T10:10:51.585566-05:00,1237684-20608152921,65480.0,PEN,Soles,2026-08-18T00:00:00-05:00
ocds-dgv273-seacev3-1236250,ocds-dgv273-seacev3-1236250-2026-08-29T10:10:51.190330-05:00,1236250-20606572159,90253.13,PEN,Soles,2026-08-14T00:00:00-05:00
ocds-dgv273-seacev3-2026-200388-4,ocds-dgv273-seacev3-2026-200388-4-2026-08-29T10:10:50.777523-05:00,1234296-20600956222,111390.0,PEN,Soles,2026-08-03T00:00:00-05:00
ocds-dgv273-seacev3-2026-1959-16,ocds-dgv273-seacev3-2026-1959-16-2026-08-29T10:10:50.451282-05:00,1234893-20100488427,212400.0,PEN,Soles,2026-08-17T00:00:00-05:00
ocds-dgv273-seacev3-1237946,ocds-dgv273-seacev3-1237946-2026-08-29T10:10:50.146240-05:00,1237946-1822043,442926.92,PEN,Soles,2026-08-27T00:00:00-05:00
ocds-dgv273-seacev3-1233781,ocds-dgv273-seacev3-1233781-2026-08-29T10:10:49.554607-05:00,1233781-1816261,132800.0,PEN,Soles,2026-07-31T00:00:00-05:00
ocds-dgv273-seacev3-1236113,ocds-dgv273-seacev3-1236113-2026-08-29T10:10:49.526734-05:00,1236113-1818731,118990.9,PEN,Soles,2026-08-19T00:00:00-05:00
ocds-dgv273-seacev3-1233956,ocds-dgv273-seacev3-1233956-2026-08-29T10:10:49.372096-05:00,1233956-1815499,215000.0,PEN,Soles,2026-07-30T00:00:00-05:00
ocds-dgv273-seacev3-1237758,ocds-dgv273-seacev3-1237758-2026-08-29T10:10:49.317887-05:00,1237758-20611655810,145000.0,PEN,Soles,2026-08-14T00:00:00-05:00
ocds-dgv273-seacev3-1235258,ocds-dgv273-seacev3-1235258-2026-08-29T10:10:49.207379-05:00,1235258-20606255242,93800.0,PEN,Soles,2026-08-20T00:00:00-05:00
ocds-dgv273-seacev3-1236542,ocds-dgv273-seacev3-1236542-2026-08-29T10:10:49.060555-05:00,1236542-20609935996,188679.56,PEN,Soles,2026-07-30T00:00:00-05:00
ocds-dgv273-seacev3-1236542,ocds-dgv273-seacev3-1236542-2026-08-29T10:10:49.060555-05:00,1236542-20610632964,321274.8,PEN,Soles,2026-07-30T00:00:00-05:00
ocds-dgv273-seacev3-1237972,ocds-dgv273-seacev3-1237972-2026-08-29T10:10:48.815589-05:00,1237972-1820872,451021.43,PEN,Soles,2026-08-27T00:00:00-05:00
ocds-dgv273-seacev3-1236695,ocds-dgv273-seacev3-1236695-2026-08-29T10:10:48.643968-05:00,1236695-1820484,139051.2,PEN,Soles,2026-08-13T00:00:00-05:00
ocds-dgv273-seacev3-1234366,ocds-dgv273-seacev3-1234366-2026-08-29T10:10:48.343613-05:00,1234366-20604014442,1751500.0,PEN,Soles,2026-08-26T00:00:00-05:00
ocds-dgv273-seacev3-1236693,ocds-dgv273-seacev3-1236693-2026-08-29T10:10:48.221521-05:00,1236693-20600223756,1904150.62,PEN,Soles,2026-08-19T00:00:00-05:00
ocds-dgv273-seacev3-1234669,ocds-dgv273-seacev3-1234669-2026-08-29T10:10:46.900128-05:00,1234669-20457675748,140000.0,PEN,Soles,2026-08-05T00:00:00-05:00
ocds-dgv273-seacev3-1236383,ocds-dgv273-seacev3-1236383-2026-08-29T10:10:46.849340-05:00,1236383-1818830,466725.0,PEN,Soles,2026-08-10T00:00:00-05:00
ocds-dgv273-seacev3-1230957,ocds-dgv273-seacev3-1230957-2026-08-29T10:10:46.247320-05:00,1230957-20605131329,802950.0,PEN,Soles,2026-08-19T00:00:00-05:00
ocds-dgv273-seacev3-1229838,ocds-dgv273-seacev3-1229838-2026-08-29T10:10:46.125797-05:00,1229838-20609841878,139999.0,PEN,Soles,2026-07-24T00:00:00-05:00
ocds-dgv273-seacev3-2026-2543-109,ocds-dgv273-seacev3-2026-2543-109-2026-08-29T10:10:46.039467-05:00,1230036-1818617,903312.0,PEN,Soles,2026-08-14T00:00:00-05:00
ocds-dgv273-seacev3-2026-2378-54,ocds-dgv273-seacev3-2026-2378-54-2026-08-29T10:10:45.993041-05:00,1232647-99999999999,44733.6,PEN,Soles,2026-07-22T00:00:00-05:00
ocds-dgv273-seacev3-2026-2378-54,ocds-dgv273-seacev3-2026-2378-54-2026-08-29T10:10:45.993041-05:00,1232647-20145038384,294533.6,PEN,Soles,2026-07-22T00:00:00-05:00
ocds-dgv273-seacev3-1233892,ocds-dgv273-seacev3-1233892-2026-08-29T10:10:39.405415-05:00,1233892-20494838568,48000.0,PEN,Soles,2026-08-11T00:00:00-05:00
ocds-dgv273-seacev3-1232459,ocds-dgv273-seacev3-1232459-2026-08-29T10:10:39.379342-05:00,1232459-1813841,2066296.69,PEN,Soles,2026-07-24T00:00:00-05:00
ocds-dgv273-seacev3-1238944,ocds-dgv273-seacev3-1238944-2026-08-29T10:10:39.330585-05:00,1238944-10714794731,3950.0,PEN,Soles,2026-08-10T00:00:00-05:00
ocds-dgv273-seacev3-1236875,ocds-dgv273-seacev3-1236875-2026-08-29T10:10:39.269369-05:00,1236875-20603409885,270600.0,PEN,Soles,2026-08-07T00:00:00-05:00
ocds-dgv273-seacev3-2026-705-30,ocds-dgv273-seacev3-2026-705-30-2026-08-29T10:10:39.031044-05:00,1236173-1819751,1678156.78,PEN,Soles,2026-08-19T00:00:00-05:00
ocds-dgv273-seacev3-1234791,ocds-dgv273-seacev3-1234791-2026-08-29T10:10:38.805230-05:00,1234791-20610379363,293115.37,PEN,Nuevos Soles,2026-08-07T00:00:00-05:00
ocds-dgv273-seacev3-1231023,ocds-dgv273-seacev3-1231023-2026-08-29T10:10:38.406954-05:00,1231023-20607859192,91299.5,PEN,Soles,2026-08-05T00:00:00-05:00
ocds-dgv273-seacev3-1237583,ocds-dgv273-seacev3-1237583-2026-08-29T10:10:38.007066-05:00,1237583-10401312400,146147.72,PEN,Soles,2026-08-27T00:00:00-05:00
ocds-dgv273-seacev3-1233717,ocds-dgv273-seacev3-1233717-2026-08-29T10:10:37.800516-05:00,1233717-1815435,168273.68,PEN,Soles,2026-08-05T00:00:00-05:00
ocds-dgv273-seacev3-2026-10048-23,ocds-dgv273-seacev3-2026-10048-23-2026-08-29T10:10:37.612539-05:00,1236343-20605278354,230400.0,PEN,Soles,2026-08-11T00:00:00-05:00
ocds-dgv273-seacev3-1232856,ocds-dgv273-seacev3-1232856-2026-08-29T10:10:37.597371-05:00,1232856-10427318341,120300.0,PEN,Soles,2026-07-24T00:00:00-05:00
ocds-dgv273-seacev3-1236527,ocds-dgv273-seacev3-1236527-2026-08-29T10:10:37.522317-05:00,1236527-20611606223,98950.0,PEN,Soles,2026-08-05T00:00:00-05:00
ocds-dgv273-seacev3-2026-275294-57,ocds-dgv273-seacev3-2026-275294-57-2026-08-29T10:10:37.075927-05:00,1237127-10471939485,21000.0,PEN,Soles,2026-08-27T00:00:00-05:00
ocds-dgv273-seacev3-1240932,ocds-dgv273-seacev3-1240932-2026-08-29T10:10:36.797374-05:00,1240932-10447930329,72000.0,PEN,Soles,2026-08-12T00:00:00-05:00
ocds-dgv273-seacev3-1237472,ocds-dgv273-seacev3-1237472-2026-08-29T10:10:36.766853-05:00,1237472-20487198561,41300.0,PEN,Soles,2026-08-27T00:00:00-05:00
ocds-dgv273-seacev3-2026-1963-9,ocds-dgv273-seacev3-2026-1963-9-2026-08-29T10:10:36.671813-05:00,1232813-20505871775,64571.74,PEN,Soles,2026-08-19T00:00:00-05:00
ocds-dgv273-seacev3-1233523,ocds-dgv273-seacev3-1233523-2026-08-29T10:10:36.224533-05:00,1233523-20341191476,406392.5,PEN,Soles,2026-08-26T00:00:00-05:00
ocds-dgv273-seacev3-1233820,ocds-dgv273-seacev3-1233820-2026-08-29T10:10:35.916445-05:00,1233820-20534474572,67500.0,PEN,Soles,2026-08-10T00:00:00-05:00
ocds-dgv273-seacev3-1234740,ocds-dgv273-seacev3-1234740-2026-08-29T10:10:35.872091-05:00,1234740-1818544,293218.2,PEN,Soles,2026-08-13T00:00:00-05:00
ocds-dgv273-seacev3-1236582,ocds-dgv273-seacev3-1236582-2026-08-29T10:10:35.771246-05:00,1236582-10465511929,96000.0,PEN,Soles,2026-08-12T00:00:00-05:00
ocds-dgv273-seacev3-1233502,ocds-dgv273-seacev3-1233502-2026-08-29T10:10:34.367290-05:00,1233502-10238043790,162000.0,PEN,Soles,2026-07-16T00:00:00-05:00
ocds-dgv273-seacev3-1230759,ocds-dgv273-seacev3-1230759-2026-08-29T10:10:34.021781-05:00,1230759-20487847713,94500.0,PEN,Soles,2026-07-15T00:00:00-05:00
ocds-dgv273-seacev3-1233750,ocds-dgv273-seacev3-1233750-2026-08-29T10:10:33.922976-05:00,1233750-20392764373,42000.0,PEN,Soles,2026-08-10T00:00:00-05:00
ocds-dgv273-seacev3-2026-275294-55,ocds-dgv273-seacev3-2026-275294-55-2026-08-29T10:10:33.777748-05:00,1237124-10211468641,30000.0,PEN,Soles,2026-08-27T00:00:00-05:00
ocds-dgv273-seacev3-1233912,ocds-dgv273-seacev3-1233912-2026-08-29T10:10:33.446489-05:00,1233912-1815870,2019113.78,PEN,Soles,2026-08-04T00:00:00-05:00
ocds-dgv273-seacev3-1232970,ocds-dgv273-seacev3-1232970-2026-08-29T10:10:33.243904-05:00,1232970-20543813011,51023.2,PEN,Soles,2026-08-20T00:00:00-05:00
ocds-dgv273-seacev3-1229240,ocds-dgv273-seacev3-1229240-2026-08-29T10:10:33.067361-05:00,1229240-20517932851,89600.04,PEN,Soles,2026-07-20T00:00:00-05:00
ocds-dgv273-seacev3-1232149,ocds-dgv273-seacev3-1232149-2026-08-29T10:10:32.957119-05:00,1232149-20611117401,28301.0,USD,Dólar Norteamericano,2026-08-04T00:00:00-05:00
ocds-dgv273-seacev3-1235904,ocds-dgv273-seacev3-1235904-2026-08-28T10:30:28.881984-05:00,1235904-20601071461,229500.0,PEN,Soles,2026-08-18T00:00:00-05:00
ocds-dgv273-seacev3-1236318,ocds-dgv273-seacev3-1236318-2026-08-28T10:30:28.458316-05:00,1236318-20600130405,62500.0,PEN,Soles,2026-08-17T00:00:00-05:00
ocds-dgv273-seacev3-1234425,ocds-dgv273-seacev3-1234425-2026-08-28T10:30:28.317261-05:00,1234425-1816965,1329843.67,PEN,Soles,2026-08-04T00:00:00-05:00
ocds-dgv273-seacev3-1233373,ocds-dgv273-seacev3-1233373-2026-08-28T10:30:28.300281-05:00,1233373-1817994,760545.62,PEN,Soles,2026-08-10T00:00:00-05:00
ocds-dgv273-seacev3-1237469,ocds-dgv273-seacev3-1237469-2026-08-28T10:30:28.208342-05:00,1237469-20602887643,63110.0,PEN,Soles,2026-08-07T00:00:00-05:00
ocds-dgv273-seacev3-1233957,ocds-dgv273-seacev3-1233957-2026-08-28T10:30:28.117229-05:00,1233957-20563859599,232224.0,PEN,Soles,2026-08-11T00:00:00-05:00
ocds-dgv273-seacev3-1236677,ocds-dgv273-seacev3-1236677-2026-08-28T10:30:28.076581-05:00,1236677-10195722795,135888.6,PEN,Soles,2026-08-10T00:00:00-05:00
ocds-dgv273-seacev3-2026-10247-75,ocds-dgv273-seacev3-2026-10247-75-2026-08-28T10:30:28.062177-05:00,1236444-20522449271,2592000.0,USD,Dólar Norteamericano,2026-07-24T00:00:00-05:00
ocds-dgv273-seacev3-1236750,ocds-dgv273-seacev3-1236750-2026-08-28T10:30:27.947956-05:00,1236750-1819351,128000.0,PEN,Soles,2026-08-19T00:00:00-05:00
ocds-dgv273-seacev3-1237484,ocds-dgv273-seacev3-1237484-2026-08-28T10:30:27.634529-05:00,1237484-10420963756,268700.0,PEN,Soles,2026-08-20T00:00:00-05:00
ocds-dgv273-seacev3-1233795,ocds-dgv273-seacev3-1233795-2026-08-28T10:30:27.548263-05:00,1233795-1819446,1647053.59,PEN,Soles,2026-08-13T00:00:00-05:00
ocds-dgv273-seacev3-1234730,ocds-dgv273-seacev3-1234730-2026-08-28T10:30:27.471070-05:00,1234730-1820129,318870.0,PEN,Soles,2026-08-18T00:00:00-05:00
ocds-dgv273-seacev3-1235893,ocds-dgv273-seacev3-1235893-2026-08-28T10:30:27.223582-05:00,1235893-1819133,402698.0,PEN,Soles,2026-08-17T00:00:00-05:00
ocds-dgv273-seacev3-1232598,ocds-dgv273-seacev3-1232598-2026-08-28T10:30:26.249130-05:00,1232598-20612044598,108687.5,PEN,Soles,2026-07-22T00:00:00-05:00
ocds-dgv273-seacev3-1235389,ocds-dgv273-seacev3-1235389-2026-08-28T10:30:25.894801-05:00,1235389-20526944934,423307.5,PEN,Soles,2026-08-04T13:54:17-05:00
ocds-dgv273-seacev3-1236370,ocds-dgv273-seacev3-1236370-2026-08-28T10:30:25.414635-05:00,1236370-20602309127,388487.92,PEN,Soles,2026-08-18T00:00:00-05:00
ocds-dgv273-seacev3-1233905,ocds-dgv273-seacev3-1233905-2026-08-28T10:30:25.102590-05:00,1233905-10771732777,215000.0,PEN,Soles,2026-08-03T00:00:00-05:00
ocds-dgv273-seacev3-1233858,ocds-dgv273-seacev3-1233858-2026-08-28T10:30:24.726147-05:00,1233858-1815729,122264.0,PEN,Soles,2026-07-31T00:00:00-05:00
ocds-dgv273-seacev3-1236548,ocds-dgv273-seacev3-1236548-2026-08-28T10:30:24.696912-05:00,1236548-1820678,1300221.55,PEN,Soles,2026-08-14T00:00:00-05:00
ocds-dgv273-seacev3-1236913,ocds-dgv273-seacev3-1236913-2026-08-28T10:30:24.633531-05:00,1236913-20532708088,64800.0,PEN,Soles,2026-08-05T00:00:00-05:00
ocds-dgv273-seacev3-2026-10389-1,ocds-dgv273-seacev3-2026-10389-1-2026-08-28T10:30:24.119854-05:00,1193480-20602883516,190000.0,PEN,Soles,2026-03-24T00:00:00-05:00
ocds-dgv273-seacev3-2026-10389-1,ocds-dgv273-seacev3-2026-10389-1-2026-08-28T10:30:24.119854-05:00,1232987-20602883516,304000.0,PEN,Soles,2026-07-24T00:00:00-05:00
ocds-dgv273-seacev3-2026-10389-1,ocds-dgv273-seacev3-2026-10389-1-2026-08-28T10:30:24.119854-05:00,1232423-20606270110,237000.0,PEN,Soles,2026-08-03T00:00:00-05:00
ocds-dgv273-seacev3-1236584,ocds-dgv273-seacev3-1236584-2026-08-28T10:30:23.833364-05:00,1236584-20611158662,86000.0,PEN,Soles,2026-08-13T00:00:00-05:00
ocds-dgv273-seacev3-1237099,ocds-dgv273-seacev3-1237099-2026-08-28T10:30:23.519528-05:00,1237099-10421880927,60135.57,PEN,Soles,2026-08-12T00:00:00-05:00
ocds-dgv273-seacev3-1232466,ocds-dgv273-seacev3-1232466-2026-08-28T10:30:23.456687-05:00,1232466-10444278841,247200.0,PEN,Soles,2026-07-24T00:00:00-05:00
ocds-dgv273-seacev3-1232806,ocds-dgv273-seacev3-1232806-2026-08-28T10:30:22.738827-05:00,1232806-1814459,1117995.67,PEN,Soles,2026-07-24T00:00:00-05:00
ocds-dgv273-seacev3-1232324,ocds-dgv273-seacev3-1232324-2026-08-28T10:30:22.722656-05:00,1232324-20511037001,108000.0,PEN,Soles,2026-07-17T00:00:00-05:00
ocds-dgv273-seacev3-1230023,ocds-dgv273-seacev3-1230023-2026-08-28T10:30:22.605006-05:00,1230023-1810987,1241107.13,PEN,Soles,2026-07-15T00:00:00-05:00
ocds-dgv273-seacev3-1237913,ocds-dgv273-seacev3-1237913-2026-08-28T10:30:17.700967-05:00,1237913-20568257465,237999.0,PEN,Soles,2026-08-18T00:00:00-05:00
ocds-dgv273-seacev3-1237012,ocds-dgv273-seacev3-1237012-2026-08-28T10:30:17.390852-05:00,1237012-20567199461,640529.55,PEN,Soles,2026-08-17T00:00:00-05:00
ocds-dgv273-seacev3-1233939,ocds-dgv273-seacev3-1233939-2026-08-28T10:30:17.190664-05:00,1233939-10450918844,105750.0,PEN,Soles,2026-08-04T00:00:00-05:00
ocds-dgv273-seacev3-1233423,ocds-dgv273-seacev3-1233423-2026-08-28T10:30:17.112462-05:00,1233423-1813002,6113968.33,PEN,Soles,2026-07-17T00:00:00-05:00
ocds-dgv273-seacev3-1230796,ocds-dgv273-seacev3-1230796-2026-08-28T10:30:17.007882-05:00,1230796-1812023,68574.72,PEN,Soles,2026-07-21T00:00:00-05:00
ocds-dgv273-seacev3-1244322,ocds-dgv273-seacev3-1244322-2026-08-28T10:30:16.668381-05:00,1244322-20505160674,4999984.01,PEN,Soles,2026-08-25T00:00:00-05:00
ocds-dgv273-seacev3-1237305,ocds-dgv273-seacev3-1237305-2026-08-28T10:30:16.613824-05:00,1237305-20611724315,71300.0,PEN,Soles,2026-08-05T00:00:00-05:00
ocds-dgv273-seacev3-1234232,ocds-dgv273-seacev3-1234232-2026-08-28T10:30:16.356686-05:00,1234232-20568524170,150000.0,PEN,Soles,2026-08-07T00:00:00-05:00
ocds-dgv273-seacev3-1235016,ocds-dgv273-seacev3-1235016-2026-08-28T10:30:15.996118-05:00,1235016-20613754904,170000.0,PEN,Soles,2026-08-11T00:00:00-05:00
ocds-dgv273-seacev3-1229752,ocds-dgv273-seacev3-1229752-2026-08-28T10:30:15.767688-05:00,1229752-1813381,299600.0,PEN,Soles,2026-07-30T00:00:00-05:00
ocds-dgv273-seacev3-1230124,ocds-dgv273-seacev3-1230124-2026-08-28T10:30:15.683952-05:00,1230124-1818727,859600.0,PEN,Soles,2026-08-14T00:00:00-05:00
ocds-dgv273-seacev3-1236222,ocds-dgv273-seacev3-1236222-2026-08-28T10:30:15.367544-05:00,1236222-1819878,2015940.98,PEN,Soles,2026-08-13T00:00:00-05:00
ocds-dgv273-seacev3-1237025,ocds-dgv273-seacev3-1237025-2026-08-28T10:30:14.675966-05:00,1237025-20600832817,76395.0,PEN,Soles,2026-08-11T00:00:00-05:00
ocds-dgv273-seacev3-1233484,ocds-dgv273-seacev3-1233484-2026-08-28T10:30:14.589481-05:00,1233484-20100257298,1154040.0,PEN,Soles,2026-07-31T00:00:00-05:00
ocds-dgv273-seacev3-1231349,ocds-dgv273-seacev3-1231349-2026-08-28T10:30:14.501198-05:00,1231349-20606742356,103309.0,PEN,Soles,2026-07-21T00:00:00-05:00
ocds-dgv273-seacev3-1235157,ocds-dgv273-seacev3-1235157-2026-08-28T10:30:14.380590-05:00,1235157-20508320664,58856.0,PEN,Soles,2026-08-11T00:00:00-05:00
ocds-dgv273-seacev3-1238306,ocds-dgv273-seacev3-1238306-2026-08-28T10:30:14.364893-05:00,1238306-1818427,1381778.48,PEN,Soles,2026-08-14T00:00:00-05:00
ocds-dgv273-seacev3-1233485,ocds-dgv273-seacev3-1233485-2026-08-28T10:30:14.312753-05:00,1233485-1816254,151700.0,PEN,Soles,2026-08-03T00:00:00-05:00
ocds-dgv273-seacev3-1232698,ocds-dgv273-seacev3-1232698-2026-08-28T10:30:14.134493-05:00,1232698-20612337943,237022.5,PEN,Soles,2026-07-24T00:00:00-05:00
ocds-dgv273-seacev3-1232270,ocds-dgv273-seacev3-1232270-2026-08-28T10:30:14.120652-05:00,1232270-20604178704,249658.2,PEN,Soles,2026-07-10T00:00:00-05:00
ocds-dgv273-seacev3-1234344,ocds-dgv273-seacev3-1234344-2026-08-28T10:30:13.974565-05:00,1234344-1816488,974696.78,PEN,Soles,2026-08-04T00:00:00-05:00
ocds-dgv273-seacev3-1234081,ocds-dgv273-seacev3-1234081-2026-08-28T10:30:13.762033-05:00,1234081-1819855,174000.0,PEN,Soles,2026-08-18T00:00:00-05:00
ocds-dgv273-seacev3-1236967,ocds-dgv273-seacev3-1236967-2026-08-28T10:30:13.689258-05:00,1236967-1822324,162141.69,PEN,Soles,2026-08-19T00:00:00-05:00
ocds-dgv273-seacev3-1235926,ocds-dgv273-seacev3-1235926-2026-08-28T10:30:13.198085-05:00,1235926-1814689,1198196.45,PEN,Soles,2026-07-22T00:00:00-05:00
ocds-dgv273-seacev3-1233470,ocds-dgv273-seacev3-1233470-2026-08-28T10:30:13.180266-05:00,1233470-20490744097,100000.0,PEN,Soles,2026-08-04T00:00:00-05:00
ocds-dgv273-seacev3-1232359,ocds-dgv273-seacev3-1232359-2026-08-28T10:30:12.335264-05:00,1232359-20571235839,854994.6,PEN,Soles,2026-07-21T00:00:00-05:00
ocds-dgv273-seacev3-2026-10573-3,ocds-dgv273-seacev3-2026-10573-3-2026-08-28T10:30:12.024185-05:00,1229991-20507634479,573363.0,PEN,Soles,2026-08-10T00:00:00-05:00
ocds-dgv273-seacev3-1234205,ocds-dgv273-seacev3-1234205-2026-08-28T10:30:05.910242-05:00,1234205-1817347,898938.77,PEN,Soles,2026-08-10T00:00:00-05:00
ocds-dgv273-seacev3-1236474,ocds-dgv273-seacev3-1236474-2026-08-28T10:30:05.612989-05:00,1236474-10016831846,64950.0,PEN,Soles,2026-08-11T00:00:00-05:00
ocds-dgv273-seacev3-1234816,ocds-dgv273-seacev3-1234816-2026-08-28T10:30:05.519130-05:00,1234816-10434621360,68330.0,PEN,Soles,2026-07-24T00:00:00-05:00
ocds-dgv273-seacev3-1231729,ocds-dgv273-seacev3-1231729-2026-08-28T10:30:05.370963-05:00,1231729-1815230,665674.77,PEN,Soles,2026-08-03T00:00:00-05:00
ocds-dgv273-seacev3-1230735,ocds-dgv273-seacev3-1230735-2026-08-28T10:30:05.265094-05:00,1230735-20610427724,98879.0,PEN,Soles,2026-07-08T00:00:00-05:00
ocds-dgv273-seacev3-1233880,ocds-dgv273-seacev3-1233880-2026-08-28T10:30:04.958295-05:00,1233880-20601899681,94500.0,PEN,Soles,2026-07-24T00:00:00-05:00
ocds-dgv273-seacev3-2026-2543-921,ocds-dgv273-seacev3-2026-2543-921-2026-08-28T10:30:04.870641-05:00,1234616-10402370799,854400.0,PEN,Soles,2026-08-25T00:00:00-05:00
ocds-dgv273-seacev3-2026-167-1,ocds-dgv273-seacev3-2026-167-1-2026-08-28T10:30:04.749930-05:00,1193235-1814911,273854.36,PEN,Soles,2026-07-31T00:00:00-05:00
ocds-dgv273-seacev3-2026-170-2,ocds-dgv273-seacev3-2026-170-2-2026-08-28T10:30:04.720251-05:00,1237631-1820774,599873.38,PEN,Soles,2026-08-14T00:00:00-05:00
ocds-dgv273-seacev3-1230319,ocds-dgv273-seacev3-1230319-2026-08-28T10:30:04.706087-05:00,1230319-1822033,267582.7,PEN,Soles,2026-08-26T00:00:00-05:00
ocds-dgv273-seacev3-1234757,ocds-dgv273-seacev3-1234757-2026-08-28T10:30:04.150863-05:00,1234757-1816628,344570.04,PEN,Soles,2026-08-03T00:00:00-05:00
ocds-dgv273-seacev3-1236687,ocds-dgv273-seacev3-1236687-2026-08-28T10:30:03.875641-05:00,1236687-20610427724,137540.0,PEN,Soles,2026-08-11T00:00:00-05:00
ocds-dgv273-seacev3-1232207,ocds-dgv273-seacev3-1232207-2026-08-28T10:30:03.843970-05:00,1232207-20486886081,173338.23,PEN,Soles,2026-07-20T00:00:00-05:00
ocds-dgv273-seacev3-1235863,ocds-dgv273-seacev3-1235863-2026-08-28T10:30:03.678339-05:00,1235863-20600917081,53085.0,PEN,Soles,2026-08-12T00:00:00-05:00
ocds-dgv273-seacev3-1236050,ocds-dgv273-seacev3-1236050-2026-08-28T10:30:03.631894-05:00,1236050-1816902,748790.13,PEN,Soles,2026-08-03T00:00:00-05:00
ocds-dgv273-seacev3-1235120,ocds-dgv273-seacev3-1235120-2026-08-28T10:30:02.533742-05:00,1235120-20602499716,2667600.0,PEN,Soles,2026-08-21T00:00:00-05:00
ocds-dgv273-seacev3-1235120,ocds-dgv273-seacev3-1235120-2026-08-28T10:30:02.533742-05:00,1235120-20603892497,16005600.0,PEN,Soles,2026-08-21T00:00:00-05:00
ocds-dgv273-seacev3-1232478,ocds-dgv273-seacev3-1232478-2026-08-28T10:30:01.935371-05:00,1232478-1823046,1002004.81,PEN,Soles,2026-08-25T00:00:00-05:00
ocds-dgv273-seacev3-1232779,ocds-dgv273-seacev3-1232779-2026-08-28T10:30:01.739485-05:00,1232779-1822085,642716.14,PEN,Soles,2026-08-19T00:00:00-05:00
ocds-dgv273-seacev3-1230757,ocds-dgv273-seacev3-1230757-2026-08-28T10:30:01.511323-05:00,1230757-20519398240,450000.0,PEN,Soles,2026-07-07T00:00:00-05:00
ocds-dgv273-seacev3-1235430,ocds-dgv273-seacev3-1235430-2026-08-28T10:30:01.111362-05:00,1235430-20449314868,157500.0,PEN,Soles,2026-08-11T00:00:00-05:00
ocds-dgv273-seacev3-1235200,ocds-dgv273-seacev3-1235200-2026-08-28T10:30:00.561824-05:00,1235200-1818423,211800.0,PEN,Soles,2026-08-10T00:00:00-05:00
ocds-dgv273-seacev3-1232755,ocds-dgv273-seacev3-1232755-2026-08-28T10:29:59.934384-05:00,1232755-10727605946,12000.0,PEN,Soles,2026-08-25T00:00:00-05:00
ocds-dgv273-seacev3-2026-857-6,ocds-dgv273-seacev3-2026-857-6-2026-08-28T10:29:59.627058-05:00,1230732-1813038,198000.0,PEN,Soles,2026-07-31T00:00:00-05:00
ocds-dgv273-seacev3-1236890,ocds-dgv273-seacev3-1236890-2026-08-28T10:29:54.064131-05:00,1236890-1819733,177000.0,PEN,Soles,2026-08-26T00:00:00-05:00
ocds-dgv273-seacev3-1234103,ocds-dgv273-seacev3-1234103-2026-08-28T10:29:53.552482-05:00,1234103-20468787360,196830.0,PEN,Soles,2026-08-18T00:00:00-05:00
ocds-dgv273-seacev3-1234538,ocds-dgv273-seacev3-1234538-2026-08-28T10:29:53.190257-05:00,1234538-20611629584,128186.0,PEN,Soles,2026-08-04T00:00:00-05:00
ocds-dgv273-seacev3-2026-2438-3,ocds-dgv273-seacev3-2026-2438-3-2026-08-28T10:29:52.740595-05:00,1232608-20100210909,70952.55,PEN,Soles,2026-08-03T00:00:00-05:00
ocds-dgv273-seacev3-1236793,ocds-dgv273-seacev3-1236793-2026-08-28T10:29:52.293604-05:00,1236793-20612378780,93600.0,PEN,Soles,2026-08-05T00:00:00-05:00
ocds-dgv273-seacev3-1234108,ocds-dgv273-seacev3-1234108-2026-08-28T10:29:51.540906-05:00,1234108-20137015987,122400.0,PEN,Soles,2026-08-17T00:00:00-05:00
ocds-dgv273-seacev3-1232642,ocds-dgv273-seacev3-1232642-2026-08-28T10:29:50.480794-05:00,1232642-10702053116,18000.0,PEN,Soles,2026-08-25T00:00:00-05:00
ocds-dgv273-seacev3-1232885,ocds-dgv273-seacev3-1232885-2026-08-28T10:29:50.123509-05:00,1232885-20490061798,140000.0,PEN,Soles,2026-08-10T00:00:00-05:00
ocds-dgv273-seacev3-1232624,ocds-dgv273-seacev3-1232624-2026-08-28T10:29:49.924226-05:00,1232624-10402463622,85500.0,PEN,Soles,2026-07-22T00:00:00-05:00
ocds-dgv273-seacev3-1232624,ocds-dgv273-seacev3-1232624-2026-08-28T10:29:49.924226-05:00,1232624-10419011784,94950.0,PEN,Soles,2026-07-22T00:00:00-05:00
ocds-dgv273-seacev3-1232274,ocds-dgv273-seacev3-1232274-2026-08-28T10:29:49.797444-05:00,1232274-20614769603,65598.0,PEN,Soles,2026-07-16T00:00:00-05:00
ocds-dgv273-seacev3-1233703,ocds-dgv273-seacev3-1233703-2026-08-28T10:29:49.368037-05:00,1233703-20355185681,85809.6,PEN,Soles,2026-08-14T00:00:00-05:00
ocds-dgv273-seacev3-1232828,ocds-dgv273-seacev3-1232828-2026-08-28T10:29:49.345166-05:00,1232828-20564070221,243418.98,PEN,Soles,2026-08-17T00:00:00-05:00
ocds-dgv273-seacev3-1237331,ocds-dgv273-seacev3-1237331-2026-08-28T10:29:42.465017-05:00,1237331-10725291189,18000.0,PEN,Soles,2026-08-25T00:00:00-05:00
ocds-dgv273-seacev3-2026-10247-111,ocds-dgv273-seacev3-2026-10247-111-2026-08-28T10:29:42.295385-05:00,1234973-20516985501,126179.0,PEN,Soles,2026-08-04T00:00:00-05:00
ocds-dgv273-seacev3-1234797,ocds-dgv273-seacev3-1234797-2026-08-28T10:29:41.936832-05:00,1234797-20603713703,96000.0,PEN,Soles,2026-08-07T00:00:00-05:00
ocds-dgv273-seacev3-1235436,ocds-dgv273-seacev3-1235436-2026-08-28T10:29:41.894873-05:00,1235436-20610281258,41000.0,PEN,Soles,2026-08-05T15:20:21-05:00
ocds-dgv273-seacev3-1231999,ocds-dgv273-seacev3-1231999-2026-08-28T10:29:41.578316-05:00,1231999-1822875,569894.02,PEN,Soles,2026-08-26T00:00:00-05:00
ocds-dgv273-seacev3-1232991,ocds-dgv273-seacev3-1232991-2026-08-28T10:29:41.434777-05:00,1232991-20607753602,1199000.0,PEN,Soles,2026-07-30T00:00:00-05:00
ocds-dgv273-seacev3-1233077,ocds-dgv273-seacev3-1233077-2026-08-28T10:29:41.202948-05:00,1233077-20145496170,330100.0,PEN,Soles,2026-07-31T00:00:00-05:00
ocds-dgv273-seacev3-1235640,ocds-dgv273-seacev3-1235640-2026-08-28T10:29:41.087446-05:00,1235640-20518635850,364741.1,PEN,Soles,2026-08-18T00:00:00-05:00
ocds-dgv273-seacev3-1234484,ocds-dgv273-seacev3-1234484-2026-08-28T10:29:41.037458-05:00,1234484-1816735,85988.8,PEN,Soles,2026-08-07T00:00:00-05:00
ocds-dgv273-seacev3-1234506,ocds-dgv273-seacev3-1234506-2026-08-28T10:29:40.949643-05:00,1234506-1823975,2704590.0,PEN,Soles,2026-08-25T00:00:00-05:00
ocds-dgv273-seacev3-1235007,ocds-dgv273-seacev3-1235007-2026-08-28T10:29:40.788452-05:00,1235007-20600194861,626000.0,PEN,Soles,2026-08-04T00:00:00-05:00
ocds-dgv273-seacev3-2026-200455-10,ocds-dgv273-seacev3-2026-200455-10-2026-08-28T10:29:40.686527-05:00,1237736-20522545741,199520.0,PEN,Soles,2026-08-18T00:00:00-05:00
ocds-dgv273-seacev3-1232249,ocds-dgv273-seacev3-1232249-2026-08-28T10:29:40.556664-05:00,1232249-1822805,6530381.84,PEN,Soles,2026-08-24T00:00:00-05:00
ocds-dgv273-seacev3-1235847,ocds-dgv273-seacev3-1235847-2026-08-28T10:29:39.785124-05:00,1235847-1820218,4140544.43,PEN,Soles,2026-08-18T00:00:00-05:00
ocds-dgv273-seacev3-1233408,ocds-dgv273-seacev3-1233408-2026-08-28T10:29:39.453472-05:00,1233408-20517698131,450000.0,PEN,Soles,2026-07-31T00:00:00-05:00
ocds-dgv273-seacev3-1235840,ocds-dgv273-seacev3-1235840-2026-08-28T10:29:38.599028-05:00,1235840-20610037721,86000.0,PEN,Soles,2026-08-17T00:00:00-05:00
ocds-dgv273-seacev3-1236430,ocds-dgv273-seacev3-1236430-2026-08-28T10:29:38.564795-05:00,1236430-10719336235,196000.0,PEN,Soles,2026-08-10T00:00:00-05:00
ocds-dgv273-seacev3-1236511,ocds-dgv273-seacev3-1236511-2026-08-28T10:29:38.221861-05:00,1236511-20101639275,455470.0,PEN,Soles,2026-08-12T00:00:00-05:00
ocds-dgv273-seacev3-1232089,ocds-dgv273-seacev3-1232089-2026-08-28T10:29:38.044434-05:00,1232089-20559280454,282899.78,PEN,Soles,2026-07-30T00:00:00-05:00
ocds-dgv273-seacev3-1236182,ocds-dgv273-seacev3-1236182-2026-08-28T10:29:37.921134-05:00,1236182-1818275,718002.48,PEN,Soles,2026-08-12T00:00:00-05:00
ocds-dgv273-seacev3-2026-2409-144,ocds-dgv273-seacev3-2026-2409-144-2026-08-28T10:29:37.907436-05:00,1234308-20487317757,75000.0,PEN,Soles,2026-08-18T00:00:00-05:00
ocds-dgv273-seacev3-1230505,ocds-dgv273-seacev3-1230505-2026-08-28T10:29:37.365656-05:00,1230505-1812137,862895.66,PEN,Soles,2026-07-22T00:00:00-05:00
ocds-dgv273-seacev3-1231502,ocds-dgv273-seacev3-1231502-2026-08-28T10:29:30.463137-05:00,1231502-10106213823,1004074.0,PEN,Soles,2026-08-13T00:00:00-05:00
ocds-dgv273-seacev3-2026-2543-434,ocds-dgv273-seacev3-2026-2543-434-2026-08-28T10:29:30.391597-05:00,1237894-20607904228,122400.0,PEN,Soles,2026-08-18T00:00:00-05:00
ocds-dgv273-seacev3-1233591,ocds-dgv273-seacev3-1233591-2026-08-28T10:29:30.185178-05:00,1233591-20604234035,251880.0,PEN,Nuevos Soles,2026-08-19T00:00:00-05:00
ocds-dgv273-seacev3-1230686,ocds-dgv273-seacev3-1230686-2026-08-28T10:29:28.963204-05:00,1230686-1812835,1657060.84,PEN,Soles,2026-07-22T00:00:00-05:00
ocds-dgv273-seacev3-1241730,ocds-dgv273-seacev3-1241730-2026-08-28T10:29:28.649315-05:00,1241730-1822589,83830.5,PEN,Soles,2026-08-25T00:00:00-05:00
ocds-dgv273-seacev3-1237799,ocds-dgv273-seacev3-1237799-2026-08-28T10:29:28.521734-05:00,1237799-20604926689,105018.0,PEN,Soles,2026-08-18T00:00:00-05:00
ocds-dgv273-seacev3-1242517,ocds-dgv273-seacev3-1242517-2026-08-28T10:29:28.467492-05:00,1242517-20602922198,387667.5,PEN,Soles,2026-08-18T00:00:00-05:00
ocds-dgv273-seacev3-1236565,ocds-dgv273-seacev3-1236565-2026-08-28T10:29:28.419068-05:00,1236565-1819548,1525567.45,PEN,Soles,2026-08-12T00:00:00-05:00
ocds-dgv273-seacev3-1233536,ocds-dgv273-seacev3-1233536-2026-08-28T10:29:28.275430-05:00,1233536-20511037001,117933.2,PEN,Soles,2026-07-24T00:00:00-05:00
ocds-dgv273-seacev3-1235282,ocds-dgv273-seacev3-1235282-2026-08-28T10:29:28.045314-05:00,1235282-20600108370,91090.0,PEN,Soles,2026-08-05T00:00:00-05:00
ocds-dgv273-seacev3-1232609,ocds-dgv273-seacev3-1232609-2026-08-28T10:29:27.022103-05:00,1232609-20600108906,303800.0,PEN,Soles,2026-08-18T00:00:00-05:00
ocds-dgv273-seacev3-1237148,ocds-dgv273-seacev3-1237148-2026-08-28T10:29:26.126158-05:00,1237148-20607104655,176065.57,PEN,Soles,2026-08-13T00:00:00-05:00
ocds-dgv273-seacev3-2026-2543-663,ocds-dgv273-seacev3-2026-2543-663-2026-08-28T10:29:26.084471-05:00,1232553-20509997340,295200.0,PEN,Soles,2026-08-10T00:00:00-05:00
ocds-dgv273-seacev3-1232177,ocds-dgv273-seacev3-1232177-2026-08-28T10:29:26.009636-05:00,1232177-20573324502,100000.0,PEN,Soles,2026-08-12T00:00:00-05:00
ocds-dgv273-seacev3-1231414,ocds-dgv273-seacev3-1231414-2026-08-28T10:29:25.868162-05:00,1231414-20109705129,503440.0,PEN,Soles,2026-08-17T00:00:00-05:00
ocds-dgv273-seacev3-1229305,ocds-dgv273-seacev3-1229305-2026-08-28T10:29:25.487422-05:00,1229305-1819352,13966503.3,PEN,Soles,2026-08-13T00:00:00-05:00
ocds-dgv273-seacev3-2026-13-34,ocds-dgv273-seacev3-2026-13-34-2026-08-28T10:29:19.766268-05:00,1235757-20609054531,87444.0,PEN,Soles,2026-08-13T00:00:00-05:00
ocds-dgv273-seacev3-1235331,ocds-dgv273-seacev3-1235331-2026-08-28T10:29:19.446345-05:00,1235331-20602392326,99500.0,PEN,Soles,2026-07-31T00:00:00-05:00
ocds-dgv273-seacev3-2026-200438-2,ocds-dgv273-seacev3-2026-200438-2-2026-08-28T10:29:19.243690-05:00,1234884-20604193053,156716.8,PEN,Soles,2026-08-04T00:00:00-05:00
ocds-dgv273-seacev3-1236339,ocds-dgv273-seacev3-1236339-2026-08-28T10:29:19.229916-05:00,1236339-20605724125,82450.0,PEN,Soles,2026-07-30T00:00:00-05:00
ocds-dgv273-seacev3-1235076,ocds-dgv273-seacev3-1235076-2026-08-28T10:29:19.136360-05:00,1235076-20600111150,138510.72,PEN,Soles,2026-08-03T18:58:55-05:00
ocds-dgv273-seacev3-1231808,ocds-dgv273-seacev3-1231808-2026-08-28T10:29:18.968364-05:00,1231808-1815056,121486.0,PEN,Soles,2026-08-17T00:00:00-05:00
ocds-dgv273-seacev3-1237904,ocds-dgv273-seacev3-1237904-2026-08-28T10:29:18.185249-05:00,1237904-20612648337,79437.6,PEN,Soles,2026-08-10T00:00:00-05:00
ocds-dgv273-seacev3-1237786,ocds-dgv273-seacev3-1237786-2026-08-28T10:29:17.328473-05:00,1237786-1821285,2042092.94,PEN,Soles,2026-08-17T00:00:00-05:00
ocds-dgv273-seacev3-1232958,ocds-dgv273-seacev3-1232958-2026-08-28T10:29:16.681028-05:00,1232958-10101785101,129660.0,PEN,Soles,2026-07-30T00:00:00-05:00
ocds-dgv273-seacev3-1232405,ocds-dgv273-seacev3-1232405-2026-08-28T10:29:16.328974-05:00,1232405-1814179,230899.4,PEN,Soles,2026-08-17T00:00:00-05:00
ocds-dgv273-seacev3-1233735,ocds-dgv273-seacev3-1233735-2026-08-28T10:29:14.905764-05:00,1233735-20525523463,63900.0,PEN,Soles,2026-08-04T00:00:00-05:00
ocds-dgv273-seacev3-1234604,ocds-dgv273-seacev3-1234604-2026-08-28T10:29:14.829546-05:00,1234604-20603151934,53000.0,PEN,Soles,2026-08-05T00:00:00-05:00
ocds-dgv273-seacev3-1233605,ocds-dgv273-seacev3-1233605-2026-08-28T10:29:13.964170-05:00,1233605-1815636,98787.54,PEN,Soles,2026-08-03T00:00:00-05:00
ocds-dgv273-seacev3-2026-200202-21,ocds-dgv273-seacev3-2026-200202-21-2026-08-28T10:29:13.876802-05:00,1187978-10741752650,65800.0,PEN,Soles,2026-03-12T00:00:00-05:00
ocds-dgv273-seacev3-2026-200202-21,ocds-dgv273-seacev3-2026-200202-21-2026-08-28T10:29:13.876802-05:00,1232739-20609492245,92000.0,PEN,Soles,2026-08-04T00:00:00-05:00
ocds-dgv273-seacev3-1233018,ocds-dgv273-seacev3-1233018-2026-08-28T10:29:13.500590-05:00,1233018-1822168,799323.65,PEN,Soles,2026-08-25T00:00:00-05:00
ocds-dgv273-seacev3-1231105,ocds-dgv273-seacev3-1231105-2026-08-28T10:29:13.276821-05:00,1231105-20605654569,73999.9,PEN,Soles,2026-07-31T00:00:00-05:00
ocds-dgv273-seacev3-1232589,ocds-dgv273-seacev3-1232589-2026-08-28T10:29:13.246012-05:00,1232589-10475409154,12000.0,PEN,Soles,2026-08-25T00:00:00-05:00
ocds-dgv273-seacev3-1232401,ocds-dgv273-seacev3-1232401-2026-08-28T10:29:13.215024-05:00,1232401-1815298,243638.82,PEN,Soles,2026-08-04T00:00:00-05:00
ocds-dgv273-seacev3-1238489,ocds-dgv273-seacev3-1238489-2026-08-27T10:33:22.664133-05:00,1238489-20418686431,4782.46,PEN,Soles,2026-08-10T00:00:00-05:00
ocds-dgv273-seacev3-1237798,ocds-dgv273-seacev3-1237798-2026-08-27T10:33:22.457604-05:00,1237798-1821276,833783.42,PEN,Nuevos Soles,2026-08-24T00:00:00-05:00
ocds-dgv273-seacev3-1237505,ocds-dgv273-seacev3-1237505-2026-08-27T10:33:22.367528-05:00,1237505-20608044371,75400.0,PEN,Soles,2026-08-07T00:00:00-05:00
ocds-dgv273-seacev3-1235716,ocds-dgv273-seacev3-1235716-2026-08-27T10:33:21.920229-05:00,1235716-1821872,160254.58,PEN,Soles,2026-08-21T00:00:00-05:00
ocds-dgv273-seacev3-2026-2543-696,ocds-dgv273-seacev3-2026-2543-696-2026-08-27T10:33:21.843199-05:00,1235480-20100061474,104998.32,PEN,Soles,2026-08-07T00:00:00-05:00
ocds-dgv273-seacev3-1235457,ocds-dgv273-seacev3-1235457-2026-08-27T10:33:21.826446-05:00,1235457-1817528,1055632.86,PEN,Soles,2026-08-05T00:00:00-05:00
ocds-dgv273-seacev3-1235235,ocds-dgv273-seacev3-1235235-2026-08-27T10:33:21.769903-05:00,1235235-20603875312,86000.0,PEN,Soles,2026-07-30T00:00:00-05:00
ocds-dgv273-seacev3-1235147,ocds-dgv273-seacev3-1235147-2026-08-27T10:33:21.741654-05:00,1235147-20614751879,70555.0,PEN,Soles,2026-07-30T00:00:00-05:00
ocds-dgv273-seacev3-1234859,ocds-dgv273-seacev3-1234859-2026-08-27T10:33:21.661322-05:00,1234859-1817112,228200.0,PEN,Soles,2026-08-05T00:00:00-05:00
ocds-dgv273-seacev3-1234622,ocds-dgv273-seacev3-1234622-2026-08-27T10:33:21.617028-05:00,1234622-20452341698,306000.0,PEN,Soles,2026-08-24T00:00:00-05:00
ocds-dgv273-seacev3-1234442,ocds-dgv273-seacev3-1234442-2026-08-27T10:33:21.575771-05:00,1234442-20450636747,74797.0,PEN,Soles,2026-08-17T00:00:00-05:00
ocds-dgv273-seacev3-1234417,ocds-dgv273-seacev3-1234417-2026-08-27T10:33:21.545042-05:00,1234417-20602099769,119970.0,PEN,Soles,2026-08-25T00:00:00-05:00
ocds-dgv273-seacev3-1234286,ocds-dgv273-seacev3-1234286-2026-08-27T10:33:21.514286-05:00,1234286-1817524,1339040.52,PEN,Soles,2026-08-11T00:00:00-05:00
ocds-dgv273-seacev3-1233546,ocds-dgv273-seacev3-1233546-2026-08-27T10:33:21.328149-05:00,1233546-1815000,893382.5,PEN,Soles,2026-07-30T00:00:00-05:00
ocds-dgv273-seacev3-1233512,ocds-dgv273-seacev3-1233512-2026-08-27T10:33:21.313283-05:00,1233512-20461763597,155000.0,PEN,Soles,2026-07-24T00:00:00-05:00
ocds-dgv273-seacev3-1232974,ocds-dgv273-seacev3-1232974-2026-08-27T10:33:21.239156-05:00,1232974-1814451,82800.0,PEN,Soles,2026-08-17T00:00:00-05:00
ocds-dgv273-seacev3-1232926,ocds-dgv273-seacev3-1232926-2026-08-27T10:33:21.219441-05:00,1232926-20529039809,546892.17,PEN,Soles,2026-08-24T00:00:00-05:00
ocds-dgv273-seacev3-1232789,ocds-dgv273-seacev3-1232789-2026-08-27T10:33:21.179491-05:00,1232789-1816171,165000.0,PEN,Soles,2026-07-31T00:00:00-05:00
ocds-dgv273-seacev3-1232713,ocds-dgv273-seacev3-1232713-2026-08-27T10:33:21.154798-05:00,1232713-1814889,342410.36,PEN,Soles,2026-08-03T00:00:00-05:00
ocds-dgv273-seacev3-1232394,ocds-dgv273-seacev3-1232394-2026-08-27T10:33:21.085069-05:00,1232394-1815577,638204.13,PEN,Soles,2026-07-31T00:00:00-05:00
ocds-dgv273-seacev3-1232346,ocds-dgv273-seacev3-1232346-2026-08-27T10:33:21.059995-05:00,1232346-1813290,163835.57,PEN,Soles,2026-07-31T00:00:00-05:00
ocds-dgv273-seacev3-2026-235776-6,ocds-dgv273-seacev3-2026-235776-6-2026-08-27T10:33:20.994105-05:00,1231603-1812502,88620.0,PEN,Soles,2026-07-22T00:00:00-05:00
ocds-dgv273-seacev3-1230144,ocds-dgv273-seacev3-1230144-2026-08-27T10:33:20.933878-05:00,1230144-20564286231,94950.0,PEN,Soles,2026-07-09T00:00:00-05:00
ocds-dgv273-seacev3-1230118,ocds-dgv273-seacev3-1230118-2026-08-27T10:33:20.912470-05:00,1230118-20567220258,3153600.0,PEN,Soles,2026-08-10T00:00:00-05:00
ocds-dgv273-seacev3-1232866,ocds-dgv273-seacev3-1232866-2026-08-27T10:33:19.436116-05:00,1232866-20603971931,75500.0,PEN,Soles,2026-08-05T00:00:00-05:00
ocds-dgv273-seacev3-1237324,ocds-dgv273-seacev3-1237324-2026-08-27T10:33:18.923004-05:00,1237324-10428014419,85000.0,PEN,Soles,2026-08-05T00:00:00-05:00
ocds-dgv273-seacev3-1231052,ocds-dgv273-seacev3-1231052-2026-08-27T10:33:18.035329-05:00,1231052-20502143973,133816.0,PEN,Soles,2026-07-31T00:00:00-05:00
ocds-dgv273-seacev3-1237210,ocds-dgv273-seacev3-1237210-2026-08-27T10:33:17.469638-05:00,1237210-20608300903,228514.0,PEN,Soles,2026-08-12T00:00:00-05:00
ocds-dgv273-seacev3-1231429,ocds-dgv273-seacev3-1231429-2026-08-27T10:33:17.454907-05:00,1231429-10742402091,12000.0,PEN,Soles,2026-08-24T00:00:00-05:00
ocds-dgv273-seacev3-1234990,ocds-dgv273-seacev3-1234990-2026-08-27T10:33:17.358750-05:00,1234990-10765615092,119470.0,PEN,Soles,2026-08-13T00:00:00-05:00
ocds-dgv273-seacev3-1237691,ocds-dgv273-seacev3-1237691-2026-08-27T10:33:16.949416-05:00,1237691-20613032755,72500.0,PEN,Soles,2026-08-07T00:00:00-05:00
ocds-dgv273-seacev3-2026-1995-5,ocds-dgv273-seacev3-2026-1995-5-2026-08-27T10:33:16.632274-05:00,1234261-20555098759,148301.17,PEN,Soles,2026-08-05T00:00:00-05:00
ocds-dgv273-seacev3-1232711,ocds-dgv273-seacev3-1232711-2026-08-27T10:33:16.337729-05:00,1232711-1814085,378079.34,PEN,Soles,2026-07-30T00:00:00-05:00
ocds-dgv273-seacev3-1233909,ocds-dgv273-seacev3-1233909-2026-08-27T10:33:15.495691-05:00,1233909-1819290,865923.83,PEN,Soles,2026-08-17T00:00:00-05:00
ocds-dgv273-seacev3-1233685,ocds-dgv273-seacev3-1233685-2026-08-27T10:33:15.097493-05:00,1233685-20615457192,96528.0,PEN,Soles,2026-07-30T00:00:00-05:00
ocds-dgv273-seacev3-1236100,ocds-dgv273-seacev3-1236100-2026-08-27T10:33:15.003511-05:00,1236100-1819451,481351.5,PEN,Soles,2026-08-13T00:00:00-05:00
ocds-dgv273-seacev3-1243863,ocds-dgv273-seacev3-1243863-2026-08-27T10:33:14.676397-05:00,1243863-10106849281,55000.0,PEN,Soles,2026-08-24T00:00:00-05:00
ocds-dgv273-seacev3-1235490,ocds-dgv273-seacev3-1235490-2026-08-27T10:33:14.413179-05:00,1235490-1817514,171400.16,PEN,Soles,2026-08-14T00:00:00-05:00
ocds-dgv273-seacev3-1232087,ocds-dgv273-seacev3-1232087-2026-08-27T10:33:14.196101-05:00,1232087-10702280252,114000.0,PEN,Nuevos Soles,2026-07-24T00:00:00-05:00
ocds-dgv273-seacev3-1231756,ocds-dgv273-seacev3-1231756-2026-08-27T10:33:14.022743-05:00,1231756-20601923361,129970.0,PEN,Soles,2026-07-24T00:00:00-05:00
ocds-dgv273-seacev3-1232520,ocds-dgv273-seacev3-1232520-2026-08-27T10:33:13.740412-05:00,1232520-1815178,416577.94,PEN,Soles,2026-08-04T00:00:00-05:00
ocds-dgv273-seacev3-1231459,ocds-dgv273-seacev3-1231459-2026-08-27T10:33:13.718471-05:00,1231459-10443925118,24000.0,PEN,Soles,2026-08-24T00:00:00-05:00
ocds-dgv273-seacev3-1230756,ocds-dgv273-seacev3-1230756-2026-08-27T10:33:13.564843-05:00,1230756-1812701,209000.0,PEN,Soles,2026-07-24T00:00:00-05:00
ocds-dgv273-seacev3-1238906,ocds-dgv273-seacev3-1238906-2026-08-27T10:33:07.745102-05:00,1238906-10093043826,5715.0,PEN,Soles,2026-08-10T00:00:00-05:00
ocds-dgv273-seacev3-1235106,ocds-dgv273-seacev3-1235106-2026-08-27T10:33:07.361241-05:00,1235106-20614751879,80000.0,PEN,Soles,2026-07-30T00:00:00-05:00
ocds-dgv273-seacev3-1232632,ocds-dgv273-seacev3-1232632-2026-08-27T10:33:07.203336-05:00,1232632-10741560815,3000.0,PEN,Soles,2026-08-24T00:00:00-05:00
ocds-dgv273-seacev3-2026-2401-5,ocds-dgv273-seacev3-2026-2401-5-2026-08-27T10:33:06.838111-05:00,1236496-20369007760,138200.0,PEN,Soles,2026-08-17T00:00:00-05:00
ocds-dgv273-seacev3-1235778,ocds-dgv273-seacev3-1235778-2026-08-27T10:33:06.767543-05:00,1235778-20602573461,66000.0,PEN,Soles,2026-07-31T00:00:00-05:00
ocds-dgv273-seacev3-1233386,ocds-dgv273-seacev3-1233386-2026-08-27T10:33:06.457528-05:00,1233386-1815778,240000.0,PEN,Soles,2026-08-05T00:00:00-05:00
ocds-dgv273-seacev3-1232039,ocds-dgv273-seacev3-1232039-2026-08-27T10:33:06.394579-05:00,1232039-20600068530,884255.0,PEN,Soles,2026-08-17T00:00:00-05:00
ocds-dgv273-seacev3-1237097,ocds-dgv273-seacev3-1237097-2026-08-27T10:33:05.748209-05:00,1237097-20610502408,95750.0,PEN,Soles,2026-08-07T00:00:00-05:00
ocds-dgv273-seacev3-1242167,ocds-dgv273-seacev3-1242167-2026-08-27T10:33:05.672481-05:00,1242167-1823142,1119959.82,PEN,Soles,2026-08-25T00:00:00-05:00
ocds-dgv273-seacev3-1235391,ocds-dgv273-seacev3-1235391-2026-08-27T10:33:04.873561-05:00,1235391-1819831,1307411.9,PEN,Soles,2026-08-20T00:00:00-05:00
ocds-dgv273-seacev3-1238737,ocds-dgv273-seacev3-1238737-2026-08-27T10:33:04.688533-05:00,1238737-20487569136,378955.21,PEN,Soles,2026-08-14T00:00:00-05:00
ocds-dgv273-seacev3-1233374,ocds-dgv273-seacev3-1233374-2026-08-27T10:33:04.109282-05:00,1233374-1822698,965991.92,PEN,Soles,2026-08-24T00:00:00-05:00
ocds-dgv273-seacev3-1235217,ocds-dgv273-seacev3-1235217-2026-08-27T10:33:03.793452-05:00,1235217-1817730,299986.93,PEN,Soles,2026-08-07T00:00:00-05:00
ocds-dgv273-seacev3-1232558,ocds-dgv273-seacev3-1232558-2026-08-27T10:33:03.562572-05:00,1232558-20608471392,395610.0,PEN,Soles,2026-08-17T00:00:00-05:00
ocds-dgv273-seacev3-1237791,ocds-dgv273-seacev3-1237791-2026-08-27T10:33:03.117462-05:00,1237791-20608190989,80490.0,PEN,Soles,2026-08-07T00:00:00-05:00
ocds-dgv273-seacev3-1230136,ocds-dgv273-seacev3-1230136-2026-08-27T10:33:02.635643-05:00,1230136-20490676661,60000.0,PEN,Soles,2026-07-15T00:00:00-05:00
ocds-dgv273-seacev3-1230136,ocds-dgv273-seacev3-1230136-2026-08-27T10:33:02.635643-05:00,1230136-10740216452,115732.0,PEN,Soles,2026-08-10T00:00:00-05:00
ocds-dgv273-seacev3-1232208,ocds-dgv273-seacev3-1232208-2026-08-27T10:33:02.503169-05:00,1232208-20601298750,70000.0,PEN,Soles,2026-07-21T00:00:00-05:00
ocds-dgv273-seacev3-1232048,ocds-dgv273-seacev3-1232048-2026-08-27T10:33:02.199533-05:00,1232048-20612198234,56950.0,PEN,Soles,2026-07-31T00:00:00-05:00
ocds-dgv273-seacev3-1231405,ocds-dgv273-seacev3-1231405-2026-08-27T10:33:02.151946-05:00,1231405-10440562901,12000.0,PEN,Soles,2026-08-24T00:00:00-05:00
ocds-dgv273-seacev3-1232540,ocds-dgv273-seacev3-1232540-2026-08-27T10:33:02.072413-05:00,1232540-10764242837,18000.0,PEN,Soles,2026-08-25T00:00:00-05:00
ocds-dgv273-seacev3-1230214,ocds-dgv273-seacev3-1230214-2026-08-27T10:33:02.056287-05:00,1230214-1811362,181162.06,PEN,Soles,2026-07-30T00:00:00-05:00
ocds-dgv273-seacev3-2026-1003000667-9,ocds-dgv273-seacev3-2026-1003000667-9-2026-08-27T10:33:01.942908-05:00,1232453-10064525102,93600.0,PEN,Soles,2026-08-07T00:00:00-05:00
ocds-dgv273-seacev3-1235530,ocds-dgv273-seacev3-1235530-2026-08-27T10:32:56.375622-05:00,1235530-20604475059,48000.0,PEN,Soles,2026-08-07T00:00:00-05:00
ocds-dgv273-seacev3-1233919,ocds-dgv273-seacev3-1233919-2026-08-27T10:32:55.987822-05:00,1233919-10408694111,131160.0,PEN,Soles,2026-08-05T00:00:00-05:00
ocds-dgv273-seacev3-2026-2430-39,ocds-dgv273-seacev3-2026-2430-39-2026-08-27T10:32:55.905958-05:00,1233652-20332970411,22971.06,USD,Dólar Norteamericano,2026-08-17T00:00:00-05:00
ocds-dgv273-seacev3-1235764,ocds-dgv273-seacev3-1235764-2026-08-27T10:32:55.601634-05:00,1235764-20601878420,71248.0,PEN,Soles,2026-08-04T00:00:00-05:00
ocds-dgv273-seacev3-1234051,ocds-dgv273-seacev3-1234051-2026-08-27T10:32:55.350612-05:00,1234051-1818769,1734311.56,PEN,Soles,2026-08-13T00:00:00-05:00
ocds-dgv273-seacev3-1233740,ocds-dgv273-seacev3-1233740-2026-08-27T10:32:55.255634-05:00,1233740-1817592,251122.2,PEN,Soles,2026-08-17T00:00:00-05:00
ocds-dgv273-seacev3-2026-200363-146,ocds-dgv273-seacev3-2026-200363-146-2026-08-27T10:32:55.109308-05:00,1236988-20503794692,1738000.0,PEN,Soles,2026-08-12T00:00:00-05:00
ocds-dgv273-seacev3-1235270,ocds-dgv273-seacev3-1235270-2026-08-27T10:32:55.063811-05:00,1235270-10002386386,80000.0,PEN,Soles,2026-07-30T00:00:00-05:00
ocds-dgv273-seacev3-1237067,ocds-dgv273-seacev3-1237067-2026-08-27T10:32:54.319919-05:00,1237067-20613358375,92489.5,PEN,Soles,2026-08-05T00:00:00-05:00
ocds-dgv273-seacev3-1231676,ocds-dgv273-seacev3-1231676-2026-08-27T10:32:52.666089-05:00,1231676-1813518,410749.0,PEN,Soles,2026-07-21T00:00:00-05:00
ocds-dgv273-seacev3-1235154,ocds-dgv273-seacev3-1235154-2026-08-27T10:32:52.614025-05:00,1235154-20457675748,132000.0,PEN,Soles,2026-08-07T00:00:00-05:00
ocds-dgv273-seacev3-2026-1903-11,ocds-dgv273-seacev3-2026-1903-11-2026-08-27T10:32:52.378300-05:00,1235878-20606647761,91266.3,PEN,Soles,2026-07-31T00:00:00-05:00
ocds-dgv273-seacev3-1234801,ocds-dgv273-seacev3-1234801-2026-08-27T10:32:52.355897-05:00,1234801-1816953,1746862.43,PEN,Soles,2026-08-04T00:00:00-05:00
ocds-dgv273-seacev3-1235153,ocds-dgv273-seacev3-1235153-2026-08-27T10:32:52.309617-05:00,1235153-1813977,825000.0,PEN,Soles,2026-07-21T00:00:00-05:00
ocds-dgv273-seacev3-1236985,ocds-dgv273-seacev3-1236985-2026-08-27T10:32:52.254618-05:00,1236985-10237087521,210000.0,PEN,Soles,2026-08-17T00:00:00-05:00
ocds-dgv273-seacev3-1238680,ocds-dgv273-seacev3-1238680-2026-08-27T10:32:52.179385-05:00,1238680-20601570263,38310.0,PEN,Soles,2026-08-10T00:00:00-05:00
ocds-dgv273-seacev3-1234102,ocds-dgv273-seacev3-1234102-2026-08-27T10:32:51.984462-05:00,1234102-20477630961,68798.82,PEN,Soles,2026-07-31T00:00:00-05:00
ocds-dgv273-seacev3-1234953,ocds-dgv273-seacev3-1234953-2026-08-27T10:32:51.668367-05:00,1234953-1818161,4986051.71,PEN,Soles,2026-08-18T00:00:00-05:00
ocds-dgv273-seacev3-1232829,ocds-dgv273-seacev3-1232829-2026-08-27T10:32:51.431815-05:00,1232829-20606558571,277992.0,PEN,Soles,2026-07-31T00:00:00-05:00
ocds-dgv273-seacev3-1234021,ocds-dgv273-seacev3-1234021-2026-08-27T10:32:51.289156-05:00,1234021-20602253768,47289.0,PEN,Soles,2026-08-03T00:00:00-05:00
ocds-dgv273-seacev3-1235637,ocds-dgv273-seacev3-1235637-2026-08-27T10:32:45.181719-05:00,1235637-20608040031,460000.0,PEN,Soles,2026-08-17T00:00:00-05:00
ocds-dgv273-seacev3-1232103,ocds-dgv273-seacev3-1232103-2026-08-27T10:32:45.166418-05:00,1232103-20612351199,210000.0,PEN,Soles,2026-08-04T00:00:00-05:00
ocds-dgv273-seacev3-1231767,ocds-dgv273-seacev3-1231767-2026-08-27T10:32:45.046075-05:00,1231767-20505261195,177566.4,PEN,Soles,2026-07-31T00:00:00-05:00
ocds-dgv273-seacev3-1235003,ocds-dgv273-seacev3-1235003-2026-08-27T10:32:44.698945-05:00,1235003-20608557190,469404.0,PEN,Soles,2026-08-13T00:00:00-05:00
ocds-dgv273-seacev3-1236535,ocds-dgv273-seacev3-1236535-2026-08-27T10:32:44.010729-05:00,1236535-1816595,394868.29,PEN,Soles,2026-08-04T00:00:00-05:00
ocds-dgv273-seacev3-1231749,ocds-dgv273-seacev3-1231749-2026-08-27T10:32:43.777646-05:00,1231749-20505110651,316050.0,PEN,Soles,2026-08-11T00:00:00-05:00
ocds-dgv273-seacev3-1239779,ocds-dgv273-seacev3-1239779-2026-08-27T10:32:43.544033-05:00,1239779-1819934,534519.83,PEN,Soles,2026-08-13T00:00:00-05:00
ocds-dgv273-seacev3-1235058,ocds-dgv273-seacev3-1235058-2026-08-27T10:32:43.067480-05:00,1235058-20602965890,51800.0,PEN,Soles,2026-08-03T00:00:00-05:00
ocds-dgv273-seacev3-1230819,ocds-dgv273-seacev3-1230819-2026-08-27T10:32:43.052336-05:00,1230819-20490971824,46000.0,PEN,Soles,2026-07-21T00:00:00-05:00
ocds-dgv273-seacev3-1233362,ocds-dgv273-seacev3-1233362-2026-08-27T10:32:42.827183-05:00,1233362-20611540800,72810.0,PEN,Soles,2026-07-30T00:00:00-05:00
ocds-dgv273-seacev3-1236029,ocds-dgv273-seacev3-1236029-2026-08-27T10:32:42.080687-05:00,1236029-10700741431,83539.5,PEN,Soles,2026-08-03T00:00:00-05:00
ocds-dgv273-seacev3-1235994,ocds-dgv273-seacev3-1235994-2026-08-27T10:32:41.126214-05:00,1235994-20605122397,87960.0,PEN,Soles,2026-08-07T00:00:00-05:00
ocds-dgv273-seacev3-1235547,ocds-dgv273-seacev3-1235547-2026-08-27T10:32:40.988451-05:00,1235547-1818031,306255.86,PEN,Soles,2026-08-07T00:00:00-05:00
ocds-dgv273-seacev3-1237875,ocds-dgv273-seacev3-1237875-2026-08-27T10:32:40.878589-05:00,1237875-1822375,58364.84,PEN,Soles,2026-08-21T00:00:00-05:00
ocds-dgv273-seacev3-1237057,ocds-dgv273-seacev3-1237057-2026-08-27T10:32:40.811066-05:00,1237057-20481402621,180000.0,PEN,Soles,2026-08-11T00:00:00-05:00
ocds-dgv273-seacev3-1229966,ocds-dgv273-seacev3-1229966-2026-08-27T10:32:39.695604-05:00,1229966-20541260260,229570.0,PEN,Soles,2026-08-07T00:00:00-05:00
ocds-dgv273-seacev3-1231591,ocds-dgv273-seacev3-1231591-2026-08-27T10:32:39.353414-05:00,1231591-1813059,255420.26,PEN,Soles,2026-07-21T00:00:00-05:00
ocds-dgv273-seacev3-1232159,ocds-dgv273-seacev3-1232159-2026-08-27T10:32:33.883232-05:00,1232159-1811024,1815803.2,PEN,Soles,2026-07-24T00:00:00-05:00
ocds-dgv273-seacev3-1234439,ocds-dgv273-seacev3-1234439-2026-08-27T10:32:33.813378-05:00,1234439-1820105,1240000.0,PEN,Soles,2026-08-18T00:00:00-05:00
ocds-dgv273-seacev3-1235116,ocds-dgv273-seacev3-1235116-2026-08-27T10:32:33.642197-05:00,1235116-10439608809,79500.0,PEN,Soles,2026-07-30T00:00:00-05:00
ocds-dgv273-seacev3-2026-1982-3,ocds-dgv273-seacev3-2026-1982-3-2026-08-27T10:32:32.453178-05:00,1233028-20389229122,480508.0,PEN,Soles,2026-08-03T00:00:00-05:00
ocds-dgv273-seacev3-1235292,ocds-dgv273-seacev3-1235292-2026-08-27T10:32:32.417991-05:00,1235292-1818668,199000.0,PEN,Soles,2026-08-25T00:00:00-05:00
ocds-dgv273-seacev3-1237130,ocds-dgv273-seacev3-1237130-2026-08-27T10:32:32.000909-05:00,1237130-20604665567,121275.0,PEN,Soles,2026-08-12T00:00:00-05:00
ocds-dgv273-seacev3-1234202,ocds-dgv273-seacev3-1234202-2026-08-27T10:32:31.319789-05:00,1234202-20609335468,94105.9,PEN,Nuevos Soles,2026-07-30T00:00:00-05:00
ocds-dgv273-seacev3-1235245,ocds-dgv273-seacev3-1235245-2026-08-27T10:32:31.127135-05:00,1235245-20601958121,3304.0,PEN,Soles,2026-08-24T00:00:00-05:00
ocds-dgv273-seacev3-1229096,ocds-dgv273-seacev3-1229096-2026-08-27T10:32:31.050673-05:00,1229096-1818832,114008.58,PEN,Soles,2026-08-10T00:00:00-05:00
ocds-dgv273-seacev3-1237297,ocds-dgv273-seacev3-1237297-2026-08-27T10:32:30.815863-05:00,1237297-1817810,17000000.0,PEN,Soles,2026-08-07T00:00:00-05:00
ocds-dgv273-seacev3-1234418,ocds-dgv273-seacev3-1234418-2026-08-27T10:32:29.545945-05:00,1234418-20613159755,112500.0,PEN,Soles,2026-08-25T00:00:00-05:00
ocds-dgv273-seacev3-1234502,ocds-dgv273-seacev3-1234502-2026-08-27T10:32:28.403850-05:00,1234502-10100038248,77878.2,PEN,Soles,2026-08-04T00:00:00-05:00
ocds-dgv273-seacev3-1232648,ocds-dgv273-seacev3-1232648-2026-08-27T10:32:28.046304-05:00,1232648-1813936,1432618.82,PEN,Soles,2026-07-24T00:00:00-05:00
ocds-dgv273-seacev3-1230332,ocds-dgv273-seacev3-1230332-2026-08-27T10:32:27.984608-05:00,1230332-1810710,132043.35,PEN,Soles,2026-07-17T00:00:00-05:00
ocds-dgv273-seacev3-1229631,ocds-dgv273-seacev3-1229631-2026-08-27T10:32:27.892021-05:00,1229631-20600111150,152416.0,PEN,Soles,2026-07-13T00:00:00-05:00
ocds-dgv273-seacev3-1235871,ocds-dgv273-seacev3-1235871-2026-08-27T10:32:22.208576-05:00,1235871-1816432,255734423.59,PEN,Soles,2026-08-03T00:00:00-05:00
ocds-dgv273-seacev3-1230437,ocds-dgv273-seacev3-1230437-2026-08-27T10:32:21.952290-05:00,1230437-20613300911,65481.0,PEN,Soles,2026-07-24T00:00:00-05:00
ocds-dgv273-seacev3-1232278,ocds-dgv273-seacev3-1232278-2026-08-27T10:32:21.812746-05:00,1232278-1814478,1612047.39,PEN,Soles,2026-07-24T00:00:00-05:00
ocds-dgv273-seacev3-1230626,ocds-dgv273-seacev3-1230626-2026-08-27T10:32:21.072605-05:00,1230626-20490582259,118100.0,PEN,Soles,2026-07-17T13:53:17-05:00
ocds-dgv273-seacev3-1236537,ocds-dgv273-seacev3-1236537-2026-08-27T10:32:20.466271-05:00,1236537-10329838035,206888.96,PEN,Soles,2026-08-17T00:00:00-05:00
ocds-dgv273-seacev3-1236740,ocds-dgv273-seacev3-1236740-2026-08-27T10:32:20.239278-05:00,1236740-20526276486,58500.0,PEN,Soles,2026-08-10T00:00:00-05:00
ocds-dgv273-seacev3-1231702,ocds-dgv273-seacev3-1231702-2026-08-27T10:32:20.223811-05:00,1231702-20603032498,91000.0,PEN,Soles,2026-07-24T00:00:00-05:00
ocds-dgv273-seacev3-1234789,ocds-dgv273-seacev3-1234789-2026-08-27T10:32:20.019531-05:00,1234789-1817217,3007567.79,PEN,Soles,2026-08-07T00:00:00-05:00
ocds-dgv273-seacev3-1235937,ocds-dgv273-seacev3-1235937-2026-08-27T10:32:19.470428-05:00,1235937-20449458436,133846.0,PEN,Soles,2026-08-05T00:00:00-05:00
ocds-dgv273-seacev3-1233139,ocds-dgv273-seacev3-1233139-2026-08-27T10:32:18.901189-05:00,1233139-20522173933,105206.4,PEN,Soles,2026-07-24T00:00:00-05:00
ocds-dgv273-seacev3-1234278,ocds-dgv273-seacev3-1234278-2026-08-27T10:32:17.929994-05:00,1234278-1816365,479293.51,PEN,Soles,2026-07-31T00:00:00-05:00
ocds-dgv273-seacev3-1236293,ocds-dgv273-seacev3-1236293-2026-08-27T10:32:17.620953-05:00,1236293-20602421369,137820.0,PEN,Soles,2026-08-12T00:00:00-05:00
ocds-dgv273-seacev3-1234476,ocds-dgv273-seacev3-1234476-2026-08-27T10:32:17.553860-05:00,1234476-20559219119,213300.0,PEN,Soles,2026-07-22T00:00:00-05:00
ocds-dgv273-seacev3-1236909,ocds-dgv273-seacev3-1236909-2026-08-27T10:32:17.228512-05:00,1236909-10181602771,104400.0,PEN,Soles,2026-08-03T00:00:00-05:00
ocds-dgv273-seacev3-1232993,ocds-dgv273-seacev3-1232993-2026-08-27T10:32:16.660883-05:00,1232993-20614925648,145750.0,PEN,Soles,2026-08-10T00:00:00-05:00
ocds-dgv273-seacev3-1232857,ocds-dgv273-seacev3-1232857-2026-08-27T10:32:16.600019-05:00,1232857-20519753830,105000.0,PEN,Soles,2026-08-14T00:00:00-05:00
ocds-dgv273-seacev3-2026-2409-104,ocds-dgv273-seacev3-2026-2409-104-2026-08-27T10:32:16.468791-05:00,1230140-20601548837,295000.0,PEN,Soles,2026-08-17T00:00:00-05:00
ocds-dgv273-seacev3-1231395,ocds-dgv273-seacev3-1231395-2026-08-27T10:32:09.617256-05:00,1231395-10474280247,12000.0,PEN,Soles,2026-08-24T00:00:00-05:00
ocds-dgv273-seacev3-1232907,ocds-dgv273-seacev3-1232907-2026-08-27T10:32:09.500191-05:00,1232907-20600633440,187815.26,PEN,Soles,2026-07-24T00:00:00-05:00
ocds-dgv273-seacev3-1235210,ocds-dgv273-seacev3-1235210-2026-08-27T10:32:09.346788-05:00,1235210-20511037001,100795.92,PEN,Soles,2026-08-03T00:00:00-05:00
ocds-dgv273-seacev3-1235737,ocds-dgv273-seacev3-1235737-2026-08-27T10:32:09.266724-05:00,1235737-20602573461,99000.0,PEN,Soles,2026-07-31T00:00:00-05:00
ocds-dgv273-seacev3-1235039,ocds-dgv273-seacev3-1235039-2026-08-27T10:32:09.179325-05:00,1235039-20600852346,94841.6,PEN,Soles,2026-08-03T16:46:30-05:00
ocds-dgv273-seacev3-1233459,ocds-dgv273-seacev3-1233459-2026-08-27T10:32:09.041874-05:00,1233459-20609483734,182100.0,PEN,Soles,2026-07-24T00:00:00-05:00
ocds-dgv273-seacev3-1234643,ocds-dgv273-seacev3-1234643-2026-08-27T10:32:08.823941-05:00,1234643-20606170930,164600.0,PEN,Soles,2026-08-10T00:00:00-05:00
ocds-dgv273-seacev3-1233529,ocds-dgv273-seacev3-1233529-2026-08-27T10:32:08.537346-05:00,1233529-1821397,145000.0,PEN,Soles,2026-08-19T00:00:00-05:00
ocds-dgv273-seacev3-2026-243393-6,ocds-dgv273-seacev3-2026-243393-6-2026-08-27T10:32:08.017580-05:00,1234153-20602250807,220200.0,PEN,Soles,2026-08-17T00:00:00-05:00
ocds-dgv273-seacev3-1235508,ocds-dgv273-seacev3-1235508-2026-08-27T10:32:07.821972-05:00,1235508-20534056061,52300.0,PEN,Soles,2026-08-10T00:00:00-05:00
ocds-dgv273-seacev3-1231510,ocds-dgv273-seacev3-1231510-2026-08-27T10:32:07.689591-05:00,1231510-20536297686,55160.0,PEN,Soles,2026-08-07T00:00:00-05:00
ocds-dgv273-seacev3-1236438,ocds-dgv273-seacev3-1236438-2026-08-27T10:32:05.962994-05:00,1236438-20393352800,228872.97,PEN,Soles,2026-08-10T00:00:00-05:00
ocds-dgv273-seacev3-1233183,ocds-dgv273-seacev3-1233183-2026-08-27T10:32:05.947446-05:00,1233183-1823867,1186000.0,PEN,Soles,2026-08-25T00:00:00-05:00
ocds-dgv273-seacev3-1236618,ocds-dgv273-seacev3-1236618-2026-08-27T10:32:05.632638-05:00,1236618-20601908183,110000.0,PEN,Soles,2026-08-10T17:05:29-05:00
ocds-dgv273-seacev3-1230368,ocds-dgv273-seacev3-1230368-2026-08-27T10:32:05.024032-05:00,1230368-1818345,2860800.0,PEN,Soles,2026-08-10T00:00:00-05:00
ocds-dgv273-seacev3-1231517,ocds-dgv273-seacev3-1231517-2026-08-27T10:32:04.981666-05:00,1231517-1813344,80000.0,PEN,Soles,2026-07-20T00:00:00-05:00
ocds-dgv273-seacev3-1232572,ocds-dgv273-seacev3-1232572-2026-08-27T10:32:04.883275-05:00,1232572-10450745214,18000.0,PEN,Soles,2026-08-25T00:00:00-05:00
ocds-dgv273-seacev3-1232122,ocds-dgv273-seacev3-1232122-2026-08-27T10:32:04.848094-05:00,1232122-10702156284,60699.77,PEN,Soles,2026-07-22T00:00:00-05:00
ocds-dgv273-seacev3-1230122,ocds-dgv273-seacev3-1230122-2026-08-27T10:32:04.657809-05:00,1230122-20610307818,164627.1,PEN,Soles,2026-08-04T00:00:00-05:00
ocds-dgv273-seacev3-1230793,ocds-dgv273-seacev3-1230793-2026-08-27T10:32:04.394086-05:00,1230793-20602566171,99400.0,PEN,Soles,2026-07-20T00:00:00-05:00
ocds-dgv273-seacev3-1235213,ocds-dgv273-seacev3-1235213-2026-08-26T10:29:19.596191-05:00,1235213-1817688,268348.08,PEN,Soles,2026-08-10T00:00:00-05:00
ocds-dgv273-seacev3-1233894,ocds-dgv273-seacev3-1233894-2026-08-26T10:29:17.516312-05:00,1233894-20546950396,245760.0,PEN,Soles,2026-08-03T00:00:00-05:00
ocds-dgv273-seacev3-1233954,ocds-dgv273-seacev3-1233954-2026-08-26T10:29:16.959745-05:00,1233954-20172627421,147000.0,PEN,Soles,2026-08-04T00:00:00-05:00
ocds-dgv273-seacev3-1229978,ocds-dgv273-seacev3-1229978-2026-08-26T10:29:16.506683-05:00,1229978-1811666,810116.21,PEN,Soles,2026-07-20T00:00:00-05:00
ocds-dgv273-seacev3-1235030,ocds-dgv273-seacev3-1235030-2026-08-26T10:29:15.932051-05:00,1235030-20602965890,58800.0,PEN,Soles,2026-08-04T00:00:00-05:00
ocds-dgv273-seacev3-1232101,ocds-dgv273-seacev3-1232101-2026-08-26T10:29:13.893490-05:00,1232101-20600883063,459737.0,PEN,Soles,2026-08-17T00:00:00-05:00
ocds-dgv273-seacev3-1233052,ocds-dgv273-seacev3-1233052-2026-08-26T10:29:13.875562-05:00,1233052-20611325739,351450.0,PEN,Soles,2026-07-31T00:00:00-05:00
ocds-dgv273-seacev3-1231551,ocds-dgv273-seacev3-1231551-2026-08-26T10:29:13.830753-05:00,1231551-10252184851,54150.0,PEN,Soles,2026-07-16T00:00:00-05:00
ocds-dgv273-seacev3-1231551,ocds-dgv273-seacev3-1231551-2026-08-26T10:29:13.830753-05:00,1231551-20532587191,58700.0,PEN,Soles,2026-08-11T00:00:00-05:00
ocds-dgv273-seacev3-1234257,ocds-dgv273-seacev3-1234257-2026-08-26T10:29:09.303886-05:00,1234257-20610394338,99199.95,PEN,Soles,2026-07-22T00:00:00-05:00
ocds-dgv273-seacev3-1232499,ocds-dgv273-seacev3-1232499-2026-08-26T10:29:08.872253-05:00,1232499-20515711008,3464566.05,PEN,Soles,2026-08-05T00:00:00-05:00
ocds-dgv273-seacev3-2026-2543-689,ocds-dgv273-seacev3-2026-2543-689-2026-08-26T10:29:08.536945-05:00,1234980-20515949241,68600.0,PEN,Soles,2026-08-11T00:00:00-05:00
ocds-dgv273-seacev3-1239998,ocds-dgv273-seacev3-1239998-2026-08-26T10:29:08.115718-05:00,1239998-10408417479,98604.0,PEN,Soles,2026-08-17T00:00:00-05:00
ocds-dgv273-seacev3-1233704,ocds-dgv273-seacev3-1233704-2026-08-26T10:29:07.814422-05:00,1233704-1815661,234996.88,PEN,Soles,2026-07-30T00:00:00-05:00
ocds-dgv273-seacev3-1235988,ocds-dgv273-seacev3-1235988-2026-08-26T10:29:07.706843-05:00,1235988-10465494862,87492.0,PEN,Soles,2026-08-14T00:00:00-05:00
ocds-dgv273-seacev3-1236798,ocds-dgv273-seacev3-1236798-2026-08-26T10:29:06.294992-05:00,1236798-10469018089,96300.0,PEN,Soles,2026-08-04T00:00:00-05:00
ocds-dgv273-seacev3-1233471,ocds-dgv273-seacev3-1233471-2026-08-26T10:29:05.810202-05:00,1233471-1819958,335359.17,PEN,Soles,2026-08-13T00:00:00-05:00
ocds-dgv273-seacev3-1232491,ocds-dgv273-seacev3-1232491-2026-08-26T10:29:05.138844-05:00,1232491-20608624831,555000.0,PEN,Soles,2026-08-03T00:00:00-05:00
ocds-dgv273-seacev3-1234905,ocds-dgv273-seacev3-1234905-2026-08-26T10:29:05.010249-05:00,1234905-20487869105,1558080.0,PEN,Soles,2026-08-14T00:00:00-05:00
ocds-dgv273-seacev3-1242009,ocds-dgv273-seacev3-1242009-2026-08-26T10:29:04.511054-05:00,1242009-1821552,980237.46,PEN,Soles,2026-08-17T00:00:00-05:00
ocds-dgv273-seacev3-1237697,ocds-dgv273-seacev3-1237697-2026-08-26T10:29:03.685822-05:00,1237697-1817025,100000.0,PEN,Soles,2026-08-03T00:00:00-05:00
ocds-dgv273-seacev3-2026-1921-55,ocds-dgv273-seacev3-2026-1921-55-2026-08-26T10:29:03.659140-05:00,1235019-20106636011,169389.0,PEN,Soles,2026-08-14T00:00:00-05:00
ocds-dgv273-seacev3-1232096,ocds-dgv273-seacev3-1232096-2026-08-26T10:29:03.324936-05:00,1232096-20614218909,250000.0,PEN,Soles,2026-08-14T00:00:00-05:00
ocds-dgv273-seacev3-2026-200260-5,ocds-dgv273-seacev3-2026-200260-5-2026-08-26T10:29:03.191649-05:00,1230498-20607954837,124017.5,PEN,Soles,2026-07-21T00:00:00-05:00
ocds-dgv273-seacev3-1230150,ocds-dgv273-seacev3-1230150-2026-08-26T10:29:03.136514-05:00,1230150-20544172761,150000.0,PEN,Soles,2026-07-20T00:00:00-05:00
ocds-dgv273-seacev3-1233073,ocds-dgv273-seacev3-1233073-2026-08-26T10:29:03.004649-05:00,1233073-20602151426,465497.0,PEN,Soles,2026-08-17T00:00:00-05:00
ocds-dgv273-seacev3-1230846,ocds-dgv273-seacev3-1230846-2026-08-26T10:28:58.269793-05:00,1230846-10455833081,69842.35,PEN,Soles,2026-07-21T00:00:00-05:00
ocds-dgv273-seacev3-1230835,ocds-dgv273-seacev3-1230835-2026-08-26T10:28:58.253163-05:00,1230835-1813565,128626.04,PEN,Soles,2026-07-31T00:00:00-05:00
ocds-dgv273-seacev3-2026-2543-895,ocds-dgv273-seacev3-2026-2543-895-2026-08-26T10:28:57.387218-05:00,1236955-1820274,185000.0,PEN,Soles,2026-08-14T00:00:00-05:00
ocds-dgv273-seacev3-1236878,ocds-dgv273-seacev3-1236878-2026-08-26T10:28:56.954005-05:00,1236878-20534360721,310000.0,PEN,Soles,2026-08-14T00:00:00-05:00
ocds-dgv273-seacev3-1232597,ocds-dgv273-seacev3-1232597-2026-08-26T10:28:56.397527-05:00,1232597-10776699484,54994.0,PEN,Soles,2026-07-16T00:00:00-05:00
ocds-dgv273-seacev3-1234495,ocds-dgv273-seacev3-1234495-2026-08-26T10:28:56.355339-05:00,1234495-1813911,115000000.0,PEN,Soles,2026-07-21T00:00:00-05:00
ocds-dgv273-seacev3-1236758,ocds-dgv273-seacev3-1236758-2026-08-26T10:28:56.129097-05:00,1236758-20613767666,90319.0,PEN,Soles,2026-08-04T00:00:00-05:00
ocds-dgv273-seacev3-2026-1906-31,ocds-dgv273-seacev3-2026-1906-31-2026-08-26T10:28:56.038527-05:00,1237947-20610521712,440000.0,PEN,Soles,2026-08-13T00:00:00-05:00
ocds-dgv273-seacev3-1235738,ocds-dgv273-seacev3-1235738-2026-08-26T10:28:55.790210-05:00,1235738-20564286231,47345.0,PEN,Soles,2026-08-03T00:00:00-05:00
ocds-dgv273-seacev3-1232968,ocds-dgv273-seacev3-1232968-2026-08-26T10:28:55.588391-05:00,1232968-20564100154,236540.0,PEN,Soles,2026-07-24T00:00:00-05:00
ocds-dgv273-seacev3-1235733,ocds-dgv273-seacev3-1235733-2026-08-26T10:28:54.974395-05:00,1235733-10436315487,121160.0,PEN,Nuevos Soles,2026-08-14T00:00:00-05:00
ocds-dgv273-seacev3-2026-10356-5,ocds-dgv273-seacev3-2026-10356-5-2026-08-26T10:28:54.745905-05:00,1231174-20600429150,822980.0,PEN,Soles,2026-08-21T00:00:00-05:00
ocds-dgv273-seacev3-1233148,ocds-dgv273-seacev3-1233148-2026-08-26T10:28:54.715163-05:00,1233148-20600616235,235350.0,PEN,Soles,2026-07-24T00:00:00-05:00
ocds-dgv273-seacev3-1234386,ocds-dgv273-seacev3-1234386-2026-08-26T10:28:54.188831-05:00,1234386-20611540800,259920.0,PEN,Soles,2026-08-04T00:00:00-05:00
ocds-dgv273-seacev3-1234523,ocds-dgv273-seacev3-1234523-2026-08-26T10:28:54.002014-05:00,1234523-20501549801,198993.2,PEN,Soles,2026-08-14T00:00:00-05:00
ocds-dgv273-seacev3-1233134,ocds-dgv273-seacev3-1233134-2026-08-26T10:28:53.928485-05:00,1233134-20398211414,2226162.46,PEN,Soles,2026-08-03T00:00:00-05:00
ocds-dgv273-seacev3-2026-151-7,ocds-dgv273-seacev3-2026-151-7-2026-08-26T10:28:53.668037-05:00,1217018-20531710364,972583.39,PEN,Soles,2026-08-11T00:00:00-05:00
ocds-dgv273-seacev3-2026-151-7,ocds-dgv273-seacev3-2026-151-7-2026-08-26T10:28:53.668037-05:00,1217018-20541722735,518408.35,PEN,Soles,2026-06-04T00:00:00-05:00
ocds-dgv273-seacev3-2026-151-7,ocds-dgv273-seacev3-2026-151-7-2026-08-26T10:28:53.668037-05:00,1217018-20602412793,305146.6,PEN,Soles,2026-06-04T00:00:00-05:00
ocds-dgv273-seacev3-2026-151-7,ocds-dgv273-seacev3-2026-151-7-2026-08-26T10:28:53.668037-05:00,1217018-20613285611,677921.4,PEN,Soles,2026-06-04T00:00:00-05:00
ocds-dgv273-seacev3-2026-151-7,ocds-dgv273-seacev3-2026-151-7-2026-08-26T10:28:53.668037-05:00,1237761-20613778846,609800.35,PEN,Soles,2026-08-14T00:00:00-05:00
ocds-dgv273-seacev3-1238401,ocds-dgv273-seacev3-1238401-2026-08-26T10:28:53.316125-05:00,1238401-10732315638,80892.0,PEN,Soles,2026-08-13T00:00:00-05:00
ocds-dgv273-seacev3-2026-705-36,ocds-dgv273-seacev3-2026-705-36-2026-08-26T10:28:53.243935-05:00,1237133-1820595,1526482.18,PEN,Soles,2026-08-19T00:00:00-05:00
ocds-dgv273-seacev3-1237386,ocds-dgv273-seacev3-1237386-2026-08-26T10:28:53.224036-05:00,1237386-1819475,397300.0,PEN,Soles,2026-08-21T00:00:00-05:00
ocds-dgv273-seacev3-1231673,ocds-dgv273-seacev3-1231673-2026-08-26T10:28:53.199740-05:00,1231673-10406612908,162498.8,PEN,Soles,2026-07-24T00:00:00-05:00
ocds-dgv273-seacev3-1235527,ocds-dgv273-seacev3-1235527-2026-08-26T10:28:53.142404-05:00,1235527-1817662,247410.33,PEN,Soles,2026-08-05T00:00:00-05:00
ocds-dgv273-seacev3-1233987,ocds-dgv273-seacev3-1233987-2026-08-26T10:28:52.779222-05:00,1233987-20606076127,153883.8,PEN,Soles,2026-07-31T00:00:00-05:00
ocds-dgv273-seacev3-1236608,ocds-dgv273-seacev3-1236608-2026-08-26T10:28:52.408574-05:00,1236608-20615519643,110015.5,PEN,Soles,2026-08-10T00:00:00-05:00
ocds-dgv273-seacev3-1236138,ocds-dgv273-seacev3-1236138-2026-08-26T10:28:52.394256-05:00,1236138-1819055,1010352.3,PEN,Soles,2026-08-14T00:00:00-05:00
ocds-dgv273-seacev3-1231546,ocds-dgv273-seacev3-1231546-2026-08-26T10:28:51.386868-05:00,1231546-20614053128,184800.0,PEN,Soles,2026-07-16T00:00:00-05:00
ocds-dgv273-seacev3-1231343,ocds-dgv273-seacev3-1231343-2026-08-26T10:28:46.468135-05:00,1231343-1812468,107000.0,PEN,Soles,2026-07-17T00:00:00-05:00
ocds-dgv273-seacev3-1230719,ocds-dgv273-seacev3-1230719-2026-08-26T10:28:46.306486-05:00,1230719-1811462,435685.08,PEN,Soles,2026-07-14T00:00:00-05:00
ocds-dgv273-seacev3-1235662,ocds-dgv273-seacev3-1235662-2026-08-26T10:28:45.523729-05:00,1235662-20469082360,123552.0,PEN,Soles,2026-08-17T00:00:00-05:00
ocds-dgv273-seacev3-1230171,ocds-dgv273-seacev3-1230171-2026-08-26T10:28:45.362898-05:00,1230171-20100010721,380059.71,PEN,Soles,2026-07-20T00:00:00-05:00
ocds-dgv273-seacev3-1234260,ocds-dgv273-seacev3-1234260-2026-08-26T10:28:45.133431-05:00,1234260-20612443778,97200.0,PEN,Soles,2026-08-05T00:00:00-05:00
ocds-dgv273-seacev3-1232753,ocds-dgv273-seacev3-1232753-2026-08-26T10:28:44.994179-05:00,1232753-20490486705,63200.0,PEN,Soles,2026-07-21T00:00:00-05:00
ocds-dgv273-seacev3-1233780,ocds-dgv273-seacev3-1233780-2026-08-26T10:28:44.819019-05:00,1233780-1815323,209271.61,PEN,Soles,2026-08-03T00:00:00-05:00
ocds-dgv273-seacev3-1233817,ocds-dgv273-seacev3-1233817-2026-08-26T10:28:44.679189-05:00,1233817-1815491,1661044.74,PEN,Soles,2026-07-31T00:00:00-05:00
ocds-dgv273-seacev3-1235563,ocds-dgv273-seacev3-1235563-2026-08-26T10:28:44.531778-05:00,1235563-20486416794,100000.0,PEN,Soles,2026-08-13T00:00:00-05:00
ocds-dgv273-seacev3-2026-705-26,ocds-dgv273-seacev3-2026-705-26-2026-08-26T10:28:43.763852-05:00,1237114-1820691,1675079.2,PEN,Soles,2026-08-20T00:00:00-05:00
ocds-dgv273-seacev3-1234070,ocds-dgv273-seacev3-1234070-2026-08-26T10:28:43.474758-05:00,1234070-20511037001,96000.0,PEN,Soles,2026-07-31T21:29:01-05:00
ocds-dgv273-seacev3-1234269,ocds-dgv273-seacev3-1234269-2026-08-26T10:28:43.388968-05:00,1234269-20100096936,84456.0,PEN,Soles,2026-08-10T00:00:00-05:00
ocds-dgv273-seacev3-2026-200191-26,ocds-dgv273-seacev3-2026-200191-26-2026-08-26T10:28:43.253981-05:00,1232412-20396499691,130170.02,PEN,Soles,2026-08-14T00:00:00-05:00
ocds-dgv273-seacev3-1235339,ocds-dgv273-seacev3-1235339-2026-08-26T10:28:42.290529-05:00,1235339-20604302235,60119.0,PEN,Soles,2026-08-04T00:00:00-05:00
ocds-dgv273-seacev3-1230800,ocds-dgv273-seacev3-1230800-2026-08-26T10:28:41.835262-05:00,1230800-20527905495,407500.0,PEN,Soles,2026-07-24T00:00:00-05:00
ocds-dgv273-seacev3-1233009,ocds-dgv273-seacev3-1233009-2026-08-26T10:28:41.552507-05:00,1233009-20603210531,461040.0,PEN,Soles,2026-07-24T00:00:00-05:00
ocds-dgv273-seacev3-1232995,ocds-dgv273-seacev3-1232995-2026-08-26T10:28:41.444318-05:00,1232995-1814370,298974.24,PEN,Soles,2026-07-31T00:00:00-05:00
ocds-dgv273-seacev3-1232978,ocds-dgv273-seacev3-1232978-2026-08-26T10:28:41.305863-05:00,1232978-10434664310,1000000.18,PEN,Soles,2026-07-22T00:00:00-05:00
ocds-dgv273-seacev3-1230624,ocds-dgv273-seacev3-1230624-2026-08-26T10:28:41.218349-05:00,1230624-1812698,211000.0,PEN,Soles,2026-07-31T00:00:00-05:00
ocds-dgv273-seacev3-1230265,ocds-dgv273-seacev3-1230265-2026-08-26T10:28:41.130370-05:00,1230265-1820669,484000.0,PEN,Soles,2026-08-21T00:00:00-05:00
ocds-dgv273-seacev3-1230851,ocds-dgv273-seacev3-1230851-2026-08-26T10:28:41.101309-05:00,1230851-10439902260,50000.0,PEN,Soles,2026-07-15T00:00:00-05:00
ocds-dgv273-seacev3-1231386,ocds-dgv273-seacev3-1231386-2026-08-26T10:28:41.078231-05:00,1231386-1814016,870513.18,PEN,Soles,2026-07-24T00:00:00-05:00
ocds-dgv273-seacev3-1231650,ocds-dgv273-seacev3-1231650-2026-08-26T10:28:40.971266-05:00,1231650-20213787552,99970.0,PEN,Soles,2026-08-14T00:00:00-05:00
ocds-dgv273-seacev3-2026-235776-5,ocds-dgv273-seacev3-2026-235776-5-2026-08-26T10:28:40.948690-05:00,1231512-1813159,1842923.57,PEN,Soles,2026-07-22T00:00:00-05:00
ocds-dgv273-seacev3-2026-791-1,ocds-dgv273-seacev3-2026-791-1-2026-08-26T10:28:40.837443-05:00,1230013-20123704585,690050.0,PEN,Soles,2026-08-11T00:00:00-05:00
ocds-dgv273-seacev3-1230069,ocds-dgv273-seacev3-1230069-2026-08-26T10:28:35.835078-05:00,1230069-20498587012,274912.0,PEN,Soles,2026-07-24T00:00:00-05:00
ocds-dgv273-seacev3-1230266,ocds-dgv273-seacev3-1230266-2026-08-26T10:28:35.563826-05:00,1230266-1810690,301540.0,PEN,Soles,2026-07-20T00:00:00-05:00
ocds-dgv273-seacev3-1237724,ocds-dgv273-seacev3-1237724-2026-08-26T10:28:34.827264-05:00,1237724-1820562,263000.0,PEN,Soles,2026-08-14T00:00:00-05:00
ocds-dgv273-seacev3-1233481,ocds-dgv273-seacev3-1233481-2026-08-26T10:28:34.659623-05:00,1233481-20552997906,745000.0,PEN,Soles,2026-08-10T00:00:00-05:00
ocds-dgv273-seacev3-1235514,ocds-dgv273-seacev3-1235514-2026-08-26T10:28:34.307404-05:00,1235514-20600226640,380400.0,PEN,Soles,2026-08-14T00:00:00-05:00
ocds-dgv273-seacev3-1229624,ocds-dgv273-seacev3-1229624-2026-08-26T10:28:34.291144-05:00,1229624-20601660602,198200.0,PEN,Soles,2026-07-31T00:00:00-05:00
ocds-dgv273-seacev3-1234379,ocds-dgv273-seacev3-1234379-2026-08-26T10:28:33.403341-05:00,1234379-20568801351,189450.0,PEN,Soles,2026-07-31T00:00:00-05:00
ocds-dgv273-seacev3-1236357,ocds-dgv273-seacev3-1236357-2026-08-26T10:28:33.321126-05:00,1236357-1818809,816556.5,PEN,Soles,2026-08-10T00:00:00-05:00
ocds-dgv273-seacev3-1232036,ocds-dgv273-seacev3-1232036-2026-08-26T10:28:32.359737-05:00,1232036-20600107411,215590.0,PEN,Soles,2026-07-30T00:00:00-05:00
ocds-dgv273-seacev3-1231657,ocds-dgv273-seacev3-1231657-2026-08-26T10:28:31.809297-05:00,1231657-10741752650,98000.0,PEN,Soles,2026-07-30T00:00:00-05:00
ocds-dgv273-seacev3-1234198,ocds-dgv273-seacev3-1234198-2026-08-26T10:28:31.601062-05:00,1234198-1816912,735478.84,PEN,Soles,2026-08-21T00:00:00-05:00
ocds-dgv273-seacev3-1235449,ocds-dgv273-seacev3-1235449-2026-08-26T10:28:31.331648-05:00,1235449-10432690259,102000.0,PEN,Soles,2026-08-12T00:00:00-05:00
ocds-dgv273-seacev3-1230565,ocds-dgv273-seacev3-1230565-2026-08-26T10:28:30.971851-05:00,1230565-20544172761,350000.0,PEN,Soles,2026-07-15T00:00:00-05:00
ocds-dgv273-seacev3-1230552,ocds-dgv273-seacev3-1230552-2026-08-26T10:28:30.458897-05:00,1230552-20601411726,313000.0,PEN,Soles,2026-07-17T00:00:00-05:00
ocds-dgv273-seacev3-1234960,ocds-dgv273-seacev3-1234960-2026-08-26T10:28:25.088182-05:00,1234960-1817616,296000.0,PEN,Soles,2026-08-05T00:00:00-05:00
ocds-dgv273-seacev3-1237515,ocds-dgv273-seacev3-1237515-2026-08-26T10:28:24.948969-05:00,1237515-20100091543,251840.0,PEN,Soles,2026-08-04T00:00:00-05:00
ocds-dgv273-seacev3-1235337,ocds-dgv273-seacev3-1235337-2026-08-26T10:28:24.293872-05:00,1235337-20605122397,104950.0,PEN,Soles,2026-08-05T00:00:00-05:00
ocds-dgv273-seacev3-1230056,ocds-dgv273-seacev3-1230056-2026-08-26T10:28:24.217513-05:00,1230056-20528168826,329599.05,PEN,Soles,2026-07-15T00:00:00-05:00
ocds-dgv273-seacev3-1235401,ocds-dgv273-seacev3-1235401-2026-08-26T10:28:24.014609-05:00,1235401-1818001,186944.82,PEN,Soles,2026-08-14T00:00:00-05:00
ocds-dgv273-seacev3-1230687,ocds-dgv273-seacev3-1230687-2026-08-26T10:28:23.477385-05:00,1230687-20467534026,190098.0,PEN,Soles,2026-07-20T00:00:00-05:00
ocds-dgv273-seacev3-1234838,ocds-dgv273-seacev3-1234838-2026-08-26T10:28:23.331336-05:00,1234838-20511037001,84175.4,PEN,Soles,2026-08-03T00:00:00-05:00
ocds-dgv273-seacev3-1232706,ocds-dgv273-seacev3-1232706-2026-08-26T10:28:22.277232-05:00,1232706-20534428384,388000.0,PEN,Soles,2026-08-03T00:00:00-05:00
ocds-dgv273-seacev3-1236310,ocds-dgv273-seacev3-1236310-2026-08-26T10:28:22.139597-05:00,1236310-10235609636,138000.0,PEN,Soles,2026-08-11T00:00:00-05:00
ocds-dgv273-seacev3-1234810,ocds-dgv273-seacev3-1234810-2026-08-26T10:28:22.060103-05:00,1234810-10273744148,114000.0,PEN,Soles,2026-08-14T00:00:00-05:00
ocds-dgv273-seacev3-1231471,ocds-dgv273-seacev3-1231471-2026-08-26T10:28:21.714746-05:00,1231471-1812641,125000.0,PEN,Soles,2026-07-22T00:00:00-05:00
ocds-dgv273-seacev3-1228988,ocds-dgv273-seacev3-1228988-2026-08-26T10:28:21.492424-05:00,1228988-1812138,159212.82,PEN,Soles,2026-07-22T00:00:00-05:00
ocds-dgv273-seacev3-2026-705-32,ocds-dgv273-seacev3-2026-705-32-2026-08-26T10:28:20.343582-05:00,1237525-1820666,1852258.41,PEN,Soles,2026-08-19T00:00:00-05:00
ocds-dgv273-seacev3-1234129,ocds-dgv273-seacev3-1234129-2026-08-26T10:28:20.150563-05:00,1234129-20563896877,60720.0,PEN,Nuevos Soles,2026-08-07T00:00:00-05:00
ocds-dgv273-seacev3-1231972,ocds-dgv273-seacev3-1231972-2026-08-26T10:28:19.635889-05:00,1231972-20602409385,200000.0,PEN,Soles,2026-07-30T00:00:00-05:00
ocds-dgv273-seacev3-1231998,ocds-dgv273-seacev3-1231998-2026-08-26T10:28:19.605747-05:00,1231998-1814014,57455.0,PEN,Soles,2026-08-05T00:00:00-05:00
ocds-dgv273-seacev3-1230905,ocds-dgv273-seacev3-1230905-2026-08-26T10:28:19.044578-05:00,1230905-20608287958,1350300.0,PEN,Soles,2026-07-20T00:00:00-05:00
ocds-dgv273-seacev3-1230333,ocds-dgv273-seacev3-1230333-2026-08-26T10:28:18.850851-05:00,1230333-20606509961,1285200.0,PEN,Soles,2026-07-10T00:00:00-05:00
ocds-dgv273-seacev3-2026-1960-28,ocds-dgv273-seacev3-2026-1960-28-2026-08-26T10:28:13.136163-05:00,1236251-20559884392,83700.0,PEN,Soles,2026-08-12T00:00:00-05:00
ocds-dgv273-seacev3-1237063,ocds-dgv273-seacev3-1237063-2026-08-26T10:28:12.742931-05:00,1237063-1818896,213517.04,PEN,Soles,2026-08-17T00:00:00-05:00
ocds-dgv273-seacev3-1236803,ocds-dgv273-seacev3-1236803-2026-08-26T10:28:12.721176-05:00,1236803-1820290,327590.0,PEN,Soles,2026-08-14T00:00:00-05:00
ocds-dgv273-seacev3-1236569,ocds-dgv273-seacev3-1236569-2026-08-26T10:28:12.435828-05:00,1236569-20600063074,773646.36,PEN,Soles,2026-08-11T00:00:00-05:00
ocds-dgv273-seacev3-1234227,ocds-dgv273-seacev3-1234227-2026-08-26T10:28:11.822366-05:00,1234227-10436205991,48620.0,PEN,Soles,2026-08-03T00:00:00-05:00
ocds-dgv273-seacev3-1230309,ocds-dgv273-seacev3-1230309-2026-08-26T10:28:11.600329-05:00,1230309-1813974,351525.0,PEN,Soles,2026-07-24T00:00:00-05:00
ocds-dgv273-seacev3-1232077,ocds-dgv273-seacev3-1232077-2026-08-26T10:28:11.402413-05:00,1232077-L9000032960,13321.0,PEN,Soles,2026-07-08T00:00:00-05:00
ocds-dgv273-seacev3-1231376,ocds-dgv273-seacev3-1231376-2026-08-26T10:28:11.314485-05:00,1231376-1812549,635502.45,PEN,Soles,2026-07-20T00:00:00-05:00
ocds-dgv273-seacev3-1231031,ocds-dgv273-seacev3-1231031-2026-08-26T10:28:11.149396-05:00,1231031-20608886622,349479.0,PEN,Soles,2026-07-17T00:00:00-05:00
ocds-dgv273-seacev3-1231410,ocds-dgv273-seacev3-1231410-2026-08-26T10:28:10.622132-05:00,1231410-20600202350,105000.0,PEN,Soles,2026-08-05T00:00:00-05:00
ocds-dgv273-seacev3-1234804,ocds-dgv273-seacev3-1234804-2026-08-26T10:28:09.596327-05:00,1234804-10436916111,182000.0,PEN,Soles,2026-08-05T00:00:00-05:00
ocds-dgv273-seacev3-1234799,ocds-dgv273-seacev3-1234799-2026-08-26T10:28:09.238279-05:00,1234799-1814335,31170600.0,PEN,Soles,2026-08-24T00:00:00-05:00
ocds-dgv273-seacev3-1230862,ocds-dgv273-seacev3-1230862-2026-08-26T10:28:09.214662-05:00,1230862-1812928,106100.0,PEN,Soles,2026-07-31T00:00:00-05:00
ocds-dgv273-seacev3-1230710,ocds-dgv273-seacev3-1230710-2026-08-26T10:28:07.739444-05:00,1230710-1815899,89860.0,PEN,Soles,2026-08-03T00:00:00-05:00
ocds-dgv273-seacev3-1232976,ocds-dgv273-seacev3-1232976-2026-08-26T10:28:07.175382-05:00,1232976-20100210909,117223.28,PEN,Soles,2026-07-24T00:00:00-05:00
ocds-dgv273-seacev3-1231435,ocds-dgv273-seacev3-1231435-2026-08-26T10:28:07.052936-05:00,1231435-20531759886,1524378.67,PEN,Soles,2026-07-20T00:00:00-05:00
ocds-dgv273-seacev3-1231991,ocds-dgv273-seacev3-1231991-2026-08-26T10:28:06.915172-05:00,1231991-10310428839,104186.88,PEN,Soles,2026-07-22T00:00:00-05:00
ocds-dgv273-seacev3-1231752,ocds-dgv273-seacev3-1231752-2026-08-26T10:28:06.857222-05:00,1231752-20462351268,57490.0,PEN,Soles,2026-07-31T00:00:00-05:00
ocds-dgv273-seacev3-1226236,ocds-dgv273-seacev3-1226236-2026-08-26T10:28:06.627039-05:00,1226236-1818344,279113.75,PEN,Soles,2026-08-14T00:00:00-05:00
ocds-dgv273-seacev3-1236285,ocds-dgv273-seacev3-1236285-2026-08-26T10:28:03.104108-05:00,1236285-20608300903,468952.0,PEN,Soles,2026-08-10T00:00:00-05:00
ocds-dgv273-seacev3-1235795,ocds-dgv273-seacev3-1235795-2026-08-24T10:04:56.592702-05:00,1235795-1819691,3267887.01,PEN,Soles,2026-08-14T00:00:00-05:00
ocds-dgv273-seacev3-1234504,ocds-dgv273-seacev3-1234504-2026-08-24T10:04:55.900807-05:00,1234504-1814093,11019046.27,PEN,Soles,2026-07-21T00:00:00-05:00
ocds-dgv273-seacev3-1234504,ocds-dgv273-seacev3-1234504-2026-08-24T10:04:55.900807-05:00,1234504-1814147,8844905.62,PEN,Soles,2026-07-21T00:00:00-05:00
ocds-dgv273-seacev3-1234936,ocds-dgv273-seacev3-1234936-2026-08-24T10:04:51.812165-05:00,1234936-20529239646,134277.68,PEN,Soles,2026-08-05T00:00:00-05:00
ocds-dgv273-seacev3-1243576,ocds-dgv273-seacev3-1243576-2026-08-23T10:35:28.966059-05:00,1243576-10449147591,24000.0,PEN,Soles,2026-08-21T00:00:00-05:00
ocds-dgv273-seacev3-2026-28-87,ocds-dgv273-seacev3-2026-28-87-2026-08-23T10:35:27.528895-05:00,1234784-10002513418,100925.0,PEN,Soles,2026-08-13T00:00:00-05:00
ocds-dgv273-seacev3-1233563,ocds-dgv273-seacev3-1233563-2026-08-23T10:35:26.836349-05:00,1233563-10737137282,68021.2,PEN,Soles,2026-07-17T00:00:00-05:00
ocds-dgv273-seacev3-1233818,ocds-dgv273-seacev3-1233818-2026-08-23T10:35:26.691373-05:00,1233818-1815709,239469.0,PEN,Soles,2026-08-21T00:00:00-05:00
ocds-dgv273-seacev3-1233766,ocds-dgv273-seacev3-1233766-2026-08-23T10:35:26.633828-05:00,1233766-10075153541,71000.0,PEN,Soles,2026-08-13T00:00:00-05:00
ocds-dgv273-seacev3-1236622,ocds-dgv273-seacev3-1236622-2026-08-23T10:35:26.450760-05:00,1236622-10224993680,91728.0,PEN,Soles,2026-08-20T00:00:00-05:00
ocds-dgv273-seacev3-1232192,ocds-dgv273-seacev3-1232192-2026-08-23T10:35:26.434318-05:00,1232192-1814015,91635.0,PEN,Soles,2026-07-30T00:00:00-05:00
ocds-dgv273-seacev3-1237695,ocds-dgv273-seacev3-1237695-2026-08-23T10:35:26.076556-05:00,1237695-10224989151,112800.0,PEN,Soles,2026-08-21T00:00:00-05:00
ocds-dgv273-seacev3-1233952,ocds-dgv273-seacev3-1233952-2026-08-23T10:35:25.937402-05:00,1233952-1815875,109000.0,PEN,Soles,2026-08-13T00:00:00-05:00
ocds-dgv273-seacev3-1236694,ocds-dgv273-seacev3-1236694-2026-08-23T10:35:25.604455-05:00,1236694-1819606,185454.7,PEN,Soles,2026-08-13T00:00:00-05:00
ocds-dgv273-seacev3-1235159,ocds-dgv273-seacev3-1235159-2026-08-23T10:35:25.575773-05:00,1235159-20613179403,99954.9,PEN,Soles,2026-07-24T00:00:00-05:00
ocds-dgv273-seacev3-1233771,ocds-dgv273-seacev3-1233771-2026-08-23T10:35:17.420890-05:00,1233771-1816053,4373954.19,PEN,Soles,2026-07-31T00:00:00-05:00
ocds-dgv273-seacev3-1235837,ocds-dgv273-seacev3-1235837-2026-08-23T10:35:17.237310-05:00,1235837-1818052,59792.25,PEN,Soles,2026-08-07T00:00:00-05:00
ocds-dgv273-seacev3-1233479,ocds-dgv273-seacev3-1233479-2026-08-23T10:35:15.995784-05:00,1233479-1816771,1562903.98,PEN,Soles,2026-08-13T00:00:00-05:00
ocds-dgv273-seacev3-1236030,ocds-dgv273-seacev3-1236030-2026-08-23T10:35:15.967185-05:00,1236030-20612491985,62780.0,PEN,Soles,2026-08-03T00:00:00-05:00
ocds-dgv273-seacev3-1234272,ocds-dgv273-seacev3-1234272-2026-08-23T10:35:15.770628-05:00,1234272-20600332270,93583.0,PEN,Soles,2026-08-04T00:00:00-05:00
ocds-dgv273-seacev3-1230129,ocds-dgv273-seacev3-1230129-2026-08-23T10:35:15.675017-05:00,1230129-20600104358,93393.39,PEN,Soles,2026-07-22T00:00:00-05:00
ocds-dgv273-seacev3-1234352,ocds-dgv273-seacev3-1234352-2026-08-23T10:35:15.112413-05:00,1234352-20600138899,418000.0,PEN,Soles,2026-07-20T00:00:00-05:00
ocds-dgv273-seacev3-1235835,ocds-dgv273-seacev3-1235835-2026-08-23T10:35:14.966038-05:00,1235835-20613159755,45100.0,PEN,Soles,2026-08-21T00:00:00-05:00
ocds-dgv273-seacev3-2026-10448-26,ocds-dgv273-seacev3-2026-10448-26-2026-08-23T10:35:14.916794-05:00,1236033-20601811686,95575.0,PEN,Soles,2026-07-31T00:00:00-05:00
ocds-dgv273-seacev3-1237917,ocds-dgv273-seacev3-1237917-2026-08-23T10:35:14.765870-05:00,1237917-20602377238,84000.2,PEN,Soles,2026-08-11T00:00:00-05:00
ocds-dgv273-seacev3-1234861,ocds-dgv273-seacev3-1234861-2026-08-23T10:35:14.750793-05:00,1234861-20600108906,41800.0,PEN,Soles,2026-08-03T00:00:00-05:00
ocds-dgv273-seacev3-1234068,ocds-dgv273-seacev3-1234068-2026-08-23T10:35:14.613138-05:00,1234068-20511037001,57001.0,PEN,Soles,2026-07-31T00:00:00-05:00
ocds-dgv273-seacev3-1236234,ocds-dgv273-seacev3-1236234-2026-08-23T10:35:14.337704-05:00,1236234-20604046514,73915.2,PEN,Soles,2026-08-13T00:00:00-05:00
ocds-dgv273-seacev3-1233349,ocds-dgv273-seacev3-1233349-2026-08-23T10:35:13.922211-05:00,1233349-20613348001,66000.0,PEN,Soles,2026-08-21T00:00:00-05:00
ocds-dgv273-seacev3-2026-200031-2,ocds-dgv273-seacev3-2026-200031-2-2026-08-23T10:35:13.620000-05:00,1231188-20602362273,81297.0,PEN,Soles,2026-07-24T00:00:00-05:00
ocds-dgv273-seacev3-1230656,ocds-dgv273-seacev3-1230656-2026-08-23T10:35:13.578529-05:00,1230656-1812917,1595041.28,PEN,Soles,2026-07-17T00:00:00-05:00
ocds-dgv273-seacev3-1232333,ocds-dgv273-seacev3-1232333-2026-08-23T10:35:13.480106-05:00,1232333-1817233,200000.0,PEN,Soles,2026-08-13T00:00:00-05:00
ocds-dgv273-seacev3-1232304,ocds-dgv273-seacev3-1232304-2026-08-23T10:35:13.455116-05:00,1232304-1822711,12520888.16,PEN,Soles,2026-08-20T00:00:00-05:00
ocds-dgv273-seacev3-1232655,ocds-dgv273-seacev3-1232655-2026-08-23T10:35:13.406468-05:00,1232655-1814717,1338406.55,PEN,Soles,2026-07-30T00:00:00-05:00
ocds-dgv273-seacev3-1235642,ocds-dgv273-seacev3-1235642-2026-08-23T10:34:57.989047-05:00,1235642-20517577422,96000.0,PEN,Soles,2026-08-10T00:00:00-05:00
ocds-dgv273-seacev3-1236643,ocds-dgv273-seacev3-1236643-2026-08-23T10:34:57.781445-05:00,1236643-20608171925,56750.0,PEN,Soles,2026-08-10T00:00:00-05:00
ocds-dgv273-seacev3-1235413,ocds-dgv273-seacev3-1235413-2026-08-23T10:34:56.259300-05:00,1235413-10729503083,44000.7,PEN,Soles,2026-08-05T00:00:00-05:00
ocds-dgv273-seacev3-1232588,ocds-dgv273-seacev3-1232588-2026-08-23T10:34:56.048901-05:00,1232588-10096351394,24000.0,PEN,Soles,2026-07-13T00:00:00-05:00
ocds-dgv273-seacev3-1237365,ocds-dgv273-seacev3-1237365-2026-08-23T10:34:55.539014-05:00,1237365-20100177341,356476.0,PEN,Soles,2026-08-14T00:00:00-05:00
ocds-dgv273-seacev3-2026-1339-25,ocds-dgv273-seacev3-2026-1339-25-2026-08-23T10:34:55.341987-05:00,1230323-1811192,367912.75,PEN,Soles,2026-07-16T00:00:00-05:00
ocds-dgv273-seacev3-1233313,ocds-dgv273-seacev3-1233313-2026-08-23T10:34:55.305502-05:00,1233313-10249490640,87000.0,PEN,Soles,2026-07-17T00:00:00-05:00
ocds-dgv273-seacev3-2026-2406-122,ocds-dgv273-seacev3-2026-2406-122-2026-08-23T10:34:55.133460-05:00,1233660-20605576304,181024.16,PEN,Soles,2026-08-10T00:00:00-05:00
ocds-dgv273-seacev3-1235125,ocds-dgv273-seacev3-1235125-2026-08-23T10:34:54.953873-05:00,1235125-20512153110,297300.0,PEN,Soles,2026-08-13T00:00:00-05:00
ocds-dgv273-seacev3-1235913,ocds-dgv273-seacev3-1235913-2026-08-23T10:34:54.795453-05:00,1235913-20608442210,97300.0,PEN,Soles,2026-07-31T00:00:00-05:00
ocds-dgv273-seacev3-1230080,ocds-dgv273-seacev3-1230080-2026-08-23T10:34:54.494934-05:00,1230080-20553008795,876888.73,PEN,Soles,2026-08-21T00:00:00-05:00
ocds-dgv273-seacev3-1232023,ocds-dgv273-seacev3-1232023-2026-08-23T10:34:54.443771-05:00,1232023-20610770551,107000.0,PEN,Soles,2026-08-03T00:00:00-05:00
ocds-dgv273-seacev3-1233017,ocds-dgv273-seacev3-1233017-2026-08-23T10:34:46.997762-05:00,1233017-20609836149,59420.0,PEN,Soles,2026-07-24T00:00:00-05:00
ocds-dgv273-seacev3-1231187,ocds-dgv273-seacev3-1231187-2026-08-23T10:34:46.952061-05:00,1231187-1812366,527938.09,PEN,Soles,2026-07-16T00:00:00-05:00
ocds-dgv273-seacev3-1237328,ocds-dgv273-seacev3-1237328-2026-08-23T10:34:46.860681-05:00,1237328-20518853334,190000.0,PEN,Soles,2026-08-20T00:00:00-05:00
ocds-dgv273-seacev3-1237550,ocds-dgv273-seacev3-1237550-2026-08-23T10:34:46.747825-05:00,1237550-20600130405,110000.0,PEN,Soles,2026-08-13T00:00:00-05:00
ocds-dgv273-seacev3-2026-10448-30,ocds-dgv273-seacev3-2026-10448-30-2026-08-23T10:34:46.712476-05:00,1236061-20603461780,98034.0,PEN,Soles,2026-07-31T00:00:00-05:00
ocds-dgv273-seacev3-1236334,ocds-dgv273-seacev3-1236334-2026-08-23T10:34:46.653726-05:00,1236334-20601854776,110000.0,PEN,Soles,2026-08-10T00:00:00-05:00
ocds-dgv273-seacev3-1236252,ocds-dgv273-seacev3-1236252-2026-08-23T10:34:46.639877-05:00,1236252-20601281121,498035.0,PEN,Soles,2026-08-20T00:00:00-05:00
ocds-dgv273-seacev3-1235632,ocds-dgv273-seacev3-1235632-2026-08-23T10:34:46.490265-05:00,1235632-20611364033,80267.0,PEN,Soles,2026-08-07T00:00:00-05:00
ocds-dgv273-seacev3-1231962,ocds-dgv273-seacev3-1231962-2026-08-23T10:34:46.325467-05:00,1231962-20612129585,167120.0,PEN,Soles,2026-07-20T00:00:00-05:00
ocds-dgv273-seacev3-1233738,ocds-dgv273-seacev3-1233738-2026-08-23T10:34:45.768357-05:00,1233738-1815599,2598887.61,PEN,Soles,2026-08-11T00:00:00-05:00
ocds-dgv273-seacev3-1230990,ocds-dgv273-seacev3-1230990-2026-08-23T10:34:44.578050-05:00,1230990-20615192008,52805.0,PEN,Nuevos Soles,2026-07-24T00:00:00-05:00
ocds-dgv273-seacev3-1234776,ocds-dgv273-seacev3-1234776-2026-08-23T10:34:44.072551-05:00,1234776-1817126,185000.0,PEN,Soles,2026-08-04T00:00:00-05:00
ocds-dgv273-seacev3-2026-2384-17,ocds-dgv273-seacev3-2026-2384-17-2026-08-23T10:34:44.056167-05:00,1233168-20498430113,114990.0,PEN,Soles,2026-07-31T00:00:00-05:00
ocds-dgv273-seacev3-1235575,ocds-dgv273-seacev3-1235575-2026-08-23T10:34:43.824383-05:00,1235575-20612290335,373586.4,PEN,Soles,2026-08-13T00:00:00-05:00
ocds-dgv273-seacev3-1241827,ocds-dgv273-seacev3-1241827-2026-08-23T10:34:43.698872-05:00,1241827-1821507,540573.73,PEN,Soles,2026-08-21T00:00:00-05:00
ocds-dgv273-seacev3-1234130,ocds-dgv273-seacev3-1234130-2026-08-23T10:34:43.643621-05:00,1234130-20546573312,93269.0,PEN,Soles,2026-07-31T00:00:00-05:00
ocds-dgv273-seacev3-1231963,ocds-dgv273-seacev3-1231963-2026-08-23T10:34:43.298017-05:00,1231963-10316654008,202194.0,PEN,Soles,2026-07-24T00:00:00-05:00
ocds-dgv273-seacev3-1232515,ocds-dgv273-seacev3-1232515-2026-08-23T10:34:43.175930-05:00,1232515-20510168829,554400.0,PEN,Soles,2026-07-14T00:00:00-05:00
ocds-dgv273-seacev3-1230447,ocds-dgv273-seacev3-1230447-2026-08-23T10:34:43.163800-05:00,1230447-1818460,201369.08,PEN,Soles,2026-08-13T00:00:00-05:00
ocds-dgv273-seacev3-1230816,ocds-dgv273-seacev3-1230816-2026-08-23T10:34:26.435000-05:00,1230816-20537109212,179950.0,PEN,Soles,2026-07-24T00:00:00-05:00
ocds-dgv273-seacev3-1235900,ocds-dgv273-seacev3-1235900-2026-08-23T10:34:26.332991-05:00,1235900-10416677447,109439.0,PEN,Soles,2026-08-11T21:27:13-05:00
ocds-dgv273-seacev3-1237197,ocds-dgv273-seacev3-1237197-2026-08-23T10:34:25.675582-05:00,1237197-1819974,6888578.62,PEN,Soles,2026-08-13T00:00:00-05:00
ocds-dgv273-seacev3-1231745,ocds-dgv273-seacev3-1231745-2026-08-23T10:34:25.396021-05:00,1231745-20511037001,195501.92,PEN,Soles,2026-07-17T00:00:00-05:00
ocds-dgv273-seacev3-1233492,ocds-dgv273-seacev3-1233492-2026-08-23T10:34:25.251574-05:00,1233492-20609293790,270000.0,PEN,Soles,2026-08-07T00:00:00-05:00
ocds-dgv273-seacev3-1233284,ocds-dgv273-seacev3-1233284-2026-08-23T10:34:25.149539-05:00,1233284-1815098,114900.18,PEN,Soles,2026-08-13T00:00:00-05:00
ocds-dgv273-seacev3-1236451,ocds-dgv273-seacev3-1236451-2026-08-23T10:34:25.026694-05:00,1236451-20600433131,81600.0,PEN,Soles,2026-08-13T00:00:00-05:00
ocds-dgv273-seacev3-1236377,ocds-dgv273-seacev3-1236377-2026-08-23T10:34:24.726654-05:00,1236377-20601886520,772192.54,PEN,Soles,2026-08-10T00:00:00-05:00
ocds-dgv273-seacev3-1233254,ocds-dgv273-seacev3-1233254-2026-08-23T10:34:24.205685-05:00,1233254-20517719154,637749.88,PEN,Soles,2026-08-13T00:00:00-05:00
ocds-dgv273-seacev3-1234369,ocds-dgv273-seacev3-1234369-2026-08-23T10:34:24.102347-05:00,1234369-20600700759,98426.44,PEN,Soles,2026-07-30T00:00:00-05:00
ocds-dgv273-seacev3-1237254,ocds-dgv273-seacev3-1237254-2026-08-23T10:34:23.817567-05:00,1237254-20566119324,53759.86,PEN,Soles,2026-08-03T00:00:00-05:00
ocds-dgv273-seacev3-1233622,ocds-dgv273-seacev3-1233622-2026-08-23T10:34:23.726429-05:00,1233622-20546573312,63400.0,PEN,Soles,2026-07-30T00:00:00-05:00
ocds-dgv273-seacev3-1231173,ocds-dgv273-seacev3-1231173-2026-08-23T10:34:23.579180-05:00,1231173-1814066,935007.02,PEN,Soles,2026-07-22T00:00:00-05:00
ocds-dgv273-seacev3-1231822,ocds-dgv273-seacev3-1231822-2026-08-23T10:34:23.425790-05:00,1231822-10426475770,45000.0,PEN,Soles,2026-07-31T00:00:00-05:00
ocds-dgv273-seacev3-1231139,ocds-dgv273-seacev3-1231139-2026-08-23T10:34:23.264937-05:00,1231139-1812667,413000.0,PEN,Soles,2026-07-20T00:00:00-05:00
ocds-dgv273-seacev3-1236973,ocds-dgv273-seacev3-1236973-2026-08-23T10:34:15.617324-05:00,1236973-1819104,75000.0,PEN,Soles,2026-08-13T00:00:00-05:00
ocds-dgv273-seacev3-1234543,ocds-dgv273-seacev3-1234543-2026-08-23T10:34:15.297565-05:00,1234543-1816921,309237.3,PEN,Soles,2026-08-05T00:00:00-05:00
ocds-dgv273-seacev3-1235920,ocds-dgv273-seacev3-1235920-2026-08-23T10:34:14.541774-05:00,1235920-10024434643,78082.0,PEN,Soles,2026-07-31T00:00:00-05:00
ocds-dgv273-seacev3-1233494,ocds-dgv273-seacev3-1233494-2026-08-23T10:34:13.671183-05:00,1233494-20542070693,211850.0,PEN,Soles,2026-08-07T00:00:00-05:00
ocds-dgv273-seacev3-2026-180125-1,ocds-dgv273-seacev3-2026-180125-1-2026-08-23T10:34:13.559743-05:00,1235861-20530582133,121920.0,PEN,Soles,2026-08-12T00:00:00-05:00
ocds-dgv273-seacev3-1234069,ocds-dgv273-seacev3-1234069-2026-08-23T10:34:13.543324-05:00,1234069-10424038917,84138.5,PEN,Soles,2026-08-03T00:00:00-05:00
ocds-dgv273-seacev3-1231493,ocds-dgv273-seacev3-1231493-2026-08-23T10:34:13.420929-05:00,1231493-10156449283,176400.0,PEN,Soles,2026-07-10T00:00:00-05:00
ocds-dgv273-seacev3-1236471,ocds-dgv273-seacev3-1236471-2026-08-23T10:34:13.256857-05:00,1236471-20542344572,335000.0,PEN,Soles,2026-08-13T00:00:00-05:00
ocds-dgv273-seacev3-1235945,ocds-dgv273-seacev3-1235945-2026-08-23T10:34:12.776536-05:00,1235945-10239141761,58200.0,PEN,Soles,2026-07-31T00:00:00-05:00
ocds-dgv273-seacev3-1233344,ocds-dgv273-seacev3-1233344-2026-08-23T10:34:11.887877-05:00,1233344-20542210967,201505.5,PEN,Soles,2026-08-21T00:00:00-05:00
ocds-dgv273-seacev3-1230246,ocds-dgv273-seacev3-1230246-2026-08-23T10:34:11.745866-05:00,1230246-1810916,190000.0,PEN,Soles,2026-07-14T00:00:00-05:00
ocds-dgv273-seacev3-1232822,ocds-dgv273-seacev3-1232822-2026-08-23T10:34:11.722151-05:00,1232822-20607950122,51785.0,PEN,Soles,2026-08-05T00:00:00-05:00
ocds-dgv273-seacev3-1232544,ocds-dgv273-seacev3-1232544-2026-08-23T10:34:11.670434-05:00,1232544-20602656382,178553.58,PEN,Soles,2026-07-31T00:00:00-05:00
ocds-dgv273-seacev3-1230285,ocds-dgv273-seacev3-1230285-2026-08-23T10:34:11.456434-05:00,1230285-1811235,219434.76,PEN,Soles,2026-07-22T00:00:00-05:00
ocds-dgv273-seacev3-1230401,ocds-dgv273-seacev3-1230401-2026-08-23T10:34:11.433089-05:00,1230401-20606438215,187001.0,PEN,Soles,2026-07-17T00:00:00-05:00
ocds-dgv273-seacev3-1233875,ocds-dgv273-seacev3-1233875-2026-08-23T10:33:55.383310-05:00,1233875-20604302235,61388.0,PEN,Soles,2026-07-31T00:00:00-05:00
ocds-dgv273-seacev3-1233239,ocds-dgv273-seacev3-1233239-2026-08-23T10:33:55.368194-05:00,1233239-10249490640,60500.0,PEN,Soles,2026-07-17T00:00:00-05:00
ocds-dgv273-seacev3-1234924,ocds-dgv273-seacev3-1234924-2026-08-23T10:33:55.245106-05:00,1234924-20539916379,154183.21,PEN,Soles,2026-08-07T00:00:00-05:00
ocds-dgv273-seacev3-1237478,ocds-dgv273-seacev3-1237478-2026-08-23T10:33:55.102661-05:00,1237478-1821524,1533960.1,PEN,Soles,2026-08-21T00:00:00-05:00
ocds-dgv273-seacev3-1234666,ocds-dgv273-seacev3-1234666-2026-08-23T10:33:55.066525-05:00,1234666-20609470012,27.45,PEN,Soles,2026-08-10T00:00:00-05:00
ocds-dgv273-seacev3-1235742,ocds-dgv273-seacev3-1235742-2026-08-23T10:33:54.058296-05:00,1235742-20607554782,1525.0,PEN,Soles,2026-08-14T00:00:00-05:00
ocds-dgv273-seacev3-1236458,ocds-dgv273-seacev3-1236458-2026-08-23T10:33:53.996777-05:00,1236458-10451983607,54000.0,PEN,Soles,2026-08-03T00:00:00-05:00
ocds-dgv273-seacev3-1234564,ocds-dgv273-seacev3-1234564-2026-08-23T10:33:53.889108-05:00,1234564-1817038,196827.94,PEN,Soles,2026-08-07T00:00:00-05:00
ocds-dgv273-seacev3-2026-699-1,ocds-dgv273-seacev3-2026-699-1-2026-08-23T10:33:53.462286-05:00,1234207-20480652364,143334.0,PEN,Soles,2026-08-04T00:00:00-05:00
ocds-dgv273-seacev3-1232771,ocds-dgv273-seacev3-1232771-2026-08-23T10:33:53.404609-05:00,1232771-1815262,429170.4,PEN,Soles,2026-08-03T00:00:00-05:00
ocds-dgv273-seacev3-1237920,ocds-dgv273-seacev3-1237920-2026-08-23T10:33:53.225980-05:00,1237920-20610349782,99087.0,PEN,Soles,2026-08-10T00:00:00-05:00
ocds-dgv273-seacev3-2026-1192-2,ocds-dgv273-seacev3-2026-1192-2-2026-08-23T10:33:52.948640-05:00,1231862-20604178704,1653247.5,PEN,Soles,2026-07-20T00:00:00-05:00
ocds-dgv273-seacev3-1235053,ocds-dgv273-seacev3-1235053-2026-08-23T10:33:52.493268-05:00,1235053-10768738080,278000.0,PEN,Soles,2026-08-13T00:00:00-05:00
ocds-dgv273-seacev3-1231866,ocds-dgv273-seacev3-1231866-2026-08-23T10:33:52.426181-05:00,1231866-20612899747,65000.0,PEN,Soles,2026-07-22T00:00:00-05:00
ocds-dgv273-seacev3-1236526,ocds-dgv273-seacev3-1236526-2026-08-23T10:33:52.264351-05:00,1236526-10732315638,126454.0,PEN,Soles,2026-08-11T14:51:58-05:00
ocds-dgv273-seacev3-1237480,ocds-dgv273-seacev3-1237480-2026-08-23T10:33:52.029284-05:00,1237480-20600352947,99900.0,PEN,Soles,2026-08-05T00:00:00-05:00
ocds-dgv273-seacev3-1235819,ocds-dgv273-seacev3-1235819-2026-08-23T10:33:52.007063-05:00,1235819-10438491525,46335.0,PEN,Soles,2026-08-11T00:00:00-05:00
ocds-dgv273-seacev3-1233037,ocds-dgv273-seacev3-1233037-2026-08-23T10:33:51.820119-05:00,1233037-20612675547,84130.0,PEN,Soles,2026-07-17T00:00:00-05:00
ocds-dgv273-seacev3-1230571,ocds-dgv273-seacev3-1230571-2026-08-23T10:33:51.729808-05:00,1230571-20609563983,336000.0,PEN,Soles,2026-07-20T00:00:00-05:00
ocds-dgv273-seacev3-1231884,ocds-dgv273-seacev3-1231884-2026-08-23T10:33:51.692577-05:00,1231884-1818744,1503628.46,PEN,Soles,2026-08-20T00:00:00-05:00
ocds-dgv273-seacev3-1235048,ocds-dgv273-seacev3-1235048-2026-08-23T10:33:44.077095-05:00,1235048-1814326,849346.98,PEN,Soles,2026-07-24T00:00:00-05:00
ocds-dgv273-seacev3-1237001,ocds-dgv273-seacev3-1237001-2026-08-23T10:33:43.429514-05:00,1237001-1818914,112955.94,PEN,Soles,2026-08-13T00:00:00-05:00
ocds-dgv273-seacev3-1237280,ocds-dgv273-seacev3-1237280-2026-08-23T10:33:42.614464-05:00,1237280-1819563,110000.0,PEN,Soles,2026-08-12T00:00:00-05:00
ocds-dgv273-seacev3-1234813,ocds-dgv273-seacev3-1234813-2026-08-23T10:33:42.520651-05:00,1234813-20132091979,14737.47,PEN,Soles,2026-08-21T00:00:00-05:00
ocds-dgv273-seacev3-1234813,ocds-dgv273-seacev3-1234813-2026-08-23T10:33:42.520651-05:00,1234813-20160056062,19958.63,PEN,Soles,2026-08-21T00:00:00-05:00
ocds-dgv273-seacev3-1234362,ocds-dgv273-seacev3-1234362-2026-08-23T10:33:42.202498-05:00,1234362-20614710439,85500.0,PEN,Soles,2026-08-10T00:00:00-05:00
ocds-dgv273-seacev3-1233330,ocds-dgv273-seacev3-1233330-2026-08-23T10:33:41.864855-05:00,1233330-20542210967,187200.0,PEN,Soles,2026-08-21T00:00:00-05:00
ocds-dgv273-seacev3-1235583,ocds-dgv273-seacev3-1235583-2026-08-23T10:33:41.595246-05:00,1235583-10454889571,77000.0,PEN,Soles,2026-08-05T00:00:00-05:00
ocds-dgv273-seacev3-1234347,ocds-dgv273-seacev3-1234347-2026-08-23T10:33:41.565011-05:00,1234347-1816448,68619.21,PEN,Soles,2026-07-31T00:00:00-05:00
ocds-dgv273-seacev3-1232745,ocds-dgv273-seacev3-1232745-2026-08-23T10:33:41.293994-05:00,1232745-10454341916,55231.52,PEN,Soles,2026-07-31T00:00:00-05:00
ocds-dgv273-seacev3-1234357,ocds-dgv273-seacev3-1234357-2026-08-23T10:33:40.916921-05:00,1234357-20607783838,277900.0,PEN,Soles,2026-08-13T00:00:00-05:00
ocds-dgv273-seacev3-1234036,ocds-dgv273-seacev3-1234036-2026-08-23T10:33:40.901427-05:00,1234036-10238934694,260000.0,PEN,Soles,2026-08-05T00:00:00-05:00
ocds-dgv273-seacev3-1239484,ocds-dgv273-seacev3-1239484-2026-08-23T10:33:40.679960-05:00,1239484-20605800573,318843.49,PEN,Soles,2026-08-07T00:00:00-05:00
ocds-dgv273-seacev3-1232601,ocds-dgv273-seacev3-1232601-2026-08-23T10:33:40.379721-05:00,1232601-10415512835,24000.0,PEN,Soles,2026-07-13T00:00:00-05:00
ocds-dgv273-seacev3-1237530,ocds-dgv273-seacev3-1237530-2026-08-23T10:33:40.358111-05:00,1237530-20612459895,248841.0,PEN,Soles,2026-08-20T00:00:00-05:00
ocds-dgv273-seacev3-1232807,ocds-dgv273-seacev3-1232807-2026-08-23T10:33:40.102660-05:00,1232807-20601908183,47500.0,PEN,Soles,2026-07-31T00:00:00-05:00
ocds-dgv273-seacev3-1237933,ocds-dgv273-seacev3-1237933-2026-08-22T10:45:05.549129-05:00,1237933-20611386240,97975.0,PEN,Soles,2026-08-11T00:00:00-05:00
ocds-dgv273-seacev3-1237400,ocds-dgv273-seacev3-1237400-2026-08-22T10:45:05.413066-05:00,1237400-20612207047,89000.0,PEN,Soles,2026-08-12T00:00:00-05:00
ocds-dgv273-seacev3-1235261,ocds-dgv273-seacev3-1235261-2026-08-22T10:45:04.902227-05:00,1235261-20544843991,140000.0,PEN,Soles,2026-08-12T00:00:00-05:00
ocds-dgv273-seacev3-1235082,ocds-dgv273-seacev3-1235082-2026-08-22T10:45:04.822482-05:00,1235082-20529089571,175618.0,PEN,Soles,2026-08-05T00:00:00-05:00
ocds-dgv273-seacev3-1235031,ocds-dgv273-seacev3-1235031-2026-08-22T10:45:04.813140-05:00,1235031-1818502,5956764.0,PEN,Soles,2026-08-14T00:00:00-05:00
ocds-dgv273-seacev3-1234351,ocds-dgv273-seacev3-1234351-2026-08-22T10:45:04.252765-05:00,1234351-20614530252,46924.8,PEN,Soles,2026-07-22T00:00:00-05:00
ocds-dgv273-seacev3-1234316,ocds-dgv273-seacev3-1234316-2026-08-22T10:45:04.211205-05:00,1234316-1816442,1391496.17,PEN,Soles,2026-08-03T00:00:00-05:00
ocds-dgv273-seacev3-1234258,ocds-dgv273-seacev3-1234258-2026-08-22T10:45:04.192849-05:00,1234258-20610870270,149287.5,PEN,Soles,2026-08-04T17:10:32-05:00
ocds-dgv273-seacev3-1233659,ocds-dgv273-seacev3-1233659-2026-08-22T10:45:03.415434-05:00,1233659-20524174571,94000.0,PEN,Soles,2026-07-30T00:00:00-05:00
ocds-dgv273-seacev3-1233433,ocds-dgv273-seacev3-1233433-2026-08-22T10:45:03.338442-05:00,1233433-20527014141,68000.0,PEN,Soles,2026-07-30T00:00:00-05:00
ocds-dgv273-seacev3-1233221,ocds-dgv273-seacev3-1233221-2026-08-22T10:45:03.282471-05:00,1233221-20601262178,58794.6,PEN,Soles,2026-08-04T00:00:00-05:00
ocds-dgv273-seacev3-2026-654-6,ocds-dgv273-seacev3-2026-654-6-2026-08-22T10:45:03.265694-05:00,1233210-1816268,111195.41,PEN,Soles,2026-07-31T00:00:00-05:00
ocds-dgv273-seacev3-1233203,ocds-dgv273-seacev3-1233203-2026-08-22T10:45:03.247133-05:00,1233203-20613769871,164793.6,PEN,Soles,2026-07-24T00:00:00-05:00
ocds-dgv273-seacev3-1232971,ocds-dgv273-seacev3-1232971-2026-08-22T10:45:03.179697-05:00,1232971-1815250,199112.14,PEN,Soles,2026-08-03T00:00:00-05:00
ocds-dgv273-seacev3-1232782,ocds-dgv273-seacev3-1232782-2026-08-22T10:45:03.113510-05:00,1232782-20610281258,52000.0,PEN,Soles,2026-07-24T12:23:21-05:00
ocds-dgv273-seacev3-1232356,ocds-dgv273-seacev3-1232356-2026-08-22T10:45:03.079979-05:00,1232356-1816301,261665.06,PEN,Soles,2026-07-31T00:00:00-05:00
ocds-dgv273-seacev3-1232326,ocds-dgv273-seacev3-1232326-2026-08-22T10:45:03.064774-05:00,1232326-10437699297,754975.0,PEN,Soles,2026-07-17T00:00:00-05:00
ocds-dgv273-seacev3-1231452,ocds-dgv273-seacev3-1231452-2026-08-22T10:45:02.888635-05:00,1231452-1812655,320000.0,PEN,Soles,2026-07-16T00:00:00-05:00
ocds-dgv273-seacev3-1229740,ocds-dgv273-seacev3-1229740-2026-08-22T10:45:02.683378-05:00,1229740-10103747576,56000.0,PEN,Soles,2026-07-03T00:00:00-05:00
ocds-dgv273-seacev3-1230288,ocds-dgv273-seacev3-1230288-2026-08-22T10:44:49.495665-05:00,1230288-20600817818,92870.0,PEN,Nuevos Soles,2026-07-21T00:00:00-05:00
ocds-dgv273-seacev3-1233595,ocds-dgv273-seacev3-1233595-2026-08-22T10:44:49.205075-05:00,1233595-1815708,174500.0,PEN,Soles,2026-08-11T00:00:00-05:00
ocds-dgv273-seacev3-1235983,ocds-dgv273-seacev3-1235983-2026-08-22T10:44:48.918416-05:00,1235983-20608146777,53950.0,PEN,Soles,2026-08-04T00:00:00-05:00
ocds-dgv273-seacev3-1239003,ocds-dgv273-seacev3-1239003-2026-08-22T10:44:48.492785-05:00,1239003-20447940044,500400.0,PEN,Soles,2026-08-13T00:00:00-05:00
ocds-dgv273-seacev3-1232078,ocds-dgv273-seacev3-1232078-2026-08-22T10:44:47.742838-05:00,1232078-20614530252,62989.44,PEN,Soles,2026-07-15T00:00:00-05:00
ocds-dgv273-seacev3-1235519,ocds-dgv273-seacev3-1235519-2026-08-22T10:44:47.137976-05:00,1235519-20611344652,199997.3,PEN,Soles,2026-08-05T00:00:00-05:00
ocds-dgv273-seacev3-1234624,ocds-dgv273-seacev3-1234624-2026-08-22T10:44:45.999992-05:00,1234624-20555906138,146472.0,PEN,Soles,2026-08-11T00:00:00-05:00
ocds-dgv273-seacev3-1232158,ocds-dgv273-seacev3-1232158-2026-08-22T10:44:45.764823-05:00,1232158-10437699297,59340.0,PEN,Soles,2026-07-17T00:00:00-05:00
ocds-dgv273-seacev3-1230375,ocds-dgv273-seacev3-1230375-2026-08-22T10:44:45.717886-05:00,1230375-20604297975,65000.0,PEN,Soles,2026-07-13T20:46:36-05:00
ocds-dgv273-seacev3-1229696,ocds-dgv273-seacev3-1229696-2026-08-22T10:44:45.658678-05:00,1229696-20603728271,309155.0,PEN,Soles,2026-08-11T00:00:00-05:00
ocds-dgv273-seacev3-1230474,ocds-dgv273-seacev3-1230474-2026-08-22T10:44:44.300726-05:00,1230474-1815639,3578944.73,PEN,Soles,2026-08-12T00:00:00-05:00
ocds-dgv273-seacev3-1236557,ocds-dgv273-seacev3-1236557-2026-08-22T10:44:28.541321-05:00,1236557-20613610929,489729.48,PEN,Soles,2026-08-10T00:00:00-05:00
ocds-dgv273-seacev3-2026-200453-1,ocds-dgv273-seacev3-2026-200453-1-2026-08-22T10:44:27.508864-05:00,1232417-20507634479,91000.0,PEN,Soles,2026-08-05T00:00:00-05:00
ocds-dgv273-seacev3-1231480,ocds-dgv273-seacev3-1231480-2026-08-22T10:44:26.729349-05:00,1231480-20511037001,171720.0,PEN,Soles,2026-07-16T23:06:16-05:00
ocds-dgv273-seacev3-1235440,ocds-dgv273-seacev3-1235440-2026-08-22T10:44:26.372790-05:00,1235440-20610723811,98500.0,PEN,Soles,2026-08-13T00:00:00-05:00
ocds-dgv273-seacev3-1234908,ocds-dgv273-seacev3-1234908-2026-08-22T10:44:26.109578-05:00,1234908-1817542,297071.8,PEN,Soles,2026-08-05T00:00:00-05:00
ocds-dgv273-seacev3-1233422,ocds-dgv273-seacev3-1233422-2026-08-22T10:44:26.023582-05:00,1233422-1815877,554714.68,PEN,Soles,2026-07-31T00:00:00-05:00
ocds-dgv273-seacev3-1236229,ocds-dgv273-seacev3-1236229-2026-08-22T10:44:25.914883-05:00,1236229-20100220700,87360.0,PEN,Soles,2026-08-10T00:00:00-05:00
ocds-dgv273-seacev3-1229532,ocds-dgv273-seacev3-1229532-2026-08-22T10:44:24.386756-05:00,1229532-1813225,378575.62,PEN,Soles,2026-07-17T00:00:00-05:00
ocds-dgv273-seacev3-1236516,ocds-dgv273-seacev3-1236516-2026-08-22T10:44:24.320079-05:00,1236516-10461618958,84147.0,PEN,Soles,2026-08-07T00:00:00-05:00
ocds-dgv273-seacev3-2026-1995-72,ocds-dgv273-seacev3-2026-1995-72-2026-08-22T10:44:23.363126-05:00,1232199-20565643496,301329.42,PEN,Soles,2026-08-12T00:00:00-05:00
ocds-dgv273-seacev3-1231534,ocds-dgv273-seacev3-1231534-2026-08-22T10:44:23.346772-05:00,1231534-20606305029,260000.0,PEN,Soles,2026-07-17T00:00:00-05:00
ocds-dgv273-seacev3-1231876,ocds-dgv273-seacev3-1231876-2026-08-22T10:44:23.037202-05:00,1231876-10415662691,55500.0,PEN,Soles,2026-07-24T00:00:00-05:00
ocds-dgv273-seacev3-1232182,ocds-dgv273-seacev3-1232182-2026-08-22T10:44:08.110912-05:00,1232182-20614530252,98634.1,PEN,Soles,2026-07-15T00:00:00-05:00
ocds-dgv273-seacev3-1231492,ocds-dgv273-seacev3-1231492-2026-08-22T10:44:08.095191-05:00,1231492-20614208610,39198.0,PEN,Soles,2026-07-16T00:00:00-05:00
ocds-dgv273-seacev3-1237925,ocds-dgv273-seacev3-1237925-2026-08-22T10:44:07.739445-05:00,1237925-20604433127,137800.0,PEN,Soles,2026-08-13T00:00:00-05:00
ocds-dgv273-seacev3-1235456,ocds-dgv273-seacev3-1235456-2026-08-22T10:44:07.502552-05:00,1235456-10253194834,110240.0,PEN,Soles,2026-08-11T00:00:00-05:00
ocds-dgv273-seacev3-1234790,ocds-dgv273-seacev3-1234790-2026-08-22T10:44:06.923257-05:00,1234790-20602681182,74950.0,PEN,Soles,2026-08-12T00:00:00-05:00
ocds-dgv273-seacev3-1234745,ocds-dgv273-seacev3-1234745-2026-08-22T10:44:06.713773-05:00,1234745-10198923872,98000.0,PEN,Soles,2026-07-24T00:00:00-05:00
ocds-dgv273-seacev3-1236065,ocds-dgv273-seacev3-1236065-2026-08-22T10:44:06.586092-05:00,1236065-20537185661,785113.06,PEN,Soles,2026-08-20T00:00:00-05:00
ocds-dgv273-seacev3-1234765,ocds-dgv273-seacev3-1234765-2026-08-22T10:44:06.570769-05:00,1234765-20610063609,94987.5,PEN,Soles,2026-07-30T00:00:00-05:00
ocds-dgv273-seacev3-1236787,ocds-dgv273-seacev3-1236787-2026-08-22T10:44:05.899438-05:00,1236787-20494738776,66900.0,PEN,Soles,2026-08-04T00:00:00-05:00
ocds-dgv273-seacev3-1230847,ocds-dgv273-seacev3-1230847-2026-08-22T10:44:05.797624-05:00,1230847-20609950669,387000.0,PEN,Soles,2026-07-17T00:00:00-05:00
ocds-dgv273-seacev3-1237367,ocds-dgv273-seacev3-1237367-2026-08-22T10:44:05.723132-05:00,1237367-20611396326,113000.0,PEN,Soles,2026-08-12T00:00:00-05:00
ocds-dgv273-seacev3-1233389,ocds-dgv273-seacev3-1233389-2026-08-22T10:44:04.646425-05:00,1233389-20449458436,53122.0,PEN,Soles,2026-07-24T00:00:00-05:00
ocds-dgv273-seacev3-1233441,ocds-dgv273-seacev3-1233441-2026-08-22T10:44:04.550905-05:00,1233441-10718622064,107460.0,PEN,Soles,2026-07-24T00:00:00-05:00
ocds-dgv273-seacev3-1234825,ocds-dgv273-seacev3-1234825-2026-08-22T10:43:47.807511-05:00,1234825-10456643898,155000.0,PEN,Soles,2026-08-03T00:00:00-05:00
ocds-dgv273-seacev3-1231832,ocds-dgv273-seacev3-1231832-2026-08-22T10:43:46.934776-05:00,1231832-1813677,731392.98,PEN,Soles,2026-07-30T00:00:00-05:00
ocds-dgv273-seacev3-1230938,ocds-dgv273-seacev3-1230938-2026-08-22T10:43:46.633823-05:00,1230938-1814044,130521.06,PEN,Soles,2026-07-22T00:00:00-05:00
ocds-dgv273-seacev3-1236115,ocds-dgv273-seacev3-1236115-2026-08-22T10:43:46.479907-05:00,1236115-20508097141,189000.0,PEN,Soles,2026-08-03T00:00:00-05:00
ocds-dgv273-seacev3-1236194,ocds-dgv273-seacev3-1236194-2026-08-22T10:43:46.033062-05:00,1236194-20600360389,87000.0,PEN,Soles,2026-07-31T00:00:00-05:00
ocds-dgv273-seacev3-1231843,ocds-dgv273-seacev3-1231843-2026-08-22T10:43:45.300120-05:00,1231843-1814059,819365.4,PEN,Soles,2026-07-21T00:00:00-05:00
ocds-dgv273-seacev3-1232184,ocds-dgv273-seacev3-1232184-2026-08-22T10:43:44.975843-05:00,1232184-1815008,125000.0,PEN,Soles,2026-08-13T00:00:00-05:00
ocds-dgv273-seacev3-1231040,ocds-dgv273-seacev3-1231040-2026-08-22T10:43:44.673691-05:00,1231040-20564270157,186000.0,PEN,Soles,2026-07-21T00:00:00-05:00
ocds-dgv273-seacev3-1231845,ocds-dgv273-seacev3-1231845-2026-08-22T10:43:36.351697-05:00,1231845-20100127670,703846.4,PEN,Soles,2026-07-22T00:00:00-05:00
ocds-dgv273-seacev3-1234727,ocds-dgv273-seacev3-1234727-2026-08-22T10:43:36.271195-05:00,1234727-20600254830,313500.0,PEN,Soles,2026-08-07T00:00:00-05:00
ocds-dgv273-seacev3-1236923,ocds-dgv273-seacev3-1236923-2026-08-22T10:43:35.588592-05:00,1236923-99000008831,54000.0,PEN,Soles,2026-08-12T00:00:00-05:00
ocds-dgv273-seacev3-1232804,ocds-dgv273-seacev3-1232804-2026-08-22T10:43:35.371509-05:00,1232804-20393761645,58000.0,PEN,Soles,2026-07-30T00:00:00-05:00
ocds-dgv273-seacev3-1232556,ocds-dgv273-seacev3-1232556-2026-08-22T10:43:35.355932-05:00,1232556-20550016428,375000.0,PEN,Soles,2026-07-21T00:00:00-05:00
ocds-dgv273-seacev3-1231679,ocds-dgv273-seacev3-1231679-2026-08-22T10:43:35.339342-05:00,1231679-20613792750,215820.0,PEN,Soles,2026-07-31T00:00:00-05:00
ocds-dgv273-seacev3-1230473,ocds-dgv273-seacev3-1230473-2026-08-22T10:43:35.149537-05:00,1230473-20506813191,312000.0,PEN,Soles,2026-07-09T00:00:00-05:00
ocds-dgv273-seacev3-1236424,ocds-dgv273-seacev3-1236424-2026-08-22T10:43:34.004304-05:00,1236424-10002411895,69626.0,PEN,Soles,2026-08-07T00:00:00-05:00
ocds-dgv273-seacev3-1234715,ocds-dgv273-seacev3-1234715-2026-08-22T10:43:33.737487-05:00,1234715-20611344652,206895.2,PEN,Soles,2026-08-03T00:00:00-05:00
ocds-dgv273-seacev3-1236417,ocds-dgv273-seacev3-1236417-2026-08-22T10:43:33.642829-05:00,1236417-20611021420,190537.2,PEN,Soles,2026-08-13T00:00:00-05:00
ocds-dgv273-seacev3-1233921,ocds-dgv273-seacev3-1233921-2026-08-22T10:43:33.468375-05:00,1233921-20420233966,315952.0,PEN,Soles,2026-08-13T00:00:00-05:00
ocds-dgv273-seacev3-1233326,ocds-dgv273-seacev3-1233326-2026-08-22T10:43:33.267788-05:00,1233326-20439684161,96180.0,PEN,Nuevos Soles,2026-08-03T00:00:00-05:00
ocds-dgv273-seacev3-1234733,ocds-dgv273-seacev3-1234733-2026-08-22T10:43:32.427085-05:00,1234733-20601429617,150500.0,PEN,Soles,2026-08-03T00:00:00-05:00
ocds-dgv273-seacev3-1232135,ocds-dgv273-seacev3-1232135-2026-08-22T10:43:31.514697-05:00,1232135-1814097,209665.0,PEN,Soles,2026-07-30T00:00:00-05:00
ocds-dgv273-seacev3-1230852,ocds-dgv273-seacev3-1230852-2026-08-22T10:43:25.955499-05:00,1230852-1811872,85000.0,PEN,Soles,2026-07-16T00:00:00-05:00
ocds-dgv273-seacev3-1231454,ocds-dgv273-seacev3-1231454-2026-08-22T10:43:25.931169-05:00,1231454-20550683645,219000.0,PEN,Soles,2026-07-31T00:00:00-05:00
ocds-dgv273-seacev3-2026-200519-2,ocds-dgv273-seacev3-2026-200519-2-2026-08-22T10:43:25.836432-05:00,1230599-1811886,50000.0,PEN,Soles,2026-07-17T00:00:00-05:00
ocds-dgv273-seacev3-1230016,ocds-dgv273-seacev3-1230016-2026-08-22T10:43:25.345481-05:00,1230016-20523370201,122150.0,PEN,Soles,2026-07-22T00:00:00-05:00
ocds-dgv273-seacev3-1231155,ocds-dgv273-seacev3-1231155-2026-08-22T10:43:12.787266-05:00,1231155-20487021556,55380.0,PEN,Soles,2026-07-16T00:00:00-05:00
ocds-dgv273-seacev3-1237762,ocds-dgv273-seacev3-1237762-2026-08-22T10:43:12.006416-05:00,1237762-10744384490,87850.0,PEN,Soles,2026-08-07T00:00:00-05:00
ocds-dgv273-seacev3-1237247,ocds-dgv273-seacev3-1237247-2026-08-22T10:43:11.663640-05:00,1237247-20610337105,47091.6,PEN,Soles,2026-08-07T00:00:00-05:00
ocds-dgv273-seacev3-1233138,ocds-dgv273-seacev3-1233138-2026-08-22T10:43:11.634675-05:00,1233138-20563021587,180805.5,PEN,Soles,2026-08-10T00:00:00-05:00
ocds-dgv273-seacev3-1231642,ocds-dgv273-seacev3-1231642-2026-08-22T10:43:11.167758-05:00,1231642-20600267036,50660.0,PEN,Soles,2026-08-11T00:00:00-05:00
ocds-dgv273-seacev3-1231283,ocds-dgv273-seacev3-1231283-2026-08-22T10:43:10.502553-05:00,1231283-20101260373,64000.0,PEN,Soles,2026-08-12T00:00:00-05:00
ocds-dgv273-seacev3-1232226,ocds-dgv273-seacev3-1232226-2026-08-22T10:43:10.334566-05:00,1232226-10469018089,202000.0,PEN,Soles,2026-07-20T00:00:00-05:00
ocds-dgv273-seacev3-1232784,ocds-dgv273-seacev3-1232784-2026-08-22T10:43:10.169415-05:00,1232784-1819295,903885.76,PEN,Soles,2026-08-20T00:00:00-05:00
ocds-dgv273-seacev3-1237094,ocds-dgv273-seacev3-1237094-2026-08-22T10:43:09.398699-05:00,1237094-1819139,57384.0,PEN,Soles,2026-08-13T00:00:00-05:00
ocds-dgv273-seacev3-2026-200526-4,ocds-dgv273-seacev3-2026-200526-4-2026-08-22T10:43:08.918061-05:00,1229992-1814624,364000.0,PEN,Soles,2026-07-24T00:00:00-05:00
ocds-dgv273-seacev3-1235290,ocds-dgv273-seacev3-1235290-2026-08-22T10:43:08.861194-05:00,1235290-20602898831,96800.0,PEN,Soles,2026-08-03T00:00:00-05:00
ocds-dgv273-seacev3-1235599,ocds-dgv273-seacev3-1235599-2026-08-22T10:43:08.721814-05:00,1235599-1815221,2053158.16,PEN,Soles,2026-07-31T00:00:00-05:00
ocds-dgv273-seacev3-1231654,ocds-dgv273-seacev3-1231654-2026-08-22T10:43:08.223242-05:00,1231654-1815011,483076.91,PEN,Soles,2026-07-24T00:00:00-05:00
ocds-dgv273-seacev3-1234554,ocds-dgv273-seacev3-1234554-2026-08-22T10:42:52.362108-05:00,1234554-20506205493,109500.0,PEN,Soles,2026-08-05T00:00:00-05:00
ocds-dgv273-seacev3-1236335,ocds-dgv273-seacev3-1236335-2026-08-22T10:42:51.920421-05:00,1236335-1819824,219783.52,PEN,Soles,2026-08-18T00:00:00-05:00
ocds-dgv273-seacev3-1231907,ocds-dgv273-seacev3-1231907-2026-08-22T10:42:51.797559-05:00,1231907-20538849970,330850.0,PEN,Soles,2026-07-31T00:00:00-05:00
ocds-dgv273-seacev3-1233364,ocds-dgv273-seacev3-1233364-2026-08-22T10:42:51.266734-05:00,1233364-20612392146,82900.0,PEN,Soles,2026-08-07T00:00:00-05:00
ocds-dgv273-seacev3-2026-2392-99,ocds-dgv273-seacev3-2026-2392-99-2026-08-22T10:42:50.886407-05:00,1230424-20601248647,84747.6,PEN,Soles,2026-07-22T00:00:00-05:00
ocds-dgv273-seacev3-1235985,ocds-dgv273-seacev3-1235985-2026-08-22T10:42:50.772105-05:00,1235985-10721381302,99849.0,PEN,Soles,2026-07-31T00:00:00-05:00
ocds-dgv273-seacev3-1231223,ocds-dgv273-seacev3-1231223-2026-08-22T10:42:50.079565-05:00,1231223-10414102641,61500.0,PEN,Soles,2026-07-24T00:00:00-05:00
ocds-dgv273-seacev3-1232902,ocds-dgv273-seacev3-1232902-2026-08-22T10:42:49.974445-05:00,1232902-20570831233,75179.0,PEN,Soles,2026-08-04T00:00:00-05:00
ocds-dgv273-seacev3-1234520,ocds-dgv273-seacev3-1234520-2026-08-22T10:42:49.827467-05:00,1234520-20601921376,429936.0,PEN,Soles,2026-08-04T00:00:00-05:00
ocds-dgv273-seacev3-1235559,ocds-dgv273-seacev3-1235559-2026-08-22T10:42:48.699890-05:00,1235559-10718396978,385818.0,PEN,Soles,2026-08-05T00:00:00-05:00
ocds-dgv273-seacev3-1234709,ocds-dgv273-seacev3-1234709-2026-08-22T10:42:47.068892-05:00,1234709-20573243251,148512.0,PEN,Soles,2026-08-20T00:00:00-05:00
ocds-dgv273-seacev3-1237456,ocds-dgv273-seacev3-1237456-2026-08-22T10:42:46.978853-05:00,1237456-1820890,374081.11,PEN,Soles,2026-08-18T00:00:00-05:00
ocds-dgv273-seacev3-1230376,ocds-dgv273-seacev3-1230376-2026-08-22T10:42:46.355143-05:00,1230376-20603559968,526990.0,PEN,Soles,2026-07-13T21:53:24-05:00
ocds-dgv273-seacev3-1229062,ocds-dgv273-seacev3-1229062-2026-08-22T10:42:46.276900-05:00,1229062-20569062315,146200.0,PEN,Soles,2026-07-17T00:00:00-05:00
ocds-dgv273-seacev3-1231181,ocds-dgv273-seacev3-1231181-2026-08-22T10:42:46.236657-05:00,1231181-20487021556,44005.0,PEN,Soles,2026-07-16T00:00:00-05:00
ocds-dgv273-seacev3-1235546,ocds-dgv273-seacev3-1235546-2026-08-21T10:31:08.969529-05:00,1235546-20609253941,65792.25,PEN,Soles,2026-08-05T00:00:00-05:00
ocds-dgv273-seacev3-1233524,ocds-dgv273-seacev3-1233524-2026-08-21T10:31:08.602559-05:00,1233524-1814895,358000.0,PEN,Soles,2026-07-24T00:00:00-05:00
ocds-dgv273-seacev3-1234290,ocds-dgv273-seacev3-1234290-2026-08-21T10:31:08.407341-05:00,1234290-1819117,70000.0,PEN,Soles,2026-08-19T00:00:00-05:00
ocds-dgv273-seacev3-1235832,ocds-dgv273-seacev3-1235832-2026-08-21T10:31:07.372795-05:00,1235832-20606501324,90261.0,PEN,Soles,2026-07-31T00:00:00-05:00
ocds-dgv273-seacev3-1235236,ocds-dgv273-seacev3-1235236-2026-08-21T10:31:06.941759-05:00,1235236-1817965,541148.57,PEN,Soles,2026-08-10T00:00:00-05:00
ocds-dgv273-seacev3-1229181,ocds-dgv273-seacev3-1229181-2026-08-21T10:31:06.445984-05:00,1229181-1811588,90000.0,PEN,Soles,2026-07-16T00:00:00-05:00
ocds-dgv273-seacev3-1232404,ocds-dgv273-seacev3-1232404-2026-08-21T10:31:06.071126-05:00,1232404-20511037001,240342.76,PEN,Soles,2026-07-20T00:00:00-05:00
ocds-dgv273-seacev3-1230930,ocds-dgv273-seacev3-1230930-2026-08-21T10:31:05.919394-05:00,1230930-20602136893,395870.0,PEN,Soles,2026-07-24T00:00:00-05:00
ocds-dgv273-seacev3-1233823,ocds-dgv273-seacev3-1233823-2026-08-21T10:31:00.524375-05:00,1233823-20413666130,432000.0,PEN,Nuevos Soles,2026-08-03T00:00:00-05:00
ocds-dgv273-seacev3-1233582,ocds-dgv273-seacev3-1233582-2026-08-21T10:31:00.483808-05:00,1233582-1816499,854685.88,PEN,Soles,2026-08-19T00:00:00-05:00
ocds-dgv273-seacev3-1230618,ocds-dgv273-seacev3-1230618-2026-08-21T10:31:00.328330-05:00,1230618-1812149,191450.74,PEN,Soles,2026-07-16T00:00:00-05:00
ocds-dgv273-seacev3-1238535,ocds-dgv273-seacev3-1238535-2026-08-21T10:30:59.803805-05:00,1238535-1817488,425649.61,PEN,Soles,2026-08-04T00:00:00-05:00
ocds-dgv273-seacev3-2026-55721-3,ocds-dgv273-seacev3-2026-55721-3-2026-08-21T10:30:57.649388-05:00,1231130-20602314058,129500.08,PEN,Soles,2026-07-31T00:00:00-05:00
ocds-dgv273-seacev3-1237828,ocds-dgv273-seacev3-1237828-2026-08-21T10:30:57.127393-05:00,1237828-20532145415,93609.08,PEN,Soles,2026-08-11T00:00:00-05:00
ocds-dgv273-seacev3-1233585,ocds-dgv273-seacev3-1233585-2026-08-21T10:30:56.463246-05:00,1233585-10293081552,123746.4,PEN,Soles,2026-08-19T00:00:00-05:00
ocds-dgv273-seacev3-1233208,ocds-dgv273-seacev3-1233208-2026-08-21T10:30:56.370260-05:00,1233208-20601776678,72405.9,PEN,Soles,2026-07-31T00:00:00-05:00
ocds-dgv273-seacev3-1235500,ocds-dgv273-seacev3-1235500-2026-08-21T10:30:56.175352-05:00,1235500-20615945430,99808.5,PEN,Soles,2026-07-30T00:00:00-05:00
ocds-dgv273-seacev3-2026-401-1,ocds-dgv273-seacev3-2026-401-1-2026-08-21T10:30:55.690783-05:00,1233995-20606512857,79858.12,PEN,Soles,2026-07-31T00:00:00-05:00
ocds-dgv273-seacev3-1237545,ocds-dgv273-seacev3-1237545-2026-08-21T10:30:55.359960-05:00,1237545-20527701903,98890.0,PEN,Soles,2026-08-07T00:00:00-05:00
ocds-dgv273-seacev3-1230614,ocds-dgv273-seacev3-1230614-2026-08-21T10:30:55.140593-05:00,1230614-10282614699,54500.0,PEN,Soles,2026-07-15T12:59:58-05:00
ocds-dgv273-seacev3-1228804,ocds-dgv273-seacev3-1228804-2026-08-21T10:30:55.086511-05:00,1228804-1810774,84210.51,PEN,Soles,2026-07-13T00:00:00-05:00
ocds-dgv273-seacev3-2026-1986-9,ocds-dgv273-seacev3-2026-1986-9-2026-08-21T10:30:55.049134-05:00,1232477-20507634479,631642.88,PEN,Soles,2026-08-18T00:00:00-05:00
ocds-dgv273-seacev3-1230960,ocds-dgv273-seacev3-1230960-2026-08-21T10:30:55.001667-05:00,1230960-L9000032954,2000000.0,USD,Dólar Norteamericano,2026-07-03T00:00:00-05:00
ocds-dgv273-seacev3-1230981,ocds-dgv273-seacev3-1230981-2026-08-21T10:30:54.898890-05:00,1230981-1813380,2112816.75,PEN,Soles,2026-07-20T00:00:00-05:00
ocds-dgv273-seacev3-1236118,ocds-dgv273-seacev3-1236118-2026-08-21T10:30:49.565535-05:00,1236118-20448283322,103260.0,PEN,Soles,2026-08-11T00:00:00-05:00
ocds-dgv273-seacev3-1235431,ocds-dgv273-seacev3-1235431-2026-08-21T10:30:48.974691-05:00,1235431-20548117055,75284.0,PEN,Soles,2026-08-18T00:00:00-05:00
ocds-dgv273-seacev3-1236117,ocds-dgv273-seacev3-1236117-2026-08-21T10:30:48.794579-05:00,1236117-20552106246,82075.0,PEN,Soles,2026-08-03T00:00:00-05:00
ocds-dgv273-seacev3-1235149,ocds-dgv273-seacev3-1235149-2026-08-21T10:30:47.657178-05:00,1235149-1817750,714731.56,PEN,Soles,2026-08-12T00:00:00-05:00
ocds-dgv273-seacev3-1235532,ocds-dgv273-seacev3-1235532-2026-08-21T10:30:47.435408-05:00,1235532-1821250,182953.1,PEN,Soles,2026-08-19T00:00:00-05:00
ocds-dgv273-seacev3-1234187,ocds-dgv273-seacev3-1234187-2026-08-21T10:30:45.605949-05:00,1234187-1816955,155451.54,PEN,Soles,2026-08-03T00:00:00-05:00
ocds-dgv273-seacev3-1236629,ocds-dgv273-seacev3-1236629-2026-08-21T10:30:45.250661-05:00,1236629-20609118050,87500.0,PEN,Soles,2026-08-05T00:00:00-05:00
ocds-dgv273-seacev3-1237772,ocds-dgv273-seacev3-1237772-2026-08-21T10:30:44.912655-05:00,1237772-20610450378,60000.0,PEN,Soles,2026-08-10T00:00:00-05:00
ocds-dgv273-seacev3-1234026,ocds-dgv273-seacev3-1234026-2026-08-21T10:30:44.485419-05:00,1234026-20602282164,82000.0,PEN,Soles,2026-08-04T00:00:00-05:00
ocds-dgv273-seacev3-1235378,ocds-dgv273-seacev3-1235378-2026-08-21T10:30:44.306622-05:00,1235378-20611746271,68665.0,PEN,Soles,2026-07-30T00:00:00-05:00
ocds-dgv273-seacev3-1234472,ocds-dgv273-seacev3-1234472-2026-08-21T10:30:43.741402-05:00,1234472-10176125891,83300.0,PEN,Soles,2026-07-22T00:00:00-05:00
ocds-dgv273-seacev3-1235650,ocds-dgv273-seacev3-1235650-2026-08-21T10:30:43.674973-05:00,1235650-1818233,446763.0,PEN,Soles,2026-08-12T00:00:00-05:00
ocds-dgv273-seacev3-1230769,ocds-dgv273-seacev3-1230769-2026-08-21T10:30:43.455493-05:00,1230769-20133605291,338025.12,PEN,Soles,2026-07-16T00:00:00-05:00
ocds-dgv273-seacev3-1230358,ocds-dgv273-seacev3-1230358-2026-08-21T10:30:43.335735-05:00,1230358-1810738,281923.51,PEN,Soles,2026-07-13T00:00:00-05:00
ocds-dgv273-seacev3-1232210,ocds-dgv273-seacev3-1232210-2026-08-21T10:30:43.042078-05:00,1232210-1814287,127493.0,PEN,Soles,2026-07-22T00:00:00-05:00
ocds-dgv273-seacev3-2026-1925-2,ocds-dgv273-seacev3-2026-1925-2-2026-08-21T10:30:43.028528-05:00,1232108-20100654025,135440.4,PEN,Soles,2026-08-11T00:00:00-05:00
ocds-dgv273-seacev3-1232774,ocds-dgv273-seacev3-1232774-2026-08-21T10:30:42.777702-05:00,1232774-1814025,365718.86,PEN,Soles,2026-07-22T00:00:00-05:00
ocds-dgv273-seacev3-1232361,ocds-dgv273-seacev3-1232361-2026-08-21T10:30:42.724772-05:00,1232361-1820959,1059000.0,PEN,Soles,2026-08-18T00:00:00-05:00
ocds-dgv273-seacev3-1232209,ocds-dgv273-seacev3-1232209-2026-08-21T10:30:42.536408-05:00,1232209-20614732246,99650.0,PEN,Soles,2026-07-17T00:00:00-05:00
ocds-dgv273-seacev3-1234101,ocds-dgv273-seacev3-1234101-2026-08-21T10:30:38.210653-05:00,1234101-10230050541,378000.0,PEN,Soles,2026-07-20T00:00:00-05:00
ocds-dgv273-seacev3-1235207,ocds-dgv273-seacev3-1235207-2026-08-21T10:30:37.747583-05:00,1235207-20498342508,97497.9,PEN,Soles,2026-07-30T00:00:00-05:00
ocds-dgv273-seacev3-1233762,ocds-dgv273-seacev3-1233762-2026-08-21T10:30:37.719667-05:00,1233762-20600728491,105420.0,PEN,Soles,2026-07-30T00:00:00-05:00
ocds-dgv273-seacev3-1232469,ocds-dgv273-seacev3-1232469-2026-08-21T10:30:36.855937-05:00,1232469-20612214949,167900.0,PEN,Soles,2026-08-07T00:00:00-05:00
ocds-dgv273-seacev3-1235536,ocds-dgv273-seacev3-1235536-2026-08-21T10:30:36.496246-05:00,1235536-20393625466,86250.0,PEN,Soles,2026-08-18T00:00:00-05:00
ocds-dgv273-seacev3-1233282,ocds-dgv273-seacev3-1233282-2026-08-21T10:30:36.341751-05:00,1233282-1816168,1479338.64,PEN,Soles,2026-08-10T00:00:00-05:00
ocds-dgv273-seacev3-1237116,ocds-dgv273-seacev3-1237116-2026-08-21T10:30:35.676157-05:00,1237116-20604665567,88000.0,PEN,Soles,2026-08-12T00:00:00-05:00
ocds-dgv273-seacev3-1235187,ocds-dgv273-seacev3-1235187-2026-08-21T10:30:35.532163-05:00,1235187-20525633561,128286.78,PEN,Soles,2026-08-04T00:00:00-05:00
ocds-dgv273-seacev3-1232362,ocds-dgv273-seacev3-1232362-2026-08-21T10:30:34.390231-05:00,1232362-20448320970,114708.0,PEN,Soles,2026-07-16T00:00:00-05:00
ocds-dgv273-seacev3-1233426,ocds-dgv273-seacev3-1233426-2026-08-21T10:30:34.186495-05:00,1233426-20600332270,47596.8,PEN,Soles,2026-08-03T00:00:00-05:00
ocds-dgv273-seacev3-1230465,ocds-dgv273-seacev3-1230465-2026-08-21T10:30:34.170142-05:00,1230465-1814974,258438.43,PEN,Soles,2026-07-24T00:00:00-05:00
ocds-dgv273-seacev3-1235578,ocds-dgv273-seacev3-1235578-2026-08-21T10:30:34.074780-05:00,1235578-20609253941,80185.0,PEN,Soles,2026-08-05T00:00:00-05:00
ocds-dgv273-seacev3-1231871,ocds-dgv273-seacev3-1231871-2026-08-21T10:30:33.832565-05:00,1231871-20101260373,82836.0,PEN,Soles,2026-07-22T00:00:00-05:00
ocds-dgv273-seacev3-1237501,ocds-dgv273-seacev3-1237501-2026-08-21T10:30:33.785064-05:00,1237501-10020642233,200745.0,PEN,Soles,2026-07-31T00:00:00-05:00
ocds-dgv273-seacev3-1233457,ocds-dgv273-seacev3-1233457-2026-08-21T10:30:32.954776-05:00,1233457-20511037001,65808.0,PEN,Soles,2026-07-24T00:00:00-05:00
ocds-dgv273-seacev3-1235305,ocds-dgv273-seacev3-1235305-2026-08-21T10:30:32.816690-05:00,1235305-1817569,97500.0,PEN,Soles,2026-08-10T00:00:00-05:00
ocds-dgv273-seacev3-1235813,ocds-dgv273-seacev3-1235813-2026-08-21T10:30:32.569703-05:00,1235813-20615129748,362892.0,PEN,Soles,2026-08-18T00:00:00-05:00
ocds-dgv273-seacev3-1232631,ocds-dgv273-seacev3-1232631-2026-08-21T10:30:32.553257-05:00,1232631-1813893,96049.4,PEN,Soles,2026-07-30T00:00:00-05:00
ocds-dgv273-seacev3-1233193,ocds-dgv273-seacev3-1233193-2026-08-21T10:30:32.499553-05:00,1233193-10422890730,65000.0,PEN,Soles,2026-07-30T00:00:00-05:00
ocds-dgv273-seacev3-2026-2006-9,ocds-dgv273-seacev3-2026-2006-9-2026-08-21T10:30:32.158854-05:00,1230581-20524279160,292320.0,PEN,Soles,2026-07-24T00:00:00-05:00
ocds-dgv273-seacev3-1230831,ocds-dgv273-seacev3-1230831-2026-08-21T10:30:32.033501-05:00,1230831-20462793791,142464.0,PEN,Soles,2026-07-24T00:00:00-05:00
ocds-dgv273-seacev3-1230791,ocds-dgv273-seacev3-1230791-2026-08-21T10:30:32.017328-05:00,1230791-20610632964,271214.08,PEN,Soles,2026-07-21T00:00:00-05:00
ocds-dgv273-seacev3-1231927,ocds-dgv273-seacev3-1231927-2026-08-21T10:30:31.545877-05:00,1231927-20614442183,126190.54,PEN,Soles,2026-07-24T08:24:06-05:00
ocds-dgv273-seacev3-1232521,ocds-dgv273-seacev3-1232521-2026-08-21T10:30:31.442162-05:00,1232521-1814207,1908460.85,PEN,Soles,2026-07-24T00:00:00-05:00
ocds-dgv273-seacev3-1230647,ocds-dgv273-seacev3-1230647-2026-08-21T10:30:31.257671-05:00,1230647-20564270157,99000.0,PEN,Soles,2026-07-17T00:00:00-05:00
ocds-dgv273-seacev3-2026-200466-5,ocds-dgv273-seacev3-2026-200466-5-2026-08-21T10:30:27.006541-05:00,1232482-20603600402,354008.4,PEN,Soles,2026-08-11T00:00:00-05:00
ocds-dgv273-seacev3-1232483,ocds-dgv273-seacev3-1232483-2026-08-21T10:30:26.940182-05:00,1232483-10476416294,290000.0,PEN,Soles,2026-07-24T00:00:00-05:00
ocds-dgv273-seacev3-1234781,ocds-dgv273-seacev3-1234781-2026-08-21T10:30:26.715671-05:00,1234781-10444256279,113422.0,PEN,Soles,2026-08-05T00:00:00-05:00
ocds-dgv273-seacev3-2026-2426-27,ocds-dgv273-seacev3-2026-2426-27-2026-08-21T10:30:26.076039-05:00,1234572-20100041953,248816.43,USD,Dólar Norteamericano,2026-08-19T00:00:00-05:00
ocds-dgv273-seacev3-1231784,ocds-dgv273-seacev3-1231784-2026-08-21T10:30:25.609291-05:00,1231784-20600519787,76400.0,PEN,Soles,2026-07-31T00:00:00-05:00
ocds-dgv273-seacev3-1232824,ocds-dgv273-seacev3-1232824-2026-08-21T10:30:25.397808-05:00,1232824-10753583357,104896.0,PEN,Soles,2026-07-22T17:04:57-05:00
ocds-dgv273-seacev3-1234676,ocds-dgv273-seacev3-1234676-2026-08-21T10:30:25.054513-05:00,1234676-1816691,4829130.42,PEN,Soles,2026-08-03T00:00:00-05:00
ocds-dgv273-seacev3-1237709,ocds-dgv273-seacev3-1237709-2026-08-21T10:30:25.006614-05:00,1237709-1819156,2131829.71,PEN,Soles,2026-08-17T00:00:00-05:00
ocds-dgv273-seacev3-1235160,ocds-dgv273-seacev3-1235160-2026-08-21T10:30:24.802219-05:00,1235160-20287128801,106424.0,PEN,Soles,2026-08-10T00:00:00-05:00
ocds-dgv273-seacev3-1232454,ocds-dgv273-seacev3-1232454-2026-08-21T10:30:24.470055-05:00,1232454-20600871723,64152.0,PEN,Soles,2026-07-30T00:00:00-05:00
ocds-dgv273-seacev3-1230225,ocds-dgv273-seacev3-1230225-2026-08-21T10:30:24.240854-05:00,1230225-20602882901,109000.0,PEN,Soles,2026-07-21T00:00:00-05:00
ocds-dgv273-seacev3-1233911,ocds-dgv273-seacev3-1233911-2026-08-21T10:30:22.339952-05:00,1233911-1815890,1520011.71,PEN,Soles,2026-07-30T00:00:00-05:00
ocds-dgv273-seacev3-1236713,ocds-dgv273-seacev3-1236713-2026-08-21T10:30:22.003407-05:00,1236713-20496071990,71050.0,PEN,Soles,2026-08-04T00:00:00-05:00
ocds-dgv273-seacev3-1237059,ocds-dgv273-seacev3-1237059-2026-08-21T10:30:21.873518-05:00,1237059-1819404,169018.0,PEN,Soles,2026-08-11T00:00:00-05:00
ocds-dgv273-seacev3-1236332,ocds-dgv273-seacev3-1236332-2026-08-21T10:30:21.801115-05:00,1236332-10093161381,4535.0,PEN,Soles,2026-08-05T00:00:00-05:00
ocds-dgv273-seacev3-2026-47-7,ocds-dgv273-seacev3-2026-47-7-2026-08-21T10:30:21.691135-05:00,1231874-1818108,419010.0,PEN,Soles,2026-08-18T00:00:00-05:00
ocds-dgv273-seacev3-1233667,ocds-dgv273-seacev3-1233667-2026-08-21T10:30:21.521463-05:00,1233667-1816071,593509.79,PEN,Soles,2026-07-31T00:00:00-05:00
ocds-dgv273-seacev3-1230875,ocds-dgv273-seacev3-1230875-2026-08-21T10:30:20.894668-05:00,1230875-20609676982,74500.0,PEN,Soles,2026-07-30T00:00:00-05:00
ocds-dgv273-seacev3-1233520,ocds-dgv273-seacev3-1233520-2026-08-21T10:30:14.324360-05:00,1233520-1813187,59475.0,PEN,Soles,2026-07-22T00:00:00-05:00
ocds-dgv273-seacev3-1235455,ocds-dgv273-seacev3-1235455-2026-08-21T10:30:14.174526-05:00,1235455-1817858,233000.0,PEN,Soles,2026-08-11T00:00:00-05:00
ocds-dgv273-seacev3-1235963,ocds-dgv273-seacev3-1235963-2026-08-21T10:30:13.855412-05:00,1235963-20604678561,73150.0,PEN,Soles,2026-08-19T00:00:00-05:00
ocds-dgv273-seacev3-1231107,ocds-dgv273-seacev3-1231107-2026-08-21T10:30:13.766679-05:00,1231107-10106514386,159000.0,PEN,Soles,2026-07-22T00:00:00-05:00
ocds-dgv273-seacev3-1232956,ocds-dgv273-seacev3-1232956-2026-08-21T10:30:13.750769-05:00,1232956-1812342,219100.48,PEN,Soles,2026-07-17T00:00:00-05:00
ocds-dgv273-seacev3-1236729,ocds-dgv273-seacev3-1236729-2026-08-21T10:30:13.489478-05:00,1236729-20600435711,79855.85,PEN,Soles,2026-08-04T00:00:00-05:00
ocds-dgv273-seacev3-1234970,ocds-dgv273-seacev3-1234970-2026-08-21T10:30:12.668103-05:00,1234970-20611314346,137740.0,PEN,Nuevos Soles,2026-07-24T00:00:00-05:00
ocds-dgv273-seacev3-1233635,ocds-dgv273-seacev3-1233635-2026-08-21T10:30:11.908429-05:00,1233635-20108605392,266980.0,PEN,Soles,2026-07-20T00:00:00-05:00
ocds-dgv273-seacev3-2026-1979-6,ocds-dgv273-seacev3-2026-1979-6-2026-08-21T10:30:11.893509-05:00,1232282-20100099447,95670.62,PEN,Soles,2026-07-31T00:00:00-05:00
ocds-dgv273-seacev3-1231831,ocds-dgv273-seacev3-1231831-2026-08-21T10:30:11.320857-05:00,1231831-20603728271,279300.0,PEN,Soles,2026-08-04T00:00:00-05:00
ocds-dgv273-seacev3-1233979,ocds-dgv273-seacev3-1233979-2026-08-21T10:30:09.602658-05:00,1233979-20606620293,57845.0,PEN,Soles,2026-07-20T00:00:00-05:00
ocds-dgv273-seacev3-2026-38209-2,ocds-dgv273-seacev3-2026-38209-2-2026-08-21T10:30:09.457633-05:00,1231486-20602364373,149093.0,PEN,Soles,2026-07-21T00:00:00-05:00
ocds-dgv273-seacev3-1230871,ocds-dgv273-seacev3-1230871-2026-08-21T10:30:08.640768-05:00,1230871-1812532,1962868.88,PEN,Soles,2026-07-20T00:00:00-05:00
ocds-dgv273-seacev3-1230813,ocds-dgv273-seacev3-1230813-2026-08-21T10:30:08.455496-05:00,1230813-20534781157,322000.0,PEN,Soles,2026-07-24T00:00:00-05:00
ocds-dgv273-seacev3-1232233,ocds-dgv273-seacev3-1232233-2026-08-21T10:30:08.384894-05:00,1232233-20538885429,148000.0,PEN,Soles,2026-07-24T00:00:00-05:00
ocds-dgv273-seacev3-1230084,ocds-dgv273-seacev3-1230084-2026-08-21T10:30:08.355208-05:00,1230084-20199144961,229191.4,PEN,Soles,2026-07-31T00:00:00-05:00
ocds-dgv273-seacev3-1230716,ocds-dgv273-seacev3-1230716-2026-08-21T10:30:02.058249-05:00,1230716-L0606465610,86990.0,USD,Dólar Norteamericano,2026-07-24T00:00:00-05:00
ocds-dgv273-seacev3-1232449,ocds-dgv273-seacev3-1232449-2026-08-21T10:30:01.126842-05:00,1232449-1813840,1020000.0,PEN,Soles,2026-07-21T00:00:00-05:00
ocds-dgv273-seacev3-1232038,ocds-dgv273-seacev3-1232038-2026-08-21T10:30:00.138245-05:00,1232038-20603698691,290288.89,PEN,Soles,2026-07-16T00:00:00-05:00
ocds-dgv273-seacev3-1241577,ocds-dgv273-seacev3-1241577-2026-08-21T10:29:59.847722-05:00,1241577-10701564958,27130.0,PEN,Soles,2026-08-17T00:00:00-05:00
ocds-dgv273-seacev3-1236610,ocds-dgv273-seacev3-1236610-2026-08-21T10:29:59.788590-05:00,1236610-20482570462,99527.21,PEN,Soles,2026-08-07T00:00:00-05:00
ocds-dgv273-seacev3-1232883,ocds-dgv273-seacev3-1232883-2026-08-21T10:29:59.336082-05:00,1232883-10703817853,60730.0,PEN,Soles,2026-07-20T00:00:00-05:00
ocds-dgv273-seacev3-1233559,ocds-dgv273-seacev3-1233559-2026-08-21T10:29:59.263072-05:00,1233559-10225211367,49759.71,PEN,Soles,2026-07-24T00:00:00-05:00
ocds-dgv273-seacev3-1236925,ocds-dgv273-seacev3-1236925-2026-08-21T10:29:59.211560-05:00,1236925-20604924813,94190.0,PEN,Soles,2026-08-05T00:00:00-05:00
ocds-dgv273-seacev3-1234182,ocds-dgv273-seacev3-1234182-2026-08-21T10:29:59.169486-05:00,1234182-20604893730,335000.0,PEN,Soles,2026-08-05T00:00:00-05:00
ocds-dgv273-seacev3-1233253,ocds-dgv273-seacev3-1233253-2026-08-21T10:29:58.559188-05:00,1233253-1815407,221215.1,PEN,Soles,2026-07-31T00:00:00-05:00
ocds-dgv273-seacev3-1236576,ocds-dgv273-seacev3-1236576-2026-08-21T10:29:58.505928-05:00,1236576-1818993,356489.73,PEN,Soles,2026-08-17T00:00:00-05:00
ocds-dgv273-seacev3-1235427,ocds-dgv273-seacev3-1235427-2026-08-21T10:29:58.383768-05:00,1235427-20409476806,96885.0,PEN,Soles,2026-08-11T00:00:00-05:00
ocds-dgv273-seacev3-1232922,ocds-dgv273-seacev3-1232922-2026-08-21T10:29:57.109087-05:00,1232922-20600149599,144762.0,PEN,Soles,2026-08-11T00:00:00-05:00
ocds-dgv273-seacev3-1231211,ocds-dgv273-seacev3-1231211-2026-08-21T10:29:56.057454-05:00,1231211-1812891,3395000.0,PEN,Soles,2026-07-17T00:00:00-05:00
ocds-dgv273-seacev3-1230984,ocds-dgv273-seacev3-1230984-2026-08-21T10:29:55.710516-05:00,1230984-10082304857,76700.0,PEN,Soles,2026-07-14T00:00:00-05:00
ocds-dgv273-seacev3-1238950,ocds-dgv273-seacev3-1238950-2026-08-20T10:31:23.388256-05:00,1238950-20114803228,22063.1,PEN,Soles,2026-08-05T00:00:00-05:00
ocds-dgv273-seacev3-1238754,ocds-dgv273-seacev3-1238754-2026-08-20T10:31:23.199907-05:00,1238754-20608582267,3200.0,PEN,Soles,2026-08-04T00:00:00-05:00
ocds-dgv273-seacev3-1235283,ocds-dgv273-seacev3-1235283-2026-08-20T10:31:23.062738-05:00,1235283-1818162,182000.0,PEN,Soles,2026-08-11T00:00:00-05:00
ocds-dgv273-seacev3-1238930,ocds-dgv273-seacev3-1238930-2026-08-20T10:31:22.848241-05:00,1238930-17379298168,191237.62,PEN,Soles,2026-08-05T00:00:00-05:00
ocds-dgv273-seacev3-1238821,ocds-dgv273-seacev3-1238821-2026-08-20T10:31:21.221123-05:00,1238821-20136957253,22944.0,PEN,Soles,2026-08-04T00:00:00-05:00
ocds-dgv273-seacev3-1238796,ocds-dgv273-seacev3-1238796-2026-08-20T10:31:21.037440-05:00,1238796-20386303003,9633.28,PEN,Soles,2026-08-04T00:00:00-05:00
ocds-dgv273-seacev3-1233978,ocds-dgv273-seacev3-1233978-2026-08-20T10:31:20.778296-05:00,1233978-20614545403,128542.4,PEN,Nuevos Soles,2026-07-30T23:53:13-05:00
ocds-dgv273-seacev3-1238328,ocds-dgv273-seacev3-1238328-2026-08-20T10:31:18.462530-05:00,1238328-1818307,423605.51,PEN,Soles,2026-08-10T00:00:00-05:00
ocds-dgv273-seacev3-1238936,ocds-dgv273-seacev3-1238936-2026-08-20T10:31:18.381587-05:00,1238936-20330689995,46035.46,PEN,Soles,2026-08-05T00:00:00-05:00
ocds-dgv273-seacev3-1235460,ocds-dgv273-seacev3-1235460-2026-08-20T10:31:17.987891-05:00,1235460-10239584735,99920.0,PEN,Soles,2026-08-03T00:00:00-05:00
ocds-dgv273-seacev3-1230242,ocds-dgv273-seacev3-1230242-2026-08-20T10:31:17.596966-05:00,1230242-20264180971,353197.75,PEN,Soles,2026-07-17T00:00:00-05:00
ocds-dgv273-seacev3-1231545,ocds-dgv273-seacev3-1231545-2026-08-20T10:31:17.345561-05:00,1231545-20604715254,59117.0,PEN,Soles,2026-07-17T00:00:00-05:00
ocds-dgv273-seacev3-1230348,ocds-dgv273-seacev3-1230348-2026-08-20T10:31:17.252128-05:00,1230348-1812086,3460405.15,PEN,Soles,2026-07-16T00:00:00-05:00
ocds-dgv273-seacev3-1230953,ocds-dgv273-seacev3-1230953-2026-08-20T10:31:12.657780-05:00,1230953-20498674098,189786.65,PEN,Soles,2026-07-24T00:00:00-05:00
ocds-dgv273-seacev3-1236365,ocds-dgv273-seacev3-1236365-2026-08-20T10:31:12.608415-05:00,1236365-1818432,100000.0,PEN,Soles,2026-08-10T00:00:00-05:00
ocds-dgv273-seacev3-1240734,ocds-dgv273-seacev3-1240734-2026-08-20T10:31:11.599094-05:00,1240734-20546525938,3687.5,PEN,Soles,2026-08-12T00:00:00-05:00
ocds-dgv273-seacev3-1231518,ocds-dgv273-seacev3-1231518-2026-08-20T10:31:11.548598-05:00,1231518-1812541,162532.02,PEN,Soles,2026-07-21T00:00:00-05:00
ocds-dgv273-seacev3-1230651,ocds-dgv273-seacev3-1230651-2026-08-20T10:31:11.432529-05:00,1230651-1812193,198925.07,PEN,Soles,2026-07-16T00:00:00-05:00
ocds-dgv273-seacev3-1236161,ocds-dgv273-seacev3-1236161-2026-08-20T10:31:11.052800-05:00,1236161-1815140,2098808.52,PEN,Soles,2026-07-24T00:00:00-05:00
ocds-dgv273-seacev3-1232281,ocds-dgv273-seacev3-1232281-2026-08-20T10:31:10.078705-05:00,1232281-20527055840,62359.0,PEN,Soles,2026-07-17T00:00:00-05:00
ocds-dgv273-seacev3-1231588,ocds-dgv273-seacev3-1231588-2026-08-20T10:31:09.804977-05:00,1231588-20551970320,184480.0,PEN,Soles,2026-08-10T00:00:00-05:00
ocds-dgv273-seacev3-1236230,ocds-dgv273-seacev3-1236230-2026-08-20T10:31:09.322273-05:00,1236230-1815165,1179308.22,PEN,Soles,2026-07-24T00:00:00-05:00
ocds-dgv273-seacev3-1236663,ocds-dgv273-seacev3-1236663-2026-08-20T10:31:09.161736-05:00,1236663-20546972446,98505.0,PEN,Soles,2026-08-07T00:00:00-05:00
ocds-dgv273-seacev3-1235498,ocds-dgv273-seacev3-1235498-2026-08-20T10:31:09.021358-05:00,1235498-10708967225,99850.0,PEN,Soles,2026-07-30T00:00:00-05:00
ocds-dgv273-seacev3-1235995,ocds-dgv273-seacev3-1235995-2026-08-20T10:31:08.807243-05:00,1235995-20603682565,220000.0,PEN,Soles,2026-08-05T00:00:00-05:00
ocds-dgv273-seacev3-1238331,ocds-dgv273-seacev3-1238331-2026-08-20T10:31:07.949936-05:00,1238331-20393761645,47000.0,PEN,Soles,2026-08-03T00:00:00-05:00
ocds-dgv273-seacev3-1236977,ocds-dgv273-seacev3-1236977-2026-08-20T10:31:07.861470-05:00,1236977-20551981101,270000.0,PEN,Soles,2026-08-07T00:00:00-05:00
ocds-dgv273-seacev3-1231857,ocds-dgv273-seacev3-1231857-2026-08-20T10:31:07.246663-05:00,1231857-20608554476,169050.0,PEN,Soles,2026-08-04T00:00:00-05:00
ocds-dgv273-seacev3-1232548,ocds-dgv273-seacev3-1232548-2026-08-20T10:31:07.042691-05:00,1232548-20533678018,1249881.57,PEN,Soles,2026-07-31T00:00:00-05:00
ocds-dgv273-seacev3-1232904,ocds-dgv273-seacev3-1232904-2026-08-20T10:31:07.020799-05:00,1232904-20511037001,95795.0,PEN,Soles,2026-07-24T09:38:13-05:00
ocds-dgv273-seacev3-1231917,ocds-dgv273-seacev3-1231917-2026-08-20T10:31:06.972974-05:00,1231917-20601107105,64900.0,PEN,Soles,2026-07-15T00:00:00-05:00
ocds-dgv273-seacev3-1230602,ocds-dgv273-seacev3-1230602-2026-08-20T10:31:06.886819-05:00,1230602-1812107,97366.44,PEN,Soles,2026-07-16T00:00:00-05:00
ocds-dgv273-seacev3-1231164,ocds-dgv273-seacev3-1231164-2026-08-20T10:31:01.930806-05:00,1231164-1812798,198409.41,PEN,Soles,2026-08-04T00:00:00-05:00
ocds-dgv273-seacev3-1238738,ocds-dgv273-seacev3-1238738-2026-08-20T10:31:01.268868-05:00,1238738-20503407753,42650.0,PEN,Soles,2026-08-04T00:00:00-05:00
ocds-dgv273-seacev3-1231212,ocds-dgv273-seacev3-1231212-2026-08-20T10:31:01.141974-05:00,1231212-10454889571,145000.0,PEN,Soles,2026-07-21T00:00:00-05:00
ocds-dgv273-seacev3-1232353,ocds-dgv273-seacev3-1232353-2026-08-20T10:31:00.753329-05:00,1232353-10451372683,146043.0,PEN,Soles,2026-07-21T00:00:00-05:00
ocds-dgv273-seacev3-1231476,ocds-dgv273-seacev3-1231476-2026-08-20T10:31:00.636524-05:00,1231476-20603861893,61000.0,PEN,Soles,2026-07-21T00:00:00-05:00
ocds-dgv273-seacev3-1234550,ocds-dgv273-seacev3-1234550-2026-08-20T10:31:00.056930-05:00,1234550-20573296029,80115.0,PEN,Soles,2026-08-03T00:00:00-05:00
ocds-dgv273-seacev3-2026-2009-100,ocds-dgv273-seacev3-2026-2009-100-2026-08-20T10:30:59.641792-05:00,1231326-20601396638,380619.0,PEN,Soles,2026-08-03T00:00:00-05:00
ocds-dgv273-seacev3-1235936,ocds-dgv273-seacev3-1235936-2026-08-20T10:30:59.525671-05:00,1235936-20600365691,120000.0,PEN,Soles,2026-08-10T00:00:00-05:00
ocds-dgv273-seacev3-1235684,ocds-dgv273-seacev3-1235684-2026-08-20T10:30:58.284235-05:00,1235684-1816136,64600.0,PEN,Soles,2026-07-31T00:00:00-05:00
ocds-dgv273-seacev3-1230420,ocds-dgv273-seacev3-1230420-2026-08-20T10:30:58.249792-05:00,1230420-20602522998,193306.08,PEN,Soles,2026-07-22T00:00:00-05:00
ocds-dgv273-seacev3-1235850,ocds-dgv273-seacev3-1235850-2026-08-20T10:30:58.055212-05:00,1235850-20613901478,53005.0,PEN,Soles,2026-08-03T00:00:00-05:00
ocds-dgv273-seacev3-1233562,ocds-dgv273-seacev3-1233562-2026-08-20T10:30:57.942794-05:00,1233562-20613494295,71685.0,PEN,Soles,2026-07-22T00:00:00-05:00
ocds-dgv273-seacev3-1239988,ocds-dgv273-seacev3-1239988-2026-08-20T10:30:57.701784-05:00,1239988-20334766714,13082.88,PEN,Nuevos Soles,2026-08-10T00:00:00-05:00
ocds-dgv273-seacev3-1238841,ocds-dgv273-seacev3-1238841-2026-08-20T10:30:57.269569-05:00,1238841-20550025176,17664.0,PEN,Soles,2026-08-04T00:00:00-05:00
ocds-dgv273-seacev3-1238813,ocds-dgv273-seacev3-1238813-2026-08-20T10:30:57.255446-05:00,1238813-20136847237,7668.24,PEN,Soles,2026-08-04T00:00:00-05:00
ocds-dgv273-seacev3-1238786,ocds-dgv273-seacev3-1238786-2026-08-20T10:30:56.693214-05:00,1238786-10107381738,9102.5,PEN,Soles,2026-08-04T00:00:00-05:00
ocds-dgv273-seacev3-1234255,ocds-dgv273-seacev3-1234255-2026-08-20T10:30:56.571836-05:00,1234255-20317137061,193440.0,PEN,Soles,2026-08-10T00:00:00-05:00
ocds-dgv273-seacev3-1232743,ocds-dgv273-seacev3-1232743-2026-08-20T10:30:56.539975-05:00,1232743-20511037001,66220.0,PEN,Soles,2026-07-21T00:00:00-05:00
ocds-dgv273-seacev3-1231344,ocds-dgv273-seacev3-1231344-2026-08-20T10:30:55.889123-05:00,1231344-10803066341,220030.47,PEN,Soles,2026-08-10T00:00:00-05:00
ocds-dgv273-seacev3-1232886,ocds-dgv273-seacev3-1232886-2026-08-20T10:30:55.738770-05:00,1232886-1815318,1138501.38,PEN,Soles,2026-08-03T00:00:00-05:00
ocds-dgv273-seacev3-1232793,ocds-dgv273-seacev3-1232793-2026-08-20T10:30:55.513584-05:00,1232793-20511037001,133163.79,PEN,Soles,2026-07-24T00:00:00-05:00
ocds-dgv273-seacev3-1231976,ocds-dgv273-seacev3-1231976-2026-08-20T10:30:55.463719-05:00,1231976-10460852868,42600.0,PEN,Soles,2026-08-03T00:00:00-05:00
ocds-dgv273-seacev3-2026-2430-8,ocds-dgv273-seacev3-2026-2430-8-2026-08-20T10:30:55.337897-05:00,1231131-20513581476,165300.0,PEN,Soles,2026-08-17T00:00:00-05:00
ocds-dgv273-seacev3-1238975,ocds-dgv273-seacev3-1238975-2026-08-20T10:30:50.248388-05:00,1238975-20121539706,2520.0,PEN,Soles,2026-08-05T00:00:00-05:00
ocds-dgv273-seacev3-1238751,ocds-dgv273-seacev3-1238751-2026-08-20T10:30:49.976012-05:00,1238751-20451741404,14330.0,PEN,Soles,2026-08-05T00:00:00-05:00
ocds-dgv273-seacev3-1232878,ocds-dgv273-seacev3-1232878-2026-08-20T10:30:49.753834-05:00,1232878-20604626693,66990.0,PEN,Soles,2026-08-03T00:00:00-05:00
ocds-dgv273-seacev3-1234968,ocds-dgv273-seacev3-1234968-2026-08-20T10:30:49.449993-05:00,1234968-20603943563,524000.0,PEN,Soles,2026-07-22T00:00:00-05:00
ocds-dgv273-seacev3-1236850,ocds-dgv273-seacev3-1236850-2026-08-20T10:30:49.303678-05:00,1236850-1815331,7524130.13,PEN,Soles,2026-07-24T00:00:00-05:00
ocds-dgv273-seacev3-2026-13-44,ocds-dgv273-seacev3-2026-13-44-2026-08-20T10:30:48.748608-05:00,1232456-20388307677,482573.99,PEN,Soles,2026-08-05T00:00:00-05:00
ocds-dgv273-seacev3-1238817,ocds-dgv273-seacev3-1238817-2026-08-20T10:30:46.679385-05:00,1238817-20602490085,17920.0,PEN,Soles,2026-08-04T00:00:00-05:00
ocds-dgv273-seacev3-1233936,ocds-dgv273-seacev3-1233936-2026-08-20T10:30:46.154876-05:00,1233936-20573029764,175425.2,PEN,Soles,2026-07-24T00:00:00-05:00
ocds-dgv273-seacev3-1232046,ocds-dgv273-seacev3-1232046-2026-08-20T10:30:45.326784-05:00,1232046-10195577281,219035.0,PEN,Soles,2026-07-21T00:00:00-05:00
ocds-dgv273-seacev3-1231443,ocds-dgv273-seacev3-1231443-2026-08-20T10:30:45.170967-05:00,1231443-20600616235,179508.0,PEN,Soles,2026-07-17T00:00:00-05:00
ocds-dgv273-seacev3-2026-10141-67,ocds-dgv273-seacev3-2026-10141-67-2026-08-20T10:30:44.745620-05:00,1230975-20606223553,47999.0,PEN,Soles,2026-07-22T00:00:00-05:00
ocds-dgv273-seacev3-1230457,ocds-dgv273-seacev3-1230457-2026-08-20T10:30:44.517892-05:00,1230457-1812286,194375.1,PEN,Soles,2026-07-17T00:00:00-05:00
ocds-dgv273-seacev3-1233966,ocds-dgv273-seacev3-1233966-2026-08-20T10:30:39.266271-05:00,1233966-20604250685,121514.0,PEN,Soles,2026-07-24T00:00:00-05:00
ocds-dgv273-seacev3-1238691,ocds-dgv273-seacev3-1238691-2026-08-20T10:30:37.639503-05:00,1238691-20553804818,8400.0,PEN,Soles,2026-08-04T00:00:00-05:00
ocds-dgv273-seacev3-1232861,ocds-dgv273-seacev3-1232861-2026-08-20T10:30:37.527086-05:00,1232861-20606267241,104483.57,PEN,Soles,2026-08-03T00:00:00-05:00
ocds-dgv273-seacev3-1237958,ocds-dgv273-seacev3-1237958-2026-08-20T10:30:37.012005-05:00,1237958-1820083,1462682.04,PEN,Soles,2026-08-17T00:00:00-05:00
ocds-dgv273-seacev3-1231157,ocds-dgv273-seacev3-1231157-2026-08-20T10:30:36.984535-05:00,1231157-20564173895,81250.0,PEN,Soles,2026-07-23T12:45:54-05:00
ocds-dgv273-seacev3-1230623,ocds-dgv273-seacev3-1230623-2026-08-20T10:30:36.632930-05:00,1230623-1811827,214609.58,PEN,Nuevos Soles,2026-07-16T00:00:00-05:00
ocds-dgv273-seacev3-1237357,ocds-dgv273-seacev3-1237357-2026-08-20T10:30:36.582364-05:00,1237357-10481442384,55500.0,PEN,Soles,2026-08-05T00:00:00-05:00
ocds-dgv273-seacev3-1233871,ocds-dgv273-seacev3-1233871-2026-08-20T10:30:36.567036-05:00,1233871-20511037001,134300.0,PEN,Soles,2026-07-24T00:00:00-05:00
ocds-dgv273-seacev3-1235935,ocds-dgv273-seacev3-1235935-2026-08-20T10:30:36.466884-05:00,1235935-20611676621,50020.0,PEN,Soles,2026-07-31T00:00:00-05:00
ocds-dgv273-seacev3-1236075,ocds-dgv273-seacev3-1236075-2026-08-20T10:30:36.035415-05:00,1236075-20524020425,119500.0,PEN,Soles,2026-08-10T00:00:00-05:00
ocds-dgv273-seacev3-1237483,ocds-dgv273-seacev3-1237483-2026-08-20T10:30:35.130840-05:00,1237483-1817024,2702379.6,PEN,Soles,2026-08-04T00:00:00-05:00
ocds-dgv273-seacev3-1233598,ocds-dgv273-seacev3-1233598-2026-08-20T10:30:34.733994-05:00,1233598-20609706903,74500.0,PEN,Soles,2026-07-31T00:00:00-05:00
ocds-dgv273-seacev3-1235917,ocds-dgv273-seacev3-1235917-2026-08-20T10:30:34.648629-05:00,1235917-10720272631,49920.0,PEN,Soles,2026-08-03T00:00:00-05:00
ocds-dgv273-seacev3-1238846,ocds-dgv273-seacev3-1238846-2026-08-20T10:30:34.585868-05:00,1238846-20297885538,27900.16,PEN,Soles,2026-08-05T00:00:00-05:00
ocds-dgv273-seacev3-1231451,ocds-dgv273-seacev3-1231451-2026-08-20T10:30:34.558499-05:00,1231451-10077371422,48000.0,PEN,Soles,2026-07-10T00:00:00-05:00
ocds-dgv273-seacev3-1230884,ocds-dgv273-seacev3-1230884-2026-08-20T10:30:33.923728-05:00,1230884-20610968423,76105.5,PEN,Soles,2026-07-15T00:00:00-05:00
ocds-dgv273-seacev3-1229834,ocds-dgv273-seacev3-1229834-2026-08-20T10:30:33.852914-05:00,1229834-20600638760,174096.0,PEN,Soles,2026-07-20T00:00:00-05:00
ocds-dgv273-seacev3-1235103,ocds-dgv273-seacev3-1235103-2026-08-20T10:30:30.488588-05:00,1235103-20568288778,60800.0,PEN,Soles,2026-07-24T00:00:00-05:00
ocds-dgv273-seacev3-1238633,ocds-dgv273-seacev3-1238633-2026-08-20T10:30:27.350595-05:00,1238633-20134081229,24268.8,PEN,Soles,2026-08-04T00:00:00-05:00
ocds-dgv273-seacev3-1232575,ocds-dgv273-seacev3-1232575-2026-08-20T10:30:26.610691-05:00,1232575-10285709411,55000.0,PEN,Soles,2026-08-10T00:00:00-05:00
ocds-dgv273-seacev3-1233862,ocds-dgv273-seacev3-1233862-2026-08-20T10:30:26.166594-05:00,1233862-10405237470,85694.0,PEN,Nuevos Soles,2026-07-24T00:00:00-05:00
ocds-dgv273-seacev3-1231951,ocds-dgv273-seacev3-1231951-2026-08-20T10:30:25.961412-05:00,1231951-20605416790,104000.0,PEN,Soles,2026-07-24T00:00:00-05:00
ocds-dgv273-seacev3-1232812,ocds-dgv273-seacev3-1232812-2026-08-20T10:30:25.862729-05:00,1232812-20604278458,89310.0,PEN,Soles,2026-08-03T00:00:00-05:00
ocds-dgv273-seacev3-1232897,ocds-dgv273-seacev3-1232897-2026-08-20T10:30:25.847033-05:00,1232897-10437873360,126500.0,PEN,Soles,2026-07-30T00:00:00-05:00
ocds-dgv273-seacev3-1239948,ocds-dgv273-seacev3-1239948-2026-08-20T10:30:25.771495-05:00,1239948-20600397789,66600.0,PEN,Soles,2026-08-10T00:00:00-05:00
ocds-dgv273-seacev3-1233229,ocds-dgv273-seacev3-1233229-2026-08-20T10:30:25.401720-05:00,1233229-10454889571,57444.75,PEN,Nuevos Soles,2026-07-22T00:00:00-05:00
ocds-dgv273-seacev3-1238063,ocds-dgv273-seacev3-1238063-2026-08-20T10:30:25.261161-05:00,1238063-20510430906,7500.0,PEN,Soles,2026-08-04T00:00:00-05:00
ocds-dgv273-seacev3-1235550,ocds-dgv273-seacev3-1235550-2026-08-20T10:30:25.017193-05:00,1235550-20608486951,396000.0,PEN,Soles,2026-08-07T00:00:00-05:00
ocds-dgv273-seacev3-1234348,ocds-dgv273-seacev3-1234348-2026-08-20T10:30:24.185446-05:00,1234348-1816459,1219871.87,PEN,Soles,2026-08-10T00:00:00-05:00
ocds-dgv273-seacev3-1234157,ocds-dgv273-seacev3-1234157-2026-08-20T10:30:23.157446-05:00,1234157-20608287958,113350.0,PEN,Soles,2026-08-05T00:00:00-05:00
ocds-dgv273-seacev3-1231703,ocds-dgv273-seacev3-1231703-2026-08-20T10:30:22.344016-05:00,1231703-20537274922,49000.0,PEN,Soles,2026-07-24T00:00:00-05:00
ocds-dgv273-seacev3-1231855,ocds-dgv273-seacev3-1231855-2026-08-20T10:30:22.231817-05:00,1231855-10408870475,167823.8,PEN,Soles,2026-07-16T00:00:00-05:00
ocds-dgv273-seacev3-2026-1960-26,ocds-dgv273-seacev3-2026-1960-26-2026-08-20T10:30:21.850730-05:00,1230085-20100862132,53890.0,PEN,Soles,2026-07-31T00:00:00-05:00
ocds-dgv273-seacev3-1234974,ocds-dgv273-seacev3-1234974-2026-08-20T10:30:15.642635-05:00,1234974-20502257987,387200.0,PEN,Soles,2026-08-11T00:00:00-05:00
ocds-dgv273-seacev3-1235906,ocds-dgv273-seacev3-1235906-2026-08-20T10:30:15.382063-05:00,1235906-20601939941,54390.0,PEN,Soles,2026-08-05T00:00:00-05:00
ocds-dgv273-seacev3-1234904,ocds-dgv273-seacev3-1234904-2026-08-20T10:30:15.211946-05:00,1234904-1815252,371640.98,PEN,Soles,2026-07-24T00:00:00-05:00
ocds-dgv273-seacev3-2026-1493-14,ocds-dgv273-seacev3-2026-1493-14-2026-08-20T10:30:15.156917-05:00,1233062-1816169,2589952.16,PEN,Soles,2026-08-03T00:00:00-05:00
ocds-dgv273-seacev3-1236638,ocds-dgv273-seacev3-1236638-2026-08-20T10:30:14.928328-05:00,1236638-20603580703,99990.0,PEN,Soles,2026-08-04T00:00:00-05:00
ocds-dgv273-seacev3-2026-1493-12,ocds-dgv273-seacev3-2026-1493-12-2026-08-20T10:30:14.905408-05:00,1233026-1816127,2224557.09,PEN,Soles,2026-07-31T00:00:00-05:00
ocds-dgv273-seacev3-1233999,ocds-dgv273-seacev3-1233999-2026-08-20T10:30:14.676034-05:00,1233999-20611540800,67273.25,PEN,Soles,2026-07-24T00:00:00-05:00
ocds-dgv273-seacev3-1233513,ocds-dgv273-seacev3-1233513-2026-08-20T10:30:14.625667-05:00,1233513-20511037001,80792.0,PEN,Soles,2026-07-24T00:00:00-05:00
ocds-dgv273-seacev3-1230026,ocds-dgv273-seacev3-1230026-2026-08-20T10:30:13.896901-05:00,1230026-1813496,2931033.16,PEN,Soles,2026-07-24T00:00:00-05:00
ocds-dgv273-seacev3-1238971,ocds-dgv273-seacev3-1238971-2026-08-20T10:30:13.351355-05:00,1238971-20517932851,45000.0,PEN,Soles,2026-08-05T00:00:00-05:00
ocds-dgv273-seacev3-1236083,ocds-dgv273-seacev3-1236083-2026-08-20T10:30:13.292270-05:00,1236083-20524020425,179650.0,PEN,Soles,2026-08-10T00:00:00-05:00
ocds-dgv273-seacev3-1232008,ocds-dgv273-seacev3-1232008-2026-08-20T10:30:13.202689-05:00,1232008-10167911019,81176.53,PEN,Soles,2026-07-22T00:00:00-05:00
ocds-dgv273-seacev3-1233545,ocds-dgv273-seacev3-1233545-2026-08-20T10:30:10.959368-05:00,1233545-20613494295,96320.0,PEN,Soles,2026-07-22T00:00:00-05:00
ocds-dgv273-seacev3-1237874,ocds-dgv273-seacev3-1237874-2026-08-20T10:30:10.565851-05:00,1237874-1820085,1981514.28,PEN,Soles,2026-08-17T00:00:00-05:00
ocds-dgv273-seacev3-1234677,ocds-dgv273-seacev3-1234677-2026-08-20T10:30:10.550793-05:00,1234677-20137015987,367992.0,PEN,Soles,2026-08-03T00:00:00-05:00
ocds-dgv273-seacev3-1230519,ocds-dgv273-seacev3-1230519-2026-08-20T10:30:10.400208-05:00,1230519-1811807,110955.76,PEN,Soles,2026-07-16T00:00:00-05:00
ocds-dgv273-seacev3-1238804,ocds-dgv273-seacev3-1238804-2026-08-20T10:30:10.352738-05:00,1238804-20606790890,18312.22,PEN,Soles,2026-08-04T00:00:00-05:00
ocds-dgv273-seacev3-1234083,ocds-dgv273-seacev3-1234083-2026-08-20T10:30:10.235429-05:00,1234083-20528064028,205000.0,PEN,Soles,2026-07-31T00:00:00-05:00
ocds-dgv273-seacev3-1235927,ocds-dgv273-seacev3-1235927-2026-08-20T10:30:10.131859-05:00,1235927-20613901478,95000.0,PEN,Soles,2026-08-03T00:00:00-05:00
ocds-dgv273-seacev3-1232888,ocds-dgv273-seacev3-1232888-2026-08-20T10:30:10.006397-05:00,1232888-1814538,297965.4,PEN,Soles,2026-07-22T00:00:00-05:00
ocds-dgv273-seacev3-1232696,ocds-dgv273-seacev3-1232696-2026-08-20T10:30:09.930407-05:00,1232696-20532557951,95940.0,PEN,Soles,2026-07-15T00:00:00-05:00
ocds-dgv273-seacev3-1232674,ocds-dgv273-seacev3-1232674-2026-08-20T10:30:09.725672-05:00,1232674-20615268578,162950.0,PEN,Soles,2026-08-05T00:00:00-05:00
ocds-dgv273-seacev3-1235910,ocds-dgv273-seacev3-1235910-2026-08-20T10:30:05.254134-05:00,1235910-20552987854,84950.0,PEN,Soles,2026-08-03T00:00:00-05:00
ocds-dgv273-seacev3-1240444,ocds-dgv273-seacev3-1240444-2026-08-19T10:31:55.702169-05:00,1240444-10167648873,65000.0,PEN,Soles,2026-08-12T00:00:00-05:00
ocds-dgv273-seacev3-1239853,ocds-dgv273-seacev3-1239853-2026-08-19T10:31:55.499569-05:00,1239853-10767335640,25000.0,PEN,Soles,2026-08-10T00:00:00-05:00
ocds-dgv273-seacev3-1238003,ocds-dgv273-seacev3-1238003-2026-08-19T10:31:54.601089-05:00,1238003-1817904,1348404.68,PEN,Soles,2026-08-05T00:00:00-05:00
ocds-dgv273-seacev3-2026-32-39,ocds-dgv273-seacev3-2026-32-39-2026-08-19T10:31:53.737400-05:00,1234256-20610590021,93000.0,PEN,Soles,2026-08-07T00:00:00-05:00
ocds-dgv273-seacev3-1236316,ocds-dgv273-seacev3-1236316-2026-08-19T10:31:53.696868-05:00,1236316-20521301237,317535.0,PEN,Soles,2026-07-31T00:00:00-05:00
ocds-dgv273-seacev3-1235678,ocds-dgv273-seacev3-1235678-2026-08-19T10:31:53.662067-05:00,1235678-20603717393,89000.0,PEN,Nuevos Soles,2026-08-11T00:00:00-05:00
ocds-dgv273-seacev3-1235766,ocds-dgv273-seacev3-1235766-2026-08-19T10:31:53.484158-05:00,1235766-20137015987,210750.0,PEN,Soles,2026-08-10T00:00:00-05:00
ocds-dgv273-seacev3-1231930,ocds-dgv273-seacev3-1231930-2026-08-19T10:31:53.362343-05:00,1231930-20609165465,138152.5,PEN,Soles,2026-07-20T00:00:00-05:00
ocds-dgv273-seacev3-1235468,ocds-dgv273-seacev3-1235468-2026-08-19T10:31:53.053681-05:00,1235468-20525863728,436366.84,PEN,Soles,2026-08-04T00:00:00-05:00
ocds-dgv273-seacev3-1234361,ocds-dgv273-seacev3-1234361-2026-08-19T10:31:52.755431-05:00,1234361-20516336529,287057.04,PEN,Soles,2026-08-10T00:00:00-05:00
ocds-dgv273-seacev3-1234499,ocds-dgv273-seacev3-1234499-2026-08-19T10:31:52.572030-05:00,1234499-20338570041,382841.03,PEN,Soles,2026-08-04T00:00:00-05:00
ocds-dgv273-seacev3-1234944,ocds-dgv273-seacev3-1234944-2026-08-19T10:31:51.102419-05:00,1234944-20614968398,193935.0,PEN,Soles,2026-08-04T20:12:38-05:00
ocds-dgv273-seacev3-1238590,ocds-dgv273-seacev3-1238590-2026-08-19T10:31:51.044178-05:00,1238590-10075688704,46000.0,PEN,Soles,2026-08-04T00:00:00-05:00
ocds-dgv273-seacev3-1232912,ocds-dgv273-seacev3-1232912-2026-08-19T10:31:50.310075-05:00,1232912-10423344909,128702.73,PEN,Soles,2026-08-03T00:00:00-05:00
ocds-dgv273-seacev3-1236841,ocds-dgv273-seacev3-1236841-2026-08-19T10:31:50.222188-05:00,1236841-10224688721,79800.0,PEN,Soles,2026-07-31T00:00:00-05:00
ocds-dgv273-seacev3-1239535,ocds-dgv273-seacev3-1239535-2026-08-19T10:31:50.140604-05:00,1239535-10473584501,25000.0,PEN,Soles,2026-08-07T00:00:00-05:00
ocds-dgv273-seacev3-1234728,ocds-dgv273-seacev3-1234728-2026-08-19T10:31:50.126530-05:00,1234728-1817139,151025.38,PEN,Soles,2026-08-10T00:00:00-05:00
ocds-dgv273-seacev3-1235387,ocds-dgv273-seacev3-1235387-2026-08-19T10:31:50.062477-05:00,1235387-20450430537,804542.66,PEN,Soles,2026-08-05T00:00:00-05:00
ocds-dgv273-seacev3-1236210,ocds-dgv273-seacev3-1236210-2026-08-19T10:31:49.266286-05:00,1236210-1819327,250000.0,PEN,Soles,2026-08-14T00:00:00-05:00
ocds-dgv273-seacev3-1233296,ocds-dgv273-seacev3-1233296-2026-08-19T10:31:49.147785-05:00,1233296-20563379112,164990.0,PEN,Soles,2026-07-30T00:00:00-05:00
ocds-dgv273-seacev3-1233619,ocds-dgv273-seacev3-1233619-2026-08-19T10:31:48.955583-05:00,1233619-10407933929,120000.0,PEN,Soles,2026-08-14T00:00:00-05:00
ocds-dgv273-seacev3-1230087,ocds-dgv273-seacev3-1230087-2026-08-19T10:31:47.977932-05:00,1230087-1820337,7464072.18,PEN,Soles,2026-08-17T00:00:00-05:00
ocds-dgv273-seacev3-1230178,ocds-dgv273-seacev3-1230178-2026-08-19T10:31:47.909870-05:00,1230178-20614303744,112200.0,PEN,Soles,2026-07-15T00:00:00-05:00
ocds-dgv273-seacev3-1231731,ocds-dgv273-seacev3-1231731-2026-08-19T10:31:43.305088-05:00,1231731-10108110363,99201.2,PEN,Nuevos Soles,2026-07-30T00:00:00-05:00
ocds-dgv273-seacev3-1232129,ocds-dgv273-seacev3-1232129-2026-08-19T10:31:43.271439-05:00,1232129-20611606223,55000.0,PEN,Soles,2026-07-14T00:00:00-05:00
ocds-dgv273-seacev3-1230476,ocds-dgv273-seacev3-1230476-2026-08-19T10:31:42.821021-05:00,1230476-20490443054,205875.0,PEN,Soles,2026-07-14T00:00:00-05:00
ocds-dgv273-seacev3-1234672,ocds-dgv273-seacev3-1234672-2026-08-19T10:31:42.595480-05:00,1234672-20613419978,44070.0,PEN,Soles,2026-07-24T00:00:00-05:00
ocds-dgv273-seacev3-1234507,ocds-dgv273-seacev3-1234507-2026-08-19T10:31:42.192120-05:00,1234507-20550934079,619875.96,PEN,Soles,2026-08-14T00:00:00-05:00
ocds-dgv273-seacev3-1235996,ocds-dgv273-seacev3-1235996-2026-08-19T10:31:41.834805-05:00,1235996-10474520680,94500.0,PEN,Soles,2026-07-31T00:00:00-05:00
ocds-dgv273-seacev3-2026-1747-25,ocds-dgv273-seacev3-2026-1747-25-2026-08-19T10:31:41.759123-05:00,1234402-20601746141,87874.0,PEN,Soles,2026-07-22T00:00:00-05:00
ocds-dgv273-seacev3-1236242,ocds-dgv273-seacev3-1236242-2026-08-19T10:31:40.961127-05:00,1236242-1818588,247690.0,PEN,Soles,2026-08-10T00:00:00-05:00
ocds-dgv273-seacev3-1235214,ocds-dgv273-seacev3-1235214-2026-08-19T10:31:40.783591-05:00,1235214-20601042003,224999.0,PEN,Soles,2026-08-17T00:00:00-05:00
ocds-dgv273-seacev3-1240000,ocds-dgv273-seacev3-1240000-2026-08-19T10:31:40.176409-05:00,1240000-10174550226,25000.0,PEN,Soles,2026-08-10T00:00:00-05:00
ocds-dgv273-seacev3-1234846,ocds-dgv273-seacev3-1234846-2026-08-19T10:31:38.698584-05:00,1234846-1820419,1803176.13,PEN,Soles,2026-08-14T00:00:00-05:00
ocds-dgv273-seacev3-1232852,ocds-dgv273-seacev3-1232852-2026-08-19T10:31:38.432519-05:00,1232852-20511037001,152122.86,PEN,Soles,2026-07-21T00:00:00-05:00
ocds-dgv273-seacev3-1187412,ocds-dgv273-seacev3-1187412-2026-08-19T10:31:38.265124-05:00,1187412-10707634826,5600.0,PEN,Soles,2026-08-13T00:00:00-05:00
ocds-dgv273-seacev3-1238692,ocds-dgv273-seacev3-1238692-2026-08-19T10:31:38.160356-05:00,1238692-10465379265,25000.0,PEN,Soles,2026-08-04T00:00:00-05:00
ocds-dgv273-seacev3-1237987,ocds-dgv273-seacev3-1237987-2026-08-19T10:31:38.139661-05:00,1237987-10428468461,49100.0,PEN,Soles,2026-08-05T00:00:00-05:00
ocds-dgv273-seacev3-2026-200345-24,ocds-dgv273-seacev3-2026-200345-24-2026-08-19T10:31:38.015755-05:00,1231394-20564526135,211248.0,PEN,Soles,2026-08-03T00:00:00-05:00
ocds-dgv273-seacev3-1232083,ocds-dgv273-seacev3-1232083-2026-08-19T10:31:37.432914-05:00,1232083-20394063577,55494.0,PEN,Soles,2026-07-17T11:03:47-05:00
ocds-dgv273-seacev3-1231873,ocds-dgv273-seacev3-1231873-2026-08-19T10:31:37.404897-05:00,1231873-20511037001,102200.0,PEN,Soles,2026-07-20T00:00:00-05:00
ocds-dgv273-seacev3-1230203,ocds-dgv273-seacev3-1230203-2026-08-19T10:31:37.333338-05:00,1230203-20607684422,252000.0,PEN,Soles,2026-07-20T00:00:00-05:00
ocds-dgv273-seacev3-1232605,ocds-dgv273-seacev3-1232605-2026-08-19T10:31:37.092427-05:00,1232605-10426458280,605896.42,PEN,Soles,2026-07-16T00:00:00-05:00
ocds-dgv273-seacev3-1230444,ocds-dgv273-seacev3-1230444-2026-08-19T10:31:36.842149-05:00,1230444-20602688195,343209.28,PEN,Soles,2026-07-17T00:00:00-05:00
ocds-dgv273-seacev3-2026-399-41,ocds-dgv273-seacev3-2026-399-41-2026-08-19T10:31:36.719634-05:00,1229957-1813033,578500.0,PEN,Soles,2026-08-14T00:00:00-05:00
ocds-dgv273-seacev3-1235251,ocds-dgv273-seacev3-1235251-2026-08-19T10:31:31.420382-05:00,1235251-20138097804,7139.0,PEN,Soles,2026-08-14T00:00:00-05:00
ocds-dgv273-seacev3-1232944,ocds-dgv273-seacev3-1232944-2026-08-19T10:31:31.098006-05:00,1232944-20393379911,269800.0,PEN,Soles,2026-07-31T00:00:00-05:00
ocds-dgv273-seacev3-1234095,ocds-dgv273-seacev3-1234095-2026-08-19T10:31:30.970064-05:00,1234095-20610692665,82000.0,PEN,Soles,2026-07-31T00:00:00-05:00
ocds-dgv273-seacev3-1240229,ocds-dgv273-seacev3-1240229-2026-08-19T10:31:30.925575-05:00,1240229-20612763438,38000.0,PEN,Soles,2026-08-11T00:00:00-05:00
ocds-dgv273-seacev3-1237312,ocds-dgv273-seacev3-1237312-2026-08-19T10:31:30.772146-05:00,1237312-20601892139,3357044.8,PEN,Soles,2026-08-03T00:00:00-05:00
ocds-dgv273-seacev3-1235425,ocds-dgv273-seacev3-1235425-2026-08-19T10:31:30.206635-05:00,1235425-10418113435,98850.0,PEN,Soles,2026-07-31T00:00:00-05:00
ocds-dgv273-seacev3-1237259,ocds-dgv273-seacev3-1237259-2026-08-19T10:31:30.139072-05:00,1237259-20608557190,145500.0,PEN,Soles,2026-08-11T00:00:00-05:00
ocds-dgv273-seacev3-1233782,ocds-dgv273-seacev3-1233782-2026-08-19T10:31:30.068420-05:00,1233782-20603520344,149400.0,PEN,Soles,2026-08-05T00:00:00-05:00
ocds-dgv273-seacev3-2026-1960-25,ocds-dgv273-seacev3-2026-1960-25-2026-08-19T10:31:29.775546-05:00,1230093-20101279635,105830.0,PEN,Soles,2026-08-03T00:00:00-05:00
ocds-dgv273-seacev3-1236531,ocds-dgv273-seacev3-1236531-2026-08-19T10:31:29.738778-05:00,1236531-10316321203,69600.35,PEN,Soles,2026-08-11T00:00:00-05:00
ocds-dgv273-seacev3-1233161,ocds-dgv273-seacev3-1233161-2026-08-19T10:31:29.722489-05:00,1233161-20511037001,74043.71,PEN,Soles,2026-07-22T00:00:00-05:00
ocds-dgv273-seacev3-1233845,ocds-dgv273-seacev3-1233845-2026-08-19T10:31:28.391019-05:00,1233845-20610276220,150910.2,PEN,Soles,2026-08-03T00:00:00-05:00
ocds-dgv273-seacev3-1240695,ocds-dgv273-seacev3-1240695-2026-08-19T10:31:28.238379-05:00,1240695-10726091531,34299.91,PEN,Soles,2026-08-12T00:00:00-05:00
ocds-dgv273-seacev3-1231565,ocds-dgv273-seacev3-1231565-2026-08-19T10:31:27.851946-05:00,1231565-1813745,1030138.44,PEN,Soles,2026-07-21T00:00:00-05:00
ocds-dgv273-seacev3-1237770,ocds-dgv273-seacev3-1237770-2026-08-19T10:31:27.742455-05:00,1237770-20610410554,59632.45,PEN,Soles,2026-08-07T00:00:00-05:00
ocds-dgv273-seacev3-1230145,ocds-dgv273-seacev3-1230145-2026-08-19T10:31:27.654269-05:00,1230145-20613876953,259471.2,PEN,Soles,2026-07-10T18:02:54-05:00
ocds-dgv273-seacev3-1237226,ocds-dgv273-seacev3-1237226-2026-08-19T10:31:27.327656-05:00,1237226-20100077044,104199.9,PEN,Soles,2026-08-17T00:00:00-05:00
ocds-dgv273-seacev3-1231286,ocds-dgv273-seacev3-1231286-2026-08-19T10:31:27.284911-05:00,1231286-1809916,1388999.11,PEN,Soles,2026-07-13T00:00:00-05:00
ocds-dgv273-seacev3-1229633,ocds-dgv273-seacev3-1229633-2026-08-19T10:31:27.042929-05:00,1229633-20603333137,137000.0,PEN,Soles,2026-07-22T00:00:00-05:00
ocds-dgv273-seacev3-2026-80812-8,ocds-dgv273-seacev3-2026-80812-8-2026-08-19T10:31:26.721658-05:00,1230172-10412324965,139314.6,PEN,Soles,2026-07-16T00:00:00-05:00
ocds-dgv273-seacev3-1231094,ocds-dgv273-seacev3-1231094-2026-08-19T10:31:26.106681-05:00,1231094-20609269376,52890.0,PEN,Soles,2026-07-17T00:00:00-05:00
ocds-dgv273-seacev3-1232791,ocds-dgv273-seacev3-1232791-2026-08-19T10:31:25.952529-05:00,1232791-20203058781,116112.0,USD,Dólar Norteamericano,2026-07-10T00:00:00-05:00
ocds-dgv273-seacev3-1231634,ocds-dgv273-seacev3-1231634-2026-08-19T10:31:25.810644-05:00,1231634-1818801,1127078.45,PEN,Soles,2026-08-14T00:00:00-05:00
ocds-dgv273-seacev3-1231129,ocds-dgv273-seacev3-1231129-2026-08-19T10:31:25.705940-05:00,1231129-1812119,1302320.5,PEN,Soles,2026-07-17T00:00:00-05:00
ocds-dgv273-seacev3-1238479,ocds-dgv273-seacev3-1238479-2026-08-19T10:31:19.246605-05:00,1238479-10411052279,16500.0,PEN,Soles,2026-08-04T00:00:00-05:00
ocds-dgv273-seacev3-2026-1871-12,ocds-dgv273-seacev3-2026-1871-12-2026-08-19T10:31:19.024305-05:00,1234203-20601520827,96999.0,PEN,Soles,2026-07-30T00:00:00-05:00
ocds-dgv273-seacev3-1235852,ocds-dgv273-seacev3-1235852-2026-08-19T10:31:18.331318-05:00,1235852-20614629151,77800.0,PEN,Soles,2026-07-31T00:00:00-05:00
ocds-dgv273-seacev3-1234618,ocds-dgv273-seacev3-1234618-2026-08-19T10:31:18.315915-05:00,1234618-20601071461,88000.0,PEN,Soles,2026-07-22T00:00:00-05:00
ocds-dgv273-seacev3-1237982,ocds-dgv273-seacev3-1237982-2026-08-19T10:31:17.773870-05:00,1237982-1817577,909985.28,PEN,Soles,2026-08-04T00:00:00-05:00
ocds-dgv273-seacev3-1232222,ocds-dgv273-seacev3-1232222-2026-08-19T10:31:17.449664-05:00,1232222-10413420054,239165.0,PEN,Soles,2026-08-05T00:00:00-05:00
ocds-dgv273-seacev3-1231351,ocds-dgv273-seacev3-1231351-2026-08-19T10:31:16.795736-05:00,1231351-20499133899,169000.0,PEN,Soles,2026-08-07T00:00:00-05:00
ocds-dgv273-seacev3-1230567,ocds-dgv273-seacev3-1230567-2026-08-19T10:31:16.439896-05:00,1230567-20612203602,75000.0,PEN,Soles,2026-07-22T00:00:00-05:00
ocds-dgv273-seacev3-1241099,ocds-dgv273-seacev3-1241099-2026-08-19T10:31:16.001261-05:00,1241099-10097512898,48000.0,PEN,Soles,2026-08-13T00:00:00-05:00
ocds-dgv273-seacev3-1232668,ocds-dgv273-seacev3-1232668-2026-08-19T10:31:15.298650-05:00,1232668-20608384139,99922.0,PEN,Soles,2026-07-16T00:00:00-05:00
ocds-dgv273-seacev3-1230403,ocds-dgv273-seacev3-1230403-2026-08-19T10:31:14.747460-05:00,1230403-20100287791,94160.0,PEN,Nuevos Soles,2026-07-13T00:00:00-05:00
ocds-dgv273-seacev3-1241256,ocds-dgv273-seacev3-1241256-2026-08-19T10:31:08.332527-05:00,1241256-10167865556,31960.0,PEN,Soles,2026-08-13T00:00:00-05:00
ocds-dgv273-seacev3-1239901,ocds-dgv273-seacev3-1239901-2026-08-19T10:31:08.277082-05:00,1239901-10475396702,25000.0,PEN,Soles,2026-08-10T00:00:00-05:00
ocds-dgv273-seacev3-1234127,ocds-dgv273-seacev3-1234127-2026-08-19T10:31:08.044298-05:00,1234127-1817752,1877221.38,PEN,Soles,2026-08-13T00:00:00-05:00
ocds-dgv273-seacev3-1234240,ocds-dgv273-seacev3-1234240-2026-08-19T10:31:07.608882-05:00,1234240-20604339686,44550.1,PEN,Soles,2026-08-03T00:00:00-05:00
ocds-dgv273-seacev3-1241174,ocds-dgv273-seacev3-1241174-2026-08-19T10:31:07.493848-05:00,1241174-10258525472,5600.0,PEN,Soles,2026-08-13T00:00:00-05:00
ocds-dgv273-seacev3-1235340,ocds-dgv273-seacev3-1235340-2026-08-19T10:31:07.215215-05:00,1235340-1819268,804501.93,PEN,Soles,2026-08-14T00:00:00-05:00
ocds-dgv273-seacev3-1236684,ocds-dgv273-seacev3-1236684-2026-08-19T10:31:06.885828-05:00,1236684-1819941,323717.86,PEN,Soles,2026-08-13T00:00:00-05:00
ocds-dgv273-seacev3-1237822,ocds-dgv273-seacev3-1237822-2026-08-19T10:31:06.595244-05:00,1237822-20607190781,87472.0,PEN,Soles,2026-08-07T00:00:00-05:00
ocds-dgv273-seacev3-1232402,ocds-dgv273-seacev3-1232402-2026-08-19T10:31:06.135364-05:00,1232402-20600852346,58233.0,PEN,Soles,2026-07-20T00:00:00-05:00
ocds-dgv273-seacev3-1231570,ocds-dgv273-seacev3-1231570-2026-08-19T10:31:06.003026-05:00,1231570-20604226342,57131.52,PEN,Soles,2026-07-24T00:00:00-05:00
ocds-dgv273-seacev3-1233856,ocds-dgv273-seacev3-1233856-2026-08-19T10:31:04.789363-05:00,1233856-20478091771,98600.13,PEN,Soles,2026-07-24T00:00:00-05:00
ocds-dgv273-seacev3-1233608,ocds-dgv273-seacev3-1233608-2026-08-19T10:31:04.725174-05:00,1233608-10700215623,87000.0,PEN,Soles,2026-07-31T00:00:00-05:00
ocds-dgv273-seacev3-1231169,ocds-dgv273-seacev3-1231169-2026-08-19T10:31:04.664104-05:00,1231169-20609186471,135000.0,PEN,Soles,2026-07-16T00:00:00-05:00
ocds-dgv273-seacev3-1233700,ocds-dgv273-seacev3-1233700-2026-08-19T10:31:04.388369-05:00,1233700-10214535446,468000.0,PEN,Soles,2026-07-16T00:00:00-05:00
ocds-dgv273-seacev3-1236784,ocds-dgv273-seacev3-1236784-2026-08-19T10:31:04.278325-05:00,1236784-20481799245,4007714.05,PEN,Soles,2026-07-31T00:00:00-05:00
ocds-dgv273-seacev3-1233998,ocds-dgv273-seacev3-1233998-2026-08-19T10:31:04.263151-05:00,1233998-1816132,483259.83,PEN,Soles,2026-07-31T00:00:00-05:00
ocds-dgv273-seacev3-1237228,ocds-dgv273-seacev3-1237228-2026-08-19T10:31:04.122983-05:00,1237228-1819581,3963558.43,PEN,Soles,2026-08-17T00:00:00-05:00
ocds-dgv273-seacev3-1230200,ocds-dgv273-seacev3-1230200-2026-08-19T10:31:03.919020-05:00,1230200-20393697700,1170269.17,PEN,Soles,2026-07-14T00:00:00-05:00
ocds-dgv273-seacev3-1232979,ocds-dgv273-seacev3-1232979-2026-08-19T10:31:03.630122-05:00,1232979-1814347,70330.73,PEN,Soles,2026-08-05T00:00:00-05:00
ocds-dgv273-seacev3-1231957,ocds-dgv273-seacev3-1231957-2026-08-19T10:31:03.184894-05:00,1231957-10099135862,70000.0,PEN,Soles,2026-07-20T00:00:00-05:00
ocds-dgv273-seacev3-1233516,ocds-dgv273-seacev3-1233516-2026-08-19T10:30:56.985117-05:00,1233516-20609949393,165600.0,PEN,Soles,2026-08-10T00:00:00-05:00
ocds-dgv273-seacev3-1235385,ocds-dgv273-seacev3-1235385-2026-08-19T10:30:55.993580-05:00,1235385-10703306042,88000.0,PEN,Soles,2026-07-30T00:00:00-05:00
ocds-dgv273-seacev3-1235857,ocds-dgv273-seacev3-1235857-2026-08-19T10:30:55.599845-05:00,1235857-20612955850,79254.64,PEN,Soles,2026-07-31T00:00:00-05:00
ocds-dgv273-seacev3-1233538,ocds-dgv273-seacev3-1233538-2026-08-19T10:30:55.221144-05:00,1233538-20613784641,76800.0,PEN,Soles,2026-07-17T00:00:00-05:00
ocds-dgv273-seacev3-1231581,ocds-dgv273-seacev3-1231581-2026-08-19T10:30:55.092736-05:00,1231581-20605110160,160000.0,PEN,Soles,2026-07-20T00:00:00-05:00
ocds-dgv273-seacev3-1236991,ocds-dgv273-seacev3-1236991-2026-08-19T10:30:55.044548-05:00,1236991-1819248,183741.65,PEN,Soles,2026-08-17T00:00:00-05:00
ocds-dgv273-seacev3-1234947,ocds-dgv273-seacev3-1234947-2026-08-19T10:30:54.284685-05:00,1234947-20603746687,5487.0,PEN,Soles,2026-08-17T00:00:00-05:00
ocds-dgv273-seacev3-1233400,ocds-dgv273-seacev3-1233400-2026-08-19T10:30:54.161666-05:00,1233400-10407993433,79139.0,PEN,Soles,2026-07-17T00:00:00-05:00
ocds-dgv273-seacev3-1230673,ocds-dgv273-seacev3-1230673-2026-08-19T10:30:53.092101-05:00,1230673-20449458436,113998.0,PEN,Soles,2026-07-15T00:00:00-05:00
ocds-dgv273-seacev3-2026-1833-21,ocds-dgv273-seacev3-2026-1833-21-2026-08-19T10:30:52.867033-05:00,1230843-20610316922,105484.03,PEN,Soles,2026-07-20T00:00:00-05:00
ocds-dgv273-seacev3-1233658,ocds-dgv273-seacev3-1233658-2026-08-19T10:30:46.132085-05:00,1233658-20613773003,76000.0,PEN,Soles,2026-07-24T00:00:00-05:00
ocds-dgv273-seacev3-2026-2426-34,ocds-dgv273-seacev3-2026-2426-34-2026-08-19T10:30:46.044779-05:00,1237253-20368365981,123429.06,PEN,Soles,2026-08-17T00:00:00-05:00
ocds-dgv273-seacev3-1234365,ocds-dgv273-seacev3-1234365-2026-08-19T10:30:45.176955-05:00,1234365-20540013391,81493.0,PEN,Soles,2026-07-20T00:00:00-05:00
ocds-dgv273-seacev3-1233981,ocds-dgv273-seacev3-1233981-2026-08-19T10:30:44.832088-05:00,1233981-20542022290,231472.3,PEN,Soles,2026-08-07T00:00:00-05:00
ocds-dgv273-seacev3-1234452,ocds-dgv273-seacev3-1234452-2026-08-19T10:30:43.578089-05:00,1234452-20612955850,99645.0,PEN,Soles,2026-07-22T00:00:00-05:00
ocds-dgv273-seacev3-1237677,ocds-dgv273-seacev3-1237677-2026-08-19T10:30:43.463423-05:00,1237677-1817361,1423647.13,PEN,Nuevos Soles,2026-08-03T00:00:00-05:00
ocds-dgv273-seacev3-1233432,ocds-dgv273-seacev3-1233432-2026-08-19T10:30:42.925554-05:00,1233432-1814910,485478.29,PEN,Soles,2026-07-24T00:00:00-05:00
ocds-dgv273-seacev3-1234928,ocds-dgv273-seacev3-1234928-2026-08-19T10:30:42.269599-05:00,1234928-20603746687,2588.0,PEN,Soles,2026-08-17T00:00:00-05:00
ocds-dgv273-seacev3-2026-200202-11,ocds-dgv273-seacev3-2026-200202-11-2026-08-19T10:30:42.253645-05:00,1231675-10200324345,67999.0,PEN,Soles,2026-07-24T00:00:00-05:00
ocds-dgv273-seacev3-1230104,ocds-dgv273-seacev3-1230104-2026-08-19T10:30:40.282694-05:00,1230104-1811155,901459.5,PEN,Soles,2026-07-14T00:00:00-05:00
ocds-dgv273-seacev3-1232176,ocds-dgv273-seacev3-1232176-2026-08-19T10:30:40.172394-05:00,1232176-1814759,90000.0,PEN,Soles,2026-07-24T00:00:00-05:00
ocds-dgv273-seacev3-1232823,ocds-dgv273-seacev3-1232823-2026-08-19T10:30:39.855154-05:00,1232823-20496018169,80920.0,PEN,Soles,2026-07-16T00:00:00-05:00
ocds-dgv273-seacev3-1231867,ocds-dgv273-seacev3-1231867-2026-08-19T10:30:39.774031-05:00,1231867-10224870804,120000.0,PEN,Soles,2026-07-15T00:00:00-05:00
ocds-dgv273-seacev3-1231176,ocds-dgv273-seacev3-1231176-2026-08-18T10:20:41.724993-05:00,1231176-1814579,887230.68,PEN,Soles,2026-07-24T00:00:00-05:00
ocds-dgv273-seacev3-1235324,ocds-dgv273-seacev3-1235324-2026-08-17T10:04:10.934031-05:00,1235324-20451467078,89180.0,PEN,Soles,2026-07-30T00:00:00-05:00
ocds-dgv273-seacev3-1233166,ocds-dgv273-seacev3-1233166-2026-08-17T10:04:08.303041-05:00,1233166-10036607586,72346.5,PEN,Soles,2026-08-03T00:00:00-05:00
ocds-dgv273-seacev3-1237990,ocds-dgv273-seacev3-1237990-2026-08-16T10:08:17.118047-05:00,1237990-20408010498,295790.07,PEN,Soles,2026-08-13T00:00:00-05:00
ocds-dgv273-seacev3-1236076,ocds-dgv273-seacev3-1236076-2026-08-16T10:08:16.388759-05:00,1236076-1815161,1167000.0,PEN,Soles,2026-07-24T00:00:00-05:00
ocds-dgv273-seacev3-1234349,ocds-dgv273-seacev3-1234349-2026-08-16T10:08:16.119036-05:00,1234349-20509654141,101700.0,PEN,Soles,2026-08-13T00:00:00-05:00
ocds-dgv273-seacev3-1234008,ocds-dgv273-seacev3-1234008-2026-08-16T10:08:16.080658-05:00,1234008-1813875,361741.84,PEN,Soles,2026-07-20T00:00:00-05:00
ocds-dgv273-seacev3-1232570,ocds-dgv273-seacev3-1232570-2026-08-16T10:08:15.900151-05:00,1232570-10406971347,1025000.0,PEN,Soles,2026-07-31T00:00:00-05:00
ocds-dgv273-seacev3-1232570,ocds-dgv273-seacev3-1232570-2026-08-16T10:08:15.900151-05:00,1232570-20574763381,500000.0,PEN,Soles,2026-07-31T00:00:00-05:00
ocds-dgv273-seacev3-1232570,ocds-dgv273-seacev3-1232570-2026-08-16T10:08:15.900151-05:00,1232570-20602254489,413000.0,PEN,Soles,2026-07-31T00:00:00-05:00
ocds-dgv273-seacev3-1232479,ocds-dgv273-seacev3-1232479-2026-08-16T10:08:15.877237-05:00,1232479-20563090805,69600.0,PEN,Soles,2026-07-24T00:00:00-05:00
ocds-dgv273-seacev3-1230164,ocds-dgv273-seacev3-1230164-2026-08-16T10:08:15.709168-05:00,1230164-20612250759,241350.0,PEN,Soles,2026-07-17T00:00:00-05:00
ocds-dgv273-seacev3-1230132,ocds-dgv273-seacev3-1230132-2026-08-16T10:08:15.686000-05:00,1230132-20100099447,79076.52,PEN,Soles,2026-07-31T00:00:00-05:00
ocds-dgv273-seacev3-1232617,ocds-dgv273-seacev3-1232617-2026-08-16T10:08:14.754952-05:00,1232617-20602258522,191535.96,PEN,Soles,2026-07-31T00:00:00-05:00
ocds-dgv273-seacev3-1230212,ocds-dgv273-seacev3-1230212-2026-08-16T10:08:14.439635-05:00,1230212-1815379,166599.96,PEN,Soles,2026-08-03T00:00:00-05:00
ocds-dgv273-seacev3-1236454,ocds-dgv273-seacev3-1236454-2026-08-16T10:08:14.413551-05:00,1236454-20611409631,358200.0,PEN,Soles,2026-08-13T00:00:00-05:00
ocds-dgv273-seacev3-1235416,ocds-dgv273-seacev3-1235416-2026-08-16T10:08:13.992593-05:00,1235416-20600808690,75488.5,PEN,Soles,2026-07-31T00:00:00-05:00
ocds-dgv273-seacev3-1233744,ocds-dgv273-seacev3-1233744-2026-08-16T10:08:13.978398-05:00,1233744-20564184404,97200.0,PEN,Nuevos Soles,2026-07-21T00:00:00-05:00
ocds-dgv273-seacev3-1234729,ocds-dgv273-seacev3-1234729-2026-08-16T10:08:13.676319-05:00,1234729-20601829607,140000.0,PEN,Soles,2026-08-13T00:00:00-05:00
ocds-dgv273-seacev3-1237395,ocds-dgv273-seacev3-1237395-2026-08-16T10:08:12.942169-05:00,1237395-10753186552,98900.0,PEN,Soles,2026-08-05T00:00:00-05:00
ocds-dgv273-seacev3-1234223,ocds-dgv273-seacev3-1234223-2026-08-16T10:08:11.661454-05:00,1234223-1814117,918336.03,PEN,Soles,2026-08-04T00:00:00-05:00
ocds-dgv273-seacev3-1236346,ocds-dgv273-seacev3-1236346-2026-08-16T10:08:11.345218-05:00,1236346-20407873999,1178100.0,PEN,Soles,2026-07-24T00:00:00-05:00
ocds-dgv273-seacev3-1235152,ocds-dgv273-seacev3-1235152-2026-08-16T10:08:10.721624-05:00,1235152-20545102766,96000.0,PEN,Soles,2026-07-30T00:00:00-05:00
ocds-dgv273-seacev3-1229190,ocds-dgv273-seacev3-1229190-2026-08-16T10:08:10.475152-05:00,1229190-1811650,1690515.96,PEN,Soles,2026-07-15T00:00:00-05:00
ocds-dgv273-seacev3-1237740,ocds-dgv273-seacev3-1237740-2026-08-16T10:08:10.327019-05:00,1237740-20613501054,124735.44,PEN,Soles,2026-08-11T00:00:00-05:00
ocds-dgv273-seacev3-1237740,ocds-dgv273-seacev3-1237740-2026-08-16T10:08:10.327019-05:00,1237740-L0613501054,124735.44,PEN,Soles,2026-08-11T00:00:00-05:00
ocds-dgv273-seacev3-2026-9-12,ocds-dgv273-seacev3-2026-9-12-2026-08-16T10:08:10.300811-05:00,1236093-20552504641,89000.0,PEN,Soles,2026-08-13T00:00:00-05:00
ocds-dgv273-seacev3-1233980,ocds-dgv273-seacev3-1233980-2026-08-16T10:08:09.725544-05:00,1233980-10723726501,93704.58,PEN,Soles,2026-07-30T00:00:00-05:00
ocds-dgv273-seacev3-1230807,ocds-dgv273-seacev3-1230807-2026-08-16T10:08:09.461090-05:00,1230807-20612290335,59823.0,PEN,Soles,2026-07-14T00:00:00-05:00
ocds-dgv273-seacev3-1231945,ocds-dgv273-seacev3-1231945-2026-08-16T10:08:09.385879-05:00,1231945-20555048905,162000.0,PEN,Soles,2026-08-05T00:00:00-05:00
ocds-dgv273-seacev3-1232425,ocds-dgv273-seacev3-1232425-2026-08-16T10:08:09.359145-05:00,1232425-10702251198,92594.0,PEN,Soles,2026-07-30T00:00:00-05:00
ocds-dgv273-seacev3-1231736,ocds-dgv273-seacev3-1231736-2026-08-16T10:08:09.344294-05:00,1231736-1813195,235774.38,PEN,Soles,2026-07-20T00:00:00-05:00
ocds-dgv273-seacev3-1232447,ocds-dgv273-seacev3-1232447-2026-08-16T10:08:09.194771-05:00,1232447-10406971347,1700000.0,PEN,Soles,2026-07-31T00:00:00-05:00
ocds-dgv273-seacev3-1232447,ocds-dgv273-seacev3-1232447-2026-08-16T10:08:09.194771-05:00,1232447-20574763381,1810000.0,PEN,Soles,2026-07-31T00:00:00-05:00
ocds-dgv273-seacev3-1235949,ocds-dgv273-seacev3-1235949-2026-08-16T10:08:09.141842-05:00,1235949-1819375,26129073.02,PEN,Soles,2026-08-13T00:00:00-05:00
ocds-dgv273-seacev3-1232037,ocds-dgv273-seacev3-1232037-2026-08-16T10:08:05.345254-05:00,1232037-20605472479,144137.5,PEN,Soles,2026-07-20T00:00:00-05:00
ocds-dgv273-seacev3-1233397,ocds-dgv273-seacev3-1233397-2026-08-16T10:08:04.820599-05:00,1233397-1816635,4203172.62,PEN,Soles,2026-08-04T00:00:00-05:00
ocds-dgv273-seacev3-1230311,ocds-dgv273-seacev3-1230311-2026-08-16T10:08:04.351311-05:00,1230311-20565351282,198000.0,PEN,Soles,2026-07-17T00:00:00-05:00
ocds-dgv273-seacev3-1232187,ocds-dgv273-seacev3-1232187-2026-08-16T10:08:04.132680-05:00,1232187-20555048905,65325.0,PEN,Soles,2026-07-22T00:00:00-05:00
ocds-dgv273-seacev3-1232892,ocds-dgv273-seacev3-1232892-2026-08-16T10:08:03.700071-05:00,1232892-20609949393,132500.0,PEN,Soles,2026-07-22T00:00:00-05:00
ocds-dgv273-seacev3-1231115,ocds-dgv273-seacev3-1231115-2026-08-16T10:08:03.631341-05:00,1231115-20600941900,47677.0,PEN,Soles,2026-07-30T00:00:00-05:00
ocds-dgv273-seacev3-1231327,ocds-dgv273-seacev3-1231327-2026-08-16T10:08:03.291007-05:00,1231327-20507312277,131625.0,PEN,Soles,2026-07-20T09:33:59-05:00
ocds-dgv273-seacev3-1231168,ocds-dgv273-seacev3-1231168-2026-08-16T10:08:03.264102-05:00,1231168-20511037001,111633.76,PEN,Soles,2026-07-15T00:00:00-05:00
ocds-dgv273-seacev3-1235063,ocds-dgv273-seacev3-1235063-2026-08-16T10:08:03.132454-05:00,1235063-20602282164,114000.0,PEN,Soles,2026-08-05T00:00:00-05:00
ocds-dgv273-seacev3-1235624,ocds-dgv273-seacev3-1235624-2026-08-16T10:08:03.027468-05:00,1235624-20609537133,80220.0,PEN,Soles,2026-07-31T00:00:00-05:00
ocds-dgv273-seacev3-1237491,ocds-dgv273-seacev3-1237491-2026-08-16T10:08:02.950142-05:00,1237491-1820045,1614727.56,PEN,Soles,2026-08-14T00:00:00-05:00
ocds-dgv273-seacev3-1237653,ocds-dgv273-seacev3-1237653-2026-08-16T10:08:02.614701-05:00,1237653-20493238320,61200.0,PEN,Soles,2026-08-04T00:00:00-05:00
ocds-dgv273-seacev3-1234426,ocds-dgv273-seacev3-1234426-2026-08-16T10:08:01.478463-05:00,1234426-20573175400,119950.0,PEN,Soles,2026-08-07T00:00:00-05:00
ocds-dgv273-seacev3-1232234,ocds-dgv273-seacev3-1232234-2026-08-16T10:08:00.067132-05:00,1232234-20610817018,60902.0,PEN,Soles,2026-07-15T00:00:00-05:00
ocds-dgv273-seacev3-1237269,ocds-dgv273-seacev3-1237269-2026-08-16T10:07:54.986341-05:00,1237269-20449314868,77610.0,PEN,Soles,2026-07-30T00:00:00-05:00
ocds-dgv273-seacev3-1236616,ocds-dgv273-seacev3-1236616-2026-08-16T10:07:54.904383-05:00,1236616-10406178728,65000.0,PEN,Soles,2026-08-04T00:00:00-05:00
ocds-dgv273-seacev3-1236059,ocds-dgv273-seacev3-1236059-2026-08-16T10:07:54.761262-05:00,1236059-20610526897,1753745.6,PEN,Soles,2026-07-24T00:00:00-05:00
ocds-dgv273-seacev3-2026-86865-37,ocds-dgv273-seacev3-2026-86865-37-2026-08-16T10:07:54.386323-05:00,1217133-1810300,3870116.87,PEN,Soles,2026-07-24T00:00:00-05:00
ocds-dgv273-seacev3-2026-86865-37,ocds-dgv273-seacev3-2026-86865-37-2026-08-16T10:07:54.386323-05:00,1237500-20418896915,772283.73,PEN,Soles,2026-08-13T00:00:00-05:00
ocds-dgv273-seacev3-1236345,ocds-dgv273-seacev3-1236345-2026-08-16T10:07:54.121073-05:00,1236345-20600444914,82190.0,PEN,Soles,2026-08-05T00:00:00-05:00
ocds-dgv273-seacev3-1231812,ocds-dgv273-seacev3-1231812-2026-08-16T10:07:54.044108-05:00,1231812-20608030035,164640.0,PEN,Soles,2026-07-16T18:00:38-05:00
ocds-dgv273-seacev3-2026-2436-19,ocds-dgv273-seacev3-2026-2436-19-2026-08-16T10:07:53.979196-05:00,1237499-20102305273,16670.0,USD,Dólar Norteamericano,2026-08-13T00:00:00-05:00
ocds-dgv273-seacev3-1237876,ocds-dgv273-seacev3-1237876-2026-08-16T10:07:53.948648-05:00,1237876-1820161,2138492.27,PEN,Soles,2026-08-14T00:00:00-05:00
ocds-dgv273-seacev3-1235462,ocds-dgv273-seacev3-1235462-2026-08-16T10:07:53.592841-05:00,1235462-1818718,1245945.84,PEN,Soles,2026-08-14T00:00:00-05:00
ocds-dgv273-seacev3-1237792,ocds-dgv273-seacev3-1237792-2026-08-16T10:07:53.043698-05:00,1237792-1820307,2925713.03,PEN,Soles,2026-08-14T00:00:00-05:00
ocds-dgv273-seacev3-1233798,ocds-dgv273-seacev3-1233798-2026-08-16T10:07:52.918278-05:00,1233798-17199110802,1282176.0,USD,Dólar Norteamericano,2026-07-16T00:00:00-05:00
ocds-dgv273-seacev3-1230215,ocds-dgv273-seacev3-1230215-2026-08-16T10:07:52.882185-05:00,1230215-20607632724,94500.0,PEN,Soles,2026-07-15T19:57:54-05:00
ocds-dgv273-seacev3-1229552,ocds-dgv273-seacev3-1229552-2026-08-16T10:07:52.261141-05:00,1229552-10463394151,658500.0,PEN,Soles,2026-07-24T00:00:00-05:00
ocds-dgv273-seacev3-1229953,ocds-dgv273-seacev3-1229953-2026-08-16T10:07:51.484938-05:00,1229953-20604095329,68424.2,PEN,Soles,2026-07-17T00:00:00-05:00
ocds-dgv273-seacev3-1237282,ocds-dgv273-seacev3-1237282-2026-08-16T10:07:51.355763-05:00,1237282-10724167093,100000.0,PEN,Soles,2026-08-13T00:00:00-05:00
ocds-dgv273-seacev3-1233929,ocds-dgv273-seacev3-1233929-2026-08-16T10:07:50.469934-05:00,1233929-1815434,103568.22,PEN,Soles,2026-07-30T00:00:00-05:00
ocds-dgv273-seacev3-1230849,ocds-dgv273-seacev3-1230849-2026-08-16T10:07:50.196207-05:00,1230849-20600616235,147378.0,PEN,Soles,2026-07-22T00:00:00-05:00
ocds-dgv273-seacev3-1230299,ocds-dgv273-seacev3-1230299-2026-08-16T10:07:50.153642-05:00,1230299-1811850,577111.4,PEN,Soles,2026-07-16T00:00:00-05:00
ocds-dgv273-seacev3-1231913,ocds-dgv273-seacev3-1231913-2026-08-16T10:07:49.856681-05:00,1231913-20451961196,688098.56,PEN,Soles,2026-07-22T00:00:00-05:00
ocds-dgv273-seacev3-1230484,ocds-dgv273-seacev3-1230484-2026-08-16T10:07:49.729808-05:00,1230484-20610626115,269300.0,PEN,Soles,2026-07-14T00:00:00-05:00
ocds-dgv273-seacev3-1232049,ocds-dgv273-seacev3-1232049-2026-08-16T10:07:44.947380-05:00,1232049-20449314868,173130.0,PEN,Soles,2026-07-22T00:00:00-05:00
ocds-dgv273-seacev3-1235537,ocds-dgv273-seacev3-1235537-2026-08-16T10:07:44.113316-05:00,1235537-20605428780,65227.5,PEN,Soles,2026-08-05T08:40:23-05:00
ocds-dgv273-seacev3-1237145,ocds-dgv273-seacev3-1237145-2026-08-16T10:07:43.937947-05:00,1237145-20431995281,162250.0,PEN,Soles,2026-07-31T00:00:00-05:00
ocds-dgv273-seacev3-1232600,ocds-dgv273-seacev3-1232600-2026-08-16T10:07:43.852194-05:00,1232600-1813972,162282.02,PEN,Soles,2026-07-21T00:00:00-05:00
ocds-dgv273-seacev3-2026-10249-103,ocds-dgv273-seacev3-2026-10249-103-2026-08-16T10:07:43.459573-05:00,1210813-L0611180082,62500.0,USD,Dólar Norteamericano,2026-05-29T00:00:00-05:00
ocds-dgv273-seacev3-1235922,ocds-dgv273-seacev3-1235922-2026-08-16T10:07:42.846216-05:00,1235922-1818152,410000.0,PEN,Soles,2026-08-07T00:00:00-05:00
ocds-dgv273-seacev3-1233187,ocds-dgv273-seacev3-1233187-2026-08-16T10:07:42.416446-05:00,1233187-20603563060,497000.0,PEN,Soles,2026-07-24T00:00:00-05:00
ocds-dgv273-seacev3-1232231,ocds-dgv273-seacev3-1232231-2026-08-16T10:07:42.171953-05:00,1232231-1814599,87555.81,PEN,Soles,2026-07-22T00:00:00-05:00
ocds-dgv273-seacev3-1232918,ocds-dgv273-seacev3-1232918-2026-08-16T10:07:40.820683-05:00,1232918-10081821432,156000.0,PEN,Soles,2026-07-22T00:00:00-05:00
ocds-dgv273-seacev3-1233579,ocds-dgv273-seacev3-1233579-2026-08-16T10:07:40.672908-05:00,1233579-1815567,213000.0,PEN,Soles,2026-07-30T00:00:00-05:00
ocds-dgv273-seacev3-1237610,ocds-dgv273-seacev3-1237610-2026-08-16T10:07:39.978630-05:00,1237610-10431683763,99725.0,PEN,Soles,2026-08-07T00:00:00-05:00
ocds-dgv273-seacev3-1231401,ocds-dgv273-seacev3-1231401-2026-08-16T10:07:39.929165-05:00,1231401-1813717,698143.84,PEN,Soles,2026-07-21T00:00:00-05:00
ocds-dgv273-seacev3-1230193,ocds-dgv273-seacev3-1230193-2026-08-16T10:07:38.952573-05:00,1230193-20100032458,170000.0,PEN,Soles,2026-07-13T00:00:00-05:00
ocds-dgv273-seacev3-1230193,ocds-dgv273-seacev3-1230193-2026-08-16T10:07:38.952573-05:00,1230193-20600979630,42000.0,PEN,Soles,2026-07-13T00:00:00-05:00
ocds-dgv273-seacev3-1231041,ocds-dgv273-seacev3-1231041-2026-08-15T10:17:54.781364-05:00,1231041-20606337427,1681558.0,PEN,Soles,2026-07-15T00:00:00-05:00
ocds-dgv273-seacev3-2026-10584-1,ocds-dgv273-seacev3-2026-10584-1-2026-08-15T10:17:54.206373-05:00,1230006-20603698691,1300000.0,PEN,Soles,2026-08-12T00:00:00-05:00
ocds-dgv273-seacev3-1234164,ocds-dgv273-seacev3-1234164-2026-08-15T10:17:54.118127-05:00,1234164-10739463055,58010.0,PEN,Soles,2026-07-21T00:00:00-05:00
ocds-dgv273-seacev3-1234635,ocds-dgv273-seacev3-1234635-2026-08-15T10:17:53.940499-05:00,1234635-20539916379,44887.81,PEN,Soles,2026-07-24T00:00:00-05:00
ocds-dgv273-seacev3-1237527,ocds-dgv273-seacev3-1237527-2026-08-15T10:17:52.999954-05:00,1237527-1820275,1760539.79,PEN,Soles,2026-08-13T00:00:00-05:00
ocds-dgv273-seacev3-1234724,ocds-dgv273-seacev3-1234724-2026-08-15T10:17:52.108228-05:00,1234724-10716268921,59840.0,PEN,Soles,2026-07-22T00:00:00-05:00
ocds-dgv273-seacev3-1236514,ocds-dgv273-seacev3-1236514-2026-08-15T10:17:51.946840-05:00,1236514-20601047218,99191.4,PEN,Soles,2026-08-03T00:00:00-05:00
ocds-dgv273-seacev3-1232211,ocds-dgv273-seacev3-1232211-2026-08-15T10:17:51.553732-05:00,1232211-20613306316,67900.0,PEN,Soles,2026-07-17T00:00:00-05:00
ocds-dgv273-seacev3-2026-10615-29,ocds-dgv273-seacev3-2026-10615-29-2026-08-15T10:17:51.364437-05:00,1234657-1817287,120200.0,PEN,Soles,2026-08-04T00:00:00-05:00
ocds-dgv273-seacev3-1235166,ocds-dgv273-seacev3-1235166-2026-08-15T10:17:51.082351-05:00,1235166-20610729534,99960.0,PEN,Soles,2026-07-24T00:00:00-05:00
ocds-dgv273-seacev3-1232649,ocds-dgv273-seacev3-1232649-2026-08-15T10:17:49.729758-05:00,1232649-10060060695,30000.0,PEN,Soles,2026-07-14T00:00:00-05:00
ocds-dgv273-seacev3-1231743,ocds-dgv273-seacev3-1231743-2026-08-15T10:17:49.372639-05:00,1231743-20601641322,351168.0,PEN,Soles,2026-07-14T00:00:00-05:00
ocds-dgv273-seacev3-1232030,ocds-dgv273-seacev3-1232030-2026-08-15T10:17:49.026294-05:00,1232030-20614779587,184375.0,PEN,Soles,2026-07-21T00:00:00-05:00
ocds-dgv273-seacev3-1237362,ocds-dgv273-seacev3-1237362-2026-08-15T10:17:45.181209-05:00,1237362-10277405089,82500.0,PEN,Soles,2026-08-05T00:00:00-05:00
ocds-dgv273-seacev3-1232695,ocds-dgv273-seacev3-1232695-2026-08-15T10:17:44.656892-05:00,1232695-10414395932,24000.0,PEN,Soles,2026-07-14T00:00:00-05:00
ocds-dgv273-seacev3-1234631,ocds-dgv273-seacev3-1234631-2026-08-15T10:17:44.551470-05:00,1234631-1817344,358930.87,PEN,Soles,2026-08-04T00:00:00-05:00
ocds-dgv273-seacev3-1232523,ocds-dgv273-seacev3-1232523-2026-08-15T10:17:44.391577-05:00,1232523-20563978091,67000.0,PEN,Soles,2026-07-21T00:00:00-05:00
ocds-dgv273-seacev3-1236447,ocds-dgv273-seacev3-1236447-2026-08-15T10:17:44.003907-05:00,1236447-1819760,465000.0,PEN,Soles,2026-08-12T00:00:00-05:00
ocds-dgv273-seacev3-1230062,ocds-dgv273-seacev3-1230062-2026-08-15T10:17:43.216121-05:00,1230062-20155695901,203984.3,PEN,Soles,2026-07-17T00:00:00-05:00
ocds-dgv273-seacev3-1236409,ocds-dgv273-seacev3-1236409-2026-08-15T10:17:42.105951-05:00,1236409-20604430357,156280.84,PEN,Soles,2026-08-11T00:00:00-05:00
ocds-dgv273-seacev3-1232527,ocds-dgv273-seacev3-1232527-2026-08-15T10:17:41.047481-05:00,1232527-20613499530,56900.0,PEN,Soles,2026-07-22T00:00:00-05:00
ocds-dgv273-seacev3-1234688,ocds-dgv273-seacev3-1234688-2026-08-15T10:17:40.776962-05:00,1234688-20100061474,1318851.6,PEN,Soles,2026-07-22T00:00:00-05:00
ocds-dgv273-seacev3-1233311,ocds-dgv273-seacev3-1233311-2026-08-15T10:17:40.731877-05:00,1233311-10167955067,90000.0,PEN,Soles,2026-07-22T00:00:00-05:00
ocds-dgv273-seacev3-1232314,ocds-dgv273-seacev3-1232314-2026-08-15T10:17:40.531262-05:00,1232314-10400704771,379080.0,PEN,Soles,2026-07-22T19:45:25-05:00
ocds-dgv273-seacev3-1232652,ocds-dgv273-seacev3-1232652-2026-08-15T10:17:39.769824-05:00,1232652-1814813,269458.2,PEN,Soles,2026-07-24T00:00:00-05:00
ocds-dgv273-seacev3-1232683,ocds-dgv273-seacev3-1232683-2026-08-15T10:17:39.545562-05:00,1232683-20454533080,239800.0,PEN,Soles,2026-07-30T00:00:00-05:00
ocds-dgv273-seacev3-1230915,ocds-dgv273-seacev3-1230915-2026-08-15T10:17:39.295519-05:00,1230915-1812766,131385.47,PEN,Soles,2026-07-20T00:00:00-05:00
ocds-dgv273-seacev3-1232490,ocds-dgv273-seacev3-1232490-2026-08-15T10:17:38.962555-05:00,1232490-1818296,128633.99,PEN,Soles,2026-08-13T00:00:00-05:00
ocds-dgv273-seacev3-1235104,ocds-dgv273-seacev3-1235104-2026-08-15T10:17:34.828879-05:00,1235104-20603831501,89900.0,PEN,Soles,2026-07-24T00:00:00-05:00
ocds-dgv273-seacev3-1235803,ocds-dgv273-seacev3-1235803-2026-08-15T10:17:34.161067-05:00,1235803-20494833507,68138.7,PEN,Soles,2026-07-31T00:00:00-05:00
ocds-dgv273-seacev3-1232223,ocds-dgv273-seacev3-1232223-2026-08-15T10:17:34.107154-05:00,1232223-10703459591,12000.0,PEN,Soles,2026-08-13T00:00:00-05:00
ocds-dgv273-seacev3-2026-200161-2,ocds-dgv273-seacev3-2026-200161-2-2026-08-15T10:17:33.901265-05:00,1234574-20606416165,66240.0,PEN,Soles,2026-07-31T00:00:00-05:00
ocds-dgv273-seacev3-1235203,ocds-dgv273-seacev3-1235203-2026-08-15T10:17:33.440458-05:00,1235203-1818040,223963.65,PEN,Soles,2026-08-13T00:00:00-05:00
ocds-dgv273-seacev3-1234948,ocds-dgv273-seacev3-1234948-2026-08-15T10:17:33.244509-05:00,1234948-L9000033017,274000.0,USD,Dólar Norteamericano,2026-08-11T00:00:00-05:00
ocds-dgv273-seacev3-1231163,ocds-dgv273-seacev3-1231163-2026-08-15T10:17:33.194008-05:00,1231163-1813252,96538.16,PEN,Soles,2026-07-20T00:00:00-05:00
ocds-dgv273-seacev3-1232667,ocds-dgv273-seacev3-1232667-2026-08-15T10:17:33.118127-05:00,1232667-10714765847,18000.0,PEN,Soles,2026-07-14T00:00:00-05:00
ocds-dgv273-seacev3-1235551,ocds-dgv273-seacev3-1235551-2026-08-15T10:17:32.926342-05:00,1235551-10474790024,93382.0,PEN,Soles,2026-07-31T00:00:00-05:00
ocds-dgv273-seacev3-1231179,ocds-dgv273-seacev3-1231179-2026-08-15T10:17:32.701845-05:00,1231179-1814637,3234197.73,PEN,Soles,2026-08-04T00:00:00-05:00
ocds-dgv273-seacev3-1233681,ocds-dgv273-seacev3-1233681-2026-08-15T10:17:30.187092-05:00,1233681-10098653916,18000.0,PEN,Soles,2026-08-13T00:00:00-05:00
ocds-dgv273-seacev3-1230480,ocds-dgv273-seacev3-1230480-2026-08-15T10:17:29.203691-05:00,1230480-20486416794,200000.0,PEN,Soles,2026-08-03T00:00:00-05:00
ocds-dgv273-seacev3-1231610,ocds-dgv273-seacev3-1231610-2026-08-15T10:17:29.019861-05:00,1231610-20602009891,88035.0,PEN,Soles,2026-07-13T00:00:00-05:00
ocds-dgv273-seacev3-1232629,ocds-dgv273-seacev3-1232629-2026-08-15T10:17:28.836692-05:00,1232629-10703875179,12000.0,PEN,Soles,2026-07-14T00:00:00-05:00
ocds-dgv273-seacev3-1232079,ocds-dgv273-seacev3-1232079-2026-08-15T10:17:28.821914-05:00,1232079-10451372683,57037.0,PEN,Soles,2026-07-20T00:00:00-05:00
ocds-dgv273-seacev3-1230895,ocds-dgv273-seacev3-1230895-2026-08-15T10:17:28.502516-05:00,1230895-20611475536,59564.93,PEN,Soles,2026-08-03T00:00:00-05:00
ocds-dgv273-seacev3-1230659,ocds-dgv273-seacev3-1230659-2026-08-15T10:17:28.343500-05:00,1230659-20552768974,535000.0,PEN,Soles,2026-07-24T00:00:00-05:00
ocds-dgv273-seacev3-1236562,ocds-dgv273-seacev3-1236562-2026-08-15T10:17:23.661877-05:00,1236562-10406957883,120239.0,PEN,Soles,2026-08-12T00:00:00-05:00
ocds-dgv273-seacev3-1233207,ocds-dgv273-seacev3-1233207-2026-08-15T10:17:22.958338-05:00,1233207-20612044598,318750.0,PEN,Soles,2026-07-24T00:00:00-05:00
ocds-dgv273-seacev3-1235848,ocds-dgv273-seacev3-1235848-2026-08-15T10:17:22.891020-05:00,1235848-1819534,233154.17,PEN,Soles,2026-08-12T00:00:00-05:00
ocds-dgv273-seacev3-2026-200095-2,ocds-dgv273-seacev3-2026-200095-2-2026-08-15T10:17:22.412849-05:00,1230597-20603346948,3360352.8,PEN,Soles,2026-07-14T00:00:00-05:00
ocds-dgv273-seacev3-1234494,ocds-dgv273-seacev3-1234494-2026-08-15T10:17:22.377365-05:00,1234494-20610212736,99150.0,PEN,Soles,2026-07-22T00:00:00-05:00
ocds-dgv273-seacev3-1230758,ocds-dgv273-seacev3-1230758-2026-08-15T10:17:22.304435-05:00,1230758-10413804049,171166.91,PEN,Soles,2026-07-22T00:00:00-05:00
ocds-dgv273-seacev3-1232496,ocds-dgv273-seacev3-1232496-2026-08-15T10:17:22.241467-05:00,1232496-20487569136,560312.73,PEN,Soles,2026-07-22T00:00:00-05:00
ocds-dgv273-seacev3-1229243,ocds-dgv273-seacev3-1229243-2026-08-15T10:17:22.225969-05:00,1229243-1813692,130554.74,PEN,Nuevos Soles,2026-07-20T00:00:00-05:00
ocds-dgv273-seacev3-1232701,ocds-dgv273-seacev3-1232701-2026-08-15T10:17:21.901265-05:00,1232701-10708299486,36000.0,PEN,Soles,2026-07-14T00:00:00-05:00
ocds-dgv273-seacev3-1233303,ocds-dgv273-seacev3-1233303-2026-08-15T10:17:21.298927-05:00,1233303-20462793791,331975.8,PEN,Soles,2026-07-30T00:00:00-05:00
ocds-dgv273-seacev3-1230415,ocds-dgv273-seacev3-1230415-2026-08-15T10:17:20.871462-05:00,1230415-20515818813,348000.0,PEN,Soles,2026-07-07T00:00:00-05:00
ocds-dgv273-seacev3-1232650,ocds-dgv273-seacev3-1232650-2026-08-15T10:17:20.659873-05:00,1232650-10714744220,24000.0,PEN,Soles,2026-07-14T00:00:00-05:00
ocds-dgv273-seacev3-1233646,ocds-dgv273-seacev3-1233646-2026-08-15T10:17:19.085033-05:00,1233646-10409730120,16000.0,PEN,Soles,2026-08-13T00:00:00-05:00
ocds-dgv273-seacev3-1233796,ocds-dgv273-seacev3-1233796-2026-08-15T10:17:18.074615-05:00,1233796-1812951,187169.0,PEN,Soles,2026-07-16T00:00:00-05:00
ocds-dgv273-seacev3-1231742,ocds-dgv273-seacev3-1231742-2026-08-15T10:17:17.563114-05:00,1231742-1813202,471972.09,PEN,Soles,2026-07-21T00:00:00-05:00
ocds-dgv273-seacev3-1231383,ocds-dgv273-seacev3-1231383-2026-08-15T10:17:17.517604-05:00,1231383-20603296738,88590.0,PEN,Soles,2026-07-21T00:00:00-05:00
ocds-dgv273-seacev3-1232670,ocds-dgv273-seacev3-1232670-2026-08-15T10:17:17.258592-05:00,1232670-10477705010,56100.0,PEN,Soles,2026-07-15T00:00:00-05:00
ocds-dgv273-seacev3-1233414,ocds-dgv273-seacev3-1233414-2026-08-15T10:17:12.378758-05:00,1233414-20300795821,175000.0,PEN,Soles,2026-07-24T00:00:00-05:00
ocds-dgv273-seacev3-2026-105388-26,ocds-dgv273-seacev3-2026-105388-26-2026-08-15T10:17:12.339737-05:00,1235133-10013171284,97152.0,PEN,Soles,2026-08-07T00:00:00-05:00
ocds-dgv273-seacev3-1233654,ocds-dgv273-seacev3-1233654-2026-08-15T10:17:12.164400-05:00,1233654-10730928888,12000.0,PEN,Soles,2026-08-13T00:00:00-05:00
ocds-dgv273-seacev3-1235466,ocds-dgv273-seacev3-1235466-2026-08-15T10:17:11.636324-05:00,1235466-1819993,225219.34,PEN,Soles,2026-08-13T00:00:00-05:00
ocds-dgv273-seacev3-1232671,ocds-dgv273-seacev3-1232671-2026-08-15T10:17:11.602838-05:00,1232671-10419635541,24000.0,PEN,Soles,2026-07-14T00:00:00-05:00
ocds-dgv273-seacev3-1232537,ocds-dgv273-seacev3-1232537-2026-08-15T10:17:11.529522-05:00,1232537-10478771458,18000.0,PEN,Soles,2026-07-13T00:00:00-05:00
ocds-dgv273-seacev3-1232373,ocds-dgv273-seacev3-1232373-2026-08-15T10:17:11.279989-05:00,1232373-20612368237,75202.5,PEN,Soles,2026-07-20T00:00:00-05:00
ocds-dgv273-seacev3-1230936,ocds-dgv273-seacev3-1230936-2026-08-15T10:17:10.582436-05:00,1230936-10182002751,73781.0,PEN,Soles,2026-07-20T00:00:00-05:00
ocds-dgv273-seacev3-1233428,ocds-dgv273-seacev3-1233428-2026-08-15T10:17:10.159477-05:00,1233428-20610707247,192000.0,PEN,Soles,2026-07-24T00:00:00-05:00
ocds-dgv273-seacev3-1230767,ocds-dgv273-seacev3-1230767-2026-08-15T10:17:10.051344-05:00,1230767-1812177,1424329.44,PEN,Soles,2026-07-17T00:00:00-05:00
ocds-dgv273-seacev3-1234188,ocds-dgv273-seacev3-1234188-2026-08-15T10:17:09.698615-05:00,1234188-20604428417,822668.59,PEN,Soles,2026-08-12T00:00:00-05:00
ocds-dgv273-seacev3-1232043,ocds-dgv273-seacev3-1232043-2026-08-15T10:17:09.101218-05:00,1232043-1814215,107724.27,PEN,Soles,2026-07-24T00:00:00-05:00
ocds-dgv273-seacev3-1233861,ocds-dgv273-seacev3-1233861-2026-08-15T10:17:09.049757-05:00,1233861-20569036152,81269.65,PEN,Soles,2026-07-22T00:00:00-05:00
ocds-dgv273-seacev3-1236023,ocds-dgv273-seacev3-1236023-2026-08-15T10:17:09.007435-05:00,1236023-10707886841,479979.0,PEN,Soles,2026-07-24T00:00:00-05:00
ocds-dgv273-seacev3-1235758,ocds-dgv273-seacev3-1235758-2026-08-15T10:17:08.748905-05:00,1235758-20612477460,64870.0,PEN,Soles,2026-07-31T00:00:00-05:00
ocds-dgv273-seacev3-2026-10353-20,ocds-dgv273-seacev3-2026-10353-20-2026-08-15T10:17:08.612628-05:00,1232994-20611595981,98150.0,PEN,Soles,2026-07-31T00:00:00-05:00
ocds-dgv273-seacev3-1235303,ocds-dgv273-seacev3-1235303-2026-08-15T10:17:08.569993-05:00,1235303-1816678,135683.2,PEN,Soles,2026-08-03T00:00:00-05:00
ocds-dgv273-seacev3-1234667,ocds-dgv273-seacev3-1234667-2026-08-15T10:17:08.541724-05:00,1234667-20526040954,86730.0,USD,Dólar Norteamericano,2026-07-20T00:00:00-05:00
ocds-dgv273-seacev3-1232827,ocds-dgv273-seacev3-1232827-2026-08-15T10:17:07.857444-05:00,1232827-10464649994,18000.0,PEN,Soles,2026-07-14T00:00:00-05:00
ocds-dgv273-seacev3-1232559,ocds-dgv273-seacev3-1232559-2026-08-15T10:17:07.843526-05:00,1232559-10436598314,24000.0,PEN,Soles,2026-07-13T00:00:00-05:00
ocds-dgv273-seacev3-1233668,ocds-dgv273-seacev3-1233668-2026-08-15T10:17:07.701606-05:00,1233668-10780195164,6000.0,PEN,Soles,2026-08-13T00:00:00-05:00
ocds-dgv273-seacev3-1233676,ocds-dgv273-seacev3-1233676-2026-08-15T10:17:07.043371-05:00,1233676-10448114223,18000.0,PEN,Soles,2026-08-13T00:00:00-05:00
ocds-dgv273-seacev3-2026-176869-8,ocds-dgv273-seacev3-2026-176869-8-2026-08-15T10:17:06.698833-05:00,1234231-10486301061,51875.0,PEN,Soles,2026-07-22T00:00:00-05:00
ocds-dgv273-seacev3-1230338,ocds-dgv273-seacev3-1230338-2026-08-15T10:17:06.308855-05:00,1230338-20574727074,75255.0,PEN,Soles,2026-07-10T00:00:00-05:00
ocds-dgv273-seacev3-1231065,ocds-dgv273-seacev3-1231065-2026-08-15T10:17:06.231105-05:00,1231065-1813477,1498272.41,PEN,Soles,2026-07-20T00:00:00-05:00
ocds-dgv273-seacev3-1232584,ocds-dgv273-seacev3-1232584-2026-08-15T10:17:05.950636-05:00,1232584-10400557301,12000.0,PEN,Soles,2026-07-13T00:00:00-05:00
ocds-dgv273-seacev3-1232047,ocds-dgv273-seacev3-1232047-2026-08-15T10:17:05.652408-05:00,1232047-20494399386,52600.0,PEN,Soles,2026-07-21T00:00:00-05:00
ocds-dgv273-seacev3-1230986,ocds-dgv273-seacev3-1230986-2026-08-15T10:17:05.339923-05:00,1230986-20611070285,481000.0,PEN,Soles,2026-07-22T00:00:00-05:00
ocds-dgv273-seacev3-1232687,ocds-dgv273-seacev3-1232687-2026-08-15T10:17:05.325862-05:00,1232687-10250753409,99351.8,PEN,Soles,2026-07-16T00:00:00-05:00
ocds-dgv273-seacev3-1230557,ocds-dgv273-seacev3-1230557-2026-08-15T10:17:05.304043-05:00,1230557-1815152,86190.0,PEN,Soles,2026-07-30T00:00:00-05:00
ocds-dgv273-seacev3-1234092,ocds-dgv273-seacev3-1234092-2026-08-15T10:17:01.054109-05:00,1234092-1816056,309825.0,PEN,Soles,2026-07-31T00:00:00-05:00
ocds-dgv273-seacev3-1233640,ocds-dgv273-seacev3-1233640-2026-08-15T10:17:00.572123-05:00,1233640-10438742927,16000.0,PEN,Soles,2026-08-13T00:00:00-05:00
ocds-dgv273-seacev3-1234432,ocds-dgv273-seacev3-1234432-2026-08-15T10:16:59.450222-05:00,1234432-20448767443,54720.0,PEN,Soles,2026-07-22T00:00:00-05:00
ocds-dgv273-seacev3-1231165,ocds-dgv273-seacev3-1231165-2026-08-15T10:16:59.353857-05:00,1231165-20574690219,140399.12,PEN,Soles,2026-07-15T00:00:00-05:00
ocds-dgv273-seacev3-2026-2377-6,ocds-dgv273-seacev3-2026-2377-6-2026-08-15T10:16:59.204995-05:00,1233850-20521487748,152000.0,PEN,Soles,2026-08-05T00:00:00-05:00
ocds-dgv273-seacev3-1230658,ocds-dgv273-seacev3-1230658-2026-08-15T10:16:59.190646-05:00,1230658-20509860981,90550.0,PEN,Soles,2026-07-14T00:00:00-05:00
ocds-dgv273-seacev3-1235051,ocds-dgv273-seacev3-1235051-2026-08-15T10:16:59.044767-05:00,1235051-20603059345,99650.0,PEN,Soles,2026-07-24T00:00:00-05:00
ocds-dgv273-seacev3-1234190,ocds-dgv273-seacev3-1234190-2026-08-15T10:16:58.421997-05:00,1234190-1816690,643097.69,PEN,Soles,2026-08-05T00:00:00-05:00
ocds-dgv273-seacev3-1234613,ocds-dgv273-seacev3-1234613-2026-08-15T10:16:57.973111-05:00,1234613-20462793791,96000.0,PEN,Soles,2026-08-03T00:00:00-05:00
ocds-dgv273-seacev3-1233597,ocds-dgv273-seacev3-1233597-2026-08-15T10:16:57.899304-05:00,1233597-20389590852,96644.0,PEN,Soles,2026-07-21T00:00:00-05:00
ocds-dgv273-seacev3-1236291,ocds-dgv273-seacev3-1236291-2026-08-15T10:16:57.863768-05:00,1236291-1819981,1391528.54,PEN,Soles,2026-08-13T00:00:00-05:00
ocds-dgv273-seacev3-1234611,ocds-dgv273-seacev3-1234611-2026-08-15T10:16:57.658851-05:00,1234611-20100061474,131885.04,PEN,Soles,2026-07-22T00:00:00-05:00
ocds-dgv273-seacev3-1230173,ocds-dgv273-seacev3-1230173-2026-08-15T10:16:56.504165-05:00,1230173-20508240393,235788.0,PEN,Nuevos Soles,2026-07-31T00:00:00-05:00
ocds-dgv273-seacev3-1231014,ocds-dgv273-seacev3-1231014-2026-08-15T10:16:56.037393-05:00,1231014-20269985900,3000298.17,PEN,Soles,2026-07-16T00:00:00-05:00
ocds-dgv273-seacev3-1232612,ocds-dgv273-seacev3-1232612-2026-08-15T10:16:55.929082-05:00,1232612-10703724014,18000.0,PEN,Soles,2026-07-13T00:00:00-05:00
ocds-dgv273-seacev3-1233831,ocds-dgv273-seacev3-1233831-2026-08-15T10:16:48.747844-05:00,1233831-20604071080,1523003.4,PEN,Soles,2026-07-24T17:12:58-05:00
ocds-dgv273-seacev3-1232411,ocds-dgv273-seacev3-1232411-2026-08-15T10:16:48.724438-05:00,1232411-1816960,392746.58,PEN,Soles,2026-08-04T00:00:00-05:00
ocds-dgv273-seacev3-1234671,ocds-dgv273-seacev3-1234671-2026-08-15T10:16:48.431233-05:00,1234671-1816776,891968.86,PEN,Soles,2026-08-13T00:00:00-05:00
ocds-dgv273-seacev3-1235529,ocds-dgv273-seacev3-1235529-2026-08-15T10:16:47.798134-05:00,1235529-1818028,111108.72,PEN,Soles,2026-08-07T00:00:00-05:00
ocds-dgv273-seacev3-1234560,ocds-dgv273-seacev3-1234560-2026-08-15T10:16:47.723123-05:00,1234560-10422083109,59000.0,PEN,Soles,2026-07-22T00:00:00-05:00
ocds-dgv273-seacev3-1231778,ocds-dgv273-seacev3-1231778-2026-08-15T10:16:47.681140-05:00,1231778-20603164912,378175.2,PEN,Soles,2026-07-17T00:00:00-05:00
ocds-dgv273-seacev3-1232376,ocds-dgv273-seacev3-1232376-2026-08-15T10:16:46.153444-05:00,1232376-1814498,920945.43,PEN,Soles,2026-07-24T00:00:00-05:00
ocds-dgv273-seacev3-1233836,ocds-dgv273-seacev3-1233836-2026-08-15T10:16:43.992658-05:00,1233836-10716212675,12000.0,PEN,Soles,2026-07-14T00:00:00-05:00
ocds-dgv273-seacev3-1223127,ocds-dgv273-seacev3-1223127-2026-08-15T10:16:43.727629-05:00,1223127-20570601581,71476.56,PEN,Soles,2026-07-20T00:00:00-05:00
ocds-dgv273-seacev3-1232504,ocds-dgv273-seacev3-1232504-2026-08-15T10:16:43.093166-05:00,1232504-1816076,329985.6,PEN,Soles,2026-08-03T00:00:00-05:00
ocds-dgv273-seacev3-1230988,ocds-dgv273-seacev3-1230988-2026-08-14T10:33:30.826108-05:00,1230988-1814585,95574.61,PEN,Soles,2026-07-22T00:00:00-05:00
ocds-dgv273-seacev3-1233087,ocds-dgv273-seacev3-1233087-2026-08-14T10:33:30.492552-05:00,1233087-1814465,70600.0,PEN,Nuevos Soles,2026-07-22T00:00:00-05:00
ocds-dgv273-seacev3-1236653,ocds-dgv273-seacev3-1236653-2026-08-14T10:33:29.702886-05:00,1236653-20515184113,738120.0,PEN,Soles,2026-07-31T00:00:00-05:00
ocds-dgv273-seacev3-1237306,ocds-dgv273-seacev3-1237306-2026-08-14T10:33:29.582870-05:00,1237306-10456067510,24000.0,PEN,Soles,2026-07-30T00:00:00-05:00
ocds-dgv273-seacev3-1237313,ocds-dgv273-seacev3-1237313-2026-08-14T10:33:28.464852-05:00,1237313-10415784983,24000.0,PEN,Soles,2026-07-30T00:00:00-05:00
ocds-dgv273-seacev3-1237384,ocds-dgv273-seacev3-1237384-2026-08-14T10:33:28.198245-05:00,1237384-10708505850,30000.0,PEN,Soles,2026-07-30T00:00:00-05:00
ocds-dgv273-seacev3-1231733,ocds-dgv273-seacev3-1231733-2026-08-14T10:33:26.644531-05:00,1231733-20526955383,115588.8,PEN,Soles,2026-07-17T18:41:13-05:00
ocds-dgv273-seacev3-1232773,ocds-dgv273-seacev3-1232773-2026-08-14T10:33:26.114881-05:00,1232773-10422958440,53500.0,PEN,Soles,2026-07-21T00:00:00-05:00
ocds-dgv273-seacev3-1234496,ocds-dgv273-seacev3-1234496-2026-08-14T10:33:25.535188-05:00,1234496-10733263674,54782.4,PEN,Soles,2026-08-03T00:00:00-05:00
ocds-dgv273-seacev3-1231952,ocds-dgv273-seacev3-1231952-2026-08-14T10:33:25.396970-05:00,1231952-10474947667,180000.0,PEN,Soles,2026-07-21T00:00:00-05:00
ocds-dgv273-seacev3-1232633,ocds-dgv273-seacev3-1232633-2026-08-14T10:33:25.153060-05:00,1232633-20611708026,49500.0,PEN,Soles,2026-07-16T00:00:00-05:00
ocds-dgv273-seacev3-1230506,ocds-dgv273-seacev3-1230506-2026-08-14T10:33:24.661965-05:00,1230506-20511037001,108359.0,PEN,Soles,2026-07-13T00:00:00-05:00
ocds-dgv273-seacev3-1231121,ocds-dgv273-seacev3-1231121-2026-08-14T10:33:24.420732-05:00,1231121-1812778,667366.33,PEN,Soles,2026-07-17T00:00:00-05:00
ocds-dgv273-seacev3-1229195,ocds-dgv273-seacev3-1229195-2026-08-14T10:33:20.229757-05:00,1229195-10409342677,97060.0,PEN,Soles,2026-07-13T00:00:00-05:00
ocds-dgv273-seacev3-1239023,ocds-dgv273-seacev3-1239023-2026-08-14T10:33:20.174024-05:00,1239023-10404500991,30000.0,PEN,Soles,2026-08-05T00:00:00-05:00
ocds-dgv273-seacev3-2026-42042-5,ocds-dgv273-seacev3-2026-42042-5-2026-08-14T10:33:19.645797-05:00,1232188-20572221408,430407.4,PEN,Soles,2026-07-20T00:00:00-05:00
ocds-dgv273-seacev3-2026-10222-4,ocds-dgv273-seacev3-2026-10222-4-2026-08-14T10:33:19.489242-05:00,1231392-20610119736,90000.0,PEN,Soles,2026-07-22T00:00:00-05:00
ocds-dgv273-seacev3-1231474,ocds-dgv273-seacev3-1231474-2026-08-14T10:33:19.279510-05:00,1231474-20608377981,99461.0,PEN,Soles,2026-07-16T00:00:00-05:00
ocds-dgv273-seacev3-1236617,ocds-dgv273-seacev3-1236617-2026-08-14T10:33:17.556942-05:00,1236617-20495635822,268910.0,PEN,Soles,2026-07-30T00:00:00-05:00
ocds-dgv273-seacev3-1235212,ocds-dgv273-seacev3-1235212-2026-08-14T10:33:16.840569-05:00,1235212-1814721,318350.56,PEN,Soles,2026-07-22T00:00:00-05:00
ocds-dgv273-seacev3-1230503,ocds-dgv273-seacev3-1230503-2026-08-14T10:33:16.589414-05:00,1230503-20501543277,98000.0,PEN,Soles,2026-07-17T00:00:00-05:00
ocds-dgv273-seacev3-1233379,ocds-dgv273-seacev3-1233379-2026-08-14T10:33:16.479690-05:00,1233379-20518438787,235000.0,PEN,Soles,2026-08-03T00:00:00-05:00
ocds-dgv273-seacev3-1237176,ocds-dgv273-seacev3-1237176-2026-08-14T10:33:15.671142-05:00,1237176-10704660168,8000.0,PEN,Soles,2026-07-30T00:00:00-05:00
ocds-dgv273-seacev3-1236554,ocds-dgv273-seacev3-1236554-2026-08-14T10:33:15.172451-05:00,1236554-20612172065,70000.0,PEN,Soles,2026-07-31T00:00:00-05:00
ocds-dgv273-seacev3-1233814,ocds-dgv273-seacev3-1233814-2026-08-14T10:33:14.853606-05:00,1233814-20600352947,84500.0,PEN,Soles,2026-07-20T00:00:00-05:00
ocds-dgv273-seacev3-1231989,ocds-dgv273-seacev3-1231989-2026-08-14T10:33:14.558011-05:00,1231989-1813408,609000.0,PEN,Soles,2026-08-03T00:00:00-05:00
ocds-dgv273-seacev3-1231949,ocds-dgv273-seacev3-1231949-2026-08-14T10:33:14.526704-05:00,1231949-20613745425,72500.0,PEN,Soles,2026-07-14T00:00:00-05:00
ocds-dgv273-seacev3-1231639,ocds-dgv273-seacev3-1231639-2026-08-14T10:33:14.003772-05:00,1231639-10403762704,60000.0,PEN,Soles,2026-07-09T00:00:00-05:00
ocds-dgv273-seacev3-1231381,ocds-dgv273-seacev3-1231381-2026-08-14T10:33:13.850815-05:00,1231381-20511037001,77743.0,PEN,Soles,2026-07-16T00:00:00-05:00
ocds-dgv273-seacev3-2026-2348-7,ocds-dgv273-seacev3-2026-2348-7-2026-08-14T10:33:08.296080-05:00,1232737-20603346948,579260.0,PEN,Soles,2026-08-12T00:00:00-05:00
ocds-dgv273-seacev3-1233323,ocds-dgv273-seacev3-1233323-2026-08-14T10:33:07.607501-05:00,1233323-10018633634,161000.0,PEN,Soles,2026-07-24T00:00:00-05:00
ocds-dgv273-seacev3-1232838,ocds-dgv273-seacev3-1232838-2026-08-14T10:33:07.489926-05:00,1232838-1819376,428810.0,PEN,Soles,2026-08-11T00:00:00-05:00
ocds-dgv273-seacev3-1231258,ocds-dgv273-seacev3-1231258-2026-08-14T10:33:05.879908-05:00,1231258-20603555105,151904.4,PEN,Soles,2026-07-20T00:00:00-05:00
ocds-dgv273-seacev3-1232165,ocds-dgv273-seacev3-1232165-2026-08-14T10:33:05.806618-05:00,1232165-1813862,90884.15,PEN,Soles,2026-07-21T00:00:00-05:00
ocds-dgv273-seacev3-1234018,ocds-dgv273-seacev3-1234018-2026-08-14T10:33:04.537176-05:00,1234018-20601878438,99810.0,PEN,Soles,2026-07-22T00:00:00-05:00
ocds-dgv273-seacev3-2026-42042-1,ocds-dgv273-seacev3-2026-42042-1-2026-08-14T10:33:04.126987-05:00,1232665-20600782518,343910.0,PEN,Soles,2026-07-21T00:00:00-05:00
ocds-dgv273-seacev3-1230939,ocds-dgv273-seacev3-1230939-2026-08-14T10:33:03.727474-05:00,1230939-10238908596,89600.0,PEN,Soles,2026-07-17T00:00:00-05:00
ocds-dgv273-seacev3-1232216,ocds-dgv273-seacev3-1232216-2026-08-14T10:33:03.451166-05:00,1232216-1814940,218000.0,PEN,Soles,2026-07-24T00:00:00-05:00
ocds-dgv273-seacev3-1231606,ocds-dgv273-seacev3-1231606-2026-08-14T10:33:03.273921-05:00,1231606-1812724,2145550.94,PEN,Soles,2026-08-03T00:00:00-05:00
ocds-dgv273-seacev3-1240729,ocds-dgv273-seacev3-1240729-2026-08-14T10:32:57.733265-05:00,1240729-20600397789,307200.0,PEN,Nuevos Soles,2026-08-12T00:00:00-05:00
ocds-dgv273-seacev3-1233154,ocds-dgv273-seacev3-1233154-2026-08-14T10:32:57.505482-05:00,1233154-1815006,296496.53,PEN,Soles,2026-07-31T00:00:00-05:00
ocds-dgv273-seacev3-1231256,ocds-dgv273-seacev3-1231256-2026-08-14T10:32:57.278260-05:00,1231256-20601497540,178850.0,PEN,Soles,2026-07-17T00:00:00-05:00
ocds-dgv273-seacev3-1238011,ocds-dgv273-seacev3-1238011-2026-08-14T10:32:56.978429-05:00,1238011-1817552,601194.74,PEN,Soles,2026-08-04T00:00:00-05:00
ocds-dgv273-seacev3-1233348,ocds-dgv273-seacev3-1233348-2026-08-14T10:32:56.920482-05:00,1233348-10444256279,57999.0,PEN,Soles,2026-07-22T00:00:00-05:00
ocds-dgv273-seacev3-1233058,ocds-dgv273-seacev3-1233058-2026-08-14T10:32:56.715585-05:00,1233058-10469110601,75200.0,PEN,Soles,2026-07-24T00:00:00-05:00
ocds-dgv273-seacev3-1234154,ocds-dgv273-seacev3-1234154-2026-08-14T10:32:56.091884-05:00,1234154-10414857014,80000.0,PEN,Soles,2026-07-21T00:00:00-05:00
ocds-dgv273-seacev3-1231501,ocds-dgv273-seacev3-1231501-2026-08-14T10:32:55.654682-05:00,1231501-20603746610,84850.0,PEN,Soles,2026-07-17T00:00:00-05:00
ocds-dgv273-seacev3-1234993,ocds-dgv273-seacev3-1234993-2026-08-14T10:32:54.210785-05:00,1234993-20603251637,35000.0,PEN,Soles,2026-08-03T00:00:00-05:00
ocds-dgv273-seacev3-1233889,ocds-dgv273-seacev3-1233889-2026-08-14T10:32:54.096891-05:00,1233889-20601697328,88500.0,PEN,Soles,2026-07-20T00:00:00-05:00
ocds-dgv273-seacev3-2026-2543-224,ocds-dgv273-seacev3-2026-2543-224-2026-08-14T10:32:53.965910-05:00,1235535-L9000032993,1065916.8,PEN,Soles,2026-07-20T00:00:00-05:00
ocds-dgv273-seacev3-1231182,ocds-dgv273-seacev3-1231182-2026-08-14T10:32:53.645371-05:00,1231182-20603554257,260680.0,PEN,Soles,2026-07-16T00:00:00-05:00
ocds-dgv273-seacev3-1231182,ocds-dgv273-seacev3-1231182-2026-08-14T10:32:53.645371-05:00,1231182-20615746453,267128.0,PEN,Soles,2026-07-16T00:00:00-05:00
ocds-dgv273-seacev3-1231975,ocds-dgv273-seacev3-1231975-2026-08-14T10:32:53.100837-05:00,1231975-1813587,711850.0,PEN,Soles,2026-08-03T00:00:00-05:00
ocds-dgv273-seacev3-1231075,ocds-dgv273-seacev3-1231075-2026-08-14T10:32:52.837913-05:00,1231075-1812203,138580.99,PEN,Soles,2026-07-20T00:00:00-05:00
ocds-dgv273-seacev3-2026-2385-9,ocds-dgv273-seacev3-2026-2385-9-2026-08-14T10:32:52.823863-05:00,1230194-20559644243,122356.0,PEN,Soles,2026-07-16T00:00:00-05:00
ocds-dgv273-seacev3-1232770,ocds-dgv273-seacev3-1232770-2026-08-14T10:32:52.652329-05:00,1232770-10018633634,127463.1,PEN,Soles,2026-07-30T00:00:00-05:00
ocds-dgv273-seacev3-1230321,ocds-dgv273-seacev3-1230321-2026-08-14T10:32:52.145732-05:00,1230321-10438797977,105222.0,PEN,Soles,2026-07-15T00:00:00-05:00
ocds-dgv273-seacev3-1232831,ocds-dgv273-seacev3-1232831-2026-08-14T10:32:52.026749-05:00,1232831-1814510,459453.06,PEN,Soles,2026-07-22T00:00:00-05:00
ocds-dgv273-seacev3-1231664,ocds-dgv273-seacev3-1231664-2026-08-14T10:32:51.819031-05:00,1231664-1813690,105800.0,PEN,Soles,2026-07-20T00:00:00-05:00
ocds-dgv273-seacev3-1231990,ocds-dgv273-seacev3-1231990-2026-08-14T10:32:51.638966-05:00,1231990-20407944411,1806105.47,PEN,Soles,2026-07-20T00:00:00-05:00
ocds-dgv273-seacev3-1230776,ocds-dgv273-seacev3-1230776-2026-08-14T10:32:51.517516-05:00,1230776-20563136562,230143.16,PEN,Soles,2026-07-15T00:00:00-05:00
ocds-dgv273-seacev3-1239147,ocds-dgv273-seacev3-1239147-2026-08-14T10:32:46.422775-05:00,1239147-10103351419,30000.0,PEN,Soles,2026-08-05T00:00:00-05:00
ocds-dgv273-seacev3-1235118,ocds-dgv273-seacev3-1235118-2026-08-14T10:32:46.382072-05:00,1235118-20600788427,82000.0,PEN,Soles,2026-07-30T00:00:00-05:00
ocds-dgv273-seacev3-1233568,ocds-dgv273-seacev3-1233568-2026-08-14T10:32:46.092370-05:00,1233568-10479794842,68451.1,PEN,Soles,2026-07-24T00:00:00-05:00
ocds-dgv273-seacev3-1234971,ocds-dgv273-seacev3-1234971-2026-08-14T10:32:46.001037-05:00,1234971-1818140,1307218.25,PEN,Soles,2026-08-10T00:00:00-05:00
ocds-dgv273-seacev3-1234121,ocds-dgv273-seacev3-1234121-2026-08-14T10:32:45.718575-05:00,1234121-1813339,93172.8,PEN,Soles,2026-07-17T00:00:00-05:00
ocds-dgv273-seacev3-1232693,ocds-dgv273-seacev3-1232693-2026-08-14T10:32:45.505778-05:00,1232693-20601560250,78120.0,PEN,Soles,2026-07-20T18:45:05-05:00
ocds-dgv273-seacev3-1236911,ocds-dgv273-seacev3-1236911-2026-08-14T10:32:45.170653-05:00,1236911-1816455,4372176.9,PEN,Soles,2026-07-30T00:00:00-05:00
ocds-dgv273-seacev3-1230795,ocds-dgv273-seacev3-1230795-2026-08-14T10:32:45.023387-05:00,1230795-1811969,610550.0,PEN,Soles,2026-07-24T00:00:00-05:00
ocds-dgv273-seacev3-1236202,ocds-dgv273-seacev3-1236202-2026-08-14T10:32:44.987634-05:00,1236202-20130471464,5254200.0,PEN,Soles,2026-07-30T00:00:00-05:00
ocds-dgv273-seacev3-1237283,ocds-dgv273-seacev3-1237283-2026-08-14T10:32:44.691599-05:00,1237283-10721199865,24000.0,PEN,Soles,2026-07-30T00:00:00-05:00
ocds-dgv273-seacev3-1233827,ocds-dgv273-seacev3-1233827-2026-08-14T10:32:44.531758-05:00,1233827-10411669667,74600.0,PEN,Soles,2026-07-24T00:00:00-05:00
ocds-dgv273-seacev3-1231004,ocds-dgv273-seacev3-1231004-2026-08-14T10:32:44.342104-05:00,1231004-20614925648,176675.0,PEN,Soles,2026-07-15T00:00:00-05:00
ocds-dgv273-seacev3-1230196,ocds-dgv273-seacev3-1230196-2026-08-14T10:32:42.948923-05:00,1230196-20604236437,59000.0,PEN,Soles,2026-08-10T00:00:00-05:00
ocds-dgv273-seacev3-1230864,ocds-dgv273-seacev3-1230864-2026-08-14T10:32:42.872294-05:00,1230864-1814132,85879.56,PEN,Soles,2026-08-04T00:00:00-05:00
ocds-dgv273-seacev3-1236233,ocds-dgv273-seacev3-1236233-2026-08-14T10:32:42.623218-05:00,1236233-20559219119,1141560.0,PEN,Soles,2026-08-05T00:00:00-05:00
ocds-dgv273-seacev3-1235422,ocds-dgv273-seacev3-1235422-2026-08-14T10:32:42.327684-05:00,1235422-1818625,1111291.45,PEN,Soles,2026-08-11T00:00:00-05:00
ocds-dgv273-seacev3-1231614,ocds-dgv273-seacev3-1231614-2026-08-14T10:32:41.894555-05:00,1231614-20601610427,71600.0,PEN,Soles,2026-07-22T00:00:00-05:00
ocds-dgv273-seacev3-1229863,ocds-dgv273-seacev3-1229863-2026-08-14T10:32:41.342560-05:00,1229863-20533797530,44352.0,PEN,Soles,2026-07-22T00:00:00-05:00
ocds-dgv273-seacev3-2026-1316-12,ocds-dgv273-seacev3-2026-1316-12-2026-08-14T10:32:40.982151-05:00,1232742-1815638,1418674.32,PEN,Soles,2026-07-30T00:00:00-05:00
ocds-dgv273-seacev3-1233982,ocds-dgv273-seacev3-1233982-2026-08-14T10:32:35.504107-05:00,1233982-1815779,2784025.78,PEN,Soles,2026-07-31T00:00:00-05:00
ocds-dgv273-seacev3-1230128,ocds-dgv273-seacev3-1230128-2026-08-14T10:32:35.164625-05:00,1230128-20529511516,87542.69,PEN,Soles,2026-07-13T19:09:04-05:00
ocds-dgv273-seacev3-1232562,ocds-dgv273-seacev3-1232562-2026-08-14T10:32:35.063138-05:00,1232562-20513970961,105000.0,PEN,Soles,2026-07-22T00:00:00-05:00
ocds-dgv273-seacev3-1235496,ocds-dgv273-seacev3-1235496-2026-08-14T10:32:35.002476-05:00,1235496-20607422525,50000.0,PEN,Soles,2026-07-30T00:00:00-05:00
ocds-dgv273-seacev3-1232666,ocds-dgv273-seacev3-1232666-2026-08-14T10:32:33.808337-05:00,1232666-10478256715,94900.0,PEN,Soles,2026-07-16T00:00:00-05:00
ocds-dgv273-seacev3-1233832,ocds-dgv273-seacev3-1233832-2026-08-14T10:32:33.573921-05:00,1233832-20611158441,75540.0,PEN,Soles,2026-07-21T00:00:00-05:00
ocds-dgv273-seacev3-1231931,ocds-dgv273-seacev3-1231931-2026-08-14T10:32:32.875120-05:00,1231931-20600762037,60439.0,PEN,Soles,2026-07-14T00:00:00-05:00
ocds-dgv273-seacev3-1234167,ocds-dgv273-seacev3-1234167-2026-08-14T10:32:32.714902-05:00,1234167-20602020798,5398350.0,PEN,Soles,2026-07-17T00:00:00-05:00
ocds-dgv273-seacev3-1237592,ocds-dgv273-seacev3-1237592-2026-08-14T10:32:32.674234-05:00,1237592-10054112641,48000.0,PEN,Soles,2026-08-04T00:00:00-05:00
ocds-dgv273-seacev3-1230514,ocds-dgv273-seacev3-1230514-2026-08-14T10:32:32.577840-05:00,1230514-10448528982,64728.0,PEN,Soles,2026-07-20T00:00:00-05:00
ocds-dgv273-seacev3-1234035,ocds-dgv273-seacev3-1234035-2026-08-14T10:32:31.440676-05:00,1234035-1813349,3448000.0,PEN,Soles,2026-07-17T00:00:00-05:00
ocds-dgv273-seacev3-1230965,ocds-dgv273-seacev3-1230965-2026-08-14T10:32:31.363385-05:00,1230965-20600165535,99890.0,PEN,Soles,2026-08-03T00:00:00-05:00
ocds-dgv273-seacev3-1233174,ocds-dgv273-seacev3-1233174-2026-08-14T10:32:30.929932-05:00,1233174-20612857840,81900.0,PEN,Soles,2026-07-22T00:00:00-05:00
ocds-dgv273-seacev3-1237204,ocds-dgv273-seacev3-1237204-2026-08-14T10:32:30.897330-05:00,1237204-10726593758,12000.0,PEN,Soles,2026-07-30T00:00:00-05:00
ocds-dgv273-seacev3-1229988,ocds-dgv273-seacev3-1229988-2026-08-14T10:32:30.498129-05:00,1229988-20505110651,457960.0,PEN,Soles,2026-07-24T00:00:00-05:00
ocds-dgv273-seacev3-2026-2348-24,ocds-dgv273-seacev3-2026-2348-24-2026-08-14T10:32:30.341967-05:00,1232916-20609917530,71659.6,PEN,Soles,2026-07-17T00:00:00-05:00
ocds-dgv273-seacev3-1232720,ocds-dgv273-seacev3-1232720-2026-08-14T10:32:30.313175-05:00,1232720-20611708026,78000.0,PEN,Soles,2026-07-16T00:00:00-05:00
ocds-dgv273-seacev3-2026-10248-28,ocds-dgv273-seacev3-2026-10248-28-2026-08-14T10:32:30.087733-05:00,1229675-20208194489,608000.0,PEN,Soles,2026-07-16T00:00:00-05:00
ocds-dgv273-seacev3-1235280,ocds-dgv273-seacev3-1235280-2026-08-14T10:32:22.202493-05:00,1235280-20606516054,293977.4,PEN,Soles,2026-07-21T00:00:00-05:00
ocds-dgv273-seacev3-2026-1747-21,ocds-dgv273-seacev3-2026-1747-21-2026-08-14T10:32:21.259742-05:00,1234006-10018471421,99199.0,PEN,Soles,2026-07-21T00:00:00-05:00
ocds-dgv273-seacev3-1235652,ocds-dgv273-seacev3-1235652-2026-08-14T10:32:20.612385-05:00,1235652-20601520827,99850.0,PEN,Soles,2026-07-31T00:00:00-05:00
ocds-dgv273-seacev3-1233533,ocds-dgv273-seacev3-1233533-2026-08-14T10:32:20.534751-05:00,1233533-1813158,90500.0,PEN,Soles,2026-07-20T00:00:00-05:00
ocds-dgv273-seacev3-2026-1590-1,ocds-dgv273-seacev3-2026-1590-1-2026-08-14T10:32:20.341518-05:00,1232132-20483829672,1114634.8,PEN,Soles,2026-07-24T17:47:30-05:00
ocds-dgv273-seacev3-2026-517-3,ocds-dgv273-seacev3-2026-517-3-2026-08-14T10:32:18.771699-05:00,1233276-20494224748,138732.75,PEN,Soles,2026-07-30T00:00:00-05:00
ocds-dgv273-seacev3-1230102,ocds-dgv273-seacev3-1230102-2026-08-14T10:32:18.411792-05:00,1230102-1813100,52150.0,PEN,Soles,2026-07-20T00:00:00-05:00
ocds-dgv273-seacev3-1230832,ocds-dgv273-seacev3-1230832-2026-08-14T10:32:18.164596-05:00,1230832-20564100154,99500.0,PEN,Soles,2026-07-21T00:00:00-05:00
ocds-dgv273-seacev3-1233011,ocds-dgv273-seacev3-1233011-2026-08-14T10:32:17.842022-05:00,1233011-10218008726,96000.0,PEN,Soles,2026-07-21T00:00:00-05:00
ocds-dgv273-seacev3-1232070,ocds-dgv273-seacev3-1232070-2026-08-14T10:32:17.483543-05:00,1232070-20605177655,66500.0,PEN,Soles,2026-08-03T00:00:00-05:00
ocds-dgv273-seacev3-1238616,ocds-dgv273-seacev3-1238616-2026-08-13T10:28:40.874274-05:00,1238616-10064312508,50000.0,PEN,Soles,2026-08-04T00:00:00-05:00
ocds-dgv273-seacev3-1237638,ocds-dgv273-seacev3-1237638-2026-08-13T10:28:40.398111-05:00,1237638-1816621,10698130.0,PEN,Soles,2026-07-31T00:00:00-05:00
ocds-dgv273-seacev3-1239446,ocds-dgv273-seacev3-1239446-2026-08-13T10:28:37.354436-05:00,1239446-10257563044,60000.0,PEN,Soles,2026-08-07T00:00:00-05:00
ocds-dgv273-seacev3-1237832,ocds-dgv273-seacev3-1237832-2026-08-13T10:28:37.218196-05:00,1237832-20608371991,129680.5,PEN,Soles,2026-08-07T00:00:00-05:00
ocds-dgv273-seacev3-1233219,ocds-dgv273-seacev3-1233219-2026-08-13T10:28:36.823495-05:00,1233219-20452440831,212100.0,PEN,Soles,2026-07-24T12:25:22-05:00
ocds-dgv273-seacev3-1232292,ocds-dgv273-seacev3-1232292-2026-08-13T10:28:36.662037-05:00,1232292-20611216760,55000.0,PEN,Soles,2026-07-16T00:00:00-05:00
ocds-dgv273-seacev3-1235192,ocds-dgv273-seacev3-1235192-2026-08-13T10:28:36.490769-05:00,1235192-10428149969,72200.0,PEN,Soles,2026-07-30T00:00:00-05:00
ocds-dgv273-seacev3-1233689,ocds-dgv273-seacev3-1233689-2026-08-13T10:28:36.471544-05:00,1233689-20453899285,370152.0,PEN,Soles,2026-07-30T17:13:13-05:00
ocds-dgv273-seacev3-1234460,ocds-dgv273-seacev3-1234460-2026-08-13T10:28:36.141181-05:00,1234460-20565621921,87450.0,PEN,Soles,2026-07-24T00:00:00-05:00
ocds-dgv273-seacev3-1236483,ocds-dgv273-seacev3-1236483-2026-08-13T10:28:36.126475-05:00,1236483-20562640194,472000.0,PEN,Soles,2026-08-10T00:00:00-05:00
ocds-dgv273-seacev3-2026-2377-8,ocds-dgv273-seacev3-2026-2377-8-2026-08-13T10:28:35.380102-05:00,1233321-20601248647,95580.0,PEN,Soles,2026-07-31T00:00:00-05:00
ocds-dgv273-seacev3-1235403,ocds-dgv273-seacev3-1235403-2026-08-13T10:28:34.910929-05:00,1235403-20509585661,82270.0,PEN,Soles,2026-08-11T00:00:00-05:00
ocds-dgv273-seacev3-2026-10455-1,ocds-dgv273-seacev3-2026-10455-1-2026-08-13T10:28:34.071663-05:00,1231827-20494838568,260000.0,PEN,Soles,2026-07-21T00:00:00-05:00
ocds-dgv273-seacev3-1231247,ocds-dgv273-seacev3-1231247-2026-08-13T10:28:33.952810-05:00,1231247-10436931862,78220.34,PEN,Soles,2026-07-16T00:00:00-05:00
ocds-dgv273-seacev3-1232990,ocds-dgv273-seacev3-1232990-2026-08-13T10:28:33.765627-05:00,1232990-10415482502,71180.4,PEN,Soles,2026-07-16T00:00:00-05:00
ocds-dgv273-seacev3-2026-200282-3,ocds-dgv273-seacev3-2026-200282-3-2026-08-13T10:28:33.522098-05:00,1232261-20610677283,63550.0,PEN,Soles,2026-07-15T00:00:00-05:00
ocds-dgv273-seacev3-1234297,ocds-dgv273-seacev3-1234297-2026-08-13T10:28:28.467163-05:00,1234297-1816512,76000.0,PEN,Soles,2026-08-11T00:00:00-05:00
ocds-dgv273-seacev3-1231946,ocds-dgv273-seacev3-1231946-2026-08-13T10:28:28.296547-05:00,1231946-1814461,100055.75,PEN,Soles,2026-07-31T00:00:00-05:00
ocds-dgv273-seacev3-1236220,ocds-dgv273-seacev3-1236220-2026-08-13T10:28:28.195585-05:00,1236220-1815726,2458615.04,PEN,Soles,2026-07-30T00:00:00-05:00
ocds-dgv273-seacev3-1235064,ocds-dgv273-seacev3-1235064-2026-08-13T10:28:27.569239-05:00,1235064-1817909,155113.57,PEN,Soles,2026-08-11T00:00:00-05:00
ocds-dgv273-seacev3-1232952,ocds-dgv273-seacev3-1232952-2026-08-13T10:28:27.262836-05:00,1232952-20505935684,79547.25,PEN,Soles,2026-07-22T00:00:00-05:00
ocds-dgv273-seacev3-1233231,ocds-dgv273-seacev3-1233231-2026-08-13T10:28:26.852351-05:00,1233231-20609932636,159600.0,PEN,Nuevos Soles,2026-08-03T00:00:00-05:00
ocds-dgv273-seacev3-1234359,ocds-dgv273-seacev3-1234359-2026-08-13T10:28:26.391759-05:00,1234359-20552452314,269850.0,PEN,Soles,2026-07-31T00:00:00-05:00
ocds-dgv273-seacev3-1234360,ocds-dgv273-seacev3-1234360-2026-08-13T10:28:26.378522-05:00,1234360-20539472390,317760.0,PEN,Soles,2026-08-11T00:00:00-05:00
ocds-dgv273-seacev3-1231891,ocds-dgv273-seacev3-1231891-2026-08-13T10:28:25.486446-05:00,1231891-1813553,464916.57,PEN,Soles,2026-07-22T00:00:00-05:00
ocds-dgv273-seacev3-1232358,ocds-dgv273-seacev3-1232358-2026-08-13T10:28:24.630853-05:00,1232358-10422958440,126500.0,PEN,Soles,2026-07-17T00:00:00-05:00
ocds-dgv273-seacev3-1232339,ocds-dgv273-seacev3-1232339-2026-08-13T10:28:24.616131-05:00,1232339-20511037001,169528.24,PEN,Soles,2026-07-17T00:00:00-05:00
ocds-dgv273-seacev3-1239403,ocds-dgv273-seacev3-1239403-2026-08-13T10:28:24.484360-05:00,1239403-10478847896,60000.0,PEN,Soles,2026-08-07T00:00:00-05:00
ocds-dgv273-seacev3-1237237,ocds-dgv273-seacev3-1237237-2026-08-13T10:28:23.885262-05:00,1237237-10701384585,30000.0,PEN,Soles,2026-08-07T00:00:00-05:00
ocds-dgv273-seacev3-1230336,ocds-dgv273-seacev3-1230336-2026-08-13T10:28:22.941958-05:00,1230336-1810906,1941922.47,PEN,Soles,2026-07-13T00:00:00-05:00
ocds-dgv273-seacev3-1232472,ocds-dgv273-seacev3-1232472-2026-08-13T10:28:22.351902-05:00,1232472-20603787332,270000.0,PEN,Soles,2026-07-30T00:00:00-05:00
ocds-dgv273-seacev3-1230516,ocds-dgv273-seacev3-1230516-2026-08-13T10:28:22.254657-05:00,1230516-1814458,3490786.07,PEN,Soles,2026-07-24T00:00:00-05:00
ocds-dgv273-seacev3-2026-200019-75,ocds-dgv273-seacev3-2026-200019-75-2026-08-13T10:28:22.126855-05:00,1230574-20613523767,90192.0,PEN,Soles,2026-07-31T00:00:00-05:00
ocds-dgv273-seacev3-1231382,ocds-dgv273-seacev3-1231382-2026-08-13T10:28:21.941602-05:00,1231382-20408148929,145060.0,PEN,Nuevos Soles,2026-07-16T00:00:00-05:00
ocds-dgv273-seacev3-1231686,ocds-dgv273-seacev3-1231686-2026-08-13T10:28:17.088560-05:00,1231686-20602734740,115000.0,PEN,Soles,2026-07-20T00:00:00-05:00
ocds-dgv273-seacev3-2026-1608-3,ocds-dgv273-seacev3-2026-1608-3-2026-08-13T10:28:16.940312-05:00,1215163-20396543185,94449.6,PEN,Soles,2026-07-20T00:00:00-05:00
ocds-dgv273-seacev3-2026-1608-3,ocds-dgv273-seacev3-2026-1608-3-2026-08-13T10:28:16.940312-05:00,1215163-20514345440,124488.0,PEN,Soles,2026-07-20T00:00:00-05:00
ocds-dgv273-seacev3-1234450,ocds-dgv273-seacev3-1234450-2026-08-13T10:28:16.858582-05:00,1234450-20155695901,126350.0,PEN,Soles,2026-08-03T00:00:00-05:00
ocds-dgv273-seacev3-1234696,ocds-dgv273-seacev3-1234696-2026-08-13T10:28:15.549883-05:00,1234696-20172627421,259700.0,PEN,Soles,2026-08-04T00:00:00-05:00
ocds-dgv273-seacev3-1237261,ocds-dgv273-seacev3-1237261-2026-08-13T10:28:13.732902-05:00,1237261-10734763034,20000.0,PEN,Soles,2026-08-07T00:00:00-05:00
ocds-dgv273-seacev3-2026-1947-375,ocds-dgv273-seacev3-2026-1947-375-2026-08-13T10:28:13.662043-05:00,1231816-20571573645,114990.0,PEN,Soles,2026-07-21T00:00:00-05:00
ocds-dgv273-seacev3-1233196,ocds-dgv273-seacev3-1233196-2026-08-13T10:28:13.506188-05:00,1233196-10456051991,93299.6,PEN,Soles,2026-07-20T00:00:00-05:00
ocds-dgv273-seacev3-1233878,ocds-dgv273-seacev3-1233878-2026-08-13T10:28:12.744779-05:00,1233878-10088859346,295942.4,PEN,Soles,2026-07-31T00:00:00-05:00
ocds-dgv273-seacev3-1230868,ocds-dgv273-seacev3-1230868-2026-08-13T10:28:11.173032-05:00,1230868-20602963846,64915.09,PEN,Soles,2026-07-31T00:00:00-05:00
ocds-dgv273-seacev3-1230655,ocds-dgv273-seacev3-1230655-2026-08-13T10:28:10.254649-05:00,1230655-10413835521,226800.0,PEN,Soles,2026-08-11T00:00:00-05:00
ocds-dgv273-seacev3-1231801,ocds-dgv273-seacev3-1231801-2026-08-13T10:28:06.084449-05:00,1231801-20529271884,310275.78,PEN,Soles,2026-08-03T00:00:00-05:00
ocds-dgv273-seacev3-1237753,ocds-dgv273-seacev3-1237753-2026-08-13T10:28:05.462453-05:00,1237753-10717409910,45500.0,PEN,Soles,2026-08-10T00:00:00-05:00
ocds-dgv273-seacev3-1237585,ocds-dgv273-seacev3-1237585-2026-08-13T10:28:05.314297-05:00,1237585-10282811346,99985.04,PEN,Soles,2026-08-07T00:00:00-05:00
ocds-dgv273-seacev3-1235368,ocds-dgv273-seacev3-1235368-2026-08-13T10:28:03.904368-05:00,1235368-20615276732,25200.0,PEN,Soles,2026-08-03T00:00:00-05:00
ocds-dgv273-seacev3-1233537,ocds-dgv273-seacev3-1233537-2026-08-13T10:28:03.383494-05:00,1233537-10028356086,87360.0,PEN,Soles,2026-07-20T00:00:00-05:00
ocds-dgv273-seacev3-1232146,ocds-dgv273-seacev3-1232146-2026-08-13T10:28:02.400437-05:00,1232146-20609174073,95360.0,PEN,Nuevos Soles,2026-07-24T00:00:00-05:00
ocds-dgv273-seacev3-1224279,ocds-dgv273-seacev3-1224279-2026-08-13T10:28:02.297618-05:00,1224279-20568299389,467989.0,PEN,Soles,2026-07-24T00:00:00-05:00
ocds-dgv273-seacev3-2026-10370-23,ocds-dgv273-seacev3-2026-10370-23-2026-08-13T10:28:01.266888-05:00,1232434-10053529165,60000.0,PEN,Soles,2026-07-21T00:00:00-05:00
ocds-dgv273-seacev3-1232557,ocds-dgv273-seacev3-1232557-2026-08-13T10:28:01.037040-05:00,1232557-20604383740,200554.0,PEN,Soles,2026-07-24T00:00:00-05:00
ocds-dgv273-seacev3-2026-1003001687-14,ocds-dgv273-seacev3-2026-1003001687-14-2026-08-13T10:28:00.561295-05:00,1232178-10230038321,128666.0,PEN,Soles,2026-07-31T00:00:00-05:00
ocds-dgv273-seacev3-1232936,ocds-dgv273-seacev3-1232936-2026-08-13T10:27:54.852078-05:00,1232936-20550770025,76145.4,PEN,Soles,2026-07-24T00:00:00-05:00
ocds-dgv273-seacev3-1235890,ocds-dgv273-seacev3-1235890-2026-08-13T10:27:54.441451-05:00,1235890-1818143,417453.21,PEN,Soles,2026-08-11T00:00:00-05:00
ocds-dgv273-seacev3-1233896,ocds-dgv273-seacev3-1233896-2026-08-13T10:27:54.083569-05:00,1233896-10741721240,65400.0,PEN,Soles,2026-07-20T00:00:00-05:00
ocds-dgv273-seacev3-1230681,ocds-dgv273-seacev3-1230681-2026-08-13T10:27:53.352654-05:00,1230681-20559644243,124734.75,PEN,Soles,2026-07-16T00:00:00-05:00
ocds-dgv273-seacev3-1234276,ocds-dgv273-seacev3-1234276-2026-08-13T10:27:51.820511-05:00,1234276-20610757694,90860.0,PEN,Soles,2026-08-03T00:00:00-05:00
ocds-dgv273-seacev3-1233775,ocds-dgv273-seacev3-1233775-2026-08-13T10:27:51.561758-05:00,1233775-20454158050,138600.0,PEN,Soles,2026-07-14T00:00:00-05:00
ocds-dgv273-seacev3-1235570,ocds-dgv273-seacev3-1235570-2026-08-13T10:27:50.038852-05:00,1235570-20405629829,175480.0,PEN,Soles,2026-08-03T00:00:00-05:00
ocds-dgv273-seacev3-1229523,ocds-dgv273-seacev3-1229523-2026-08-13T10:27:49.357130-05:00,1229523-1814345,2151473.61,PEN,Soles,2026-07-22T00:00:00-05:00
ocds-dgv273-seacev3-1229605,ocds-dgv273-seacev3-1229605-2026-08-13T10:27:49.318376-05:00,1229605-1814606,198100.0,PEN,Soles,2026-07-31T00:00:00-05:00
ocds-dgv273-seacev3-2026-232347-20,ocds-dgv273-seacev3-2026-232347-20-2026-08-13T10:27:49.089792-05:00,1237722-10407276162,50000.0,PEN,Soles,2026-07-31T00:00:00-05:00
ocds-dgv273-seacev3-1237803,ocds-dgv273-seacev3-1237803-2026-08-13T10:27:43.293243-05:00,1237803-20612892165,69100.0,PEN,Soles,2026-08-11T00:00:00-05:00
ocds-dgv273-seacev3-1236129,ocds-dgv273-seacev3-1236129-2026-08-13T10:27:43.028798-05:00,1236129-20612348708,75300.0,PEN,Soles,2026-08-03T00:00:00-05:00
ocds-dgv273-seacev3-2026-1593-2,ocds-dgv273-seacev3-2026-1593-2-2026-08-13T10:27:41.791164-05:00,1233843-20525863728,165345.0,PEN,Soles,2026-07-24T00:00:00-05:00
ocds-dgv273-seacev3-1234058,ocds-dgv273-seacev3-1234058-2026-08-13T10:27:41.398861-05:00,1234058-20484204196,107580.71,PEN,Soles,2026-07-31T00:00:00-05:00
ocds-dgv273-seacev3-1231425,ocds-dgv273-seacev3-1231425-2026-08-13T10:27:40.282181-05:00,1231425-20521613042,52100.0,PEN,Soles,2026-07-20T00:00:00-05:00
ocds-dgv273-seacev3-1234532,ocds-dgv273-seacev3-1234532-2026-08-13T10:27:40.206817-05:00,1234532-20601126916,378000.0,PEN,Soles,2026-08-10T00:00:00-05:00
ocds-dgv273-seacev3-1235938,ocds-dgv273-seacev3-1235938-2026-08-13T10:27:38.974679-05:00,1235938-20100139848,387571.2,PEN,Soles,2026-08-11T00:00:00-05:00
ocds-dgv273-seacev3-1230209,ocds-dgv273-seacev3-1230209-2026-08-13T10:27:38.466058-05:00,1230209-20100863023,74200.0,PEN,Soles,2026-07-22T00:00:00-05:00
ocds-dgv273-seacev3-1231978,ocds-dgv273-seacev3-1231978-2026-08-13T10:27:38.054024-05:00,1231978-20480430621,96500.0,PEN,Soles,2026-07-13T00:00:00-05:00
ocds-dgv273-seacev3-1231651,ocds-dgv273-seacev3-1231651-2026-08-13T10:27:37.736026-05:00,1231651-20605679774,68799.0,PEN,Soles,2026-07-16T00:00:00-05:00
ocds-dgv273-seacev3-1230818,ocds-dgv273-seacev3-1230818-2026-08-13T10:27:31.117696-05:00,1230818-1811899,437969.83,PEN,Soles,2026-07-16T00:00:00-05:00
ocds-dgv273-seacev3-1233336,ocds-dgv273-seacev3-1233336-2026-08-13T10:27:30.739495-05:00,1233336-1815299,1475000.0,PEN,Soles,2026-07-31T00:00:00-05:00
ocds-dgv273-seacev3-2026-105388-2,ocds-dgv273-seacev3-2026-105388-2-2026-08-13T10:27:30.108353-05:00,1236435-10403439661,211140.0,PEN,Soles,2026-08-11T00:00:00-05:00
ocds-dgv273-seacev3-1237679,ocds-dgv273-seacev3-1237679-2026-08-13T10:27:29.907476-05:00,1237679-1816585,491849.2,PEN,Soles,2026-07-31T00:00:00-05:00
ocds-dgv273-seacev3-1230921,ocds-dgv273-seacev3-1230921-2026-08-13T10:27:29.595672-05:00,1230921-20538541762,69000.0,PEN,Soles,2026-07-09T00:00:00-05:00
ocds-dgv273-seacev3-1235188,ocds-dgv273-seacev3-1235188-2026-08-13T10:27:29.277203-05:00,1235188-10453981130,99715.0,PEN,Soles,2026-07-30T00:00:00-05:00
ocds-dgv273-seacev3-1233220,ocds-dgv273-seacev3-1233220-2026-08-13T10:27:28.853244-05:00,1233220-20604662657,133450.0,PEN,Soles,2026-07-24T00:00:00-05:00
ocds-dgv273-seacev3-1239953,ocds-dgv273-seacev3-1239953-2026-08-13T10:27:28.805137-05:00,1239953-20100032458,13500.0,PEN,Soles,2026-08-11T00:00:00-05:00
ocds-dgv273-seacev3-1236717,ocds-dgv273-seacev3-1236717-2026-08-13T10:27:28.462086-05:00,1236717-20516809524,95000.0,PEN,Soles,2026-07-31T00:00:00-05:00
ocds-dgv273-seacev3-1239275,ocds-dgv273-seacev3-1239275-2026-08-13T10:27:26.903405-05:00,1239275-20601539749,318000.0,PEN,Soles,2026-08-11T12:18:52-05:00
ocds-dgv273-seacev3-1235957,ocds-dgv273-seacev3-1235957-2026-08-13T10:27:26.814677-05:00,1235957-1815713,966961.57,PEN,Soles,2026-07-30T00:00:00-05:00
ocds-dgv273-seacev3-1231148,ocds-dgv273-seacev3-1231148-2026-08-13T10:27:26.170271-05:00,1231148-10410081801,74951.5,PEN,Soles,2026-07-31T00:00:00-05:00
ocds-dgv273-seacev3-1231230,ocds-dgv273-seacev3-1231230-2026-08-13T10:27:25.773458-05:00,1231230-1812525,805418.92,PEN,Soles,2026-07-16T00:00:00-05:00
ocds-dgv273-seacev3-1231325,ocds-dgv273-seacev3-1231325-2026-08-13T10:27:25.405013-05:00,1231325-1814398,99000.0,PEN,Soles,2026-08-10T00:00:00-05:00
ocds-dgv273-seacev3-1234719,ocds-dgv273-seacev3-1234719-2026-08-12T10:30:46.648619-05:00,1234719-10167781344,3000.0,PEN,Soles,2026-08-07T00:00:00-05:00
ocds-dgv273-seacev3-2026-1886-26,ocds-dgv273-seacev3-2026-1886-26-2026-08-12T10:30:46.200374-05:00,1232931-10282916563,76000.0,PEN,Soles,2026-07-30T00:00:00-05:00
ocds-dgv273-seacev3-2026-1886-26,ocds-dgv273-seacev3-2026-1886-26-2026-08-12T10:30:46.200374-05:00,1232931-20509860981,139107.0,PEN,Soles,2026-07-30T00:00:00-05:00
ocds-dgv273-seacev3-2026-1886-26,ocds-dgv273-seacev3-2026-1886-26-2026-08-12T10:30:46.200374-05:00,1232931-20559644243,41500.0,PEN,Soles,2026-07-30T00:00:00-05:00
ocds-dgv273-seacev3-2026-1886-26,ocds-dgv273-seacev3-2026-1886-26-2026-08-12T10:30:46.200374-05:00,1232931-20601088585,63000.0,PEN,Soles,2026-07-30T00:00:00-05:00
ocds-dgv273-seacev3-1235453,ocds-dgv273-seacev3-1235453-2026-08-12T10:30:46.112590-05:00,1235453-10469288400,79500.0,PEN,Soles,2026-07-30T00:00:00-05:00
ocds-dgv273-seacev3-1233189,ocds-dgv273-seacev3-1233189-2026-08-12T10:30:44.874376-05:00,1233189-10239343410,78912.0,PEN,Soles,2026-07-20T00:00:00-05:00
ocds-dgv273-seacev3-1236320,ocds-dgv273-seacev3-1236320-2026-08-12T10:30:42.713224-05:00,1236320-10735903263,237600.0,PEN,Soles,2026-08-10T00:00:00-05:00
ocds-dgv273-seacev3-1235767,ocds-dgv273-seacev3-1235767-2026-08-12T10:30:42.646895-05:00,1235767-L9000033002,3640.0,USD,Dólar Norteamericano,2026-07-22T00:00:00-05:00
ocds-dgv273-seacev3-1235986,ocds-dgv273-seacev3-1235986-2026-08-12T10:30:42.581425-05:00,1235986-1816609,425904.34,PEN,Soles,2026-07-31T00:00:00-05:00
ocds-dgv273-seacev3-1235463,ocds-dgv273-seacev3-1235463-2026-08-12T10:30:42.474603-05:00,1235463-20610306315,100000.0,PEN,Soles,2026-07-31T00:00:00-05:00
ocds-dgv273-seacev3-1233519,ocds-dgv273-seacev3-1233519-2026-08-12T10:30:42.112675-05:00,1233519-20611155175,61000.0,PEN,Soles,2026-07-17T00:00:00-05:00
ocds-dgv273-seacev3-1236231,ocds-dgv273-seacev3-1236231-2026-08-12T10:30:41.902484-05:00,1236231-10470923577,144000.0,PEN,Soles,2026-07-30T00:00:00-05:00
ocds-dgv273-seacev3-1235818,ocds-dgv273-seacev3-1235818-2026-08-12T10:30:41.797219-05:00,1235818-20504312403,85360.0,PEN,Soles,2026-08-10T00:00:00-05:00
ocds-dgv273-seacev3-1233299,ocds-dgv273-seacev3-1233299-2026-08-12T10:30:41.459060-05:00,1233299-10239343410,52800.0,PEN,Soles,2026-07-20T00:00:00-05:00
ocds-dgv273-seacev3-2026-2543-883,ocds-dgv273-seacev3-2026-2543-883-2026-08-12T10:30:41.337174-05:00,1232203-20515352199,170120.0,PEN,Soles,2026-08-07T00:00:00-05:00
ocds-dgv273-seacev3-1237429,ocds-dgv273-seacev3-1237429-2026-08-12T10:30:41.245575-05:00,1237429-10292280331,48120.0,PEN,Soles,2026-08-10T00:00:00-05:00
ocds-dgv273-seacev3-1237303,ocds-dgv273-seacev3-1237303-2026-08-12T10:30:41.162168-05:00,1237303-L9000033025,1883520.0,PEN,Soles,2026-07-30T00:00:00-05:00
ocds-dgv273-seacev3-1231264,ocds-dgv273-seacev3-1231264-2026-08-12T10:30:35.051723-05:00,1231264-1812580,66000.0,PEN,Soles,2026-08-05T00:00:00-05:00
ocds-dgv273-seacev3-1234976,ocds-dgv273-seacev3-1234976-2026-08-12T10:30:34.000812-05:00,1234976-L9000033021,264000.0,USD,Dólar Norteamericano,2026-08-05T00:00:00-05:00
ocds-dgv273-seacev3-1235590,ocds-dgv273-seacev3-1235590-2026-08-12T10:30:33.659242-05:00,1235590-20600441028,67675.0,PEN,Soles,2026-08-07T00:00:00-05:00
ocds-dgv273-seacev3-2026-200140-4,ocds-dgv273-seacev3-2026-200140-4-2026-08-12T10:30:33.459721-05:00,1232155-20418896915,274566.02,PEN,Soles,2026-07-31T00:00:00-05:00
ocds-dgv273-seacev3-1234225,ocds-dgv273-seacev3-1234225-2026-08-12T10:30:32.403987-05:00,1234225-20529476265,60863.0,PEN,Soles,2026-07-21T00:00:00-05:00
ocds-dgv273-seacev3-1233572,ocds-dgv273-seacev3-1233572-2026-08-12T10:30:32.054797-05:00,1233572-1815923,1043269.94,PEN,Soles,2026-08-03T00:00:00-05:00
ocds-dgv273-seacev3-1236238,ocds-dgv273-seacev3-1236238-2026-08-12T10:30:31.244533-05:00,1236238-1818473,73500.0,PEN,Soles,2026-08-10T00:00:00-05:00
ocds-dgv273-seacev3-1234792,ocds-dgv273-seacev3-1234792-2026-08-12T10:30:30.966925-05:00,1234792-10097832281,5000.0,PEN,Soles,2026-08-07T00:00:00-05:00
ocds-dgv273-seacev3-1235474,ocds-dgv273-seacev3-1235474-2026-08-12T10:30:30.633182-05:00,1235474-20610763970,62122.0,PEN,Soles,2026-08-07T00:00:00-05:00
ocds-dgv273-seacev3-1232343,ocds-dgv273-seacev3-1232343-2026-08-12T10:30:29.943572-05:00,1232343-20100018625,29760.0,PEN,Soles,2026-07-22T00:00:00-05:00
ocds-dgv273-seacev3-1233109,ocds-dgv273-seacev3-1233109-2026-08-12T10:30:29.577584-05:00,1233109-20574706409,115300.0,PEN,Soles,2026-07-21T00:00:00-05:00
ocds-dgv273-seacev3-1229206,ocds-dgv273-seacev3-1229206-2026-08-12T10:30:29.437098-05:00,1229206-20454434693,57511.0,PEN,Soles,2026-07-14T00:00:00-05:00
ocds-dgv273-seacev3-1231506,ocds-dgv273-seacev3-1231506-2026-08-12T10:30:29.230646-05:00,1231506-1812809,295000.0,PEN,Soles,2026-07-17T00:00:00-05:00
ocds-dgv273-seacev3-1234427,ocds-dgv273-seacev3-1234427-2026-08-12T10:30:23.997702-05:00,1234427-10775306454,1361705.15,PEN,Soles,2026-07-21T00:00:00-05:00
ocds-dgv273-seacev3-1234881,ocds-dgv273-seacev3-1234881-2026-08-12T10:30:23.897791-05:00,1234881-20271779721,76971.9,PEN,Soles,2026-07-30T00:00:00-05:00
ocds-dgv273-seacev3-1230592,ocds-dgv273-seacev3-1230592-2026-08-12T10:30:23.091062-05:00,1230592-20607959430,78725.0,PEN,Soles,2026-07-16T00:00:00-05:00
ocds-dgv273-seacev3-1233173,ocds-dgv273-seacev3-1233173-2026-08-12T10:30:22.528401-05:00,1233173-20603234279,570742.06,PEN,Soles,2026-07-30T00:00:00-05:00
ocds-dgv273-seacev3-1233680,ocds-dgv273-seacev3-1233680-2026-08-12T10:30:20.361435-05:00,1233680-20526944934,140012.0,PEN,Soles,2026-07-30T13:56:37-05:00
ocds-dgv273-seacev3-1232734,ocds-dgv273-seacev3-1232734-2026-08-12T10:30:19.129251-05:00,1232734-20533210385,55500.0,PEN,Soles,2026-07-21T00:00:00-05:00
ocds-dgv273-seacev3-1231341,ocds-dgv273-seacev3-1231341-2026-08-12T10:30:18.903989-05:00,1231341-20611230100,80000.0,PEN,Soles,2026-07-17T00:00:00-05:00
ocds-dgv273-seacev3-1231829,ocds-dgv273-seacev3-1231829-2026-08-12T10:30:18.190088-05:00,1231829-20489666325,81000.0,PEN,Soles,2026-07-15T00:00:00-05:00
ocds-dgv273-seacev3-1232408,ocds-dgv273-seacev3-1232408-2026-08-12T10:30:17.788161-05:00,1232408-20559644243,102450.0,PEN,Soles,2026-07-20T00:00:00-05:00
ocds-dgv273-seacev3-1231548,ocds-dgv273-seacev3-1231548-2026-08-12T10:30:12.774893-05:00,1231548-20606497785,3232440.0,PEN,Soles,2026-07-21T00:00:00-05:00
ocds-dgv273-seacev3-2026-1886-23,ocds-dgv273-seacev3-2026-1886-23-2026-08-12T10:30:12.579056-05:00,1233061-20611043873,185000.0,PEN,Soles,2026-07-30T00:00:00-05:00
ocds-dgv273-seacev3-1232448,ocds-dgv273-seacev3-1232448-2026-08-12T10:30:12.127783-05:00,1232448-20613474961,94300.0,PEN,Soles,2026-07-24T00:00:00-05:00
ocds-dgv273-seacev3-1233578,ocds-dgv273-seacev3-1233578-2026-08-12T10:30:11.488199-05:00,1233578-1817402,519215.21,PEN,Soles,2026-08-05T00:00:00-05:00
ocds-dgv273-seacev3-1232705,ocds-dgv273-seacev3-1232705-2026-08-12T10:30:11.121309-05:00,1232705-20490332490,61346.0,PEN,Soles,2026-07-21T00:00:00-05:00
ocds-dgv273-seacev3-1232488,ocds-dgv273-seacev3-1232488-2026-08-12T10:30:10.992670-05:00,1232488-20603988974,53553.57,PEN,Soles,2026-07-20T00:00:00-05:00
ocds-dgv273-seacev3-1231807,ocds-dgv273-seacev3-1231807-2026-08-12T10:30:10.441504-05:00,1231807-20604893730,210000.0,PEN,Soles,2026-07-21T00:00:00-05:00
ocds-dgv273-seacev3-1234105,ocds-dgv273-seacev3-1234105-2026-08-12T10:30:08.414556-05:00,1234105-20601011736,110516.22,PEN,Soles,2026-07-24T00:00:00-05:00
ocds-dgv273-seacev3-1232726,ocds-dgv273-seacev3-1232726-2026-08-12T10:30:07.941401-05:00,1232726-1813905,282500.0,PEN,Soles,2026-07-22T00:00:00-05:00
ocds-dgv273-seacev3-2026-15-13,ocds-dgv273-seacev3-2026-15-13-2026-08-12T10:30:04.750909-05:00,1220142-20332970411,183321.31,PEN,Soles,2026-07-08T00:00:00-05:00
ocds-dgv273-seacev3-1230748,ocds-dgv273-seacev3-1230748-2026-08-12T10:30:01.153133-05:00,1230748-20602527876,124713.73,PEN,Soles,2026-07-07T00:00:00-05:00
ocds-dgv273-seacev3-1237153,ocds-dgv273-seacev3-1237153-2026-08-12T10:30:00.768044-05:00,1237153-20601567572,169858.19,PEN,Soles,2026-08-05T00:00:00-05:00
ocds-dgv273-seacev3-1234300,ocds-dgv273-seacev3-1234300-2026-08-12T10:30:00.014513-05:00,1234300-10093435007,1980000.0,PEN,Soles,2026-07-20T00:00:00-05:00
ocds-dgv273-seacev3-1234319,ocds-dgv273-seacev3-1234319-2026-08-12T10:29:59.978867-05:00,1234319-20606367334,54590.0,PEN,Soles,2026-07-21T00:00:00-05:00
ocds-dgv273-seacev3-1234957,ocds-dgv273-seacev3-1234957-2026-08-12T10:29:59.145426-05:00,1234957-20611213191,81643.0,PEN,Soles,2026-07-30T00:00:00-05:00
ocds-dgv273-seacev3-1233446,ocds-dgv273-seacev3-1233446-2026-08-12T10:29:57.159605-05:00,1233446-20563978091,116400.0,PEN,Soles,2026-07-22T00:00:00-05:00
ocds-dgv273-seacev3-1236036,ocds-dgv273-seacev3-1236036-2026-08-12T10:29:56.991876-05:00,1236036-1816369,223515.6,PEN,Soles,2026-07-30T00:00:00-05:00
ocds-dgv273-seacev3-1231795,ocds-dgv273-seacev3-1231795-2026-08-12T10:29:56.385958-05:00,1231795-1814932,187684.39,PEN,Soles,2026-07-31T00:00:00-05:00
ocds-dgv273-seacev3-1230370,ocds-dgv273-seacev3-1230370-2026-08-12T10:29:55.974817-05:00,1230370-10472154988,61940.0,PEN,Soles,2026-07-13T00:00:00-05:00
ocds-dgv273-seacev3-1230370,ocds-dgv273-seacev3-1230370-2026-08-12T10:29:55.974817-05:00,1230370-20601937515,81880.0,PEN,Soles,2026-07-13T00:00:00-05:00
ocds-dgv273-seacev3-1231997,ocds-dgv273-seacev3-1231997-2026-08-12T10:29:55.809343-05:00,1231997-20600360389,294247.5,PEN,Soles,2026-07-14T00:00:00-05:00
ocds-dgv273-seacev3-1230708,ocds-dgv273-seacev3-1230708-2026-08-12T10:29:55.698572-05:00,1230708-10013347986,92268.0,PEN,Soles,2026-07-08T00:00:00-05:00
ocds-dgv273-seacev3-1235520,ocds-dgv273-seacev3-1235520-2026-08-12T10:29:50.573304-05:00,1235520-20601347386,204500.0,PEN,Soles,2026-07-30T00:00:00-05:00
ocds-dgv273-seacev3-1237356,ocds-dgv273-seacev3-1237356-2026-08-12T10:29:50.163318-05:00,1237356-20553008795,29492499.54,PEN,Soles,2026-08-03T00:00:00-05:00
ocds-dgv273-seacev3-1239391,ocds-dgv273-seacev3-1239391-2026-08-12T10:29:49.048900-05:00,1239391-1818242,1500000.0,USD,Dólar Norteamericano,2026-08-07T00:00:00-05:00
ocds-dgv273-seacev3-1235760,ocds-dgv273-seacev3-1235760-2026-08-12T10:29:47.706476-05:00,1235760-1818050,904605.35,PEN,Soles,2026-08-10T00:00:00-05:00
ocds-dgv273-seacev3-1231537,ocds-dgv273-seacev3-1231537-2026-08-12T10:29:45.880196-05:00,1231537-20601571065,217000.0,PEN,Soles,2026-07-22T00:00:00-05:00
ocds-dgv273-seacev3-1232819,ocds-dgv273-seacev3-1232819-2026-08-12T10:29:45.630489-05:00,1232819-20606619236,97000.0,PEN,Soles,2026-07-17T00:00:00-05:00
ocds-dgv273-seacev3-1234004,ocds-dgv273-seacev3-1234004-2026-08-12T10:29:37.607599-05:00,1234004-1817369,931320.33,PEN,Soles,2026-08-05T00:00:00-05:00
ocds-dgv273-seacev3-1233649,ocds-dgv273-seacev3-1233649-2026-08-12T10:29:36.600595-05:00,1233649-10418180302,55980.0,PEN,Soles,2026-07-20T00:00:00-05:00
ocds-dgv273-seacev3-1230888,ocds-dgv273-seacev3-1230888-2026-08-12T10:29:35.820893-05:00,1230888-1813643,349600.0,PEN,Soles,2026-07-31T00:00:00-05:00
ocds-dgv273-seacev3-1236788,ocds-dgv273-seacev3-1236788-2026-08-12T10:29:35.750683-05:00,1236788-20508626402,86051.5,PEN,Soles,2026-07-30T00:00:00-05:00
ocds-dgv273-seacev3-1238473,ocds-dgv273-seacev3-1238473-2026-08-12T10:29:35.432151-05:00,1238473-20293877964,13290.0,PEN,Soles,2026-08-04T00:00:00-05:00
ocds-dgv273-seacev3-1232166,ocds-dgv273-seacev3-1232166-2026-08-12T10:29:35.271200-05:00,1232166-20448154352,581274.0,PEN,Soles,2026-07-21T00:00:00-05:00
ocds-dgv273-seacev3-1231841,ocds-dgv273-seacev3-1231841-2026-08-12T10:29:35.254318-05:00,1231841-10487677961,73500.0,PEN,Soles,2026-07-17T00:00:00-05:00
ocds-dgv273-seacev3-1232678,ocds-dgv273-seacev3-1232678-2026-08-12T10:29:33.006186-05:00,1232678-1814644,425730.04,PEN,Soles,2026-07-24T00:00:00-05:00
ocds-dgv273-seacev3-1233638,ocds-dgv273-seacev3-1233638-2026-08-10T10:05:37.810265-05:00,1233638-1817642,156543.33,PEN,Soles,2026-08-07T00:00:00-05:00
ocds-dgv273-seacev3-1238955,ocds-dgv273-seacev3-1238955-2026-08-07T10:22:39.480322-05:00,1238955-20605937552,3500.0,PEN,Nuevos Soles,2026-08-05T00:00:00-05:00
ocds-dgv273-seacev3-1231293,ocds-dgv273-seacev3-1231293-2026-08-07T10:22:39.452128-05:00,1231293-1812767,4723806.95,PEN,Soles,2026-07-16T00:00:00-05:00
ocds-dgv273-seacev3-1237766,ocds-dgv273-seacev3-1237766-2026-08-07T10:22:39.421493-05:00,1237766-20419020606,330400.0,PEN,Soles,2026-08-05T00:00:00-05:00
ocds-dgv273-seacev3-1238896,ocds-dgv273-seacev3-1238896-2026-08-07T10:22:39.237155-05:00,1238896-20602306276,104823.14,PEN,Soles,2026-08-05T00:00:00-05:00
ocds-dgv273-seacev3-1239038,ocds-dgv273-seacev3-1239038-2026-08-07T10:22:38.861325-05:00,1239038-20106515906,111820.0,PEN,Soles,2026-08-05T00:00:00-05:00
ocds-dgv273-seacev3-1230720,ocds-dgv273-seacev3-1230720-2026-08-07T10:22:38.027615-05:00,1230720-20101015492,1683900.0,PEN,Soles,2026-07-17T00:00:00-05:00
ocds-dgv273-seacev3-1230720,ocds-dgv273-seacev3-1230720-2026-08-07T10:22:38.027615-05:00,1230720-20198988490,192057.0,PEN,Soles,2026-07-17T00:00:00-05:00
ocds-dgv273-seacev3-1230720,ocds-dgv273-seacev3-1230720-2026-08-07T10:22:38.027615-05:00,1230720-20434095574,385715.0,PEN,Soles,2026-07-17T00:00:00-05:00
ocds-dgv273-seacev3-1230720,ocds-dgv273-seacev3-1230720-2026-08-07T10:22:38.027615-05:00,1230720-20607139394,93500.0,PEN,Soles,2026-07-17T00:00:00-05:00
ocds-dgv273-seacev3-1234725,ocds-dgv273-seacev3-1234725-2026-08-07T10:22:36.729082-05:00,1234725-10460048830,72000.0,PEN,Soles,2026-07-17T00:00:00-05:00
ocds-dgv273-seacev3-1238248,ocds-dgv273-seacev3-1238248-2026-08-07T10:22:36.107874-05:00,1238248-20613029916,71050.0,PEN,Soles,2026-08-04T00:00:00-05:00
ocds-dgv273-seacev3-1233452,ocds-dgv273-seacev3-1233452-2026-08-07T10:22:35.981328-05:00,1233452-1815007,351258.14,PEN,Soles,2026-07-30T00:00:00-05:00
ocds-dgv273-seacev3-1231095,ocds-dgv273-seacev3-1231095-2026-08-07T10:22:35.124875-05:00,1231095-1812657,861147.56,PEN,Soles,2026-07-22T00:00:00-05:00
ocds-dgv273-seacev3-1230406,ocds-dgv273-seacev3-1230406-2026-08-07T10:22:34.765308-05:00,1230406-20570754905,51273.0,PEN,Soles,2026-07-14T09:57:53-05:00
ocds-dgv273-seacev3-1232634,ocds-dgv273-seacev3-1232634-2026-08-07T10:22:31.685208-05:00,1232634-20574739161,69175.0,PEN,Soles,2026-07-15T00:00:00-05:00
ocds-dgv273-seacev3-1231402,ocds-dgv273-seacev3-1231402-2026-08-07T10:22:31.620117-05:00,1231402-1813365,603257.49,PEN,Soles,2026-07-20T00:00:00-05:00
ocds-dgv273-seacev3-1231234,ocds-dgv273-seacev3-1231234-2026-08-07T10:22:31.181991-05:00,1231234-20563978091,228100.0,PEN,Soles,2026-07-15T00:00:00-05:00
ocds-dgv273-seacev3-2026-1215-3,ocds-dgv273-seacev3-2026-1215-3-2026-08-07T10:22:31.050979-05:00,1234775-20609126133,92255.0,PEN,Soles,2026-07-24T00:00:00-05:00
ocds-dgv273-seacev3-1233198,ocds-dgv273-seacev3-1233198-2026-08-07T10:22:30.162299-05:00,1233198-10730239322,39000.0,PEN,Soles,2026-07-16T00:00:00-05:00
ocds-dgv273-seacev3-1231418,ocds-dgv273-seacev3-1231418-2026-08-07T10:22:30.139763-05:00,1231418-20559122549,68270.0,PEN,Soles,2026-07-10T00:00:00-05:00
ocds-dgv273-seacev3-1230114,ocds-dgv273-seacev3-1230114-2026-08-07T10:22:29.549324-05:00,1230114-1811586,284741.6,PEN,Soles,2026-07-15T00:00:00-05:00
ocds-dgv273-seacev3-1234345,ocds-dgv273-seacev3-1234345-2026-08-07T10:22:29.496494-05:00,1234345-20612513067,67850.69,PEN,Soles,2026-07-31T00:00:00-05:00
ocds-dgv273-seacev3-1236879,ocds-dgv273-seacev3-1236879-2026-08-07T10:22:29.391217-05:00,1236879-20547500645,2076.8,PEN,Soles,2026-08-05T00:00:00-05:00
ocds-dgv273-seacev3-1235191,ocds-dgv273-seacev3-1235191-2026-08-07T10:22:29.370720-05:00,1235191-1814704,699021.8,PEN,Soles,2026-07-22T00:00:00-05:00
ocds-dgv273-seacev3-1235111,ocds-dgv273-seacev3-1235111-2026-08-07T10:22:29.129067-05:00,1235111-10295623301,60000.0,PEN,Soles,2026-07-17T00:00:00-05:00
ocds-dgv273-seacev3-2026-2365-8,ocds-dgv273-seacev3-2026-2365-8-2026-08-07T10:22:28.396406-05:00,1231361-20611111887,47971.7,PEN,Soles,2026-07-24T00:00:00-05:00
ocds-dgv273-seacev3-1231415,ocds-dgv273-seacev3-1231415-2026-08-07T10:22:28.118472-05:00,1231415-10715822682,57000.0,PEN,Nuevos Soles,2026-07-14T00:00:00-05:00
ocds-dgv273-seacev3-1234119,ocds-dgv273-seacev3-1234119-2026-08-07T10:22:28.037074-05:00,1234119-20567292160,74800.0,PEN,Soles,2026-07-31T00:00:00-05:00
ocds-dgv273-seacev3-1233467,ocds-dgv273-seacev3-1233467-2026-08-07T10:22:28.014462-05:00,1233467-1814797,571145.41,PEN,Soles,2026-07-24T00:00:00-05:00
ocds-dgv273-seacev3-2026-1895-15,ocds-dgv273-seacev3-2026-1895-15-2026-08-07T10:22:27.954805-05:00,1232151-20100042500,43907.8,PEN,Soles,2026-07-20T00:00:00-05:00
ocds-dgv273-seacev3-1236347,ocds-dgv273-seacev3-1236347-2026-08-07T10:22:27.926098-05:00,1236347-20602483011,7376500.0,PEN,Soles,2026-08-05T00:00:00-05:00
ocds-dgv273-seacev3-1232263,ocds-dgv273-seacev3-1232263-2026-08-07T10:22:26.751745-05:00,1232263-10701396192,99561.5,PEN,Soles,2026-07-14T00:00:00-05:00
ocds-dgv273-seacev3-1230577,ocds-dgv273-seacev3-1230577-2026-08-07T10:22:26.500835-05:00,1230577-10161255101,111276.0,PEN,Soles,2026-07-16T00:00:00-05:00
ocds-dgv273-seacev3-1236445,ocds-dgv273-seacev3-1236445-2026-08-07T10:22:20.086915-05:00,1236445-10471197586,72000.0,PEN,Soles,2026-07-22T00:00:00-05:00
ocds-dgv273-seacev3-1230563,ocds-dgv273-seacev3-1230563-2026-08-07T10:22:19.816855-05:00,1230563-10161255101,108319.06,PEN,Soles,2026-07-17T00:00:00-05:00
ocds-dgv273-seacev3-1237466,ocds-dgv273-seacev3-1237466-2026-08-07T10:22:19.346413-05:00,1237466-1816364,144092.54,PEN,Soles,2026-07-30T00:00:00-05:00
ocds-dgv273-seacev3-1230731,ocds-dgv273-seacev3-1230731-2026-08-07T10:22:19.079656-05:00,1230731-20601319676,6068325.31,PEN,Soles,2026-07-06T00:00:00-05:00
ocds-dgv273-seacev3-1232925,ocds-dgv273-seacev3-1232925-2026-08-07T10:22:18.925283-05:00,1232925-L9000032984,1200.0,USD,Dólar Norteamericano,2026-07-24T00:00:00-05:00
ocds-dgv273-seacev3-1235557,ocds-dgv273-seacev3-1235557-2026-08-07T10:22:18.892158-05:00,1235557-10716960949,60000.0,PEN,Soles,2026-07-20T00:00:00-05:00
ocds-dgv273-seacev3-1238988,ocds-dgv273-seacev3-1238988-2026-08-07T10:22:18.450425-05:00,1238988-20559322475,502812.8,PEN,Soles,2026-08-05T00:00:00-05:00
ocds-dgv273-seacev3-1231846,ocds-dgv273-seacev3-1231846-2026-08-07T10:22:16.895360-05:00,1231846-20408121567,170256.67,PEN,Soles,2026-07-24T00:00:00-05:00
ocds-dgv273-seacev3-1238929,ocds-dgv273-seacev3-1238929-2026-08-07T10:22:16.312751-05:00,1238929-20493812395,163075.44,PEN,Soles,2026-08-05T00:00:00-05:00
ocds-dgv273-seacev3-1234563,ocds-dgv273-seacev3-1234563-2026-08-07T10:22:15.929302-05:00,1234563-1817363,2559316.37,PEN,Soles,2026-08-05T00:00:00-05:00
ocds-dgv273-seacev3-1235216,ocds-dgv273-seacev3-1235216-2026-08-07T10:22:15.890672-05:00,1235216-1814691,195188.12,PEN,Soles,2026-07-22T00:00:00-05:00
ocds-dgv273-seacev3-1231902,ocds-dgv273-seacev3-1231902-2026-08-07T10:22:15.876077-05:00,1231902-20601854776,90500.0,PEN,Soles,2026-07-20T00:00:00-05:00
ocds-dgv273-seacev3-1231840,ocds-dgv273-seacev3-1231840-2026-08-07T10:22:15.289548-05:00,1231840-20423409011,77000.0,PEN,Soles,2026-07-22T00:00:00-05:00
ocds-dgv273-seacev3-1231802,ocds-dgv273-seacev3-1231802-2026-08-07T10:22:15.221598-05:00,1231802-10735744548,67223.0,PEN,Soles,2026-07-14T00:00:00-05:00
ocds-dgv273-seacev3-1230966,ocds-dgv273-seacev3-1230966-2026-08-07T10:22:14.901697-05:00,1230966-20602965890,58200.0,PEN,Soles,2026-07-14T00:00:00-05:00
ocds-dgv273-seacev3-1232579,ocds-dgv273-seacev3-1232579-2026-08-07T10:22:14.741459-05:00,1232579-20600705378,86000.0,PEN,Soles,2026-07-17T00:00:00-05:00
ocds-dgv273-seacev3-1232107,ocds-dgv273-seacev3-1232107-2026-08-07T10:22:14.695554-05:00,1232107-20613991001,151331.4,PEN,Soles,2026-07-17T15:05:43-05:00
ocds-dgv273-seacev3-1231147,ocds-dgv273-seacev3-1231147-2026-08-07T10:22:10.720048-05:00,1231147-20609072661,89720.06,PEN,Soles,2026-07-15T00:00:00-05:00
ocds-dgv273-seacev3-1230207,ocds-dgv273-seacev3-1230207-2026-08-07T10:22:10.672907-05:00,1230207-20603728891,123200.0,PEN,Soles,2026-07-10T00:00:00-05:00
ocds-dgv273-seacev3-1234700,ocds-dgv273-seacev3-1234700-2026-08-07T10:22:10.504570-05:00,1234700-1816682,1316010.91,PEN,Soles,2026-08-05T00:00:00-05:00
ocds-dgv273-seacev3-1234629,ocds-dgv273-seacev3-1234629-2026-08-07T10:22:10.038791-05:00,1234629-20603831862,221735.05,PEN,Soles,2026-08-05T00:00:00-05:00
ocds-dgv273-seacev3-1230927,ocds-dgv273-seacev3-1230927-2026-08-07T10:22:09.898555-05:00,1230927-20527874671,159058.8,PEN,Soles,2026-07-21T00:00:00-05:00
ocds-dgv273-seacev3-1229543,ocds-dgv273-seacev3-1229543-2026-08-07T10:22:09.590812-05:00,1229543-1813572,2234517.42,PEN,Soles,2026-07-24T00:00:00-05:00
ocds-dgv273-seacev3-1231252,ocds-dgv273-seacev3-1231252-2026-08-07T10:22:09.102757-05:00,1231252-20614878305,53060.0,PEN,Soles,2026-07-13T00:00:00-05:00
ocds-dgv273-seacev3-1230978,ocds-dgv273-seacev3-1230978-2026-08-07T10:22:08.346654-05:00,1230978-10439425241,143203.62,PEN,Soles,2026-07-16T00:00:00-05:00
ocds-dgv273-seacev3-2026-20003-1,ocds-dgv273-seacev3-2026-20003-1-2026-08-07T10:22:07.176406-05:00,1231124-20452629284,145868.74,PEN,Soles,2026-07-15T00:00:00-05:00
ocds-dgv273-seacev3-1230248,ocds-dgv273-seacev3-1230248-2026-08-07T10:22:06.507765-05:00,1230248-1810926,2293670.23,PEN,Soles,2026-07-15T00:00:00-05:00
ocds-dgv273-seacev3-1232130,ocds-dgv273-seacev3-1232130-2026-08-07T10:22:06.340992-05:00,1232130-20452570964,133250.0,PEN,Soles,2026-07-17T17:21:10-05:00
ocds-dgv273-seacev3-1230649,ocds-dgv273-seacev3-1230649-2026-08-07T10:22:05.967628-05:00,1230649-1815503,292055.5,PEN,Soles,2026-08-05T00:00:00-05:00
ocds-dgv273-seacev3-1230325,ocds-dgv273-seacev3-1230325-2026-08-07T10:22:05.618309-05:00,1230325-20601319676,5076990.33,PEN,Soles,2026-07-03T00:00:00-05:00
ocds-dgv273-seacev3-1235533,ocds-dgv273-seacev3-1235533-2026-08-07T10:22:00.491768-05:00,1235533-10458684451,72000.0,PEN,Soles,2026-07-20T00:00:00-05:00
ocds-dgv273-seacev3-1232930,ocds-dgv273-seacev3-1232930-2026-08-07T10:22:00.375298-05:00,1232930-20606516054,3133990.69,PEN,Soles,2026-07-14T00:00:00-05:00
ocds-dgv273-seacev3-1222473,ocds-dgv273-seacev3-1222473-2026-08-07T10:21:59.632241-05:00,1222473-10482061457,59709.0,PEN,Soles,2026-07-17T00:00:00-05:00
ocds-dgv273-seacev3-1234739,ocds-dgv273-seacev3-1234739-2026-08-07T10:21:58.972388-05:00,1234739-20611060662,62850.0,PEN,Soles,2026-07-24T00:00:00-05:00
ocds-dgv273-seacev3-1230147,ocds-dgv273-seacev3-1230147-2026-08-07T10:21:58.861118-05:00,1230147-20511037001,118988.45,PEN,Soles,2026-07-10T00:00:00-05:00
ocds-dgv273-seacev3-1237446,ocds-dgv273-seacev3-1237446-2026-08-07T10:21:58.622055-05:00,1237446-20493900332,334646.0,PEN,Soles,2026-08-03T00:00:00-05:00
ocds-dgv273-seacev3-1231416,ocds-dgv273-seacev3-1231416-2026-08-07T10:21:58.479068-05:00,1231416-20564077152,96000.0,PEN,Nuevos Soles,2026-07-20T00:00:00-05:00
ocds-dgv273-seacev3-1230008,ocds-dgv273-seacev3-1230008-2026-08-07T10:21:57.742216-05:00,1230008-10702216422,67122.0,PEN,Soles,2026-07-17T00:00:00-05:00
ocds-dgv273-seacev3-1235600,ocds-dgv273-seacev3-1235600-2026-08-07T10:21:57.536950-05:00,1235600-10455182056,60000.0,PEN,Soles,2026-07-20T00:00:00-05:00
ocds-dgv273-seacev3-1236392,ocds-dgv273-seacev3-1236392-2026-08-07T10:21:56.194079-05:00,1236392-10722791032,72000.0,PEN,Soles,2026-07-22T00:00:00-05:00
ocds-dgv273-seacev3-1231584,ocds-dgv273-seacev3-1231584-2026-08-07T10:21:55.940075-05:00,1231584-20504312403,474640.0,PEN,Soles,2026-07-20T00:00:00-05:00
ocds-dgv273-seacev3-1233490,ocds-dgv273-seacev3-1233490-2026-08-07T10:21:55.698249-05:00,1233490-20532826871,84420.0,PEN,Soles,2026-07-22T00:00:00-05:00
ocds-dgv273-seacev3-1235141,ocds-dgv273-seacev3-1235141-2026-08-07T10:21:55.665314-05:00,1235141-10469874155,72000.0,PEN,Soles,2026-07-17T00:00:00-05:00
ocds-dgv273-seacev3-1232599,ocds-dgv273-seacev3-1232599-2026-08-07T10:21:55.293309-05:00,1232599-20603149841,76750.0,PEN,Soles,2026-07-17T00:00:00-05:00
ocds-dgv273-seacev3-1232302,ocds-dgv273-seacev3-1232302-2026-08-07T10:21:54.956463-05:00,1232302-20611234474,19198.6,PEN,Soles,2026-07-22T00:00:00-05:00
ocds-dgv273-seacev3-1230865,ocds-dgv273-seacev3-1230865-2026-08-07T10:21:54.789440-05:00,1230865-20600167571,437681.38,PEN,Soles,2026-07-15T00:00:00-05:00
ocds-dgv273-seacev3-1231519,ocds-dgv273-seacev3-1231519-2026-08-07T10:21:54.645924-05:00,1231519-1813634,462357.65,PEN,Soles,2026-07-22T00:00:00-05:00
ocds-dgv273-seacev3-1231228,ocds-dgv273-seacev3-1231228-2026-08-07T10:21:54.248582-05:00,1231228-20544150104,76800.0,PEN,Soles,2026-07-21T00:00:00-05:00
ocds-dgv273-seacev3-1238721,ocds-dgv273-seacev3-1238721-2026-08-06T10:27:46.100185-05:00,1238721-10432799731,60000.0,PEN,Soles,2026-08-04T00:00:00-05:00
ocds-dgv273-seacev3-1237151,ocds-dgv273-seacev3-1237151-2026-08-06T10:27:45.762375-05:00,1237151-L9000033042,38350.0,USD,Dólar Norteamericano,2026-08-04T00:00:00-05:00
ocds-dgv273-seacev3-1231161,ocds-dgv273-seacev3-1231161-2026-08-06T10:27:44.762806-05:00,1231161-10774803748,53000.0,PEN,Soles,2026-07-13T00:00:00-05:00
ocds-dgv273-seacev3-1234010,ocds-dgv273-seacev3-1234010-2026-08-06T10:27:44.286471-05:00,1234010-1814056,449852.9,PEN,Soles,2026-07-21T00:00:00-05:00
ocds-dgv273-seacev3-1233986,ocds-dgv273-seacev3-1233986-2026-08-06T10:27:43.190455-05:00,1233986-1815189,127773.11,PEN,Soles,2026-07-31T00:00:00-05:00
ocds-dgv273-seacev3-1231310,ocds-dgv273-seacev3-1231310-2026-08-06T10:27:42.988254-05:00,1231310-20600703405,74146.0,PEN,Soles,2026-07-13T00:00:00-05:00
ocds-dgv273-seacev3-1231503,ocds-dgv273-seacev3-1231503-2026-08-06T10:27:42.607759-05:00,1231503-10413937111,81840.0,PEN,Soles,2026-07-10T00:00:00-05:00
ocds-dgv273-seacev3-1230383,ocds-dgv273-seacev3-1230383-2026-08-06T10:27:42.430617-05:00,1230383-20511037001,82110.0,PEN,Soles,2026-07-14T00:00:00-05:00
ocds-dgv273-seacev3-1232384,ocds-dgv273-seacev3-1232384-2026-08-06T10:27:36.738701-05:00,1232384-10444177301,88650.0,PEN,Soles,2026-07-24T00:00:00-05:00
ocds-dgv273-seacev3-1233476,ocds-dgv273-seacev3-1233476-2026-08-06T10:27:36.162696-05:00,1233476-20100017491,2811994.5,PEN,Soles,2026-07-22T00:00:00-05:00
ocds-dgv273-seacev3-2026-232347-15,ocds-dgv273-seacev3-2026-232347-15-2026-08-06T10:27:36.046624-05:00,1237598-10096754464,50000.0,PEN,Soles,2026-07-31T00:00:00-05:00
ocds-dgv273-seacev3-1231470,ocds-dgv273-seacev3-1231470-2026-08-06T10:27:35.892825-05:00,1231470-20613342126,55000.0,PEN,Soles,2026-07-17T00:00:00-05:00
ocds-dgv273-seacev3-1232690,ocds-dgv273-seacev3-1232690-2026-08-06T10:27:35.137135-05:00,1232690-20610680888,111453.0,PEN,Soles,2026-07-22T00:00:00-05:00
ocds-dgv273-seacev3-1229993,ocds-dgv273-seacev3-1229993-2026-08-06T10:27:34.868186-05:00,1229993-10457587274,48000.0,PEN,Soles,2026-07-08T00:00:00-05:00
ocds-dgv273-seacev3-1233063,ocds-dgv273-seacev3-1233063-2026-08-06T10:27:32.766695-05:00,1233063-20600621395,98000.0,PEN,Soles,2026-07-20T00:00:00-05:00
ocds-dgv273-seacev3-1232699,ocds-dgv273-seacev3-1232699-2026-08-06T10:27:31.093263-05:00,1232699-1811785,620128.47,PEN,Soles,2026-07-15T00:00:00-05:00
ocds-dgv273-seacev3-1233118,ocds-dgv273-seacev3-1233118-2026-08-06T10:27:25.595390-05:00,1233118-20604616426,341550.0,PEN,Soles,2026-07-22T00:00:00-05:00
ocds-dgv273-seacev3-1219831,ocds-dgv273-seacev3-1219831-2026-08-06T10:27:25.454587-05:00,1219831-10239177706,116000.0,PEN,Soles,2026-07-16T00:00:00-05:00
ocds-dgv273-seacev3-1230934,ocds-dgv273-seacev3-1230934-2026-08-06T10:27:24.599919-05:00,1230934-99000008831,142884.0,PEN,Soles,2026-07-15T00:00:00-05:00
ocds-dgv273-seacev3-1233808,ocds-dgv273-seacev3-1233808-2026-08-06T10:27:24.288201-05:00,1233808-20608267434,117950.0,PEN,Soles,2026-07-30T00:00:00-05:00
ocds-dgv273-seacev3-1236871,ocds-dgv273-seacev3-1236871-2026-08-06T10:27:23.982852-05:00,1236871-10179113240,156000.0,PEN,Soles,2026-07-31T00:00:00-05:00
ocds-dgv273-seacev3-1229583,ocds-dgv273-seacev3-1229583-2026-08-06T10:27:23.365965-05:00,1229583-20604653488,167000.0,PEN,Soles,2026-07-13T00:00:00-05:00
ocds-dgv273-seacev3-1231316,ocds-dgv273-seacev3-1231316-2026-08-06T10:27:20.004321-05:00,1231316-20614336316,48524.0,PEN,Soles,2026-07-17T00:00:00-05:00
ocds-dgv273-seacev3-2026-2439-13,ocds-dgv273-seacev3-2026-2439-13-2026-08-06T10:27:19.904903-05:00,1229226-20307214386,102896.0,PEN,Soles,2026-07-21T00:00:00-05:00
ocds-dgv273-seacev3-1230449,ocds-dgv273-seacev3-1230449-2026-08-06T10:27:14.906510-05:00,1230449-20605019995,225000.0,PEN,Soles,2026-07-21T00:00:00-05:00
ocds-dgv273-seacev3-1234355,ocds-dgv273-seacev3-1234355-2026-08-06T10:27:14.204050-05:00,1234355-1812969,772149.88,PEN,Soles,2026-07-16T00:00:00-05:00
ocds-dgv273-seacev3-1230648,ocds-dgv273-seacev3-1230648-2026-08-06T10:27:13.615320-05:00,1230648-10433551031,694752.0,PEN,Soles,2026-07-06T00:00:00-05:00
ocds-dgv273-seacev3-1230648,ocds-dgv273-seacev3-1230648-2026-08-06T10:27:13.615320-05:00,1230648-20543048543,576024.0,PEN,Soles,2026-07-06T00:00:00-05:00
ocds-dgv273-seacev3-1232768,ocds-dgv273-seacev3-1232768-2026-08-06T10:27:12.884051-05:00,1232768-20608232975,1854616.0,PEN,Soles,2026-07-13T00:00:00-05:00
ocds-dgv273-seacev3-1231864,ocds-dgv273-seacev3-1231864-2026-08-06T10:27:11.792113-05:00,1231864-20603018011,205636.0,PEN,Soles,2026-07-20T00:00:00-05:00
ocds-dgv273-seacev3-1230636,ocds-dgv273-seacev3-1230636-2026-08-06T10:27:11.662994-05:00,1230636-20614375958,531460.0,PEN,Soles,2026-07-13T17:34:40-05:00
ocds-dgv273-seacev3-1231921,ocds-dgv273-seacev3-1231921-2026-08-06T10:27:10.979796-05:00,1231921-20534414324,96572.0,PEN,Soles,2026-07-13T00:00:00-05:00
ocds-dgv273-seacev3-1234383,ocds-dgv273-seacev3-1234383-2026-08-06T10:27:10.410191-05:00,1234383-20484228451,245261.23,PEN,Soles,2026-07-16T00:00:00-05:00
ocds-dgv273-seacev3-2026-1986-23,ocds-dgv273-seacev3-2026-1986-23-2026-08-06T10:27:10.210605-05:00,1230138-20517182673,98186.82,PEN,Soles,2026-07-20T00:00:00-05:00
ocds-dgv273-seacev3-1231910,ocds-dgv273-seacev3-1231910-2026-08-06T10:27:09.948490-05:00,1231910-1810490,409654.42,PEN,Soles,2026-07-10T00:00:00-05:00
ocds-dgv273-seacev3-1231455,ocds-dgv273-seacev3-1231455-2026-08-06T10:27:09.664912-05:00,1231455-20605844139,101584.0,PEN,Nuevos Soles,2026-07-15T00:00:00-05:00
ocds-dgv273-seacev3-1230736,ocds-dgv273-seacev3-1230736-2026-08-06T10:27:08.874903-05:00,1230736-20563136562,66442.05,PEN,Soles,2026-07-15T00:00:00-05:00
ocds-dgv273-seacev3-1231483,ocds-dgv273-seacev3-1231483-2026-08-06T10:27:08.746607-05:00,1231483-20610707247,65000.0,PEN,Soles,2026-07-16T16:30:17-05:00
ocds-dgv273-seacev3-1230254,ocds-dgv273-seacev3-1230254-2026-08-06T10:27:08.666522-05:00,1230254-20602058205,203360.0,PEN,Soles,2026-07-14T00:00:00-05:00
ocds-dgv273-seacev3-1230229,ocds-dgv273-seacev3-1230229-2026-08-06T10:27:08.595343-05:00,1230229-10700030372,287300.0,PEN,Soles,2026-07-03T00:00:00-05:00
ocds-dgv273-seacev3-1231149,ocds-dgv273-seacev3-1231149-2026-08-06T10:27:08.549745-05:00,1231149-20613610929,384622.4,PEN,Soles,2026-07-16T00:00:00-05:00
ocds-dgv273-seacev3-2026-1922-99,ocds-dgv273-seacev3-2026-1922-99-2026-08-06T10:27:03.845692-05:00,1237249-L0556213290,132540.01,USD,Dólar Norteamericano,2026-08-03T00:00:00-05:00
ocds-dgv273-seacev3-1236215,ocds-dgv273-seacev3-1236215-2026-08-06T10:27:03.811968-05:00,1236215-10090137307,16500.0,PEN,Soles,2026-08-03T00:00:00-05:00
ocds-dgv273-seacev3-1233110,ocds-dgv273-seacev3-1233110-2026-08-06T10:27:03.646440-05:00,1233110-20604250685,110000.0,PEN,Soles,2026-07-21T19:03:18-05:00
ocds-dgv273-seacev3-1234650,ocds-dgv273-seacev3-1234650-2026-08-06T10:27:03.134570-05:00,1234650-20600600207,75332.02,PEN,Soles,2026-07-22T00:00:00-05:00
ocds-dgv273-seacev3-1233991,ocds-dgv273-seacev3-1233991-2026-08-06T10:27:02.372442-05:00,1233991-10441579450,60615.44,PEN,Soles,2026-07-31T00:00:00-05:00
ocds-dgv273-seacev3-1234030,ocds-dgv273-seacev3-1234030-2026-08-06T10:27:01.099534-05:00,1234030-20608442147,98960.0,PEN,Soles,2026-07-21T00:00:00-05:00
ocds-dgv273-seacev3-2026-2392-55,ocds-dgv273-seacev3-2026-2392-55-2026-08-06T10:27:00.969300-05:00,1231877-20539556909,120400.0,PEN,Soles,2026-07-21T00:00:00-05:00
ocds-dgv273-seacev3-1231516,ocds-dgv273-seacev3-1231516-2026-08-06T10:27:00.572504-05:00,1231516-20515818813,48000.0,PEN,Soles,2026-07-08T00:00:00-05:00
ocds-dgv273-seacev3-2026-2392-119,ocds-dgv273-seacev3-2026-2392-119-2026-08-06T10:26:58.413445-05:00,1231468-20603346948,592200.0,PEN,Soles,2026-07-21T00:00:00-05:00
ocds-dgv273-seacev3-1231938,ocds-dgv273-seacev3-1231938-2026-08-06T10:26:58.237891-05:00,1231938-20567292160,95000.0,PEN,Soles,2026-07-20T00:00:00-05:00
ocds-dgv273-seacev3-1230360,ocds-dgv273-seacev3-1230360-2026-08-06T10:26:57.872453-05:00,1230360-20602801781,252396.0,PEN,Soles,2026-07-13T00:00:00-05:00
ocds-dgv273-seacev3-1238799,ocds-dgv273-seacev3-1238799-2026-08-06T10:26:51.144204-05:00,1238799-10413902822,63800.0,PEN,Soles,2026-08-04T00:00:00-05:00
ocds-dgv273-seacev3-1237366,ocds-dgv273-seacev3-1237366-2026-08-06T10:26:49.838211-05:00,1237366-20100362598,14115286.52,PEN,Soles,2026-08-04T00:00:00-05:00
ocds-dgv273-seacev3-1232826,ocds-dgv273-seacev3-1232826-2026-08-06T10:26:46.926129-05:00,1232826-20610059008,95866.8,PEN,Soles,2026-07-16T00:00:00-05:00
ocds-dgv273-seacev3-1231719,ocds-dgv273-seacev3-1231719-2026-08-06T10:26:46.817650-05:00,1231719-1815092,399588.94,PEN,Soles,2026-08-03T00:00:00-05:00
ocds-dgv273-seacev3-1226107,ocds-dgv273-seacev3-1226107-2026-08-06T10:26:46.803816-05:00,1226107-20505785933,104969.69,PEN,Soles,2026-07-21T00:00:00-05:00
ocds-dgv273-seacev3-1231152,ocds-dgv273-seacev3-1231152-2026-08-06T10:26:46.747995-05:00,1231152-20608269798,60999.5,PEN,Soles,2026-07-14T00:00:00-05:00
ocds-dgv273-seacev3-1230924,ocds-dgv273-seacev3-1230924-2026-08-06T10:26:46.727393-05:00,1230924-10450152841,116472.0,PEN,Soles,2026-07-16T20:39:36-05:00
ocds-dgv273-seacev3-1232240,ocds-dgv273-seacev3-1232240-2026-08-06T10:26:40.065828-05:00,1232240-10483928314,62444.0,PEN,Soles,2026-07-16T00:00:00-05:00
ocds-dgv273-seacev3-1238784,ocds-dgv273-seacev3-1238784-2026-08-06T10:26:40.019454-05:00,1238784-10455843061,60000.0,PEN,Soles,2026-08-04T00:00:00-05:00
ocds-dgv273-seacev3-1230700,ocds-dgv273-seacev3-1230700-2026-08-06T10:26:39.137086-05:00,1230700-20601078491,102729.3,PEN,Soles,2026-07-14T00:00:00-05:00
ocds-dgv273-seacev3-1233915,ocds-dgv273-seacev3-1233915-2026-08-06T10:26:38.084425-05:00,1233915-20612854441,97200.0,PEN,Soles,2026-07-22T00:00:00-05:00
ocds-dgv273-seacev3-1232630,ocds-dgv273-seacev3-1232630-2026-08-06T10:26:37.705939-05:00,1232630-10435908387,131200.0,PEN,Nuevos Soles,2026-07-22T00:00:00-05:00
ocds-dgv273-seacev3-1230218,ocds-dgv273-seacev3-1230218-2026-08-06T10:26:35.419128-05:00,1230218-10463269497,99198.0,PEN,Soles,2026-07-07T00:00:00-05:00
ocds-dgv273-seacev3-1233045,ocds-dgv273-seacev3-1233045-2026-08-06T10:26:35.159269-05:00,1233045-10096474399,98155.0,PEN,Soles,2026-07-20T00:00:00-05:00
ocds-dgv273-seacev3-1230224,ocds-dgv273-seacev3-1230224-2026-08-05T10:26:25.288323-05:00,1230224-20534206721,47656.36,PEN,Soles,2026-07-13T00:00:00-05:00
ocds-dgv273-seacev3-1230974,ocds-dgv273-seacev3-1230974-2026-08-05T10:26:25.209611-05:00,1230974-20603728271,400751.64,PEN,Soles,2026-07-31T00:00:00-05:00
ocds-dgv273-seacev3-1235485,ocds-dgv273-seacev3-1235485-2026-08-05T10:26:24.243150-05:00,1235485-20574690219,1209600.0,PEN,Soles,2026-07-22T00:00:00-05:00
ocds-dgv273-seacev3-1234009,ocds-dgv273-seacev3-1234009-2026-08-05T10:26:23.741094-05:00,1234009-20571376149,330261.5,PEN,Soles,2026-07-20T11:28:17-05:00
ocds-dgv273-seacev3-1235055,ocds-dgv273-seacev3-1235055-2026-08-05T10:26:23.447731-05:00,1235055-L9000033010,4000.0,USD,Dólar Norteamericano,2026-07-24T00:00:00-05:00
ocds-dgv273-seacev3-1232497,ocds-dgv273-seacev3-1232497-2026-08-05T10:26:22.512448-05:00,1232497-20568631766,486062.39,PEN,Soles,2026-08-03T00:00:00-05:00
ocds-dgv273-seacev3-1229975,ocds-dgv273-seacev3-1229975-2026-08-05T10:26:20.885432-05:00,1229975-20454571259,70382.83,PEN,Soles,2026-07-21T00:00:00-05:00
ocds-dgv273-seacev3-1230189,ocds-dgv273-seacev3-1230189-2026-08-05T10:26:19.841650-05:00,1230189-20604990832,44500.0,PEN,Soles,2026-07-13T00:00:00-05:00
ocds-dgv273-seacev3-1237734,ocds-dgv273-seacev3-1237734-2026-08-05T10:26:14.848067-05:00,1237734-L9000033037,5715.0,USD,Dólar Norteamericano,2026-07-31T00:00:00-05:00
ocds-dgv273-seacev3-1233867,ocds-dgv273-seacev3-1233867-2026-08-05T10:26:14.546569-05:00,1233867-1815405,337305.0,PEN,Soles,2026-07-30T00:00:00-05:00
ocds-dgv273-seacev3-1231431,ocds-dgv273-seacev3-1231431-2026-08-05T10:26:13.418527-05:00,1231431-20601034876,179850.0,PEN,Soles,2026-07-22T00:00:00-05:00
ocds-dgv273-seacev3-1236848,ocds-dgv273-seacev3-1236848-2026-08-05T10:26:12.445599-05:00,1236848-L9000033011,4000.0,USD,Dólar Norteamericano,2026-07-24T00:00:00-05:00
ocds-dgv273-seacev3-1229965,ocds-dgv273-seacev3-1229965-2026-08-05T10:26:12.410956-05:00,1229965-1811608,483347.01,PEN,Soles,2026-07-14T00:00:00-05:00
ocds-dgv273-seacev3-1237579,ocds-dgv273-seacev3-1237579-2026-08-05T10:26:11.675210-05:00,1237579-10100877622,54000.0,PEN,Soles,2026-08-03T00:00:00-05:00
ocds-dgv273-seacev3-1235052,ocds-dgv273-seacev3-1235052-2026-08-05T10:26:10.974990-05:00,1235052-20111438227,589056.0,PEN,Soles,2026-07-17T00:00:00-05:00
ocds-dgv273-seacev3-1235135,ocds-dgv273-seacev3-1235135-2026-08-05T10:26:10.824314-05:00,1235135-20484228451,932086.17,PEN,Soles,2026-07-21T00:00:00-05:00
ocds-dgv273-seacev3-1230750,ocds-dgv273-seacev3-1230750-2026-08-05T10:26:10.716268-05:00,1230750-20604234035,99880.0,PEN,Soles,2026-07-15T00:00:00-05:00
ocds-dgv273-seacev3-1230259,ocds-dgv273-seacev3-1230259-2026-08-05T10:26:10.582205-05:00,1230259-20100091543,86151.0,PEN,Soles,2026-07-22T00:00:00-05:00
ocds-dgv273-seacev3-1231689,ocds-dgv273-seacev3-1231689-2026-08-05T10:26:10.482133-05:00,1231689-20600182693,150754.14,PEN,Soles,2026-07-17T00:00:00-05:00
ocds-dgv273-seacev3-1230580,ocds-dgv273-seacev3-1230580-2026-08-05T10:26:10.295187-05:00,1230580-10478430073,72000.0,PEN,Soles,2026-07-16T00:00:00-05:00
ocds-dgv273-seacev3-2026-2361-3,ocds-dgv273-seacev3-2026-2361-3-2026-08-05T10:26:09.984797-05:00,1231090-10277540326,77307.96,PEN,Soles,2026-07-14T00:00:00-05:00
ocds-dgv273-seacev3-1235146,ocds-dgv273-seacev3-1235146-2026-08-05T10:26:09.655405-05:00,1235146-1815319,1009237.84,PEN,Soles,2026-07-31T00:00:00-05:00
ocds-dgv273-seacev3-1237246,ocds-dgv273-seacev3-1237246-2026-08-05T10:26:04.438770-05:00,1237246-10074822865,27000.0,PEN,Soles,2026-08-03T00:00:00-05:00
ocds-dgv273-seacev3-1237202,ocds-dgv273-seacev3-1237202-2026-08-05T10:26:00.170987-05:00,1237202-10229880786,90000.0,PEN,Soles,2026-07-31T00:00:00-05:00
ocds-dgv273-seacev3-1232300,ocds-dgv273-seacev3-1232300-2026-08-05T10:25:59.354416-05:00,1232300-20608171704,521656.36,PEN,Soles,2026-07-21T00:00:00-05:00
ocds-dgv273-seacev3-1230090,ocds-dgv273-seacev3-1230090-2026-08-05T10:25:59.270313-05:00,1230090-10411215585,98800.0,PEN,Soles,2026-07-07T00:00:00-05:00
ocds-dgv273-seacev3-1231482,ocds-dgv273-seacev3-1231482-2026-08-05T10:25:59.104087-05:00,1231482-20532400628,83000.0,PEN,Soles,2026-07-13T00:00:00-05:00
ocds-dgv273-seacev3-1230842,ocds-dgv273-seacev3-1230842-2026-08-05T10:25:58.471066-05:00,1230842-10459048401,127700.0,PEN,Soles,2026-07-16T00:00:00-05:00
ocds-dgv273-seacev3-1230346,ocds-dgv273-seacev3-1230346-2026-08-05T10:25:58.283377-05:00,1230346-1811497,118360.0,PEN,Soles,2026-07-14T00:00:00-05:00
ocds-dgv273-seacev3-1230347,ocds-dgv273-seacev3-1230347-2026-08-05T10:25:53.708125-05:00,1230347-20614367068,48000.0,PEN,Soles,2026-07-10T00:00:00-05:00
ocds-dgv273-seacev3-1232284,ocds-dgv273-seacev3-1232284-2026-08-05T10:25:53.097015-05:00,1232284-10238543148,99760.0,PEN,Soles,2026-07-15T00:00:00-05:00
ocds-dgv273-seacev3-1235351,ocds-dgv273-seacev3-1235351-2026-08-05T10:25:52.931786-05:00,1235351-20609064499,46908.0,PEN,Soles,2026-07-30T00:00:00-05:00
ocds-dgv273-seacev3-1230853,ocds-dgv273-seacev3-1230853-2026-08-05T10:25:52.778665-05:00,1230853-1813042,84000.0,PEN,Soles,2026-07-20T00:00:00-05:00
ocds-dgv273-seacev3-1234378,ocds-dgv273-seacev3-1234378-2026-08-05T10:25:52.504380-05:00,1234378-1812990,420336.93,PEN,Soles,2026-07-16T00:00:00-05:00
ocds-dgv273-seacev3-1233580,ocds-dgv273-seacev3-1233580-2026-08-05T10:25:51.710620-05:00,1233580-1815654,318332.65,PEN,Soles,2026-08-03T00:00:00-05:00
ocds-dgv273-seacev3-1233130,ocds-dgv273-seacev3-1233130-2026-08-05T10:25:51.287918-05:00,1233130-20409339728,1005291.7,PEN,Soles,2026-07-22T00:00:00-05:00
ocds-dgv273-seacev3-1231528,ocds-dgv273-seacev3-1231528-2026-08-05T10:25:48.893939-05:00,1231528-20501262260,79536.7,PEN,Soles,2026-07-20T00:00:00-05:00
ocds-dgv273-seacev3-1230653,ocds-dgv273-seacev3-1230653-2026-08-05T10:25:48.429685-05:00,1230653-1814139,375000.0,PEN,Soles,2026-07-31T00:00:00-05:00
ocds-dgv273-seacev3-1230771,ocds-dgv273-seacev3-1230771-2026-08-05T10:25:48.074108-05:00,1230771-20608308033,111000.0,PEN,Soles,2026-07-15T00:00:00-05:00
ocds-dgv273-seacev3-1232386,ocds-dgv273-seacev3-1232386-2026-08-05T10:25:47.553425-05:00,1232386-20452629284,66217.5,PEN,Soles,2026-07-20T18:35:04-05:00
ocds-dgv273-seacev3-1231143,ocds-dgv273-seacev3-1231143-2026-08-05T10:25:47.212038-05:00,1231143-10774803748,60000.0,PEN,Soles,2026-07-13T00:00:00-05:00
ocds-dgv273-seacev3-1231818,ocds-dgv273-seacev3-1231818-2026-08-05T10:25:43.051989-05:00,1231818-20534428384,52200.0,PEN,Soles,2026-07-20T00:00:00-05:00
ocds-dgv273-seacev3-1230713,ocds-dgv273-seacev3-1230713-2026-08-05T10:25:42.338213-05:00,1230713-20611579587,72415.0,PEN,Soles,2026-07-08T00:00:00-05:00
ocds-dgv273-seacev3-1233830,ocds-dgv273-seacev3-1233830-2026-08-05T10:25:41.440248-05:00,1233830-10459877130,140900.0,PEN,Soles,2026-07-30T00:00:00-05:00
ocds-dgv273-seacev3-1231592,ocds-dgv273-seacev3-1231592-2026-08-05T10:25:40.905055-05:00,1231592-10411536373,80415.0,PEN,Soles,2026-07-13T00:00:00-05:00
ocds-dgv273-seacev3-1231144,ocds-dgv273-seacev3-1231144-2026-08-05T10:25:40.176273-05:00,1231144-10727179688,64670.0,PEN,Soles,2026-07-13T00:00:00-05:00
ocds-dgv273-seacev3-1216718,ocds-dgv273-seacev3-1216718-2026-08-05T10:25:38.678185-05:00,1216718-20615541479,144000.0,PEN,Soles,2026-07-20T00:00:00-05:00
ocds-dgv273-seacev3-1233113,ocds-dgv273-seacev3-1233113-2026-08-05T10:25:38.104627-05:00,1233113-10424729286,55219.0,PEN,Soles,2026-07-16T00:00:00-05:00
ocds-dgv273-seacev3-1232112,ocds-dgv273-seacev3-1232112-2026-08-05T10:25:37.433179-05:00,1232112-20615983579,62924.16,PEN,Soles,2026-07-21T00:00:00-05:00
ocds-dgv273-seacev3-1230365,ocds-dgv273-seacev3-1230365-2026-08-05T10:25:37.374760-05:00,1230365-10404082286,208000.0,PEN,Soles,2026-08-03T00:00:00-05:00
ocds-dgv273-seacev3-1233141,ocds-dgv273-seacev3-1233141-2026-08-05T10:25:31.236141-05:00,1233141-20601458005,94800.0,PEN,Soles,2026-07-17T00:00:00-05:00
ocds-dgv273-seacev3-1233569,ocds-dgv273-seacev3-1233569-2026-08-05T10:25:30.992806-05:00,1233569-20612416274,238000.0,PEN,Soles,2026-07-30T00:00:00-05:00
ocds-dgv273-seacev3-1230825,ocds-dgv273-seacev3-1230825-2026-08-05T10:25:30.542959-05:00,1230825-20553301662,68760.0,PEN,Soles,2026-07-16T00:00:00-05:00
ocds-dgv273-seacev3-1234842,ocds-dgv273-seacev3-1234842-2026-08-05T10:25:30.386385-05:00,1234842-1814391,812914.37,PEN,Soles,2026-07-22T00:00:00-05:00
ocds-dgv273-seacev3-1230951,ocds-dgv273-seacev3-1230951-2026-08-05T10:25:30.343691-05:00,1230951-20607601918,213056.0,PEN,Soles,2026-07-21T00:00:00-05:00
ocds-dgv273-seacev3-1230749,ocds-dgv273-seacev3-1230749-2026-08-05T10:25:30.296287-05:00,1230749-20409476806,88200.0,PEN,Soles,2026-07-15T00:00:00-05:00
ocds-dgv273-seacev3-1233674,ocds-dgv273-seacev3-1233674-2026-08-05T10:25:29.812148-05:00,1233674-1816446,781653.46,PEN,Soles,2026-08-03T00:00:00-05:00
ocds-dgv273-seacev3-1235178,ocds-dgv273-seacev3-1235178-2026-08-05T10:25:28.489515-05:00,1235178-20600289722,88800.11,PEN,Soles,2026-07-21T00:00:00-05:00
ocds-dgv273-seacev3-1231836,ocds-dgv273-seacev3-1231836-2026-08-05T10:25:28.468100-05:00,1231836-10455976613,60000.0,PEN,Soles,2026-07-13T00:00:00-05:00
ocds-dgv273-seacev3-1232022,ocds-dgv273-seacev3-1232022-2026-08-05T10:25:27.421777-05:00,1232022-20615983579,96234.44,PEN,Soles,2026-07-21T00:00:00-05:00
ocds-dgv273-seacev3-2026-1401-1,ocds-dgv273-seacev3-2026-1401-1-2026-08-05T10:25:19.162433-05:00,1231393-1815477,536976.76,PEN,Soles,2026-07-30T00:00:00-05:00
ocds-dgv273-seacev3-1234215,ocds-dgv273-seacev3-1234215-2026-08-05T10:25:18.455983-05:00,1234215-10003287667,44368.0,PEN,Soles,2026-07-17T00:00:00-05:00
ocds-dgv273-seacev3-1238206,ocds-dgv273-seacev3-1238206-2026-08-05T10:25:16.870690-05:00,1238206-20601031974,46226.24,PEN,Soles,2026-08-03T00:00:00-05:00
ocds-dgv273-seacev3-2026-2349-1,ocds-dgv273-seacev3-2026-2349-1-2026-08-05T10:25:14.976096-05:00,1230723-20526944934,75375.0,PEN,Soles,2026-07-13T00:00:00-05:00
ocds-dgv273-seacev3-1234933,ocds-dgv273-seacev3-1234933-2026-08-04T10:21:46.685921-05:00,1234933-L9000032991,7844.0,USD,Dólar Norteamericano,2026-07-17T00:00:00-05:00
ocds-dgv273-seacev3-1236626,ocds-dgv273-seacev3-1236626-2026-08-03T10:03:35.788075-05:00,1236626-1816465,854395.0,PEN,Soles,2026-07-31T00:00:00-05:00
ocds-dgv273-seacev3-1230408,ocds-dgv273-seacev3-1230408-2026-08-03T10:03:33.178903-05:00,1230408-20602923569,100000.0,PEN,Soles,2026-07-16T00:00:00-05:00
ocds-dgv273-seacev3-1230030,ocds-dgv273-seacev3-1230030-2026-08-02T10:09:31.509797-05:00,1230030-20609490773,64080.0,PEN,Soles,2026-07-06T00:00:00-05:00
ocds-dgv273-seacev3-1233412,ocds-dgv273-seacev3-1233412-2026-08-02T10:09:30.366889-05:00,1233412-20608659618,100000.0,PEN,Soles,2026-07-30T00:00:00-05:00
ocds-dgv273-seacev3-1237383,ocds-dgv273-seacev3-1237383-2026-08-02T10:09:30.027654-05:00,1237383-1816572,199966.89,PEN,Soles,2026-07-31T00:00:00-05:00
ocds-dgv273-seacev3-1232294,ocds-dgv273-seacev3-1232294-2026-08-02T10:09:29.221928-05:00,1232294-20607710521,163000.0,PEN,Soles,2026-07-20T00:00:00-05:00
ocds-dgv273-seacev3-1237428,ocds-dgv273-seacev3-1237428-2026-08-02T10:09:29.176061-05:00,1237428-1816174,1164928.94,PEN,Soles,2026-07-30T00:00:00-05:00
ocds-dgv273-seacev3-1236277,ocds-dgv273-seacev3-1236277-2026-08-02T10:09:29.156814-05:00,1236277-10239762374,147500.0,PEN,Soles,2026-07-24T00:00:00-05:00
ocds-dgv273-seacev3-1230969,ocds-dgv273-seacev3-1230969-2026-08-02T10:09:29.004272-05:00,1230969-20511106762,13650.0,PEN,Soles,2026-07-14T00:00:00-05:00
ocds-dgv273-seacev3-1233535,ocds-dgv273-seacev3-1233535-2026-08-02T10:09:28.774531-05:00,1233535-10430160686,47880.0,PEN,Soles,2026-07-16T00:00:00-05:00
ocds-dgv273-seacev3-1233445,ocds-dgv273-seacev3-1233445-2026-08-02T10:09:28.655940-05:00,1233445-1814705,154080.0,PEN,Soles,2026-07-24T00:00:00-05:00
ocds-dgv273-seacev3-1235565,ocds-dgv273-seacev3-1235565-2026-08-02T10:09:28.045090-05:00,1235565-L9000033026,1351116.0,PEN,Soles,2026-07-30T00:00:00-05:00
ocds-dgv273-seacev3-1235209,ocds-dgv273-seacev3-1235209-2026-08-02T10:09:27.806747-05:00,1235209-1814719,3360826.92,PEN,Soles,2026-07-24T00:00:00-05:00
ocds-dgv273-seacev3-1236773,ocds-dgv273-seacev3-1236773-2026-08-02T10:09:27.526304-05:00,1236773-L9000033013,576.0,USD,Dólar Norteamericano,2026-07-24T00:00:00-05:00
ocds-dgv273-seacev3-1233693,ocds-dgv273-seacev3-1233693-2026-08-02T10:09:27.340561-05:00,1233693-20610733264,58000.0,PEN,Soles,2026-07-20T00:00:00-05:00
ocds-dgv273-seacev3-1223961,ocds-dgv273-seacev3-1223961-2026-08-02T10:09:27.015681-05:00,1223961-1812662,1852180.16,PEN,Soles,2026-07-17T00:00:00-05:00
ocds-dgv273-seacev3-1232385,ocds-dgv273-seacev3-1232385-2026-08-02T10:09:26.799009-05:00,1232385-20563817161,258000.0,PEN,Soles,2026-07-22T00:00:00-05:00
ocds-dgv273-seacev3-1230688,ocds-dgv273-seacev3-1230688-2026-08-02T10:09:26.713603-05:00,1230688-20615036863,96710.0,PEN,Soles,2026-07-08T00:00:00-05:00
ocds-dgv273-seacev3-1230256,ocds-dgv273-seacev3-1230256-2026-08-02T10:09:26.333382-05:00,1230256-10053722488,178597.0,PEN,Soles,2026-07-13T00:00:00-05:00
ocds-dgv273-seacev3-1231861,ocds-dgv273-seacev3-1231861-2026-08-02T10:09:26.225551-05:00,1231861-20601978700,441995.8,PEN,Soles,2026-07-09T00:00:00-05:00
ocds-dgv273-seacev3-1231141,ocds-dgv273-seacev3-1231141-2026-08-02T10:09:25.923415-05:00,1231141-1811937,248000.0,PEN,Soles,2026-07-16T00:00:00-05:00
ocds-dgv273-seacev3-1237558,ocds-dgv273-seacev3-1237558-2026-08-02T10:09:22.463031-05:00,1237558-L9000033033,18050.0,USD,Dólar Norteamericano,2026-07-31T00:00:00-05:00
ocds-dgv273-seacev3-1237397,ocds-dgv273-seacev3-1237397-2026-08-02T10:09:21.917132-05:00,1237397-20229723759,53017.9,PEN,Soles,2026-07-31T00:00:00-05:00
ocds-dgv273-seacev3-1237968,ocds-dgv273-seacev3-1237968-2026-08-02T10:09:21.865477-05:00,1237968-1816961,100000.0,PEN,Soles,2026-07-31T00:00:00-05:00
ocds-dgv273-seacev3-1237277,ocds-dgv273-seacev3-1237277-2026-08-02T10:09:21.491576-05:00,1237277-1816195,161858.04,PEN,Soles,2026-07-30T00:00:00-05:00
ocds-dgv273-seacev3-1237601,ocds-dgv273-seacev3-1237601-2026-08-02T10:09:21.402068-05:00,1237601-1816556,1856966.14,PEN,Soles,2026-07-31T00:00:00-05:00
ocds-dgv273-seacev3-1232220,ocds-dgv273-seacev3-1232220-2026-08-02T10:09:21.085485-05:00,1232220-20570881923,66401.0,PEN,Soles,2026-07-20T00:00:00-05:00
ocds-dgv273-seacev3-1231586,ocds-dgv273-seacev3-1231586-2026-08-02T10:09:20.995463-05:00,1231586-1812563,228908.86,PEN,Soles,2026-07-16T00:00:00-05:00
ocds-dgv273-seacev3-1232657,ocds-dgv273-seacev3-1232657-2026-08-02T10:09:20.480847-05:00,1232657-10157635269,72000.0,PEN,Soles,2026-07-16T00:00:00-05:00
ocds-dgv273-seacev3-1237450,ocds-dgv273-seacev3-1237450-2026-08-02T10:09:20.217433-05:00,1237450-10402240704,67410.0,PEN,Soles,2026-07-31T00:00:00-05:00
ocds-dgv273-seacev3-1231783,ocds-dgv273-seacev3-1231783-2026-08-02T10:09:19.048977-05:00,1231783-1813009,949201.01,PEN,Soles,2026-07-20T00:00:00-05:00
ocds-dgv273-seacev3-1230121,ocds-dgv273-seacev3-1230121-2026-08-02T10:09:18.756220-05:00,1230121-10417438730,123354.0,PEN,Soles,2026-07-13T00:00:00-05:00
ocds-dgv273-seacev3-1230435,ocds-dgv273-seacev3-1230435-2026-08-02T10:09:18.642931-05:00,1230435-20408039712,196492.38,PEN,Soles,2026-07-14T00:00:00-05:00
ocds-dgv273-seacev3-1230109,ocds-dgv273-seacev3-1230109-2026-08-02T10:09:18.422751-05:00,1230109-20600078314,67900.0,PEN,Soles,2026-07-07T00:00:00-05:00
ocds-dgv273-seacev3-1230268,ocds-dgv273-seacev3-1230268-2026-08-02T10:09:18.366146-05:00,1230268-1811280,222998.53,PEN,Soles,2026-07-13T00:00:00-05:00
ocds-dgv273-seacev3-1231817,ocds-dgv273-seacev3-1231817-2026-08-02T10:09:18.147530-05:00,1231817-10763959070,48648.0,PEN,Soles,2026-07-16T00:00:00-05:00
ocds-dgv273-seacev3-1230901,ocds-dgv273-seacev3-1230901-2026-08-02T10:09:18.010226-05:00,1230901-20614208610,74117.0,PEN,Soles,2026-07-14T16:47:30-05:00
ocds-dgv273-seacev3-1233356,ocds-dgv273-seacev3-1233356-2026-08-02T10:09:10.918668-05:00,1233356-20615401553,89999.54,PEN,Soles,2026-07-17T00:00:00-05:00
ocds-dgv273-seacev3-1236751,ocds-dgv273-seacev3-1236751-2026-08-02T10:09:10.887029-05:00,1236751-20604130680,460838.9,PEN,Soles,2026-07-30T00:00:00-05:00
ocds-dgv273-seacev3-1237037,ocds-dgv273-seacev3-1237037-2026-08-02T10:09:10.784433-05:00,1237037-10408192035,175500.0,PEN,Soles,2026-07-30T00:00:00-05:00
ocds-dgv273-seacev3-1232924,ocds-dgv273-seacev3-1232924-2026-08-02T10:09:10.696561-05:00,1232924-20606294647,195100.0,PEN,Soles,2026-07-31T00:00:00-05:00
ocds-dgv273-seacev3-1237106,ocds-dgv273-seacev3-1237106-2026-08-02T10:09:10.631679-05:00,1237106-1816255,2340206.61,PEN,Soles,2026-07-30T00:00:00-05:00
ocds-dgv273-seacev3-1237075,ocds-dgv273-seacev3-1237075-2026-08-02T10:09:10.267606-05:00,1237075-1816379,153350.0,PEN,Soles,2026-07-30T00:00:00-05:00
ocds-dgv273-seacev3-1234693,ocds-dgv273-seacev3-1234693-2026-08-02T10:09:10.108981-05:00,1234693-20600146468,322400.0,PEN,Soles,2026-07-20T00:00:00-05:00
ocds-dgv273-seacev3-1230733,ocds-dgv273-seacev3-1230733-2026-08-02T10:09:09.963747-05:00,1230733-20608488287,179000.0,PEN,Soles,2026-07-20T00:00:00-05:00
ocds-dgv273-seacev3-1234273,ocds-dgv273-seacev3-1234273-2026-08-02T10:09:09.827305-05:00,1234273-1813138,21381630.35,PEN,Soles,2026-07-31T00:00:00-05:00
ocds-dgv273-seacev3-1236907,ocds-dgv273-seacev3-1236907-2026-08-02T10:09:09.558468-05:00,1236907-20523268938,132676.37,PEN,Nuevos Soles,2026-07-30T00:00:00-05:00
ocds-dgv273-seacev3-1234124,ocds-dgv273-seacev3-1234124-2026-08-02T10:09:09.141888-05:00,1234124-20615475191,52947.0,PEN,Soles,2026-07-31T00:00:00-05:00
ocds-dgv273-seacev3-1231803,ocds-dgv273-seacev3-1231803-2026-08-02T10:09:08.946872-05:00,1231803-20613638939,64727.0,PEN,Soles,2026-07-13T00:00:00-05:00
ocds-dgv273-seacev3-1231180,ocds-dgv273-seacev3-1231180-2026-08-02T10:09:08.845409-05:00,1231180-10296287348,480000.0,PEN,Soles,2026-07-21T00:00:00-05:00
ocds-dgv273-seacev3-1229729,ocds-dgv273-seacev3-1229729-2026-08-02T10:09:08.437380-05:00,1229729-20566060681,94000.0,PEN,Soles,2026-07-16T00:00:00-05:00
ocds-dgv273-seacev3-1230198,ocds-dgv273-seacev3-1230198-2026-08-02T10:09:06.766826-05:00,1230198-10416410751,60000.0,PEN,Soles,2026-07-13T00:00:00-05:00
ocds-dgv273-seacev3-1223924,ocds-dgv273-seacev3-1223924-2026-08-02T10:09:06.264040-05:00,1223924-1812952,92609.01,PEN,Soles,2026-07-17T00:00:00-05:00
ocds-dgv273-seacev3-1230227,ocds-dgv273-seacev3-1230227-2026-08-02T10:09:06.228977-05:00,1230227-20611249773,99997.8,PEN,Soles,2026-07-07T00:00:00-05:00
ocds-dgv273-seacev3-1230515,ocds-dgv273-seacev3-1230515-2026-08-02T10:09:05.967064-05:00,1230515-20610316922,89374.88,PEN,Soles,2026-07-13T14:21:42-05:00
ocds-dgv273-seacev3-1231509,ocds-dgv273-seacev3-1231509-2026-08-02T10:09:05.941315-05:00,1231509-20135435776,805000.0,PEN,Soles,2026-07-24T00:00:00-05:00
ocds-dgv273-seacev3-1233191,ocds-dgv273-seacev3-1233191-2026-08-02T10:09:05.927970-05:00,1233191-20601190487,88928.0,PEN,Soles,2026-07-14T00:00:00-05:00
ocds-dgv273-seacev3-1233048,ocds-dgv273-seacev3-1233048-2026-08-02T10:09:05.861745-05:00,1233048-20612111287,90000.0,PEN,Soles,2026-07-16T00:00:00-05:00
ocds-dgv273-seacev3-1232723,ocds-dgv273-seacev3-1232723-2026-08-02T10:09:05.510514-05:00,1232723-20126101652,2727164.8,PEN,Soles,2026-07-10T00:00:00-05:00
ocds-dgv273-seacev3-1231599,ocds-dgv273-seacev3-1231599-2026-08-02T10:09:04.969307-05:00,1231599-1813676,3500757.64,PEN,Soles,2026-07-21T00:00:00-05:00
ocds-dgv273-seacev3-1231261,ocds-dgv273-seacev3-1231261-2026-08-02T10:09:04.943682-05:00,1231261-20605551719,81420.0,PEN,Soles,2026-07-14T00:00:00-05:00
ocds-dgv273-seacev3-1228285,ocds-dgv273-seacev3-1228285-2026-08-02T10:09:04.854455-05:00,1228285-1812671,2137619.87,PEN,Soles,2026-07-17T00:00:00-05:00
ocds-dgv273-seacev3-1237546,ocds-dgv273-seacev3-1237546-2026-08-02T10:09:00.615932-05:00,1237546-L9000033034,31364.0,USD,Dólar Norteamericano,2026-07-31T00:00:00-05:00
ocds-dgv273-seacev3-1236851,ocds-dgv273-seacev3-1236851-2026-08-02T10:09:00.602553-05:00,1236851-10282274413,792000.0,PEN,Soles,2026-07-31T00:00:00-05:00
ocds-dgv273-seacev3-1230922,ocds-dgv273-seacev3-1230922-2026-08-02T10:09:00.515226-05:00,1230922-15402128841,205841.9,PEN,Soles,2026-07-07T00:00:00-05:00
ocds-dgv273-seacev3-1237073,ocds-dgv273-seacev3-1237073-2026-08-02T10:09:00.318898-05:00,1237073-1816290,2980600.0,PEN,Soles,2026-07-30T00:00:00-05:00
ocds-dgv273-seacev3-1237565,ocds-dgv273-seacev3-1237565-2026-08-02T10:08:59.850051-05:00,1237565-L9000033032,40000.0,PEN,Soles,2026-07-31T00:00:00-05:00
ocds-dgv273-seacev3-1237461,ocds-dgv273-seacev3-1237461-2026-08-02T10:08:59.730906-05:00,1237461-1816641,1444037.0,PEN,Soles,2026-07-31T00:00:00-05:00
ocds-dgv273-seacev3-1237074,ocds-dgv273-seacev3-1237074-2026-08-02T10:08:59.711192-05:00,1237074-1816368,131050.0,PEN,Soles,2026-07-30T00:00:00-05:00
ocds-dgv273-seacev3-1237307,ocds-dgv273-seacev3-1237307-2026-08-02T10:08:59.653380-05:00,1237307-1816257,123839.82,PEN,Soles,2026-07-30T00:00:00-05:00
ocds-dgv273-seacev3-1237471,ocds-dgv273-seacev3-1237471-2026-08-02T10:08:59.639760-05:00,1237471-1816247,93194.32,PEN,Soles,2026-07-30T00:00:00-05:00
ocds-dgv273-seacev3-1230661,ocds-dgv273-seacev3-1230661-2026-08-02T10:08:59.464799-05:00,1230661-20448189229,97700.0,PEN,Soles,2026-07-08T00:00:00-05:00
ocds-dgv273-seacev3-1230670,ocds-dgv273-seacev3-1230670-2026-08-02T10:08:59.149473-05:00,1230670-20321656219,43100.0,PEN,Soles,2026-07-14T00:00:00-05:00
ocds-dgv273-seacev3-1231915,ocds-dgv273-seacev3-1231915-2026-08-02T10:08:58.488789-05:00,1231915-10266284280,187353.51,PEN,Soles,2026-07-20T00:00:00-05:00
ocds-dgv273-seacev3-1235830,ocds-dgv273-seacev3-1235830-2026-08-02T10:08:58.451331-05:00,1235830-10153504861,168000.0,PEN,Soles,2026-07-24T00:00:00-05:00
ocds-dgv273-seacev3-1236833,ocds-dgv273-seacev3-1236833-2026-08-02T10:08:57.034898-05:00,1236833-L9000033012,4800.0,USD,Dólar Norteamericano,2026-07-31T00:00:00-05:00
ocds-dgv273-seacev3-1237071,ocds-dgv273-seacev3-1237071-2026-08-02T10:08:56.762189-05:00,1237071-1816000,1386800.0,PEN,Soles,2026-07-30T00:00:00-05:00
ocds-dgv273-seacev3-1231497,ocds-dgv273-seacev3-1231497-2026-08-02T10:08:56.573796-05:00,1231497-20608988816,165000.0,PEN,Soles,2026-07-30T00:00:00-05:00
ocds-dgv273-seacev3-1234146,ocds-dgv273-seacev3-1234146-2026-08-02T10:08:56.255744-05:00,1234146-20505762305,387290.0,PEN,Soles,2026-07-17T00:00:00-05:00
ocds-dgv273-seacev3-1232323,ocds-dgv273-seacev3-1232323-2026-08-02T10:08:55.985397-05:00,1232323-10720218017,6000.0,PEN,Soles,2026-07-30T00:00:00-05:00
ocds-dgv273-seacev3-1236431,ocds-dgv273-seacev3-1236431-2026-08-02T10:08:50.137987-05:00,1236431-20610784837,63467.5,PEN,Soles,2026-07-24T00:00:00-05:00
ocds-dgv273-seacev3-1232172,ocds-dgv273-seacev3-1232172-2026-08-02T10:08:49.868251-05:00,1232172-20570881923,54720.0,PEN,Soles,2026-07-20T00:00:00-05:00
ocds-dgv273-seacev3-1232503,ocds-dgv273-seacev3-1232503-2026-08-02T10:08:49.793178-05:00,1232503-20612666785,425000.0,PEN,Soles,2026-07-21T00:00:00-05:00
ocds-dgv273-seacev3-1237102,ocds-dgv273-seacev3-1237102-2026-08-02T10:08:49.732679-05:00,1237102-1816128,66950.0,PEN,Soles,2026-07-30T00:00:00-05:00
ocds-dgv273-seacev3-1232725,ocds-dgv273-seacev3-1232725-2026-08-02T10:08:49.645964-05:00,1232725-20610630813,869400.0,PEN,Soles,2026-07-13T00:00:00-05:00
ocds-dgv273-seacev3-1232635,ocds-dgv273-seacev3-1232635-2026-08-02T10:08:49.506820-05:00,1232635-20487253414,290012.15,PEN,Soles,2026-07-22T00:00:00-05:00
ocds-dgv273-seacev3-1231653,ocds-dgv273-seacev3-1231653-2026-08-02T10:08:49.416812-05:00,1231653-1812887,100000.0,PEN,Soles,2026-07-20T00:00:00-05:00
ocds-dgv273-seacev3-1230275,ocds-dgv273-seacev3-1230275-2026-08-02T10:08:49.222217-05:00,1230275-20604095701,45000.0,PEN,Soles,2026-07-07T00:00:00-05:00
ocds-dgv273-seacev3-2026-348-3,ocds-dgv273-seacev3-2026-348-3-2026-08-02T10:08:49.154865-05:00,1232392-10421564294,100859.11,PEN,Soles,2026-07-30T00:00:00-05:00
ocds-dgv273-seacev3-1235443,ocds-dgv273-seacev3-1235443-2026-08-02T10:08:48.854454-05:00,1235443-20511682241,548068.8,PEN,Soles,2026-07-22T00:00:00-05:00
ocds-dgv273-seacev3-1236171,ocds-dgv273-seacev3-1236171-2026-08-02T10:08:48.659240-05:00,1236171-15332826481,230400.0,PEN,Soles,2026-07-30T00:00:00-05:00
ocds-dgv273-seacev3-1237506,ocds-dgv273-seacev3-1237506-2026-08-02T10:08:48.177955-05:00,1237506-20605982167,90010.67,PEN,Soles,2026-07-31T00:00:00-05:00
ocds-dgv273-seacev3-1236074,ocds-dgv273-seacev3-1236074-2026-08-02T10:08:48.133885-05:00,1236074-L9000033000,110000.0,USD,Dólar Norteamericano,2026-07-22T00:00:00-05:00
ocds-dgv273-seacev3-2026-200047-1,ocds-dgv273-seacev3-2026-200047-1-2026-08-02T10:08:48.016317-05:00,1225242-20452629284,52221.0,PEN,Soles,2026-07-10T00:00:00-05:00
ocds-dgv273-seacev3-1233395,ocds-dgv273-seacev3-1233395-2026-08-02T10:08:47.557046-05:00,1233395-20529190701,104071.56,PEN,Soles,2026-07-24T00:00:00-05:00
ocds-dgv273-seacev3-1234586,ocds-dgv273-seacev3-1234586-2026-08-02T10:08:47.469586-05:00,1234586-10054112641,96000.0,PEN,Nuevos Soles,2026-07-20T00:00:00-05:00
ocds-dgv273-seacev3-1232342,ocds-dgv273-seacev3-1232342-2026-08-02T10:08:46.813648-05:00,1232342-10405662782,99500.0,PEN,Soles,2026-07-14T00:00:00-05:00
ocds-dgv273-seacev3-1231240,ocds-dgv273-seacev3-1231240-2026-08-02T10:08:46.628246-05:00,1231240-20612573108,78000.0,PEN,Soles,2026-07-16T21:38:54-05:00
ocds-dgv273-seacev3-1223926,ocds-dgv273-seacev3-1223926-2026-08-02T10:08:44.706307-05:00,1223926-20605422269,106880.99,PEN,Soles,2026-07-20T00:00:00-05:00
ocds-dgv273-seacev3-1231738,ocds-dgv273-seacev3-1231738-2026-08-02T10:08:44.692791-05:00,1231738-20615041638,73550.0,PEN,Soles,2026-07-13T00:00:00-05:00
ocds-dgv273-seacev3-1231050,ocds-dgv273-seacev3-1231050-2026-08-02T10:08:44.491443-05:00,1231050-1809967,424836.25,PEN,Soles,2026-07-09T00:00:00-05:00
ocds-dgv273-seacev3-1230075,ocds-dgv273-seacev3-1230075-2026-08-02T10:08:44.477195-05:00,1230075-1812279,599768.05,PEN,Soles,2026-07-16T00:00:00-05:00
ocds-dgv273-seacev3-1230076,ocds-dgv273-seacev3-1230076-2026-08-02T10:08:44.331721-05:00,1230076-10062562795,224800.0,PEN,Soles,2026-07-16T00:00:00-05:00
ocds-dgv273-seacev3-1236494,ocds-dgv273-seacev3-1236494-2026-08-01T10:19:36.666124-05:00,1236494-1815141,125928.51,PEN,Soles,2026-07-24T00:00:00-05:00
ocds-dgv273-seacev3-1233810,ocds-dgv273-seacev3-1233810-2026-08-01T10:19:35.361922-05:00,1233810-10295360491,248400.0,PEN,Soles,2026-07-21T00:00:00-05:00
ocds-dgv273-seacev3-1236157,ocds-dgv273-seacev3-1236157-2026-08-01T10:19:34.974486-05:00,1236157-L9000033006,2108.0,USD,Dólar Norteamericano,2026-07-22T00:00:00-05:00
ocds-dgv273-seacev3-1234413,ocds-dgv273-seacev3-1234413-2026-08-01T10:19:34.207309-05:00,1234413-20506813191,1812500.0,PEN,Soles,2026-07-20T00:00:00-05:00
ocds-dgv273-seacev3-1233076,ocds-dgv273-seacev3-1233076-2026-08-01T10:19:33.773240-05:00,1233076-20100017491,2101385.0,PEN,Soles,2026-07-21T00:00:00-05:00
ocds-dgv273-seacev3-1236599,ocds-dgv273-seacev3-1236599-2026-08-01T10:19:32.413630-05:00,1236599-1815150,426134.74,PEN,Soles,2026-07-24T00:00:00-05:00
ocds-dgv273-seacev3-1230777,ocds-dgv273-seacev3-1230777-2026-08-01T10:19:31.957394-05:00,1230777-20608947222,79000.0,PEN,Soles,2026-07-13T18:40:42-05:00
ocds-dgv273-seacev3-1232949,ocds-dgv273-seacev3-1232949-2026-08-01T10:19:31.390598-05:00,1232949-20611540800,54473.1,PEN,Soles,2026-07-16T00:00:00-05:00
ocds-dgv273-seacev3-1236901,ocds-dgv273-seacev3-1236901-2026-08-01T10:19:23.799321-05:00,1236901-10036133801,100000.0,PEN,Soles,2026-07-30T00:00:00-05:00
ocds-dgv273-seacev3-1230146,ocds-dgv273-seacev3-1230146-2026-08-01T10:19:23.501592-05:00,1230146-20538247813,98987.0,PEN,Soles,2026-07-08T00:00:00-05:00
ocds-dgv273-seacev3-1231644,ocds-dgv273-seacev3-1231644-2026-08-01T10:19:23.284604-05:00,1231644-20613638939,63858.0,PEN,Soles,2026-07-13T00:00:00-05:00
ocds-dgv273-seacev3-1230689,ocds-dgv273-seacev3-1230689-2026-08-01T10:19:22.931386-05:00,1230689-1812034,202343.57,PEN,Nuevos Soles,2026-07-15T00:00:00-05:00
ocds-dgv273-seacev3-1230745,ocds-dgv273-seacev3-1230745-2026-08-01T10:19:22.729519-05:00,1230745-20607004103,59000.0,PEN,Soles,2026-07-10T00:00:00-05:00
ocds-dgv273-seacev3-1230159,ocds-dgv273-seacev3-1230159-2026-08-01T10:19:21.109907-05:00,1230159-20494015588,67672.0,PEN,Soles,2026-07-08T00:00:00-05:00
ocds-dgv273-seacev3-1236048,ocds-dgv273-seacev3-1236048-2026-08-01T10:19:20.799550-05:00,1236048-20448320970,1833670.56,PEN,Soles,2026-07-30T00:00:00-05:00
ocds-dgv273-seacev3-1232571,ocds-dgv273-seacev3-1232571-2026-08-01T10:19:20.063154-05:00,1232571-1811047,912859.78,PEN,Soles,2026-07-10T00:00:00-05:00
ocds-dgv273-seacev3-1232295,ocds-dgv273-seacev3-1232295-2026-08-01T10:19:20.029306-05:00,1232295-20600767101,99450.0,PEN,Soles,2026-07-14T00:00:00-05:00
ocds-dgv273-seacev3-1232909,ocds-dgv273-seacev3-1232909-2026-08-01T10:19:19.449144-05:00,1232909-10459531357,79200.0,PEN,Soles,2026-07-17T00:00:00-05:00
ocds-dgv273-seacev3-1232821,ocds-dgv273-seacev3-1232821-2026-08-01T10:19:10.324692-05:00,1232821-20607685518,63570.0,PEN,Soles,2026-07-16T00:00:00-05:00
ocds-dgv273-seacev3-1236201,ocds-dgv273-seacev3-1236201-2026-08-01T10:19:09.487117-05:00,1236201-10442668979,37500.0,PEN,Soles,2026-07-22T00:00:00-05:00
ocds-dgv273-seacev3-1230252,ocds-dgv273-seacev3-1230252-2026-08-01T10:19:09.230271-05:00,1230252-20613285122,98500.0,PEN,Soles,2026-07-09T00:00:00-05:00
ocds-dgv273-seacev3-1233989,ocds-dgv273-seacev3-1233989-2026-08-01T10:19:08.733734-05:00,1233989-10020642233,0.1,PEN,Soles,2026-07-24T00:00:00-05:00
ocds-dgv273-seacev3-2026-139-1,ocds-dgv273-seacev3-2026-139-1-2026-08-01T10:19:08.371791-05:00,1229519-1811044,1385827.6,PEN,Soles,2026-07-14T00:00:00-05:00
ocds-dgv273-seacev3-1231222,ocds-dgv273-seacev3-1231222-2026-08-01T10:19:08.203963-05:00,1231222-1810016,431000.0,PEN,Soles,2026-07-09T00:00:00-05:00
ocds-dgv273-seacev3-1230373,ocds-dgv273-seacev3-1230373-2026-08-01T10:19:07.817488-05:00,1230373-20100096936,73500.0,PEN,Soles,2026-07-13T00:00:00-05:00
ocds-dgv273-seacev3-1230070,ocds-dgv273-seacev3-1230070-2026-08-01T10:19:07.642392-05:00,1230070-10038855480,381688.58,PEN,Soles,2026-07-17T00:00:00-05:00
ocds-dgv273-seacev3-1233054,ocds-dgv273-seacev3-1233054-2026-08-01T10:19:07.610108-05:00,1233054-20613091697,68382.0,PEN,Soles,2026-07-17T00:00:00-05:00
ocds-dgv273-seacev3-1232611,ocds-dgv273-seacev3-1232611-2026-08-01T10:19:07.308729-05:00,1232611-10167724901,120000.0,PEN,Soles,2026-07-20T00:00:00-05:00
ocds-dgv273-seacev3-1230764,ocds-dgv273-seacev3-1230764-2026-08-01T10:19:06.786414-05:00,1230764-20600175549,63028.0,PEN,Soles,2026-07-10T00:00:00-05:00
ocds-dgv273-seacev3-1229544,ocds-dgv273-seacev3-1229544-2026-08-01T10:19:06.422112-05:00,1229544-1813593,2494911.97,PEN,Soles,2026-07-30T00:00:00-05:00
ocds-dgv273-seacev3-2026-1947-335,ocds-dgv273-seacev3-2026-1947-335-2026-08-01T10:19:00.578438-05:00,1234931-L0611179891,143321.0,GBP,Libra Esterlina,2026-07-17T00:00:00-05:00
ocds-dgv273-seacev3-1230535,ocds-dgv273-seacev3-1230535-2026-08-01T10:19:00.253100-05:00,1230535-1810778,742500.0,USD,Dólar Norteamericano,2026-07-10T00:00:00-05:00
ocds-dgv273-seacev3-1236140,ocds-dgv273-seacev3-1236140-2026-08-01T10:18:59.064101-05:00,1236140-1815139,92512.05,PEN,Soles,2026-07-24T00:00:00-05:00
ocds-dgv273-seacev3-1236190,ocds-dgv273-seacev3-1236190-2026-08-01T10:18:58.987618-05:00,1236190-L9000033007,20000.0,USD,Dólar Norteamericano,2026-07-22T00:00:00-05:00
ocds-dgv273-seacev3-1236225,ocds-dgv273-seacev3-1236225-2026-08-01T10:18:58.812893-05:00,1236225-1815164,131632.48,PEN,Soles,2026-07-24T00:00:00-05:00
ocds-dgv273-seacev3-1230152,ocds-dgv273-seacev3-1230152-2026-08-01T10:18:58.673244-05:00,1230152-10710012267,85000.0,PEN,Soles,2026-07-17T00:00:00-05:00
ocds-dgv273-seacev3-1233241,ocds-dgv273-seacev3-1233241-2026-08-01T10:18:58.048893-05:00,1233241-20100028698,1200000.0,PEN,Soles,2026-07-16T00:00:00-05:00
ocds-dgv273-seacev3-1230161,ocds-dgv273-seacev3-1230161-2026-08-01T10:18:57.391560-05:00,1230161-20542210967,50000.0,PEN,Soles,2026-07-08T00:00:00-05:00
ocds-dgv273-seacev3-1232881,ocds-dgv273-seacev3-1232881-2026-08-01T10:18:56.468126-05:00,1232881-10223085259,47150.0,PEN,Soles,2026-07-16T00:00:00-05:00
ocds-dgv273-seacev3-1230096,ocds-dgv273-seacev3-1230096-2026-08-01T10:18:55.895497-05:00,1230096-20605225587,63213.0,PEN,Soles,2026-07-07T00:00:00-05:00
ocds-dgv273-seacev3-1236522,ocds-dgv273-seacev3-1236522-2026-08-01T10:18:48.392478-05:00,1236522-1815142,161130.72,PEN,Soles,2026-07-24T00:00:00-05:00
ocds-dgv273-seacev3-1225695,ocds-dgv273-seacev3-1225695-2026-08-01T10:18:46.683240-05:00,1225695-1814726,11795622.08,PEN,Soles,2026-07-22T00:00:00-05:00
ocds-dgv273-seacev3-1236635,ocds-dgv273-seacev3-1236635-2026-08-01T10:18:46.622009-05:00,1236635-1815255,2114541.99,PEN,Soles,2026-07-24T00:00:00-05:00
ocds-dgv273-seacev3-1233882,ocds-dgv273-seacev3-1233882-2026-08-01T10:18:46.407416-05:00,1233882-20600970951,113881.33,PEN,Soles,2026-07-16T00:00:00-05:00
ocds-dgv273-seacev3-1237236,ocds-dgv273-seacev3-1237236-2026-08-01T10:18:45.916948-05:00,1237236-1816008,153943.0,PEN,Soles,2026-07-30T00:00:00-05:00
ocds-dgv273-seacev3-1230539,ocds-dgv273-seacev3-1230539-2026-08-01T10:18:42.238806-05:00,1230539-20339547352,89000.0,PEN,Soles,2026-07-17T00:00:00-05:00
ocds-dgv273-seacev3-1230217,ocds-dgv273-seacev3-1230217-2026-08-01T10:18:42.020679-05:00,1230217-20607796981,50990.0,PEN,Soles,2026-07-07T00:00:00-05:00
ocds-dgv273-seacev3-1230429,ocds-dgv273-seacev3-1230429-2026-08-01T10:18:37.129363-05:00,1230429-20114111342,55080.0,PEN,Soles,2026-07-15T00:00:00-05:00
ocds-dgv273-seacev3-1231120,ocds-dgv273-seacev3-1231120-2026-08-01T10:18:36.519105-05:00,1231120-10408603299,70070.0,PEN,Soles,2026-07-09T00:00:00-05:00
ocds-dgv273-seacev3-2026-1947-351,ocds-dgv273-seacev3-2026-1947-351-2026-08-01T10:18:36.470674-05:00,1236831-L0609017053,72000.0,USD,Dólar Norteamericano,2026-07-24T00:00:00-05:00
ocds-dgv273-seacev3-1237030,ocds-dgv273-seacev3-1237030-2026-08-01T10:18:36.289650-05:00,1237030-20557802933,80281.65,PEN,Soles,2026-07-30T00:00:00-05:00
ocds-dgv273-seacev3-1230712,ocds-dgv273-seacev3-1230712-2026-08-01T10:18:35.087292-05:00,1230712-1814588,331422.32,PEN,Soles,2026-07-22T00:00:00-05:00
ocds-dgv273-seacev3-1228283,ocds-dgv273-seacev3-1228283-2026-08-01T10:18:34.950298-05:00,1228283-1811077,2377525.14,PEN,Soles,2026-07-13T00:00:00-05:00
ocds-dgv273-seacev3-1236625,ocds-dgv273-seacev3-1236625-2026-08-01T10:18:34.158894-05:00,1236625-20600700112,62975.0,PEN,Soles,2026-07-24T00:00:00-05:00
ocds-dgv273-seacev3-1231191,ocds-dgv273-seacev3-1231191-2026-08-01T10:18:33.663980-05:00,1231191-1809949,430000.0,PEN,Soles,2026-07-09T00:00:00-05:00
ocds-dgv273-seacev3-1232707,ocds-dgv273-seacev3-1232707-2026-08-01T10:18:32.510271-05:00,1232707-20604875529,90000.0,PEN,Soles,2026-07-16T00:00:00-05:00
ocds-dgv273-seacev3-1231242,ocds-dgv273-seacev3-1231242-2026-08-01T10:18:32.459982-05:00,1231242-20608742060,158096.4,PEN,Soles,2026-07-16T00:00:00-05:00
ocds-dgv273-seacev3-1232253,ocds-dgv273-seacev3-1232253-2026-08-01T10:18:31.504403-05:00,1232253-20600871723,185500.0,PEN,Soles,2026-07-09T00:00:00-05:00
ocds-dgv273-seacev3-1231532,ocds-dgv273-seacev3-1231532-2026-08-01T10:18:23.688424-05:00,1231532-20605871268,61000.0,PEN,Soles,2026-07-13T00:00:00-05:00
ocds-dgv273-seacev3-1236235,ocds-dgv273-seacev3-1236235-2026-08-01T10:18:22.483739-05:00,1236235-1815166,106137.74,PEN,Soles,2026-07-24T00:00:00-05:00
ocds-dgv273-seacev3-1236666,ocds-dgv273-seacev3-1236666-2026-08-01T10:18:22.443177-05:00,1236666-20610331433,144092.54,PEN,Soles,2026-07-24T00:00:00-05:00
ocds-dgv273-seacev3-1236169,ocds-dgv273-seacev3-1236169-2026-08-01T10:18:22.417672-05:00,1236169-20603690240,50539.78,PEN,Soles,2026-07-30T00:00:00-05:00
ocds-dgv273-seacev3-1230839,ocds-dgv273-seacev3-1230839-2026-08-01T10:18:22.181579-05:00,1230839-20611694769,99381.9,PEN,Soles,2026-07-09T00:00:00-05:00
ocds-dgv273-seacev3-1236631,ocds-dgv273-seacev3-1236631-2026-08-01T10:18:22.160774-05:00,1236631-1815144,1708923.55,PEN,Soles,2026-07-24T00:00:00-05:00
ocds-dgv273-seacev3-1230205,ocds-dgv273-seacev3-1230205-2026-08-01T10:18:20.885307-05:00,1230205-10408694111,54998.0,PEN,Soles,2026-07-10T00:00:00-05:00
ocds-dgv273-seacev3-1230740,ocds-dgv273-seacev3-1230740-2026-08-01T10:18:18.764345-05:00,1230740-20610568344,86800.0,PEN,Soles,2026-07-10T00:00:00-05:00
ocds-dgv273-seacev3-1230746,ocds-dgv273-seacev3-1230746-2026-07-31T10:15:32.359256-05:00,1230746-1812324,65360.91,PEN,Soles,2026-07-21T00:00:00-05:00
ocds-dgv273-seacev3-1236407,ocds-dgv273-seacev3-1236407-2026-07-30T10:06:45.542341-05:00,1236407-L0000001538,170600.0,USD,Dólar Norteamericano,2026-07-22T00:00:00-05:00
ocds-dgv273-seacev3-1235903,ocds-dgv273-seacev3-1235903-2026-07-30T10:06:44.744811-05:00,1235903-L0609015295,296500.0,EUR,Euro,2026-07-21T00:00:00-05:00
ocds-dgv273-seacev3-1230028,ocds-dgv273-seacev3-1230028-2026-07-30T10:06:40.624170-05:00,1230028-1811592,2673842.81,PEN,Soles,2026-07-13T00:00:00-05:00
ocds-dgv273-seacev3-2026-200533-2,ocds-dgv273-seacev3-2026-200533-2-2026-07-29T10:04:58.495230-05:00,1230822-20529260921,89172.8,PEN,Soles,2026-07-14T00:00:00-05:00
ocds-dgv273-seacev3-1233214,ocds-dgv273-seacev3-1233214-2026-07-29T10:04:58.043689-05:00,1233214-20601351481,171570.0,PEN,Soles,2026-07-27T17:33:11-05:00
ocds-dgv273-seacev3-1233007,ocds-dgv273-seacev3-1233007-2026-07-29T10:04:57.317334-05:00,1233007-20516728958,179283.3,PEN,Soles,2026-07-17T00:00:00-05:00
ocds-dgv273-seacev3-1231813,ocds-dgv273-seacev3-1231813-2026-07-29T10:04:53.970086-05:00,1231813-1812962,453460.0,PEN,Soles,2026-07-20T00:00:00-05:00
ocds-dgv273-seacev3-1230071,ocds-dgv273-seacev3-1230071-2026-07-29T10:04:53.578489-05:00,1230071-10755290063,248582.3,PEN,Soles,2026-07-14T00:00:00-05:00
ocds-dgv273-seacev3-1230262,ocds-dgv273-seacev3-1230262-2026-07-28T10:09:29.332298-05:00,1230262-20559122549,61603.0,PEN,Soles,2026-07-07T00:00:00-05:00
ocds-dgv273-seacev3-1221842,ocds-dgv273-seacev3-1221842-2026-07-28T10:09:27.207070-05:00,1221842-20610843663,78450.0,PEN,Soles,2026-07-10T00:00:00-05:00
ocds-dgv273-seacev3-1230797,ocds-dgv273-seacev3-1230797-2026-07-26T10:08:27.702234-05:00,1230797-1812106,80000.0,PEN,Soles,2026-07-15T00:00:00-05:00
ocds-dgv273-seacev3-1231974,ocds-dgv273-seacev3-1231974-2026-07-26T10:08:27.300561-05:00,1231974-20182246078,325736.53,PEN,Soles,2026-07-10T00:00:00-05:00
ocds-dgv273-seacev3-1236094,ocds-dgv273-seacev3-1236094-2026-07-26T10:08:27.242672-05:00,1236094-L9000033001,6000.0,USD,Dólar Norteamericano,2026-07-22T00:00:00-05:00
ocds-dgv273-seacev3-1235471,ocds-dgv273-seacev3-1235471-2026-07-26T10:08:26.834032-05:00,1235471-20522449271,31998.0,PEN,Soles,2026-07-24T00:00:00-05:00
ocds-dgv273-seacev3-1234114,ocds-dgv273-seacev3-1234114-2026-07-26T10:08:26.820387-05:00,1234114-20106649180,4860000.0,PEN,Soles,2026-07-17T00:00:00-05:00
ocds-dgv273-seacev3-1230117,ocds-dgv273-seacev3-1230117-2026-07-26T10:08:25.548968-05:00,1230117-20615936422,84026.0,PEN,Soles,2026-07-08T00:00:00-05:00
ocds-dgv273-seacev3-1231186,ocds-dgv273-seacev3-1231186-2026-07-26T10:08:25.258627-05:00,1231186-20600547896,303064.0,PEN,Soles,2026-07-24T00:00:00-05:00
ocds-dgv273-seacev3-1233068,ocds-dgv273-seacev3-1233068-2026-07-26T10:08:25.145054-05:00,1233068-20101015492,99998.0,PEN,Soles,2026-07-16T00:00:00-05:00
ocds-dgv273-seacev3-1232688,ocds-dgv273-seacev3-1232688-2026-07-26T10:08:21.335094-05:00,1232688-10433215716,542556.0,PEN,Soles,2026-07-24T00:00:00-05:00
ocds-dgv273-seacev3-1230962,ocds-dgv273-seacev3-1230962-2026-07-26T10:08:21.321231-05:00,1230962-20606496746,70000.0,PEN,Soles,2026-07-08T00:00:00-05:00
ocds-dgv273-seacev3-1236376,ocds-dgv273-seacev3-1236376-2026-07-26T10:08:21.221761-05:00,1236376-L9000033009,3900.0,USD,Dólar Norteamericano,2026-07-22T00:00:00-05:00
ocds-dgv273-seacev3-1235257,ocds-dgv273-seacev3-1235257-2026-07-26T10:08:20.298954-05:00,1235257-10735366101,18000.0,PEN,Soles,2026-07-21T00:00:00-05:00
ocds-dgv273-seacev3-1231631,ocds-dgv273-seacev3-1231631-2026-07-26T10:08:19.634858-05:00,1231631-1813092,2613270.07,PEN,Soles,2026-07-22T00:00:00-05:00
ocds-dgv273-seacev3-1231442,ocds-dgv273-seacev3-1231442-2026-07-26T10:08:19.542520-05:00,1231442-10440376661,50000.0,PEN,Soles,2026-07-10T00:00:00-05:00
ocds-dgv273-seacev3-1230158,ocds-dgv273-seacev3-1230158-2026-07-26T10:08:19.445736-05:00,1230158-20525863728,138816.0,PEN,Soles,2026-07-10T00:00:00-05:00
ocds-dgv273-seacev3-1230306,ocds-dgv273-seacev3-1230306-2026-07-26T10:08:19.364864-05:00,1230306-10310113617,173728.8,PEN,Soles,2026-07-10T00:00:00-05:00
ocds-dgv273-seacev3-1235263,ocds-dgv273-seacev3-1235263-2026-07-26T10:08:19.162059-05:00,1235263-1814346,1469000.0,PEN,Soles,2026-07-21T00:00:00-05:00
ocds-dgv273-seacev3-1232848,ocds-dgv273-seacev3-1232848-2026-07-26T10:08:19.005084-05:00,1232848-1814559,298500.0,PEN,Soles,2026-07-24T00:00:00-05:00
ocds-dgv273-seacev3-1231677,ocds-dgv273-seacev3-1231677-2026-07-26T10:08:18.214156-05:00,1231677-20571155649,72510.0,PEN,Soles,2026-07-14T00:00:00-05:00
ocds-dgv273-seacev3-1231556,ocds-dgv273-seacev3-1231556-2026-07-26T10:08:16.702880-05:00,1231556-1812416,4612259.51,PEN,Soles,2026-07-16T00:00:00-05:00
ocds-dgv273-seacev3-1231798,ocds-dgv273-seacev3-1231798-2026-07-26T10:08:09.187022-05:00,1231798-20604008795,69950.0,PEN,Soles,2026-07-13T00:00:00-05:00
ocds-dgv273-seacev3-1235165,ocds-dgv273-seacev3-1235165-2026-07-26T10:08:08.088535-05:00,1235165-1814913,402715.03,PEN,Soles,2026-07-24T00:00:00-05:00
ocds-dgv273-seacev3-1233363,ocds-dgv273-seacev3-1233363-2026-07-26T10:08:06.503298-05:00,1233363-20511417253,351707.2,PEN,Soles,2026-07-20T00:00:00-05:00
ocds-dgv273-seacev3-1233375,ocds-dgv273-seacev3-1233375-2026-07-26T10:08:06.345320-05:00,1233375-10714156000,555000.0,PEN,Soles,2026-07-15T00:00:00-05:00
ocds-dgv273-seacev3-1235250,ocds-dgv273-seacev3-1235250-2026-07-26T10:08:05.534867-05:00,1235250-10727587212,8000.0,PEN,Soles,2026-07-21T00:00:00-05:00
ocds-dgv273-seacev3-1230245,ocds-dgv273-seacev3-1230245-2026-07-26T10:08:05.228979-05:00,1230245-1813813,721789.8,PEN,Soles,2026-07-22T00:00:00-05:00
ocds-dgv273-seacev3-1232163,ocds-dgv273-seacev3-1232163-2026-07-26T10:08:04.907434-05:00,1232163-20421239275,135000.0,PEN,Soles,2026-07-22T00:00:00-05:00
ocds-dgv273-seacev3-1232539,ocds-dgv273-seacev3-1232539-2026-07-26T10:08:04.628329-05:00,1232539-20609072661,73480.0,PEN,Soles,2026-07-15T00:00:00-05:00
ocds-dgv273-seacev3-1230283,ocds-dgv273-seacev3-1230283-2026-07-26T10:08:04.614805-05:00,1230283-20526944934,252397.0,PEN,Soles,2026-07-10T00:00:00-05:00
ocds-dgv273-seacev3-1232493,ocds-dgv273-seacev3-1232493-2026-07-26T10:08:04.496348-05:00,1232493-20605939466,1387327.77,PEN,Soles,2026-07-10T00:00:00-05:00
ocds-dgv273-seacev3-1231656,ocds-dgv273-seacev3-1231656-2026-07-26T10:08:04.288223-05:00,1231656-20167700277,378058.07,USD,Dólar Norteamericano,2026-07-07T00:00:00-05:00
ocds-dgv273-seacev3-1229146,ocds-dgv273-seacev3-1229146-2026-07-26T10:08:04.142748-05:00,1229146-10224002268,48000.0,PEN,Soles,2026-07-14T00:00:00-05:00
ocds-dgv273-seacev3-1231125,ocds-dgv273-seacev3-1231125-2026-07-26T10:07:59.327092-05:00,1231125-1809422,191699709.93,PEN,Soles,2026-07-07T00:00:00-05:00
ocds-dgv273-seacev3-1230180,ocds-dgv273-seacev3-1230180-2026-07-26T10:07:59.268592-05:00,1230180-20525863728,96408.0,PEN,Soles,2026-07-13T00:00:00-05:00
ocds-dgv273-seacev3-1232870,ocds-dgv273-seacev3-1232870-2026-07-26T10:07:59.203382-05:00,1232870-10400529065,298000.0,PEN,Soles,2026-07-15T00:00:00-05:00
ocds-dgv273-seacev3-1236206,ocds-dgv273-seacev3-1236206-2026-07-26T10:07:59.183520-05:00,1236206-20602769675,148697.29,PEN,Soles,2026-07-22T00:00:00-05:00
ocds-dgv273-seacev3-1234330,ocds-dgv273-seacev3-1234330-2026-07-26T10:07:58.657166-05:00,1234330-10013272102,80000.0,PEN,Soles,2026-07-17T00:00:00-05:00
ocds-dgv273-seacev3-1232289,ocds-dgv273-seacev3-1232289-2026-07-26T10:07:58.405371-05:00,1232289-20502257987,69000.0,PEN,Soles,2026-07-21T00:00:00-05:00
ocds-dgv273-seacev3-1234879,ocds-dgv273-seacev3-1234879-2026-07-26T10:07:58.086341-05:00,1234879-10158557725,24000.0,PEN,Soles,2026-07-21T00:00:00-05:00
ocds-dgv273-seacev3-1229919,ocds-dgv273-seacev3-1229919-2026-07-26T10:07:57.663854-05:00,1229919-20430480074,136691.24,PEN,Soles,2026-07-07T00:00:00-05:00
ocds-dgv273-seacev3-1234938,ocds-dgv273-seacev3-1234938-2026-07-26T10:07:56.338697-05:00,1234938-10106042964,16000.0,PEN,Soles,2026-07-21T00:00:00-05:00
ocds-dgv273-seacev3-2026-2392-64,ocds-dgv273-seacev3-2026-2392-64-2026-07-26T10:07:56.111586-05:00,1231505-20613748424,56548.0,PEN,Soles,2026-07-24T00:00:00-05:00
ocds-dgv273-seacev3-1230789,ocds-dgv273-seacev3-1230789-2026-07-26T10:07:56.098259-05:00,1230789-1811834,80000.0,PEN,Soles,2026-07-15T00:00:00-05:00
ocds-dgv273-seacev3-1231600,ocds-dgv273-seacev3-1231600-2026-07-26T10:07:55.899326-05:00,1231600-20600571916,87514.0,PEN,Soles,2026-07-16T00:00:00-05:00
ocds-dgv273-seacev3-1231008,ocds-dgv273-seacev3-1231008-2026-07-26T10:07:49.135570-05:00,1231008-20613851756,67682.0,PEN,Soles,2026-07-09T00:00:00-05:00
ocds-dgv273-seacev3-1236623,ocds-dgv273-seacev3-1236623-2026-07-26T10:07:48.883193-05:00,1236623-L5552918065,4930.0,EUR,Euro,2026-07-24T00:00:00-05:00
ocds-dgv273-seacev3-1221809,ocds-dgv273-seacev3-1221809-2026-07-26T10:07:48.369031-05:00,1221809-20510070187,227043.8,PEN,Soles,2026-07-24T00:00:00-05:00
ocds-dgv273-seacev3-1235284,ocds-dgv273-seacev3-1235284-2026-07-26T10:07:47.683780-05:00,1235284-20522449271,76780.0,PEN,Soles,2026-07-24T00:00:00-05:00
ocds-dgv273-seacev3-1236632,ocds-dgv273-seacev3-1236632-2026-07-26T10:07:47.503890-05:00,1236632-1815200,125000.0,PEN,Soles,2026-07-24T00:00:00-05:00
ocds-dgv273-seacev3-1231399,ocds-dgv273-seacev3-1231399-2026-07-26T10:07:47.471733-05:00,1231399-20603999577,100000.0,PEN,Soles,2026-07-10T00:00:00-05:00
ocds-dgv273-seacev3-1232106,ocds-dgv273-seacev3-1232106-2026-07-26T10:07:47.240124-05:00,1232106-20615057283,91100.0,PEN,Soles,2026-07-15T00:00:00-05:00
ocds-dgv273-seacev3-1234934,ocds-dgv273-seacev3-1234934-2026-07-26T10:07:47.021282-05:00,1234934-10437067819,8000.0,PEN,Soles,2026-07-21T00:00:00-05:00
ocds-dgv273-seacev3-1232065,ocds-dgv273-seacev3-1232065-2026-07-26T10:07:46.879983-05:00,1232065-20603084056,6822.76,PEN,Soles,2026-07-22T00:00:00-05:00
ocds-dgv273-seacev3-1230529,ocds-dgv273-seacev3-1230529-2026-07-26T10:07:46.613950-05:00,1230529-10439182941,120000.0,PEN,Soles,2026-07-15T00:00:00-05:00
ocds-dgv273-seacev3-2026-10392-1,ocds-dgv273-seacev3-2026-10392-1-2026-07-25T10:12:51.289464-05:00,1231959-20613597531,89100.0,PEN,Soles,2026-07-14T00:00:00-05:00
ocds-dgv273-seacev3-1231936,ocds-dgv273-seacev3-1231936-2026-07-25T10:12:50.985306-05:00,1231936-20107903951,46542.76,PEN,Soles,2026-07-08T00:00:00-05:00
ocds-dgv273-seacev3-1230979,ocds-dgv273-seacev3-1230979-2026-07-25T10:12:27.880537-05:00,1230979-1811874,357409.19,PEN,Soles,2026-07-15T00:00:00-05:00
ocds-dgv273-seacev3-1229539,ocds-dgv273-seacev3-1229539-2026-07-25T10:12:26.955446-05:00,1229539-1810878,74325.37,PEN,Soles,2026-07-14T00:00:00-05:00
ocds-dgv273-seacev3-1235572,ocds-dgv273-seacev3-1235572-2026-07-25T10:12:16.061752-05:00,1235572-1814745,2978673.55,PEN,Soles,2026-07-22T00:00:00-05:00
ocds-dgv273-seacev3-1235744,ocds-dgv273-seacev3-1235744-2026-07-24T10:24:41.232640-05:00,1235744-99000037555,494451.0,USD,Dólar Norteamericano,2026-07-22T00:00:00-05:00
ocds-dgv273-seacev3-1232398,ocds-dgv273-seacev3-1232398-2026-07-24T10:24:39.778350-05:00,1232398-20610712712,158000.0,PEN,Soles,2026-07-20T00:00:00-05:00
ocds-dgv273-seacev3-2026-10483-5,ocds-dgv273-seacev3-2026-10483-5-2026-07-24T10:24:39.737903-05:00,1232315-20609586231,55211.9,PEN,Soles,2026-07-21T00:00:00-05:00
ocds-dgv273-seacev3-2026-745-12,ocds-dgv273-seacev3-2026-745-12-2026-07-24T10:24:39.451415-05:00,1231044-20554712828,99352.0,PEN,Soles,2026-07-09T00:00:00-05:00
ocds-dgv273-seacev3-1230464,ocds-dgv273-seacev3-1230464-2026-07-24T10:24:39.322632-05:00,1230464-20608268970,63780.0,PEN,Soles,2026-07-10T00:00:00-05:00
ocds-dgv273-seacev3-1230322,ocds-dgv273-seacev3-1230322-2026-07-24T10:24:39.256364-05:00,1230322-20501262260,267875.29,PEN,Soles,2026-07-17T00:00:00-05:00
ocds-dgv273-seacev3-1230177,ocds-dgv273-seacev3-1230177-2026-07-24T10:24:39.227874-05:00,1230177-20610679006,146000.0,PEN,Soles,2026-07-14T00:00:00-05:00
ocds-dgv273-seacev3-1230701,ocds-dgv273-seacev3-1230701-2026-07-24T10:24:34.394371-05:00,1230701-10443978793,99900.0,PEN,Soles,2026-07-10T00:00:00-05:00
ocds-dgv273-seacev3-1234540,ocds-dgv273-seacev3-1234540-2026-07-24T10:24:33.189217-05:00,1234540-20481492433,209200.0,PEN,Soles,2026-07-20T00:00:00-05:00
ocds-dgv273-seacev3-1231396,ocds-dgv273-seacev3-1231396-2026-07-24T10:24:30.479939-05:00,1231396-L0000003677,15337.0,USD,Dólar Norteamericano,2026-07-06T00:00:00-05:00
ocds-dgv273-seacev3-1230668,ocds-dgv273-seacev3-1230668-2026-07-24T10:24:30.428668-05:00,1230668-10076559703,468000.0,PEN,Soles,2026-07-06T00:00:00-05:00
ocds-dgv273-seacev3-1232818,ocds-dgv273-seacev3-1232818-2026-07-24T10:24:30.239949-05:00,1232818-1814378,172000.0,PEN,Soles,2026-07-22T00:00:00-05:00
ocds-dgv273-seacev3-1230153,ocds-dgv273-seacev3-1230153-2026-07-24T10:24:29.763790-05:00,1230153-20601994543,128700.0,PEN,Soles,2026-07-14T00:00:00-05:00
ocds-dgv273-seacev3-1230909,ocds-dgv273-seacev3-1230909-2026-07-24T10:24:29.730523-05:00,1230909-10314207471,162000.0,PEN,Soles,2026-07-08T00:00:00-05:00
ocds-dgv273-seacev3-1231596,ocds-dgv273-seacev3-1231596-2026-07-24T10:24:24.060506-05:00,1231596-20603109016,797454.0,PEN,Soles,2026-07-09T00:00:00-05:00
ocds-dgv273-seacev3-2026-273-5,ocds-dgv273-seacev3-2026-273-5-2026-07-24T10:24:24.046448-05:00,1231925-10400263928,85144.17,PEN,Soles,2026-07-22T00:00:00-05:00
ocds-dgv273-seacev3-1233469,ocds-dgv273-seacev3-1233469-2026-07-24T10:24:23.527240-05:00,1233469-20612553671,99847.78,PEN,Soles,2026-07-22T00:00:00-05:00
ocds-dgv273-seacev3-2026-1227-5,ocds-dgv273-seacev3-2026-1227-5-2026-07-24T10:24:23.025127-05:00,1232530-20539916379,133848.0,PEN,Soles,2026-07-22T00:00:00-05:00
ocds-dgv273-seacev3-1230282,ocds-dgv273-seacev3-1230282-2026-07-24T10:24:21.282060-05:00,1230282-20615745210,165000.0,PEN,Soles,2026-07-10T00:00:00-05:00
ocds-dgv273-seacev3-1231558,ocds-dgv273-seacev3-1231558-2026-07-24T10:24:21.108627-05:00,1231558-10444826695,55530.0,PEN,Soles,2026-07-10T00:00:00-05:00
ocds-dgv273-seacev3-1231636,ocds-dgv273-seacev3-1231636-2026-07-24T10:24:20.877589-05:00,1231636-20605183434,156000.0,PEN,Soles,2026-07-20T00:00:00-05:00
ocds-dgv273-seacev3-2026-1611-7,ocds-dgv273-seacev3-2026-1611-7-2026-07-24T10:24:20.825808-05:00,1230017-20356188994,1237248.0,PEN,Soles,2026-07-20T00:00:00-05:00
ocds-dgv273-seacev3-1232735,ocds-dgv273-seacev3-1232735-2026-07-24T10:24:20.425046-05:00,1232735-20538961460,47940.0,PEN,Soles,2026-07-21T00:00:00-05:00
ocds-dgv273-seacev3-1231142,ocds-dgv273-seacev3-1231142-2026-07-24T10:24:19.760454-05:00,1231142-20147265272,1191044.8,PEN,Soles,2026-07-07T00:00:00-05:00
ocds-dgv273-seacev3-1230558,ocds-dgv273-seacev3-1230558-2026-07-24T10:24:19.684983-05:00,1230558-20614076683,71250.0,PEN,Soles,2026-07-08T00:00:00-05:00
ocds-dgv273-seacev3-2026-2439-29,ocds-dgv273-seacev3-2026-2439-29-2026-07-24T10:24:19.672210-05:00,1230475-20541660870,54362.6,PEN,Soles,2026-07-15T00:00:00-05:00
ocds-dgv273-seacev3-1235784,ocds-dgv273-seacev3-1235784-2026-07-24T10:24:13.901046-05:00,1235784-L9000032996,3900.0,USD,Dólar Norteamericano,2026-07-21T00:00:00-05:00
ocds-dgv273-seacev3-1231106,ocds-dgv273-seacev3-1231106-2026-07-24T10:24:12.302987-05:00,1231106-20601854776,120500.0,PEN,Soles,2026-07-15T00:00:00-05:00
ocds-dgv273-seacev3-1235879,ocds-dgv273-seacev3-1235879-2026-07-24T10:24:01.662159-05:00,1235879-20469028314,62368.0,PEN,Soles,2026-07-21T00:00:00-05:00
ocds-dgv273-seacev3-1234750,ocds-dgv273-seacev3-1234750-2026-07-24T10:24:01.349302-05:00,1234750-L0603769486,7104.44,USD,Dólar Norteamericano,2026-07-16T00:00:00-05:00
ocds-dgv273-seacev3-1234761,ocds-dgv273-seacev3-1234761-2026-07-24T10:24:01.335461-05:00,1234761-L0606465534,9000.0,USD,Dólar Norteamericano,2026-07-16T00:00:00-05:00
ocds-dgv273-seacev3-2026-1922-80,ocds-dgv273-seacev3-2026-1922-80-2026-07-24T10:24:00.974516-05:00,1235781-L9000032998,325600.0,USD,Dólar Norteamericano,2026-07-21T00:00:00-05:00
ocds-dgv273-seacev3-1231860,ocds-dgv273-seacev3-1231860-2026-07-24T10:23:58.003349-05:00,1231860-20613873946,80000.0,PEN,Soles,2026-07-14T00:00:00-05:00
ocds-dgv273-seacev3-1231412,ocds-dgv273-seacev3-1231412-2026-07-24T10:23:57.354830-05:00,1231412-20608693913,49020.0,PEN,Soles,2026-07-10T00:00:00-05:00
ocds-dgv273-seacev3-1234835,ocds-dgv273-seacev3-1234835-2026-07-24T10:23:52.822616-05:00,1234835-L0609014395,5000.0,USD,Dólar Norteamericano,2026-07-17T00:00:00-05:00
ocds-dgv273-seacev3-1231318,ocds-dgv273-seacev3-1231318-2026-07-24T10:23:51.604618-05:00,1231318-10430797366,98800.0,PEN,Soles,2026-07-10T00:00:00-05:00
ocds-dgv273-seacev3-1230399,ocds-dgv273-seacev3-1230399-2026-07-23T10:30:33.471528-05:00,1230399-20612195910,460000.0,PEN,Soles,2026-07-16T00:00:00-05:00
ocds-dgv273-seacev3-1231027,ocds-dgv273-seacev3-1231027-2026-07-23T10:30:32.040632-05:00,1231027-20393956659,86408.14,PEN,Soles,2026-07-15T00:00:00-05:00
ocds-dgv273-seacev3-1230834,ocds-dgv273-seacev3-1230834-2026-07-23T10:30:30.620912-05:00,1230834-20531897332,491628.52,PEN,Soles,2026-07-16T00:00:00-05:00
ocds-dgv273-seacev3-1230704,ocds-dgv273-seacev3-1230704-2026-07-23T10:30:30.600448-05:00,1230704-20541181556,340112.72,PEN,Soles,2026-07-20T00:00:00-05:00
ocds-dgv273-seacev3-1231757,ocds-dgv273-seacev3-1231757-2026-07-23T10:30:29.101792-05:00,1231757-20614496810,78000.0,PEN,Soles,2026-07-13T00:00:00-05:00
ocds-dgv273-seacev3-1230540,ocds-dgv273-seacev3-1230540-2026-07-23T10:30:11.405468-05:00,1230540-1813070,199179.69,PEN,Soles,2026-07-21T00:00:00-05:00
ocds-dgv273-seacev3-1231735,ocds-dgv273-seacev3-1231735-2026-07-23T10:30:06.592746-05:00,1231735-10742331925,93600.0,PEN,Soles,2026-07-13T00:00:00-05:00
ocds-dgv273-seacev3-1235476,ocds-dgv273-seacev3-1235476-2026-07-23T10:29:58.697932-05:00,1235476-20521924048,106589.57,PEN,Soles,2026-07-21T00:00:00-05:00
ocds-dgv273-seacev3-1230281,ocds-dgv273-seacev3-1230281-2026-07-23T10:29:58.235147-05:00,1230281-10408561031,109000.0,PEN,Soles,2026-07-16T00:00:00-05:00
ocds-dgv273-seacev3-1233270,ocds-dgv273-seacev3-1233270-2026-07-23T10:29:58.171619-05:00,1233270-20212561534,659402.64,PEN,Soles,2026-07-17T00:00:00-05:00
ocds-dgv273-seacev3-2026-243393-19,ocds-dgv273-seacev3-2026-243393-19-2026-07-23T10:29:58.098745-05:00,1235406-L9000032994,575037.6,PEN,Soles,2026-07-21T00:00:00-05:00
ocds-dgv273-seacev3-1230545,ocds-dgv273-seacev3-1230545-2026-07-23T10:29:55.613108-05:00,1230545-20511549249,49700.0,PEN,Soles,2026-07-14T00:00:00-05:00
ocds-dgv273-seacev3-1231116,ocds-dgv273-seacev3-1231116-2026-07-23T10:29:54.614073-05:00,1231116-1809214,1070286.87,PEN,Soles,2026-07-06T00:00:00-05:00
ocds-dgv273-seacev3-1230544,ocds-dgv273-seacev3-1230544-2026-07-23T10:29:54.420754-05:00,1230544-10249704216,126000.0,PEN,Soles,2026-07-07T00:00:00-05:00
ocds-dgv273-seacev3-1230606,ocds-dgv273-seacev3-1230606-2026-07-23T10:29:54.124186-05:00,1230606-10296381956,98700.0,PEN,Soles,2026-07-08T00:00:00-05:00
ocds-dgv273-seacev3-1233623,ocds-dgv273-seacev3-1233623-2026-07-23T10:29:47.309983-05:00,1233623-20100862132,175000.0,PEN,Soles,2026-07-16T00:00:00-05:00
ocds-dgv273-seacev3-1235535,ocds-dgv273-seacev3-1235535-2026-07-23T10:29:46.354757-05:00,1235535-L9000032993,1065916.8,PEN,Soles,2026-07-20T00:00:00-05:00
ocds-dgv273-seacev3-1227738,ocds-dgv273-seacev3-1227738-2026-07-23T10:29:45.754494-05:00,1227738-20568812809,138000.0,PEN,Soles,2026-07-21T00:00:00-05:00
ocds-dgv273-seacev3-1231208,ocds-dgv273-seacev3-1231208-2026-07-23T10:29:36.447993-05:00,1231208-10458412842,13500.0,PEN,Soles,2026-07-20T00:00:00-05:00
ocds-dgv273-seacev3-1235689,ocds-dgv273-seacev3-1235689-2026-07-23T10:29:35.848595-05:00,1235689-L9000032995,71692.08,USD,Dólar Norteamericano,2026-07-21T00:00:00-05:00
ocds-dgv273-seacev3-1233137,ocds-dgv273-seacev3-1233137-2026-07-23T10:29:35.507899-05:00,1233137-20611936975,407897.23,PEN,Soles,2026-07-13T00:00:00-05:00
ocds-dgv273-seacev3-1235577,ocds-dgv273-seacev3-1235577-2026-07-23T10:29:34.781947-05:00,1235577-L0000000826,3921.9,USD,Dólar Norteamericano,2026-07-21T00:00:00-05:00
ocds-dgv273-seacev3-1230665,ocds-dgv273-seacev3-1230665-2026-07-23T10:29:33.715546-05:00,1230665-20529592419,140625.0,PEN,Soles,2026-07-13T00:00:00-05:00
ocds-dgv273-seacev3-1231159,ocds-dgv273-seacev3-1231159-2026-07-23T10:29:24.458395-05:00,1231159-20529163721,98671.6,PEN,Soles,2026-07-10T00:00:00-05:00
ocds-dgv273-seacev3-1230627,ocds-dgv273-seacev3-1230627-2026-07-23T10:29:20.259295-05:00,1230627-10457364577,62890.0,PEN,Soles,2026-07-13T14:03:06-05:00
ocds-dgv273-seacev3-1230672,ocds-dgv273-seacev3-1230672-2026-07-23T10:29:20.214944-05:00,1230672-20492382311,87375.4,PEN,Soles,2026-07-13T00:00:00-05:00
ocds-dgv273-seacev3-1231618,ocds-dgv273-seacev3-1231618-2026-07-23T10:29:11.407246-05:00,1231618-1813685,369867.35,PEN,Soles,2026-07-21T00:00:00-05:00
ocds-dgv273-seacev3-1230743,ocds-dgv273-seacev3-1230743-2026-07-23T10:29:07.039284-05:00,1230743-20608765710,79300.0,PEN,Soles,2026-07-10T00:00:00-05:00
ocds-dgv273-seacev3-1230273,ocds-dgv273-seacev3-1230273-2026-07-23T10:29:01.693463-05:00,1230273-20501262260,86335.08,PEN,Soles,2026-07-13T00:00:00-05:00
ocds-dgv273-seacev3-1234479,ocds-dgv273-seacev3-1234479-2026-07-22T10:32:06.148978-05:00,1234479-L9000032987,11892.5,PEN,Soles,2026-07-17T00:00:00-05:00
ocds-dgv273-seacev3-1234168,ocds-dgv273-seacev3-1234168-2026-07-22T10:32:05.969020-05:00,1234168-L9000032990,86140.0,PEN,Nuevos Soles,2026-07-17T00:00:00-05:00
ocds-dgv273-seacev3-1232179,ocds-dgv273-seacev3-1232179-2026-07-22T10:32:03.995983-05:00,1232179-20601272858,369024.0,PEN,Soles,2026-07-14T00:00:00-05:00
ocds-dgv273-seacev3-1231929,ocds-dgv273-seacev3-1231929-2026-07-22T10:32:03.846399-05:00,1231929-20609064499,134860.0,PEN,Soles,2026-07-17T00:00:00-05:00
ocds-dgv273-seacev3-1230197,ocds-dgv273-seacev3-1230197-2026-07-22T10:32:03.221559-05:00,1230197-10086114980,75035.0,PEN,Soles,2026-07-09T00:00:00-05:00
ocds-dgv273-seacev3-1235459,ocds-dgv273-seacev3-1235459-2026-07-22T10:32:00.507896-05:00,1235459-20563751046,789441.66,PEN,Soles,2026-07-20T00:00:00-05:00
ocds-dgv273-seacev3-1232585,ocds-dgv273-seacev3-1232585-2026-07-22T10:31:58.091868-05:00,1232585-10238934694,528000.0,PEN,Soles,2026-07-20T17:46:56-05:00
ocds-dgv273-seacev3-1232228,ocds-dgv273-seacev3-1232228-2026-07-22T10:31:57.517430-05:00,1232228-20603109016,116042.0,PEN,Soles,2026-07-09T00:00:00-05:00
ocds-dgv273-seacev3-1230541,ocds-dgv273-seacev3-1230541-2026-07-22T10:31:56.497196-05:00,1230541-20212561534,1348112.7999999998,PEN,Soles,2026-07-14T00:00:00-05:00
ocds-dgv273-seacev3-1231987,ocds-dgv273-seacev3-1231987-2026-07-22T10:31:55.338573-05:00,1231987-20554470557,162308.96,PEN,Soles,2026-07-09T00:00:00-05:00
ocds-dgv273-seacev3-1234028,ocds-dgv273-seacev3-1234028-2026-07-22T10:31:48.402763-05:00,1234028-L0000000056,38312.5,EUR,Euro,2026-07-15T00:00:00-05:00
ocds-dgv273-seacev3-1230162,ocds-dgv273-seacev3-1230162-2026-07-22T10:31:45.525363-05:00,1230162-10086114980,48000.0,PEN,Soles,2026-07-09T00:00:00-05:00
ocds-dgv273-seacev3-1230223,ocds-dgv273-seacev3-1230223-2026-07-22T10:31:34.273044-05:00,1230223-20605853553,66225.5,PEN,Nuevos Soles,2026-07-08T00:00:00-05:00
ocds-dgv273-seacev3-1230304,ocds-dgv273-seacev3-1230304-2026-07-22T10:31:33.383443-05:00,1230304-20610240900,57568.45,PEN,Soles,2026-07-08T00:00:00-05:00
ocds-dgv273-seacev3-1233142,ocds-dgv273-seacev3-1233142-2026-07-22T10:31:26.328344-05:00,1233142-1811657,732838.86,PEN,Soles,2026-07-13T00:00:00-05:00
ocds-dgv273-seacev3-1232082,ocds-dgv273-seacev3-1232082-2026-07-22T10:31:25.457442-05:00,1232082-L9000032970,4017734.0,USD,Dólar Norteamericano,2026-07-20T00:00:00-05:00
ocds-dgv273-seacev3-2026-1517-9,ocds-dgv273-seacev3-2026-1517-9-2026-07-22T10:31:22.653885-05:00,1231185-1812897,408356.0,PEN,Soles,2026-07-17T00:00:00-05:00
ocds-dgv273-seacev3-1230694,ocds-dgv273-seacev3-1230694-2026-07-22T10:31:21.962993-05:00,1230694-1809415,747329.4,PEN,Soles,2026-07-07T00:00:00-05:00
ocds-dgv273-seacev3-1234633,ocds-dgv273-seacev3-1234633-2026-07-22T10:31:14.426506-05:00,1234633-20253128641,909755.61,USD,Dólar Norteamericano,2026-07-20T00:00:00-05:00
ocds-dgv273-seacev3-1230059,ocds-dgv273-seacev3-1230059-2026-07-22T10:31:09.891490-05:00,1230059-20101142176,17850.33,PEN,Soles,2026-07-15T00:00:00-05:00
ocds-dgv273-seacev3-1230351,ocds-dgv273-seacev3-1230351-2026-07-22T10:30:59.553583-05:00,1230351-20563136562,52800.0,PEN,Soles,2026-07-13T00:00:00-05:00
ocds-dgv273-seacev3-1231073,ocds-dgv273-seacev3-1231073-2026-07-22T10:30:49.348646-05:00,1231073-20601711878,278316.0,PEN,Soles,2026-07-07T00:00:00-05:00
ocds-dgv273-seacev3-1235074,ocds-dgv273-seacev3-1235074-2026-07-22T10:30:48.354413-05:00,1235074-20167700277,7917280.8,PEN,Soles,2026-07-20T00:00:00-05:00
ocds-dgv273-seacev3-1232168,ocds-dgv273-seacev3-1232168-2026-07-22T10:30:45.377684-05:00,1232168-20520533070,63035.6,PEN,Soles,2026-07-08T00:00:00-05:00
ocds-dgv273-seacev3-1230226,ocds-dgv273-seacev3-1230226-2026-07-22T10:30:45.351507-05:00,1230226-20610447245,72100.0,PEN,Soles,2026-07-10T00:00:00-05:00
ocds-dgv273-seacev3-1231477,ocds-dgv273-seacev3-1231477-2026-07-22T10:30:45.046673-05:00,1231477-20603635702,73978.25,PEN,Soles,2026-07-10T00:00:00-05:00
ocds-dgv273-seacev3-1231796,ocds-dgv273-seacev3-1231796-2026-07-20T10:03:15.969812-05:00,1231796-20604595151,200000.0,PEN,Soles,2026-07-17T00:00:00-05:00
ocds-dgv273-seacev3-1232847,ocds-dgv273-seacev3-1232847-2026-07-19T10:08:54.558783-05:00,1232847-L9000032985,124200.0,PEN,Soles,2026-07-16T00:00:00-05:00
ocds-dgv273-seacev3-1230637,ocds-dgv273-seacev3-1230637-2026-07-19T10:08:51.918623-05:00,1230637-20554067825,80000.0,PEN,Soles,2026-07-09T00:00:00-05:00
ocds-dgv273-seacev3-1232060,ocds-dgv273-seacev3-1232060-2026-07-19T10:08:49.621452-05:00,1232060-20212561534,111240.0,PEN,Soles,2026-07-10T00:00:00-05:00
ocds-dgv273-seacev3-1229445,ocds-dgv273-seacev3-1229445-2026-07-19T10:08:49.041178-05:00,1229445-20608150995,107355.0,PEN,Soles,2026-07-16T00:00:00-05:00
ocds-dgv273-seacev3-1233199,ocds-dgv273-seacev3-1233199-2026-07-19T10:08:48.888188-05:00,1233199-20536278622,597600.0,PEN,Soles,2026-07-17T00:00:00-05:00
ocds-dgv273-seacev3-1231170,ocds-dgv273-seacev3-1231170-2026-07-19T10:08:48.482547-05:00,1231170-10481751646,45200.0,PEN,Soles,2026-07-07T00:00:00-05:00
ocds-dgv273-seacev3-1230002,ocds-dgv273-seacev3-1230002-2026-07-19T10:08:48.407628-05:00,1230002-10467467579,50000.0,PEN,Soles,2026-07-16T00:00:00-05:00
ocds-dgv273-seacev3-1231419,ocds-dgv273-seacev3-1231419-2026-07-19T10:08:47.835536-05:00,1231419-20601676851,7139.0,PEN,Soles,2026-07-16T00:00:00-05:00
ocds-dgv273-seacev3-1232085,ocds-dgv273-seacev3-1232085-2026-07-19T10:08:46.103550-05:00,1232085-1810691,317353.92,PEN,Soles,2026-07-10T00:00:00-05:00
ocds-dgv273-seacev3-1232007,ocds-dgv273-seacev3-1232007-2026-07-19T10:08:46.009276-05:00,1232007-L9000032958,811158.07,USD,Dólar Norteamericano,2026-07-08T00:00:00-05:00
ocds-dgv273-seacev3-1229806,ocds-dgv273-seacev3-1229806-2026-07-19T10:08:45.382487-05:00,1229806-20611314346,137740.0,PEN,Nuevos Soles,2026-07-13T00:00:00-05:00
ocds-dgv273-seacev3-1234489,ocds-dgv273-seacev3-1234489-2026-07-19T10:08:40.441644-05:00,1234489-L9000032988,2000.0,USD,Dólar Norteamericano,2026-07-16T00:00:00-05:00
ocds-dgv273-seacev3-1230326,ocds-dgv273-seacev3-1230326-2026-07-19T10:08:39.372613-05:00,1230326-1807986,882030.89,PEN,Soles,2026-07-02T00:00:00-05:00
ocds-dgv273-seacev3-2026-1947-167,ocds-dgv273-seacev3-2026-1947-167-2026-07-19T10:08:39.035125-05:00,1233277-L0609016031,529405.76,USD,Dólar Norteamericano,2026-07-13T00:00:00-05:00
ocds-dgv273-seacev3-1230402,ocds-dgv273-seacev3-1230402-2026-07-19T10:08:38.799111-05:00,1230402-10455739433,45050.0,PEN,Soles,2026-07-03T00:00:00-05:00
ocds-dgv273-seacev3-1233812,ocds-dgv273-seacev3-1233812-2026-07-19T10:08:37.269966-05:00,1233812-1813324,704987.63,PEN,Soles,2026-07-17T00:00:00-05:00
ocds-dgv273-seacev3-1231430,ocds-dgv273-seacev3-1231430-2026-07-19T10:08:36.878844-05:00,1231430-20600645219,8299.18,PEN,Soles,2026-07-16T00:00:00-05:00
ocds-dgv273-seacev3-1230926,ocds-dgv273-seacev3-1230926-2026-07-19T10:08:35.650283-05:00,1230926-20612798312,68261.17,PEN,Soles,2026-07-10T00:00:00-05:00
ocds-dgv273-seacev3-1233228,ocds-dgv273-seacev3-1233228-2026-07-19T10:08:30.102115-05:00,1233228-10412505692,78777.4,PEN,Soles,2026-07-17T00:00:00-05:00
ocds-dgv273-seacev3-1235088,ocds-dgv273-seacev3-1235088-2026-07-19T10:08:29.430725-05:00,1235088-L0606465459,4400.0,USD,Dólar Norteamericano,2026-07-17T00:00:00-05:00
ocds-dgv273-seacev3-1231276,ocds-dgv273-seacev3-1231276-2026-07-19T10:08:29.142717-05:00,1231276-10428631353,85021.61,PEN,Soles,2026-07-16T00:00:00-05:00
ocds-dgv273-seacev3-1233147,ocds-dgv273-seacev3-1233147-2026-07-19T10:08:28.968368-05:00,1233147-20409306714,389521.55,PEN,Soles,2026-07-13T00:00:00-05:00
ocds-dgv273-seacev3-1233252,ocds-dgv273-seacev3-1233252-2026-07-19T10:08:28.682012-05:00,1233252-20545792924,717120.0,PEN,Soles,2026-07-17T00:00:00-05:00
ocds-dgv273-seacev3-1230779,ocds-dgv273-seacev3-1230779-2026-07-19T10:08:20.143131-05:00,1230779-20612935794,51680.0,PEN,Soles,2026-07-08T00:00:00-05:00
ocds-dgv273-seacev3-1234774,ocds-dgv273-seacev3-1234774-2026-07-19T10:08:19.511806-05:00,1234774-L9000032989,5379.4,USD,Dólar Norteamericano,2026-07-17T00:00:00-05:00
ocds-dgv273-seacev3-1230183,ocds-dgv273-seacev3-1230183-2026-07-19T10:08:19.273985-05:00,1230183-20538597121,106496.18,PEN,Soles,2026-07-07T00:00:00-05:00
ocds-dgv273-seacev3-1234598,ocds-dgv273-seacev3-1234598-2026-07-19T10:08:18.124811-05:00,1234598-L9000032992,27750.0,USD,Dólar Norteamericano,2026-07-17T00:00:00-05:00
ocds-dgv273-seacev3-1230142,ocds-dgv273-seacev3-1230142-2026-07-19T10:08:18.104796-05:00,1230142-20607160938,49000.0,PEN,Soles,2026-07-07T00:00:00-05:00
ocds-dgv273-seacev3-1230337,ocds-dgv273-seacev3-1230337-2026-07-19T10:08:15.164642-05:00,1230337-10700395737,49120.0,PEN,Soles,2026-07-02T00:00:00-05:00
ocds-dgv273-seacev3-1234253,ocds-dgv273-seacev3-1234253-2026-07-18T10:18:32.415115-05:00,1234253-L0609015812,20424.0,USD,Dólar Norteamericano,2026-07-15T00:00:00-05:00
ocds-dgv273-seacev3-1231542,ocds-dgv273-seacev3-1231542-2026-07-18T10:18:31.700189-05:00,1231542-1812640,110459.4,PEN,Soles,2026-07-16T00:00:00-05:00
ocds-dgv273-seacev3-1230094,ocds-dgv273-seacev3-1230094-2026-07-18T10:18:29.395017-05:00,1230094-10615661959,99120.0,PEN,Soles,2026-07-07T00:00:00-05:00
ocds-dgv273-seacev3-1232903,ocds-dgv273-seacev3-1232903-2026-07-18T10:18:27.867649-05:00,1232903-20494626978,60500.0,PEN,Soles,2026-07-14T00:00:00-05:00
ocds-dgv273-seacev3-1233180,ocds-dgv273-seacev3-1233180-2026-07-18T10:18:21.070085-05:00,1233180-20145038384,71820.7,PEN,Soles,2026-07-14T00:00:00-05:00
ocds-dgv273-seacev3-1234741,ocds-dgv273-seacev3-1234741-2026-07-18T10:18:20.795173-05:00,1234741-10453497084,60000.0,PEN,Soles,2026-07-16T00:00:00-05:00
ocds-dgv273-seacev3-1231597,ocds-dgv273-seacev3-1231597-2026-07-18T10:18:16.591080-05:00,1231597-1809417,1033560.0,PEN,Soles,2026-07-07T00:00:00-05:00
ocds-dgv273-seacev3-2026-2356-1,ocds-dgv273-seacev3-2026-2356-1-2026-07-18T10:18:15.915263-05:00,1230395-10429812840,167940.0,PEN,Soles,2026-07-16T00:00:00-05:00
ocds-dgv273-seacev3-1230657,ocds-dgv273-seacev3-1230657-2026-07-18T10:18:15.894432-05:00,1230657-L9000032952,5.0,PEN,Soles,2026-07-03T00:00:00-05:00
ocds-dgv273-seacev3-1230621,ocds-dgv273-seacev3-1230621-2026-07-18T10:18:09.409514-05:00,1230621-20601698821,100000.0,PEN,Soles,2026-07-08T00:00:00-05:00
ocds-dgv273-seacev3-1234242,ocds-dgv273-seacev3-1234242-2026-07-18T10:18:09.245589-05:00,1234242-L0603769486,9309.73,USD,Dólar Norteamericano,2026-07-15T00:00:00-05:00
ocds-dgv273-seacev3-1234436,ocds-dgv273-seacev3-1234436-2026-07-18T10:18:08.267094-05:00,1234436-L0609015622,44070.0,USD,Dólar Norteamericano,2026-07-16T00:00:00-05:00
ocds-dgv273-seacev3-1230507,ocds-dgv273-seacev3-1230507-2026-07-18T10:18:08.206875-05:00,1230507-20609181037,77990.0,PEN,Soles,2026-07-08T00:00:00-05:00
ocds-dgv273-seacev3-1233034,ocds-dgv273-seacev3-1233034-2026-07-18T10:18:05.800674-05:00,1233034-20539247191,334088.84,PEN,Soles,2026-07-14T00:00:00-05:00
ocds-dgv273-seacev3-1230294,ocds-dgv273-seacev3-1230294-2026-07-18T10:17:48.059218-05:00,1230294-20551771122,3166775.38,PEN,Soles,2026-07-16T00:00:00-05:00
ocds-dgv273-seacev3-1229995,ocds-dgv273-seacev3-1229995-2026-07-18T10:17:45.690959-05:00,1229995-1810818,84256.33,PEN,Soles,2026-07-15T00:00:00-05:00
ocds-dgv273-seacev3-1232134,ocds-dgv273-seacev3-1232134-2026-07-18T10:17:45.166236-05:00,1232134-L0609015454,264202.78,USD,Dólar Norteamericano,2026-07-15T00:00:00-05:00
ocds-dgv273-seacev3-2026-1604-7,ocds-dgv273-seacev3-2026-1604-7-2026-07-18T10:17:35.037873-05:00,1230878-20615596451,49395.0,PEN,Soles,2026-07-09T00:00:00-05:00
ocds-dgv273-seacev3-1229540,ocds-dgv273-seacev3-1229540-2026-07-18T10:17:30.921114-05:00,1229540-20609285894,126914.32,PEN,Soles,2026-07-16T00:00:00-05:00
ocds-dgv273-seacev3-1234097,ocds-dgv273-seacev3-1234097-2026-07-18T10:17:24.500158-05:00,1234097-L0609015800,1800.0,PEN,Nuevos Soles,2026-07-15T00:00:00-05:00
ocds-dgv273-seacev3-1234429,ocds-dgv273-seacev3-1234429-2026-07-18T10:17:23.779357-05:00,1234429-L0609015622,15930.0,USD,Dólar Norteamericano,2026-07-16T00:00:00-05:00
ocds-dgv273-seacev3-1233833,ocds-dgv273-seacev3-1233833-2026-07-18T10:17:22.616456-05:00,1233833-20173136499,4440800.0,PEN,Soles,2026-07-16T00:00:00-05:00
ocds-dgv273-seacev3-2026-1922-9,ocds-dgv273-seacev3-2026-1922-9-2026-07-17T10:27:16.365586-05:00,1233743-20552430931,65000.0,USD,Dólar Norteamericano,2026-07-14T00:00:00-05:00
ocds-dgv273-seacev3-1231879,ocds-dgv273-seacev3-1231879-2026-07-17T10:27:06.579911-05:00,1231879-10040399491,81160.0,PEN,Soles,2026-07-07T00:00:00-05:00
ocds-dgv273-seacev3-1234013,ocds-dgv273-seacev3-1234013-2026-07-17T10:27:05.102595-05:00,1234013-20605097732,134400.0,PEN,Soles,2026-07-15T00:00:00-05:00
ocds-dgv273-seacev3-1230272,ocds-dgv273-seacev3-1230272-2026-07-17T10:26:32.516779-05:00,1230272-20534669829,70100.0,PEN,Soles,2026-07-07T00:00:00-05:00
ocds-dgv273-seacev3-1232514,ocds-dgv273-seacev3-1232514-2026-07-17T10:26:29.675113-05:00,1232514-20522449271,6282600.0,PEN,Soles,2026-07-15T00:00:00-05:00
ocds-dgv273-seacev3-1232921,ocds-dgv273-seacev3-1232921-2026-07-17T10:26:29.284259-05:00,1232921-L9000032976,26700.0,EUR,Euro,2026-07-10T00:00:00-05:00
ocds-dgv273-seacev3-1231844,ocds-dgv273-seacev3-1231844-2026-07-17T10:26:28.865419-05:00,1231844-20608908715,9820.0,PEN,Soles,2026-07-15T00:00:00-05:00
ocds-dgv273-seacev3-1233757,ocds-dgv273-seacev3-1233757-2026-07-17T10:26:09.370302-05:00,1233757-20608758357,188074.0,PEN,Soles,2026-07-15T00:00:00-05:00
ocds-dgv273-seacev3-1233177,ocds-dgv273-seacev3-1233177-2026-07-16T10:26:14.588753-05:00,1233177-20522404412,16500.0,PEN,Soles,2026-07-14T00:00:00-05:00
ocds-dgv273-seacev3-1232081,ocds-dgv273-seacev3-1232081-2026-07-16T10:26:09.022400-05:00,1232081-L0609016483,7909000.0,USD,Dólar Norteamericano,2026-07-08T00:00:00-05:00
ocds-dgv273-seacev3-1231287,ocds-dgv273-seacev3-1231287-2026-07-16T10:26:08.960069-05:00,1231287-20409473530,60123.78,PEN,Soles,2026-07-10T00:00:00-05:00
ocds-dgv273-seacev3-1229970,ocds-dgv273-seacev3-1229970-2026-07-16T10:26:02.168081-05:00,1229970-10412295761,93000.0,PEN,Soles,2026-07-08T00:00:00-05:00
ocds-dgv273-seacev3-1229967,ocds-dgv273-seacev3-1229967-2026-07-16T10:25:37.420851-05:00,1229967-10411039990,61090.0,PEN,Soles,2026-07-07T00:00:00-05:00
ocds-dgv273-seacev3-1231562,ocds-dgv273-seacev3-1231562-2026-07-16T10:25:29.788913-05:00,1231562-20610785116,1948700.0,PEN,Soles,2026-07-08T00:00:00-05:00
ocds-dgv273-seacev3-1233126,ocds-dgv273-seacev3-1233126-2026-07-16T10:25:28.583519-05:00,1233126-20600193393,250000.0,PEN,Soles,2026-07-14T00:00:00-05:00
ocds-dgv273-seacev3-1233105,ocds-dgv273-seacev3-1233105-2026-07-16T10:25:17.759664-05:00,1233105-L9000032978,2200.0,USD,Dólar Norteamericano,2026-07-10T00:00:00-05:00
ocds-dgv273-seacev3-1231966,ocds-dgv273-seacev3-1231966-2026-07-16T10:25:16.573019-05:00,1231966-10270542668,85008.0,PEN,Soles,2026-07-09T00:00:00-05:00
ocds-dgv273-seacev3-1231920,ocds-dgv273-seacev3-1231920-2026-07-16T10:25:15.996582-05:00,1231920-20600782518,143280.0,PEN,Soles,2026-07-09T00:00:00-05:00
ocds-dgv273-seacev3-1233135,ocds-dgv273-seacev3-1233135-2026-07-16T10:25:06.000110-05:00,1233135-20600193393,250000.0,PEN,Soles,2026-07-14T00:00:00-05:00
ocds-dgv273-seacev3-1230236,ocds-dgv273-seacev3-1230236-2026-07-16T10:25:03.942541-05:00,1230236-20610192697,9588.0,PEN,Nuevos Soles,2026-07-13T00:00:00-05:00
ocds-dgv273-seacev3-1232889,ocds-dgv273-seacev3-1232889-2026-07-15T10:31:00.270143-05:00,1232889-L9000032972,2200.0,USD,Dólar Norteamericano,2026-07-10T00:00:00-05:00
ocds-dgv273-seacev3-1231697,ocds-dgv273-seacev3-1231697-2026-07-15T10:30:59.578516-05:00,1231697-L9000032756,51084.0,PEN,Soles,2026-07-10T00:00:00-05:00
ocds-dgv273-seacev3-1230082,ocds-dgv273-seacev3-1230082-2026-07-15T10:30:58.783585-05:00,1230082-L0609016483,2620000.0,USD,Dólar Norteamericano,2026-07-02T00:00:00-05:00
ocds-dgv273-seacev3-1230126,ocds-dgv273-seacev3-1230126-2026-07-15T10:30:57.640299-05:00,1230126-L9000032946,312000.0,USD,Dólar Norteamericano,2026-07-02T00:00:00-05:00
ocds-dgv273-seacev3-1230933,ocds-dgv273-seacev3-1230933-2026-07-15T10:30:56.406412-05:00,1230933-20610152695,143077.58,PEN,Soles,2026-07-09T00:00:00-05:00
ocds-dgv273-seacev3-1233215,ocds-dgv273-seacev3-1233215-2026-07-15T10:30:47.074765-05:00,1233215-20477629793,47184.23,PEN,Soles,2026-07-13T00:00:00-05:00
ocds-dgv273-seacev3-1232555,ocds-dgv273-seacev3-1232555-2026-07-15T10:30:46.514142-05:00,1232555-10740332819,24000.0,PEN,Soles,2026-07-13T00:00:00-05:00
ocds-dgv273-seacev3-1230562,ocds-dgv273-seacev3-1230562-2026-07-15T10:30:45.400780-05:00,1230562-10077611334,61217.78,PEN,Soles,2026-07-09T00:00:00-05:00
ocds-dgv273-seacev3-1233249,ocds-dgv273-seacev3-1233249-2026-07-15T10:30:35.196738-05:00,1233249-20613330241,91953.6,PEN,Soles,2026-07-13T00:00:00-05:00
ocds-dgv273-seacev3-1232332,ocds-dgv273-seacev3-1232332-2026-07-15T10:30:35.182314-05:00,1232332-L0609016483,1340000.0,USD,Dólar Norteamericano,2026-07-10T00:00:00-05:00
ocds-dgv273-seacev3-1233155,ocds-dgv273-seacev3-1233155-2026-07-15T10:30:34.759334-05:00,1233155-20486399687,174300.01,PEN,Soles,2026-07-13T00:00:00-05:00
ocds-dgv273-seacev3-1233269,ocds-dgv273-seacev3-1233269-2026-07-15T10:30:33.760671-05:00,1233269-20606645334,158551.8,PEN,Soles,2026-07-13T00:00:00-05:00
ocds-dgv273-seacev3-1230585,ocds-dgv273-seacev3-1230585-2026-07-15T10:30:30.533925-05:00,1230585-20603106564,546000.0,PEN,Soles,2026-07-03T00:00:00-05:00
ocds-dgv273-seacev3-1233035,ocds-dgv273-seacev3-1233035-2026-07-15T10:30:12.381471-05:00,1233035-L9000032977,2000.0,USD,Dólar Norteamericano,2026-07-10T00:00:00-05:00
ocds-dgv273-seacev3-1230077,ocds-dgv273-seacev3-1230077-2026-07-15T10:30:10.043424-05:00,1230077-L9000032945,687830.0,USD,Dólar Norteamericano,2026-07-02T00:00:00-05:00
ocds-dgv273-seacev3-1232879,ocds-dgv273-seacev3-1232879-2026-07-15T10:30:09.608387-05:00,1232879-L9000032971,2200.0,USD,Dólar Norteamericano,2026-07-10T00:00:00-05:00
ocds-dgv273-seacev3-1230742,ocds-dgv273-seacev3-1230742-2026-07-15T10:30:00.680097-05:00,1230742-1808450,1080389.34,PEN,Soles,2026-07-03T00:00:00-05:00
ocds-dgv273-seacev3-1230603,ocds-dgv273-seacev3-1230603-2026-07-15T10:29:48.483983-05:00,1230603-1808822,1230000.0,PEN,Soles,2026-07-06T00:00:00-05:00
ocds-dgv273-seacev3-1232898,ocds-dgv273-seacev3-1232898-2026-07-13T10:20:32.517295-05:00,1232898-10098696020,46800.0,PEN,Soles,2026-07-10T00:00:00-05:00
ocds-dgv273-seacev3-1232518,ocds-dgv273-seacev3-1232518-2026-07-13T10:20:32.339793-05:00,1232518-L0000000056,4162.0,EUR,Euro,2026-07-09T00:00:00-05:00
ocds-dgv273-seacev3-2026-1922-135,ocds-dgv273-seacev3-2026-1922-135-2026-07-13T10:20:26.970252-05:00,1232219-20334766714,66708.41,USD,Dólar Norteamericano,2026-07-10T00:00:00-05:00
ocds-dgv273-seacev3-1231771,ocds-dgv273-seacev3-1231771-2026-07-13T10:20:26.665117-05:00,1231771-20501887286,358375.0,PEN,Soles,2026-07-10T00:00:00-05:00
ocds-dgv273-seacev3-1231934,ocds-dgv273-seacev3-1231934-2026-07-13T10:20:18.348555-05:00,1231934-L9000032957,2200.0,USD,Dólar Norteamericano,2026-07-07T00:00:00-05:00
ocds-dgv273-seacev3-1233095,ocds-dgv273-seacev3-1233095-2026-07-13T10:20:15.343161-05:00,1233095-20138563201,7425.0,PEN,Soles,2026-07-10T00:00:00-05:00
ocds-dgv273-seacev3-1232845,ocds-dgv273-seacev3-1232845-2026-07-13T10:20:07.438543-05:00,1232845-20520671201,17330.0,PEN,Soles,2026-07-10T00:00:00-05:00
ocds-dgv273-seacev3-1231278,ocds-dgv273-seacev3-1231278-2026-07-13T10:19:58.767870-05:00,1231278-L9000032956,553358.52,PEN,Soles,2026-07-10T00:00:00-05:00
ocds-dgv273-seacev3-1231837,ocds-dgv273-seacev3-1231837-2026-07-13T10:19:58.454848-05:00,1231837-20450430537,1297920.0,PEN,Nuevos Soles,2026-07-10T00:00:00-05:00
ocds-dgv273-seacev3-1231248,ocds-dgv273-seacev3-1231248-2026-07-13T10:19:56.610477-05:00,1231248-20393500841,166406.46,PEN,Soles,2026-07-08T00:00:00-05:00
ocds-dgv273-seacev3-1230488,ocds-dgv273-seacev3-1230488-2026-07-13T10:19:54.020064-05:00,1230488-1810762,1500000.0,USD,Dólar Norteamericano,2026-07-10T00:00:00-05:00
ocds-dgv273-seacev3-1231797,ocds-dgv273-seacev3-1231797-2026-07-11T10:22:23.791941-05:00,1231797-1810461,1726240.09,PEN,Soles,2026-07-09T00:00:00-05:00
ocds-dgv273-seacev3-1229983,ocds-dgv273-seacev3-1229983-2026-07-11T10:22:17.958722-05:00,1229983-10020409083,46650.0,PEN,Soles,2026-07-07T00:00:00-05:00
ocds-dgv273-seacev3-1230234,ocds-dgv273-seacev3-1230234-2026-07-11T10:22:16.806702-05:00,1230234-20484228451,962033.83,PEN,Soles,2026-07-02T00:00:00-05:00
ocds-dgv273-seacev3-1230344,ocds-dgv273-seacev3-1230344-2026-07-10T10:42:10.535675-05:00,1230344-20455962227,70509.0,PEN,Soles,2026-07-06T00:00:00-05:00
ocds-dgv273-seacev3-1230000,ocds-dgv273-seacev3-1230000-2026-07-10T10:42:08.563946-05:00,1230000-99000029935,65600.54,PEN,Soles,2026-07-02T00:00:00-05:00
ocds-dgv273-seacev3-1230011,ocds-dgv273-seacev3-1230011-2026-07-10T10:41:57.245664-05:00,1230011-1807843,567506.0,PEN,Soles,2026-07-03T00:00:00-05:00
ocds-dgv273-seacev3-1231525,ocds-dgv273-seacev3-1231525-2026-07-10T10:41:15.734441-05:00,1231525-10702855808,250000.0,PEN,Soles,2026-07-07T00:00:00-05:00
ocds-dgv273-seacev3-1229973,ocds-dgv273-seacev3-1229973-2026-07-10T10:40:53.120551-05:00,1229973-20526226896,254791.8,PEN,Soles,2026-07-01T00:00:00-05:00
ocds-dgv273-seacev3-1230454,ocds-dgv273-seacev3-1230454-2026-07-09T10:39:20.609725-05:00,1230454-20606253819,591905.04,PEN,Soles,2026-07-07T00:00:00-05:00
ocds-dgv273-seacev3-1230302,ocds-dgv273-seacev3-1230302-2026-07-09T10:39:18.478563-05:00,1230302-10270537044,75021.0,PEN,Soles,2026-07-03T00:00:00-05:00
ocds-dgv273-seacev3-1231457,ocds-dgv273-seacev3-1231457-2026-07-09T10:39:18.457648-05:00,1231457-10759972916,12000.0,PEN,Soles,2026-07-07T00:00:00-05:00
ocds-dgv273-seacev3-1229703,ocds-dgv273-seacev3-1229703-2026-07-09T10:39:17.832755-05:00,1229703-L9000032955,15812.0,PEN,Soles,2026-07-06T00:00:00-05:00
ocds-dgv273-seacev3-1231028,ocds-dgv273-seacev3-1231028-2026-07-09T10:38:54.537720-05:00,1231028-10466973969,8000.0,PEN,Soles,2026-07-07T00:00:00-05:00
ocds-dgv273-seacev3-1231072,ocds-dgv273-seacev3-1231072-2026-07-09T10:38:41.235387-05:00,1231072-10712979203,9000.0,PEN,Soles,2026-07-07T00:00:00-05:00
ocds-dgv273-seacev3-1227396,ocds-dgv273-seacev3-1227396-2026-07-09T10:38:32.454373-05:00,1227396-1808838,61000.0,PEN,Soles,2026-07-06T00:00:00-05:00
ocds-dgv273-seacev3-1231490,ocds-dgv273-seacev3-1231490-2026-07-09T10:38:31.501240-05:00,1231490-10434952927,16000.0,PEN,Soles,2026-07-07T00:00:00-05:00
ocds-dgv273-seacev3-1231047,ocds-dgv273-seacev3-1231047-2026-07-09T10:38:29.448675-05:00,1231047-10430928843,18000.0,PEN,Soles,2026-07-07T00:00:00-05:00
ocds-dgv273-seacev3-1231077,ocds-dgv273-seacev3-1231077-2026-07-09T10:38:29.329000-05:00,1231077-10256808299,30000.0,PEN,Soles,2026-07-07T00:00:00-05:00
ocds-dgv273-seacev3-1231473,ocds-dgv273-seacev3-1231473-2026-07-09T10:38:22.085995-05:00,1231473-10426580913,30000.0,PEN,Soles,2026-07-07T00:00:00-05:00
ocds-dgv273-seacev3-1227395,ocds-dgv273-seacev3-1227395-2026-07-09T10:38:20.843248-05:00,1227395-1808818,1222000.0,PEN,Soles,2026-07-06T00:00:00-05:00
ocds-dgv273-seacev3-1231553,ocds-dgv273-seacev3-1231553-2026-07-09T10:38:19.526335-05:00,1231553-20612398691,244441.98,PEN,Soles,2026-07-07T00:00:00-05:00
ocds-dgv273-seacev3-1231296,ocds-dgv273-seacev3-1231296-2026-07-08T12:25:06.672443-05:00,1231296-L0609015409,8000.0,USD,Dólar Norteamericano,2026-07-06T00:00:00-05:00
ocds-dgv273-seacev3-1229220,ocds-dgv273-seacev3-1229220-2026-07-08T12:24:51.866170-05:00,1229220-L9000032947,15654.6,PEN,Soles,2026-07-03T00:00:00-05:00
ocds-dgv273-seacev3-2026-1922-61,ocds-dgv273-seacev3-2026-1922-61-2026-07-08T12:24:46.566723-05:00,1229593-L9000032949,98461.44,USD,Dólar Norteamericano,2026-07-02T00:00:00-05:00
ocds-dgv273-seacev3-1230792,ocds-dgv273-seacev3-1230792-2026-07-08T12:24:39.705462-05:00,1230792-20601570972,2816348.23,PEN,Soles,2026-07-03T00:00:00-05:00
ocds-dgv273-seacev3-2026-275294-33,ocds-dgv273-seacev3-2026-275294-33-2026-07-08T12:24:11.566510-05:00,1230188-10428927902,22000.0,PEN,Soles,2026-07-03T00:00:00-05:00
ocds-dgv273-seacev3-2026-275294-31,ocds-dgv273-seacev3-2026-275294-31-2026-07-08T12:23:32.181407-05:00,1230116-10408167022,40000.0,PEN,Soles,2026-07-03T00:00:00-05:00
ocds-dgv273-seacev3-1229669,ocds-dgv273-seacev3-1229669-2026-07-08T12:23:05.548535-05:00,1229669-L0603769496,10350.0,PEN,Soles,2026-07-01T00:00:00-05:00
ocds-dgv273-seacev3-1229989,ocds-dgv273-seacev3-1229989-2026-07-08T12:23:04.824140-05:00,1229989-20541122461,762610.0,PEN,Nuevos Soles,2026-07-01T00:00:00-05:00
