ocid,compiledRelease/id,compiledRelease/awards/0/id,compiledRelease/awards/0/value/amount,compiledRelease/awards/0/value/currency,compiledRelease/awards/0/value/currencyName,compiledRelease/awards/0/date
ocds-dgv273-seacev3-1246801,ocds-dgv273-seacev3-1246801-2026-09-18T10:23:23.796108-05:00,1246801-1827769,1393280.27,PEN,Soles,2026-09-08T00:00:00-05:00
ocds-dgv273-seacev3-2026-1967-27,ocds-dgv273-seacev3-2026-1967-27-2026-09-18T10:23:21.640854-05:00,1229387-1819769,432000.0,PEN,Soles,2026-08-17T00:00:00-05:00
ocds-dgv273-seacev3-1224465,ocds-dgv273-seacev3-1224465-2026-09-18T10:23:21.182243-05:00,1224465-20100027021,591870.3,PEN,Nuevos Soles,2026-09-16T00:00:00-05:00
ocds-dgv273-seacev3-1250498,ocds-dgv273-seacev3-1250498-2026-09-18T10:23:20.582176-05:00,1250498-1832949,1668550.17,PEN,Soles,2026-09-16T00:00:00-05:00
ocds-dgv273-seacev3-1229667,ocds-dgv273-seacev3-1229667-2026-09-18T10:23:18.610455-05:00,1229667-20521292653,410000.0,PEN,Soles,2026-09-04T00:00:00-05:00
ocds-dgv273-seacev3-1228458,ocds-dgv273-seacev3-1228458-2026-09-18T10:23:18.558138-05:00,1228458-20608308033,59700.0,PEN,Soles,2026-08-03T00:00:00-05:00
ocds-dgv273-seacev3-2026-1003000933-33,ocds-dgv273-seacev3-2026-1003000933-33-2026-09-18T10:23:18.528789-05:00,1228929-20100061474,117556.52,PEN,Soles,2026-09-08T00:00:00-05:00
ocds-dgv273-seacev3-2026-1003000933-33,ocds-dgv273-seacev3-2026-1003000933-33-2026-09-18T10:23:18.528789-05:00,1228929-20100220700,224100.0,PEN,Soles,2026-09-08T00:00:00-05:00
ocds-dgv273-seacev3-2026-1003000933-33,ocds-dgv273-seacev3-2026-1003000933-33-2026-09-18T10:23:18.528789-05:00,1228929-20262996329,790322.0,PEN,Soles,2026-09-08T00:00:00-05:00
ocds-dgv273-seacev3-2026-1003000933-33,ocds-dgv273-seacev3-2026-1003000933-33-2026-09-18T10:23:18.528789-05:00,1228929-20517656055,130891.7,PEN,Soles,2026-09-08T00:00:00-05:00
ocds-dgv273-seacev3-2026-1003000933-33,ocds-dgv273-seacev3-2026-1003000933-33-2026-09-18T10:23:18.528789-05:00,1228929-20608557190,96600.0,PEN,Soles,2026-09-08T00:00:00-05:00
ocds-dgv273-seacev3-1226082,ocds-dgv273-seacev3-1226082-2026-09-18T10:23:18.495974-05:00,1226082-20526312628,319308.0,PEN,Soles,2026-08-21T00:00:00-05:00
ocds-dgv273-seacev3-1229689,ocds-dgv273-seacev3-1229689-2026-09-18T10:23:18.421646-05:00,1229689-20602951899,365040.0,PEN,Soles,2026-09-09T00:00:00-05:00
ocds-dgv273-seacev3-1225300,ocds-dgv273-seacev3-1225300-2026-09-18T10:23:18.389979-05:00,1225300-10166233238,180000.0,PEN,Soles,2026-06-18T00:00:00-05:00
ocds-dgv273-seacev3-1226900,ocds-dgv273-seacev3-1226900-2026-09-18T10:23:18.379373-05:00,1226900-1817608,1116114.4,PEN,Soles,2026-08-17T00:00:00-05:00
ocds-dgv273-seacev3-2026-1343-20,ocds-dgv273-seacev3-2026-1343-20-2026-09-18T10:23:18.345549-05:00,1221043-1804347,1771012.23,PEN,Soles,2026-07-01T00:00:00-05:00
ocds-dgv273-seacev3-1235097,ocds-dgv273-seacev3-1235097-2026-09-18T10:23:18.317782-05:00,1235097-1817088,5667044.53,PEN,Soles,2026-08-10T00:00:00-05:00
ocds-dgv273-seacev3-2026-1003013319-31,ocds-dgv273-seacev3-2026-1003013319-31-2026-09-18T10:23:18.260559-05:00,1222969-1817922,4969415.09,PEN,Soles,2026-08-26T00:00:00-05:00
ocds-dgv273-seacev3-2026-1003013319-31,ocds-dgv273-seacev3-2026-1003013319-31-2026-09-18T10:23:18.260559-05:00,1222969-20493281179,2400617.49,PEN,Soles,2026-08-26T00:00:00-05:00
ocds-dgv273-seacev3-1221177,ocds-dgv273-seacev3-1221177-2026-09-18T10:23:18.244973-05:00,1221177-20553404631,59999.0,PEN,Soles,2026-06-25T00:00:00-05:00
ocds-dgv273-seacev3-1226055,ocds-dgv273-seacev3-1226055-2026-09-18T10:23:18.230265-05:00,1226055-1818369,319308.0,PEN,Soles,2026-09-09T00:00:00-05:00
ocds-dgv273-seacev3-1223950,ocds-dgv273-seacev3-1223950-2026-09-18T10:23:18.214863-05:00,1223950-20533168087,95000.0,PEN,Soles,2026-08-14T00:00:00-05:00
ocds-dgv273-seacev3-1227038,ocds-dgv273-seacev3-1227038-2026-09-18T10:23:18.186570-05:00,1227038-20550229502,843581.0,PEN,Soles,2026-08-05T00:00:00-05:00
ocds-dgv273-seacev3-2026-10420-7,ocds-dgv273-seacev3-2026-10420-7-2026-09-18T10:23:18.156057-05:00,1226703-20612048194,90420.0,PEN,Soles,2026-07-06T00:00:00-05:00
ocds-dgv273-seacev3-2026-10420-7,ocds-dgv273-seacev3-2026-10420-7-2026-09-18T10:23:18.156057-05:00,1226703-20124794413,137038.0,PEN,Soles,2026-08-14T00:00:00-05:00
ocds-dgv273-seacev3-1242847,ocds-dgv273-seacev3-1242847-2026-09-18T10:23:14.044491-05:00,1242847-20484206997,1040601.17,PEN,Soles,2026-08-31T00:00:00-05:00
ocds-dgv273-seacev3-1229044,ocds-dgv273-seacev3-1229044-2026-09-18T10:23:12.289252-05:00,1229044-1817786,108545044.8,PEN,Soles,2026-08-05T00:00:00-05:00
ocds-dgv273-seacev3-1241707,ocds-dgv273-seacev3-1241707-2026-09-18T10:23:11.181998-05:00,1241707-20558243717,55512.6,PEN,Soles,2026-08-20T00:00:00-05:00
ocds-dgv273-seacev3-1245267,ocds-dgv273-seacev3-1245267-2026-09-18T10:23:07.854620-05:00,1245267-20519753830,469000.0,PEN,Soles,2026-09-03T00:00:00-05:00
ocds-dgv273-seacev3-1246536,ocds-dgv273-seacev3-1246536-2026-09-18T10:23:07.815939-05:00,1246536-20448133517,345000.0,PEN,Soles,2026-09-16T00:00:00-05:00
ocds-dgv273-seacev3-2026-1314-5,ocds-dgv273-seacev3-2026-1314-5-2026-09-18T10:23:07.710224-05:00,1228428-20553577579,1547629.2,PEN,Soles,2026-07-30T18:15:21-05:00
ocds-dgv273-seacev3-1229628,ocds-dgv273-seacev3-1229628-2026-09-18T10:23:07.678866-05:00,1229628-20543616967,355241.3,PEN,Soles,2026-09-09T00:00:00-05:00
ocds-dgv273-seacev3-1226804,ocds-dgv273-seacev3-1226804-2026-09-18T10:23:07.658647-05:00,1226804-20465722119,576850.0,PEN,Soles,2026-08-25T00:00:00-05:00
ocds-dgv273-seacev3-1226804,ocds-dgv273-seacev3-1226804-2026-09-18T10:23:07.658647-05:00,1226804-20519365589,186420.0,PEN,Soles,2026-08-25T00:00:00-05:00
ocds-dgv273-seacev3-1226804,ocds-dgv273-seacev3-1226804-2026-09-18T10:23:07.658647-05:00,1226804-20613703111,575200.0,PEN,Soles,2026-08-25T00:00:00-05:00
ocds-dgv273-seacev3-2026-10247-136,ocds-dgv273-seacev3-2026-10247-136-2026-09-18T10:23:07.604539-05:00,1227130-L0603769155,1010300.0,USD,Dólar Norteamericano,2026-08-14T00:00:00-05:00
ocds-dgv273-seacev3-1217318,ocds-dgv273-seacev3-1217318-2026-09-18T10:23:07.575976-05:00,1217318-20606134861,199388.24,PEN,Soles,2026-09-17T00:00:00-05:00
ocds-dgv273-seacev3-1225563,ocds-dgv273-seacev3-1225563-2026-09-18T10:23:07.481618-05:00,1225563-10106595807,172039.66,PEN,Soles,2026-09-16T00:00:00-05:00
ocds-dgv273-seacev3-1228486,ocds-dgv273-seacev3-1228486-2026-09-18T10:23:07.473426-05:00,1228486-20600449258,130200.0,PEN,Soles,2026-07-14T00:00:00-05:00
ocds-dgv273-seacev3-1228486,ocds-dgv273-seacev3-1228486-2026-09-18T10:23:07.473426-05:00,1228486-20602088864,126000.0,PEN,Soles,2026-08-17T00:00:00-05:00
ocds-dgv273-seacev3-1225838,ocds-dgv273-seacev3-1225838-2026-09-18T10:23:07.415635-05:00,1225838-10072064378,115000.0,PEN,Soles,2026-07-09T00:00:00-05:00
ocds-dgv273-seacev3-1220608,ocds-dgv273-seacev3-1220608-2026-09-18T10:23:07.384325-05:00,1220608-17334420418,939090.0,PEN,Soles,2026-09-03T00:00:00-05:00
ocds-dgv273-seacev3-1220608,ocds-dgv273-seacev3-1220608-2026-09-18T10:23:07.384325-05:00,1220608-20601792517,671190.0,PEN,Soles,2026-09-03T00:00:00-05:00
ocds-dgv273-seacev3-1224820,ocds-dgv273-seacev3-1224820-2026-09-18T10:23:07.370250-05:00,1224820-20555422441,88900.0,PEN,Soles,2026-09-16T00:00:00-05:00
ocds-dgv273-seacev3-1227179,ocds-dgv273-seacev3-1227179-2026-09-18T10:23:07.319859-05:00,1227179-10016870787,76900.0,PEN,Soles,2026-07-02T00:00:00-05:00
ocds-dgv273-seacev3-1221850,ocds-dgv273-seacev3-1221850-2026-09-18T10:23:07.281963-05:00,1221850-20601248647,703280.0,PEN,Soles,2026-09-16T00:00:00-05:00
ocds-dgv273-seacev3-1227690,ocds-dgv273-seacev3-1227690-2026-09-18T10:23:07.205004-05:00,1227690-20602481809,1536746.31,PEN,Soles,2026-08-31T00:00:00-05:00
ocds-dgv273-seacev3-1227259,ocds-dgv273-seacev3-1227259-2026-09-18T10:23:07.115918-05:00,1227259-20604293708,64750.0,PEN,Soles,2026-06-26T00:00:00-05:00
ocds-dgv273-seacev3-1229810,ocds-dgv273-seacev3-1229810-2026-09-18T10:23:02.662206-05:00,1229810-1813602,853247.41,PEN,Soles,2026-08-13T00:00:00-05:00
ocds-dgv273-seacev3-1241474,ocds-dgv273-seacev3-1241474-2026-09-18T10:23:02.339924-05:00,1241474-20603871911,284800.0,PEN,Soles,2026-09-08T00:00:00-05:00
ocds-dgv273-seacev3-1245712,ocds-dgv273-seacev3-1245712-2026-09-18T10:23:01.589825-05:00,1245712-10801596113,217000.0,PEN,Soles,2026-09-09T00:00:00-05:00
ocds-dgv273-seacev3-2026-2409-63,ocds-dgv273-seacev3-2026-2409-63-2026-09-18T10:23:01.487941-05:00,1229332-20602162274,431633.0,PEN,Soles,2026-09-16T00:00:00-05:00
ocds-dgv273-seacev3-1247151,ocds-dgv273-seacev3-1247151-2026-09-18T10:22:56.744929-05:00,1247151-1828137,3710253.6,PEN,Soles,2026-09-08T00:00:00-05:00
ocds-dgv273-seacev3-1224586,ocds-dgv273-seacev3-1224586-2026-09-18T10:22:56.483114-05:00,1224586-20519753830,1294954.0,PEN,Soles,2026-08-20T00:00:00-05:00
ocds-dgv273-seacev3-1227570,ocds-dgv273-seacev3-1227570-2026-09-18T10:22:56.457245-05:00,1227570-1808397,1421478.83,PEN,Soles,2026-07-09T00:00:00-05:00
ocds-dgv273-seacev3-1228948,ocds-dgv273-seacev3-1228948-2026-09-18T10:22:56.431261-05:00,1228948-10205753317,1320000.0,PEN,Soles,2026-08-10T00:00:00-05:00
ocds-dgv273-seacev3-1228965,ocds-dgv273-seacev3-1228965-2026-09-18T10:22:56.363249-05:00,1228965-20610950290,284485.14,PEN,Soles,2026-07-14T00:00:00-05:00
ocds-dgv273-seacev3-1228122,ocds-dgv273-seacev3-1228122-2026-09-18T10:22:56.347676-05:00,1228122-20558566567,104680.0,PEN,Soles,2026-07-31T00:00:00-05:00
ocds-dgv273-seacev3-1228122,ocds-dgv273-seacev3-1228122-2026-09-18T10:22:56.347676-05:00,1228122-10471229500,107600.0,PEN,Soles,2026-09-08T00:00:00-05:00
ocds-dgv273-seacev3-1224861,ocds-dgv273-seacev3-1224861-2026-09-18T10:22:56.191810-05:00,1224861-1814551,2976845.4,PEN,Soles,2026-07-21T00:00:00-05:00
ocds-dgv273-seacev3-1229464,ocds-dgv273-seacev3-1229464-2026-09-18T10:22:56.149451-05:00,1229464-20601858615,146124.0,PEN,Soles,2026-07-06T00:00:00-05:00
ocds-dgv273-seacev3-1229026,ocds-dgv273-seacev3-1229026-2026-09-18T10:22:56.136484-05:00,1229026-1819339,4414190.28,PEN,Soles,2026-09-07T00:00:00-05:00
ocds-dgv273-seacev3-1222944,ocds-dgv273-seacev3-1222944-2026-09-18T10:22:56.042649-05:00,1222944-20305284174,95616.0,PEN,Soles,2026-09-01T00:00:00-05:00
ocds-dgv273-seacev3-1222944,ocds-dgv273-seacev3-1222944-2026-09-18T10:22:56.042649-05:00,1222944-20536598708,84500.0,PEN,Soles,2026-09-01T00:00:00-05:00
ocds-dgv273-seacev3-1222944,ocds-dgv273-seacev3-1222944-2026-09-18T10:22:56.042649-05:00,1222944-20607197955,444000.0,PEN,Soles,2026-09-01T00:00:00-05:00
ocds-dgv273-seacev3-2026-1645-4,ocds-dgv273-seacev3-2026-1645-4-2026-09-18T10:22:55.985592-05:00,1222004-20482849904,534933.36,PEN,Soles,2026-07-02T00:00:00-05:00
ocds-dgv273-seacev3-1227374,ocds-dgv273-seacev3-1227374-2026-09-18T10:22:55.969842-05:00,1227374-1817336,17763362.13,PEN,Nuevos Soles,2026-08-05T00:00:00-05:00
ocds-dgv273-seacev3-1227425,ocds-dgv273-seacev3-1227425-2026-09-18T10:22:55.955494-05:00,1227425-1805245,1488624.96,PEN,Soles,2026-06-24T00:00:00-05:00
ocds-dgv273-seacev3-1228059,ocds-dgv273-seacev3-1228059-2026-09-18T10:22:55.947758-05:00,1228059-20605536639,80345.0,PEN,Soles,2026-08-19T00:00:00-05:00
ocds-dgv273-seacev3-1225543,ocds-dgv273-seacev3-1225543-2026-09-18T10:22:55.932551-05:00,1225543-20535190080,300000.0,PEN,Soles,2026-06-26T00:00:00-05:00
ocds-dgv273-seacev3-1226831,ocds-dgv273-seacev3-1226831-2026-09-18T10:22:55.917299-05:00,1226831-20513590891,965711.4,PEN,Soles,2026-08-07T00:00:00-05:00
ocds-dgv273-seacev3-1224645,ocds-dgv273-seacev3-1224645-2026-09-18T10:22:55.799136-05:00,1224645-20100287791,15009934.629999999,PEN,Soles,2026-08-10T00:00:00-05:00
ocds-dgv273-seacev3-1224645,ocds-dgv273-seacev3-1224645-2026-09-18T10:22:55.799136-05:00,1224645-20255361695,23719072.95,PEN,Soles,2026-08-10T00:00:00-05:00
ocds-dgv273-seacev3-1224645,ocds-dgv273-seacev3-1224645-2026-09-18T10:22:55.799136-05:00,1224645-20271470381,5254200.0,PEN,Soles,2026-08-10T00:00:00-05:00
ocds-dgv273-seacev3-1224645,ocds-dgv273-seacev3-1224645-2026-09-18T10:22:55.799136-05:00,1224645-20347268683,19610122.0,PEN,Soles,2026-08-10T00:00:00-05:00
ocds-dgv273-seacev3-1224645,ocds-dgv273-seacev3-1224645-2026-09-18T10:22:55.799136-05:00,1224645-20536390201,15352000.0,PEN,Soles,2026-08-10T00:00:00-05:00
ocds-dgv273-seacev3-1224645,ocds-dgv273-seacev3-1224645-2026-09-18T10:22:55.799136-05:00,1224645-20600413571,1055396.5,PEN,Soles,2026-08-10T00:00:00-05:00
ocds-dgv273-seacev3-1224645,ocds-dgv273-seacev3-1224645-2026-09-18T10:22:55.799136-05:00,1224645-20613527134,21060765.75,PEN,Soles,2026-08-10T00:00:00-05:00
ocds-dgv273-seacev3-2026-200344-20,ocds-dgv273-seacev3-2026-200344-20-2026-09-18T10:22:51.791449-05:00,1228935-20418896915,550544.64,PEN,Soles,2026-09-01T00:00:00-05:00
ocds-dgv273-seacev3-1237756,ocds-dgv273-seacev3-1237756-2026-09-18T10:22:49.216150-05:00,1237756-1816600,922600.1,PEN,Soles,2026-07-31T00:00:00-05:00
ocds-dgv273-seacev3-1227676,ocds-dgv273-seacev3-1227676-2026-09-18T10:22:47.048719-05:00,1227676-20519658501,23669804.25,PEN,Soles,2026-08-14T00:00:00-05:00
ocds-dgv273-seacev3-1239483,ocds-dgv273-seacev3-1239483-2026-09-18T10:22:46.923823-05:00,1239483-20601431697,406800.0,PEN,Soles,2026-08-07T00:00:00-05:00
ocds-dgv273-seacev3-1222849,ocds-dgv273-seacev3-1222849-2026-09-18T10:22:45.178785-05:00,1222849-20520714457,77408.0,PEN,Soles,2026-08-25T00:00:00-05:00
ocds-dgv273-seacev3-2026-2359-5,ocds-dgv273-seacev3-2026-2359-5-2026-09-18T10:22:45.113874-05:00,1222566-20606961261,124111.0,PEN,Soles,2026-06-23T00:00:00-05:00
ocds-dgv273-seacev3-1219898,ocds-dgv273-seacev3-1219898-2026-09-18T10:22:45.084663-05:00,1219898-10066420740,174510.2,PEN,Soles,2026-08-18T00:00:00-05:00
ocds-dgv273-seacev3-1219898,ocds-dgv273-seacev3-1219898-2026-09-18T10:22:45.084663-05:00,1219898-10069915791,194143.0,PEN,Soles,2026-08-18T00:00:00-05:00
ocds-dgv273-seacev3-1219898,ocds-dgv273-seacev3-1219898-2026-09-18T10:22:45.084663-05:00,1219898-10079174144,204838.0,PEN,Soles,2026-08-18T00:00:00-05:00
ocds-dgv273-seacev3-1219898,ocds-dgv273-seacev3-1219898-2026-09-18T10:22:45.084663-05:00,1219898-10097039947,129522.5,PEN,Soles,2026-08-18T00:00:00-05:00
ocds-dgv273-seacev3-1219898,ocds-dgv273-seacev3-1219898-2026-09-18T10:22:45.084663-05:00,1219898-10098254591,363918.0,PEN,Soles,2026-08-18T00:00:00-05:00
ocds-dgv273-seacev3-1219898,ocds-dgv273-seacev3-1219898-2026-09-18T10:22:45.084663-05:00,1219898-10405679472,112089.6,PEN,Soles,2026-08-18T00:00:00-05:00
ocds-dgv273-seacev3-1219898,ocds-dgv273-seacev3-1219898-2026-09-18T10:22:45.084663-05:00,1219898-20602500030,95214.0,PEN,Soles,2026-08-18T00:00:00-05:00
ocds-dgv273-seacev3-1219898,ocds-dgv273-seacev3-1219898-2026-09-18T10:22:45.084663-05:00,1219898-20604170487,135468.53,PEN,Soles,2026-08-18T00:00:00-05:00
ocds-dgv273-seacev3-1219898,ocds-dgv273-seacev3-1219898-2026-09-18T10:22:45.084663-05:00,1219898-20605408878,98952.0,PEN,Soles,2026-08-18T00:00:00-05:00
ocds-dgv273-seacev3-1219898,ocds-dgv273-seacev3-1219898-2026-09-18T10:22:45.084663-05:00,1219898-20611878215,136312.0,PEN,Soles,2026-08-18T00:00:00-05:00
ocds-dgv273-seacev3-1225513,ocds-dgv273-seacev3-1225513-2026-09-18T10:22:45.036091-05:00,1225513-20604367167,503000.0,PEN,Soles,2026-08-25T00:00:00-05:00
ocds-dgv273-seacev3-2026-200191-69,ocds-dgv273-seacev3-2026-200191-69-2026-09-18T10:22:44.952197-05:00,1229142-20543693287,175850.0,PEN,Soles,2026-08-03T00:00:00-05:00
ocds-dgv273-seacev3-1242804,ocds-dgv273-seacev3-1242804-2026-09-18T10:22:44.931311-05:00,1242804-20100061474,27515109.0,PEN,Soles,2026-09-17T00:00:00-05:00
ocds-dgv273-seacev3-1228304,ocds-dgv273-seacev3-1228304-2026-09-18T10:22:44.869778-05:00,1228304-1810582,432698.63,PEN,Soles,2026-07-21T00:00:00-05:00
ocds-dgv273-seacev3-2026-2543-706,ocds-dgv273-seacev3-2026-2543-706-2026-09-18T10:22:44.783472-05:00,1227681-20100177341,1662100.8,PEN,Soles,2026-09-17T00:00:00-05:00
ocds-dgv273-seacev3-1228110,ocds-dgv273-seacev3-1228110-2026-09-18T10:22:44.766094-05:00,1228110-10445876190,213640.0,PEN,Soles,2026-07-16T00:00:00-05:00
ocds-dgv273-seacev3-1228110,ocds-dgv273-seacev3-1228110-2026-09-18T10:22:44.766094-05:00,1228110-10433171905,213840.0,PEN,Soles,2026-08-11T00:00:00-05:00
ocds-dgv273-seacev3-1228110,ocds-dgv273-seacev3-1228110-2026-09-18T10:22:44.766094-05:00,1228110-20532818690,227048.0,PEN,Soles,2026-09-04T00:00:00-05:00
ocds-dgv273-seacev3-1227906,ocds-dgv273-seacev3-1227906-2026-09-18T10:22:44.753965-05:00,1227906-1823905,10886430.41,PEN,Soles,2026-09-04T00:00:00-05:00
ocds-dgv273-seacev3-1224255,ocds-dgv273-seacev3-1224255-2026-09-18T10:22:44.730432-05:00,1224255-1805018,123500.0,PEN,Soles,2026-07-02T00:00:00-05:00
ocds-dgv273-seacev3-1227376,ocds-dgv273-seacev3-1227376-2026-09-18T10:22:44.698089-05:00,1227376-1808720,1660951.86,PEN,Soles,2026-07-07T00:00:00-05:00
ocds-dgv273-seacev3-1225083,ocds-dgv273-seacev3-1225083-2026-09-18T10:22:44.681092-05:00,1225083-1807827,1222200.0,PEN,Soles,2026-07-07T00:00:00-05:00
ocds-dgv273-seacev3-1224182,ocds-dgv273-seacev3-1224182-2026-09-18T10:22:44.662488-05:00,1224182-20610547134,355000.0,PEN,Soles,2026-08-07T00:00:00-05:00
ocds-dgv273-seacev3-1222135,ocds-dgv273-seacev3-1222135-2026-09-18T10:22:44.637890-05:00,1222135-20564407128,83100.0,PEN,Soles,2026-08-19T00:00:00-05:00
ocds-dgv273-seacev3-1221771,ocds-dgv273-seacev3-1221771-2026-09-18T10:22:44.610855-05:00,1221771-20492576787,273000.0,PEN,Soles,2026-06-26T00:00:00-05:00
ocds-dgv273-seacev3-1224355,ocds-dgv273-seacev3-1224355-2026-09-18T10:22:44.581131-05:00,1224355-1811599,128274.85,PEN,Soles,2026-08-04T00:00:00-05:00
ocds-dgv273-seacev3-1225664,ocds-dgv273-seacev3-1225664-2026-09-18T10:22:44.564741-05:00,1225664-20506336831,270000.0,PEN,Soles,2026-06-22T00:00:00-05:00
ocds-dgv273-seacev3-1223599,ocds-dgv273-seacev3-1223599-2026-09-18T10:22:44.534637-05:00,1223599-20493043073,484729.67,PEN,Soles,2026-06-23T00:00:00-05:00
ocds-dgv273-seacev3-1222613,ocds-dgv273-seacev3-1222613-2026-09-18T10:22:44.493669-05:00,1222613-1804770,9139181.83,PEN,Soles,2026-07-02T00:00:00-05:00
ocds-dgv273-seacev3-2026-10351-7,ocds-dgv273-seacev3-2026-10351-7-2026-09-18T10:22:44.467433-05:00,1223148-20601217024,184999.0,PEN,Soles,2026-06-25T00:00:00-05:00
ocds-dgv273-seacev3-2026-10351-7,ocds-dgv273-seacev3-2026-10351-7-2026-09-18T10:22:44.467433-05:00,1223148-20539472390,223992.0,PEN,Soles,2026-07-30T00:00:00-05:00
ocds-dgv273-seacev3-1245883,ocds-dgv273-seacev3-1245883-2026-09-18T10:22:39.562098-05:00,1245883-20448752411,128980.0,PEN,Soles,2026-09-17T00:00:00-05:00
ocds-dgv273-seacev3-1244863,ocds-dgv273-seacev3-1244863-2026-09-18T10:22:39.213737-05:00,1244863-1824999,1232436.43,PEN,Soles,2026-08-26T00:00:00-05:00
ocds-dgv273-seacev3-1238205,ocds-dgv273-seacev3-1238205-2026-09-18T10:22:38.577249-05:00,1238205-10441957241,438750.0,PEN,Soles,2026-08-12T00:00:00-05:00
ocds-dgv273-seacev3-1247649,ocds-dgv273-seacev3-1247649-2026-09-18T10:22:37.771682-05:00,1247649-1828679,1454191.03,PEN,Soles,2026-09-16T00:00:00-05:00
ocds-dgv273-seacev3-1234785,ocds-dgv273-seacev3-1234785-2026-09-18T10:22:35.213045-05:00,1234785-1814504,347325.37,PEN,Soles,2026-08-05T00:00:00-05:00
ocds-dgv273-seacev3-1247631,ocds-dgv273-seacev3-1247631-2026-09-18T10:22:34.858532-05:00,1247631-1828672,659924.76,PEN,Soles,2026-09-04T00:00:00-05:00
ocds-dgv273-seacev3-1236882,ocds-dgv273-seacev3-1236882-2026-09-18T10:22:34.187217-05:00,1236882-1819407,5149329.58,PEN,Soles,2026-08-18T00:00:00-05:00
ocds-dgv273-seacev3-2026-200283-13,ocds-dgv273-seacev3-2026-200283-13-2026-09-18T10:22:34.168174-05:00,1229864-1817835,687313.44,PEN,Soles,2026-08-24T00:00:00-05:00
ocds-dgv273-seacev3-1228716,ocds-dgv273-seacev3-1228716-2026-09-18T10:22:34.154116-05:00,1228716-20608527631,86777.0,PEN,Soles,2026-07-06T00:00:00-05:00
ocds-dgv273-seacev3-1225886,ocds-dgv273-seacev3-1225886-2026-09-18T10:22:33.819161-05:00,1225886-1806078,1173041.34,PEN,Soles,2026-06-26T00:00:00-05:00
ocds-dgv273-seacev3-1222374,ocds-dgv273-seacev3-1222374-2026-09-18T10:22:33.775489-05:00,1222374-20110072873,98413.2,PEN,Soles,2026-06-25T00:00:00-05:00
ocds-dgv273-seacev3-1227859,ocds-dgv273-seacev3-1227859-2026-09-18T10:22:33.686736-05:00,1227859-20603391382,2148742.15,PEN,Soles,2026-08-24T00:00:00-05:00
ocds-dgv273-seacev3-1227930,ocds-dgv273-seacev3-1227930-2026-09-18T10:22:33.671229-05:00,1227930-20600588479,241500.0,PEN,Soles,2026-09-02T00:00:00-05:00
ocds-dgv273-seacev3-1229204,ocds-dgv273-seacev3-1229204-2026-09-18T10:22:33.658408-05:00,1229204-20501887286,6873636.0,PEN,Soles,2026-08-13T00:00:00-05:00
ocds-dgv273-seacev3-2026-1314-3,ocds-dgv273-seacev3-2026-1314-3-2026-09-18T10:22:33.620683-05:00,1229200-20606811510,2298929.1,PEN,Soles,2026-09-07T00:00:00-05:00
ocds-dgv273-seacev3-1238174,ocds-dgv273-seacev3-1238174-2026-09-18T10:22:33.604390-05:00,1238174-20600235118,1061540.0,PEN,Soles,2026-08-21T00:00:00-05:00
ocds-dgv273-seacev3-1222459,ocds-dgv273-seacev3-1222459-2026-09-18T10:22:33.588977-05:00,1222459-10451664765,75000.0,PEN,Soles,2026-06-19T00:00:00-05:00
ocds-dgv273-seacev3-1224075,ocds-dgv273-seacev3-1224075-2026-09-18T10:22:33.549612-05:00,1224075-1808097,203677.29,PEN,Soles,2026-08-03T00:00:00-05:00
ocds-dgv273-seacev3-1226762,ocds-dgv273-seacev3-1226762-2026-09-18T10:22:33.532760-05:00,1226762-1808552,2097447.79,PEN,Soles,2026-07-10T00:00:00-05:00
ocds-dgv273-seacev3-1229049,ocds-dgv273-seacev3-1229049-2026-09-18T10:22:33.513382-05:00,1229049-1828038,12447362.8,PEN,Soles,2026-09-16T00:00:00-05:00
ocds-dgv273-seacev3-1222957,ocds-dgv273-seacev3-1222957-2026-09-18T10:22:33.479438-05:00,1222957-10483739805,18000.0,PEN,Soles,2026-06-24T00:00:00-05:00
ocds-dgv273-seacev3-1228611,ocds-dgv273-seacev3-1228611-2026-09-18T10:22:33.431513-05:00,1228611-20607986062,65000.0,PEN,Soles,2026-07-01T00:00:00-05:00
ocds-dgv273-seacev3-2026-2359-3,ocds-dgv273-seacev3-2026-2359-3-2026-09-18T10:22:33.416744-05:00,1222314-20100295891,112536.6,PEN,Soles,2026-06-18T00:00:00-05:00
ocds-dgv273-seacev3-2026-10450-6,ocds-dgv273-seacev3-2026-10450-6-2026-09-18T10:22:33.366560-05:00,1226666-20565506073,79437.5,PEN,Soles,2026-07-03T00:00:00-05:00
ocds-dgv273-seacev3-1229277,ocds-dgv273-seacev3-1229277-2026-09-18T10:22:33.284866-05:00,1229277-10429062727,223000.0,PEN,Soles,2026-09-15T00:00:00-05:00
ocds-dgv273-seacev3-1229032,ocds-dgv273-seacev3-1229032-2026-09-18T10:22:33.267321-05:00,1229032-20100070031,1060800.0,PEN,Soles,2026-08-20T00:00:00-05:00
ocds-dgv273-seacev3-2026-399-71,ocds-dgv273-seacev3-2026-399-71-2026-09-18T10:22:33.232486-05:00,1215743-1806723,3823852.82,PEN,Soles,2026-08-14T00:00:00-05:00
ocds-dgv273-seacev3-1226243,ocds-dgv273-seacev3-1226243-2026-09-18T10:22:33.215593-05:00,1226243-20100018625,9279120.0,PEN,Soles,2026-08-10T00:00:00-05:00
ocds-dgv273-seacev3-1225508,ocds-dgv273-seacev3-1225508-2026-09-18T10:22:33.183194-05:00,1225508-20545804795,158550.0,PEN,Soles,2026-09-17T00:00:00-05:00
ocds-dgv273-seacev3-1224401,ocds-dgv273-seacev3-1224401-2026-09-18T10:22:33.166880-05:00,1224401-20521301237,50000.0,PEN,Soles,2026-08-13T00:00:00-05:00
ocds-dgv273-seacev3-1231123,ocds-dgv273-seacev3-1231123-2026-09-18T10:22:33.089761-05:00,1231123-1830549,15132378.16,PEN,Soles,2026-09-17T00:00:00-05:00
ocds-dgv273-seacev3-2026-10549-1,ocds-dgv273-seacev3-2026-10549-1-2026-09-18T10:22:33.058078-05:00,1222616-10040637911,334368.0,PEN,Soles,2026-06-17T00:00:00-05:00
ocds-dgv273-seacev3-1224394,ocds-dgv273-seacev3-1224394-2026-09-18T10:22:33.019933-05:00,1224394-10221853933,132000.0,PEN,Soles,2026-07-08T00:00:00-05:00
ocds-dgv273-seacev3-1224394,ocds-dgv273-seacev3-1224394-2026-09-18T10:22:33.019933-05:00,1224394-10434889044,105600.0,PEN,Soles,2026-07-08T00:00:00-05:00
ocds-dgv273-seacev3-1224322,ocds-dgv273-seacev3-1224322-2026-09-18T10:22:32.981848-05:00,1224322-1830133,2352840.0,PEN,Nuevos Soles,2026-09-16T00:00:00-05:00
ocds-dgv273-seacev3-1224322,ocds-dgv273-seacev3-1224322-2026-09-18T10:22:32.981848-05:00,1224322-20600571592,402000.0,PEN,Nuevos Soles,2026-09-16T00:00:00-05:00
ocds-dgv273-seacev3-1224322,ocds-dgv273-seacev3-1224322-2026-09-18T10:22:32.981848-05:00,1224322-20609344050,1469903.0,PEN,Nuevos Soles,2026-09-16T00:00:00-05:00
ocds-dgv273-seacev3-2026-1637-7,ocds-dgv273-seacev3-2026-1637-7-2026-09-18T10:22:32.958360-05:00,1221550-20604444234,206264.4,PEN,Soles,2026-07-08T00:00:00-05:00
ocds-dgv273-seacev3-2026-1637-7,ocds-dgv273-seacev3-2026-1637-7-2026-09-18T10:22:32.958360-05:00,1221550-10770340620,206265.23,PEN,Soles,2026-07-08T00:00:00-05:00
ocds-dgv273-seacev3-2026-200192-235,ocds-dgv273-seacev3-2026-200192-235-2026-09-18T10:22:32.940095-05:00,1224866-20600606884,200000.0,PEN,Soles,2026-08-26T00:00:00-05:00
ocds-dgv273-seacev3-1224478,ocds-dgv273-seacev3-1224478-2026-09-18T10:22:32.877818-05:00,1224478-20605581243,54000.0,PEN,Soles,2026-08-05T00:00:00-05:00
ocds-dgv273-seacev3-1224478,ocds-dgv273-seacev3-1224478-2026-09-18T10:22:32.877818-05:00,1224478-20611106913,54000.0,PEN,Soles,2026-08-05T00:00:00-05:00
ocds-dgv273-seacev3-1225130,ocds-dgv273-seacev3-1225130-2026-09-18T10:22:32.862480-05:00,1225130-20100061474,994317.0,PEN,Soles,2026-09-16T00:00:00-05:00
ocds-dgv273-seacev3-1225130,ocds-dgv273-seacev3-1225130-2026-09-18T10:22:32.862480-05:00,1225130-20255361695,643418.72,PEN,Soles,2026-09-16T00:00:00-05:00
ocds-dgv273-seacev3-1227827,ocds-dgv273-seacev3-1227827-2026-09-18T10:22:32.822778-05:00,1227827-20611475226,356832.0,PEN,Soles,2026-08-13T00:00:00-05:00
ocds-dgv273-seacev3-1250657,ocds-dgv273-seacev3-1250657-2026-09-18T10:22:29.448200-05:00,1250657-1833580,281589.18,PEN,Soles,2026-09-17T00:00:00-05:00
ocds-dgv273-seacev3-1250630,ocds-dgv273-seacev3-1250630-2026-09-18T10:22:29.393985-05:00,1250630-1833573,4805545.92,PEN,Soles,2026-09-17T00:00:00-05:00
ocds-dgv273-seacev3-1240626,ocds-dgv273-seacev3-1240626-2026-09-18T10:22:29.265337-05:00,1240626-20611250402,76200.0,PEN,Soles,2026-09-16T00:00:00-05:00
ocds-dgv273-seacev3-1228740,ocds-dgv273-seacev3-1228740-2026-09-18T10:22:23.365774-05:00,1228740-1816637,240231.12,PEN,Nuevos Soles,2026-08-05T00:00:00-05:00
ocds-dgv273-seacev3-1221062,ocds-dgv273-seacev3-1221062-2026-09-18T10:22:23.178469-05:00,1221062-20603677936,307340.80000000005,PEN,Soles,2026-06-11T00:00:00-05:00
ocds-dgv273-seacev3-1221346,ocds-dgv273-seacev3-1221346-2026-09-18T10:22:23.151243-05:00,1221346-20543729737,650000.0,PEN,Soles,2026-09-04T00:00:00-05:00
ocds-dgv273-seacev3-1221645,ocds-dgv273-seacev3-1221645-2026-09-18T10:22:23.142140-05:00,1221645-1803243,52624.2,PEN,Soles,2026-07-02T00:00:00-05:00
ocds-dgv273-seacev3-1225919,ocds-dgv273-seacev3-1225919-2026-09-18T10:22:23.126313-05:00,1225919-1809808,2344357.78,PEN,Soles,2026-07-09T00:00:00-05:00
ocds-dgv273-seacev3-1228734,ocds-dgv273-seacev3-1228734-2026-09-18T10:22:23.086780-05:00,1228734-20443108131,198900.0,PEN,Soles,2026-08-05T00:00:00-05:00
ocds-dgv273-seacev3-1222087,ocds-dgv273-seacev3-1222087-2026-09-18T10:22:23.055852-05:00,1222087-20454029918,1598046.0,PEN,Soles,2026-08-10T00:00:00-05:00
ocds-dgv273-seacev3-1226441,ocds-dgv273-seacev3-1226441-2026-09-18T10:22:23.038915-05:00,1226441-20607684589,86700.0,PEN,Soles,2026-07-10T00:00:00-05:00
ocds-dgv273-seacev3-1226441,ocds-dgv273-seacev3-1226441-2026-09-18T10:22:23.038915-05:00,1226441-20604234035,87480.0,PEN,Soles,2026-09-07T00:00:00-05:00
ocds-dgv273-seacev3-1225369,ocds-dgv273-seacev3-1225369-2026-09-18T10:22:22.980385-05:00,1225369-20570690079,814851.55,PEN,Soles,2026-07-07T00:00:00-05:00
ocds-dgv273-seacev3-1225596,ocds-dgv273-seacev3-1225596-2026-09-18T10:22:22.963893-05:00,1225596-20421367605,124900.0,PEN,Soles,2026-08-26T00:00:00-05:00
ocds-dgv273-seacev3-1225595,ocds-dgv273-seacev3-1225595-2026-09-18T10:22:22.947896-05:00,1225595-20607678783,139000.0,PEN,Soles,2026-08-27T00:00:00-05:00
ocds-dgv273-seacev3-1224819,ocds-dgv273-seacev3-1224819-2026-09-18T10:22:22.805295-05:00,1224819-1815119,505890.0,PEN,Nuevos Soles,2026-07-31T00:00:00-05:00
ocds-dgv273-seacev3-2026-2407-54,ocds-dgv273-seacev3-2026-2407-54-2026-09-18T10:22:22.742863-05:00,1221903-20527871493,478000.0,PEN,Soles,2026-07-31T00:00:00-05:00
ocds-dgv273-seacev3-1223757,ocds-dgv273-seacev3-1223757-2026-09-18T10:22:22.695937-05:00,1223757-20270382551,79513.2,PEN,Soles,2026-07-17T00:00:00-05:00
ocds-dgv273-seacev3-1226019,ocds-dgv273-seacev3-1226019-2026-09-18T10:22:22.647380-05:00,1226019-20606811625,140000.0,PEN,Soles,2026-07-20T00:00:00-05:00
ocds-dgv273-seacev3-2026-1703-10,ocds-dgv273-seacev3-2026-1703-10-2026-09-18T10:22:22.613479-05:00,1228384-20613107828,107250.0,PEN,Soles,2026-07-08T00:00:00-05:00
ocds-dgv273-seacev3-2026-1703-10,ocds-dgv273-seacev3-2026-1703-10-2026-09-18T10:22:22.613479-05:00,1228384-20606880767,117500.0,PEN,Soles,2026-08-18T00:00:00-05:00
ocds-dgv273-seacev3-2026-1703-10,ocds-dgv273-seacev3-2026-1703-10-2026-09-18T10:22:22.613479-05:00,1228384-20454248474,138600.0,PEN,Soles,2026-09-09T00:00:00-05:00
ocds-dgv273-seacev3-1225091,ocds-dgv273-seacev3-1225091-2026-09-18T10:22:22.567357-05:00,1225091-20448767443,90000.0,PEN,Soles,2026-07-03T00:00:00-05:00
ocds-dgv273-seacev3-1225091,ocds-dgv273-seacev3-1225091-2026-09-18T10:22:22.567357-05:00,1225091-20542675251,130100.0,PEN,Soles,2026-08-14T00:00:00-05:00
ocds-dgv273-seacev3-1225455,ocds-dgv273-seacev3-1225455-2026-09-18T10:22:22.523628-05:00,1225455-20539311205,405040.02,PEN,Soles,2026-08-18T00:00:00-05:00
ocds-dgv273-seacev3-1226593,ocds-dgv273-seacev3-1226593-2026-09-18T10:22:22.472782-05:00,1226593-20612048194,142000.0,PEN,Soles,2026-09-09T00:00:00-05:00
ocds-dgv273-seacev3-1221493,ocds-dgv273-seacev3-1221493-2026-09-18T10:22:22.315029-05:00,1221493-1802026,2360392.47,PEN,Soles,2026-06-23T00:00:00-05:00
ocds-dgv273-seacev3-1221203,ocds-dgv273-seacev3-1221203-2026-09-18T10:22:22.300168-05:00,1221203-20603358211,104000.0,PEN,Soles,2026-06-10T00:00:00-05:00
ocds-dgv273-seacev3-1222085,ocds-dgv273-seacev3-1222085-2026-09-18T10:22:22.271088-05:00,1222085-1802357,583247.25,PEN,Soles,2026-06-16T00:00:00-05:00
ocds-dgv273-seacev3-1248345,ocds-dgv273-seacev3-1248345-2026-09-18T10:22:17.383459-05:00,1248345-20332970411,505766.93,PEN,Soles,2026-09-08T00:00:00-05:00
ocds-dgv273-seacev3-1229962,ocds-dgv273-seacev3-1229962-2026-09-18T10:22:12.491087-05:00,1229962-1825334,1074516.45,PEN,Soles,2026-09-16T00:00:00-05:00
ocds-dgv273-seacev3-1240003,ocds-dgv273-seacev3-1240003-2026-09-18T10:22:12.397466-05:00,1240003-20608715593,122000.0,PEN,Soles,2026-08-10T00:00:00-05:00
ocds-dgv273-seacev3-1248126,ocds-dgv273-seacev3-1248126-2026-09-18T10:22:11.618892-05:00,1248126-20100821371,903139.5,PEN,Soles,2026-09-16T00:00:00-05:00
ocds-dgv273-seacev3-1225133,ocds-dgv273-seacev3-1225133-2026-09-18T10:22:11.289198-05:00,1225133-20609954893,224669.2,PEN,Soles,2026-06-26T00:00:00-05:00
ocds-dgv273-seacev3-1228308,ocds-dgv273-seacev3-1228308-2026-09-18T10:22:11.143996-05:00,1228308-20380618797,759317.9,PEN,Soles,2026-09-15T00:00:00-05:00
ocds-dgv273-seacev3-1227381,ocds-dgv273-seacev3-1227381-2026-09-18T10:22:11.109560-05:00,1227381-20332970411,42452.12,PEN,Soles,2026-08-12T00:00:00-05:00
ocds-dgv273-seacev3-1227381,ocds-dgv273-seacev3-1227381-2026-09-18T10:22:11.109560-05:00,1227381-20523470761,61824.75,PEN,Soles,2026-08-12T00:00:00-05:00
ocds-dgv273-seacev3-1221682,ocds-dgv273-seacev3-1221682-2026-09-18T10:22:11.099974-05:00,1221682-20463595004,1653350.0,PEN,Soles,2026-07-10T00:00:00-05:00
ocds-dgv273-seacev3-1226396,ocds-dgv273-seacev3-1226396-2026-09-18T10:22:10.979846-05:00,1226396-10258593010,97958.4,PEN,Soles,2026-06-23T00:00:00-05:00
ocds-dgv273-seacev3-1226188,ocds-dgv273-seacev3-1226188-2026-09-18T10:22:10.958513-05:00,1226188-1808580,3231949.99,PEN,Soles,2026-07-30T00:00:00-05:00
ocds-dgv273-seacev3-1223809,ocds-dgv273-seacev3-1223809-2026-09-18T10:22:10.941573-05:00,1223809-1811581,12924439.37,PEN,Soles,2026-07-17T00:00:00-05:00
ocds-dgv273-seacev3-2026-10363-5,ocds-dgv273-seacev3-2026-10363-5-2026-09-18T10:22:10.926743-05:00,1225536-20100210909,315574.88,PEN,Soles,2026-08-05T00:00:00-05:00
ocds-dgv273-seacev3-1221679,ocds-dgv273-seacev3-1221679-2026-09-18T10:22:10.917055-05:00,1221679-10441579450,123075.16,PEN,Soles,2026-06-18T00:00:00-05:00
ocds-dgv273-seacev3-1228368,ocds-dgv273-seacev3-1228368-2026-09-18T10:22:10.846386-05:00,1228368-20100948282,311400.0,PEN,Soles,2026-08-11T00:00:00-05:00
ocds-dgv273-seacev3-1228368,ocds-dgv273-seacev3-1228368-2026-09-18T10:22:10.846386-05:00,1228368-20600470664,129500.0,PEN,Soles,2026-08-11T00:00:00-05:00
ocds-dgv273-seacev3-1221421,ocds-dgv273-seacev3-1221421-2026-09-18T10:22:10.824464-05:00,1221421-20607463442,84500.0,PEN,Soles,2026-09-08T00:00:00-05:00
ocds-dgv273-seacev3-1224254,ocds-dgv273-seacev3-1224254-2026-09-18T10:22:10.806066-05:00,1224254-1810217,90000.0,PEN,Soles,2026-07-31T00:00:00-05:00
ocds-dgv273-seacev3-1224254,ocds-dgv273-seacev3-1224254-2026-09-18T10:22:10.806066-05:00,1224254-10249986483,98000.0,PEN,Soles,2026-07-31T00:00:00-05:00
ocds-dgv273-seacev3-2026-200363-173,ocds-dgv273-seacev3-2026-200363-173-2026-09-18T10:22:10.703550-05:00,1223602-1825775,4486320.0,PEN,Soles,2026-09-04T00:00:00-05:00
ocds-dgv273-seacev3-1222941,ocds-dgv273-seacev3-1222941-2026-09-18T10:22:10.690150-05:00,1222941-1811881,598678.8,PEN,Soles,2026-08-11T00:00:00-05:00
ocds-dgv273-seacev3-1250103,ocds-dgv273-seacev3-1250103-2026-09-17T10:20:23.578518-05:00,1250103-10444278841,177969.98,PEN,Soles,2026-09-15T00:00:00-05:00
ocds-dgv273-seacev3-1246557,ocds-dgv273-seacev3-1246557-2026-09-17T10:20:22.154378-05:00,1246557-1827474,4687039.71,PEN,Soles,2026-09-07T00:00:00-05:00
ocds-dgv273-seacev3-1245462,ocds-dgv273-seacev3-1245462-2026-09-17T10:20:21.221543-05:00,1245462-20553853355,136800.0,PEN,Soles,2026-09-15T00:00:00-05:00
ocds-dgv273-seacev3-2026-2383-38,ocds-dgv273-seacev3-2026-2383-38-2026-09-17T10:20:19.484522-05:00,1229687-1814944,469983.44,PEN,Soles,2026-08-20T00:00:00-05:00
ocds-dgv273-seacev3-1226381,ocds-dgv273-seacev3-1226381-2026-09-17T10:20:18.610376-05:00,1226381-20612386651,98040.0,PEN,Soles,2026-06-24T00:00:00-05:00
ocds-dgv273-seacev3-1225910,ocds-dgv273-seacev3-1225910-2026-09-17T10:20:18.464536-05:00,1225910-1813704,1074997.45,PEN,Soles,2026-08-10T00:00:00-05:00
ocds-dgv273-seacev3-1225103,ocds-dgv273-seacev3-1225103-2026-09-17T10:20:18.198586-05:00,1225103-20601369991,204721.13,PEN,Soles,2026-08-07T00:00:00-05:00
ocds-dgv273-seacev3-1225103,ocds-dgv273-seacev3-1225103-2026-09-17T10:20:18.198586-05:00,1225103-20610444351,242340.0,PEN,Soles,2026-09-08T00:00:00-05:00
ocds-dgv273-seacev3-1224774,ocds-dgv273-seacev3-1224774-2026-09-17T10:20:18.118493-05:00,1224774-1812353,2159900.0,PEN,Soles,2026-07-20T00:00:00-05:00
ocds-dgv273-seacev3-1227678,ocds-dgv273-seacev3-1227678-2026-09-17T10:20:18.064888-05:00,1227678-10428066559,98000.0,PEN,Soles,2026-09-01T00:00:00-05:00
ocds-dgv273-seacev3-1236361,ocds-dgv273-seacev3-1236361-2026-09-17T10:20:17.873012-05:00,1236361-1817447,602487.91,PEN,Soles,2026-08-12T00:00:00-05:00
ocds-dgv273-seacev3-1223747,ocds-dgv273-seacev3-1223747-2026-09-17T10:20:17.846832-05:00,1223747-20417180134,600000.0,PEN,Soles,2026-08-31T00:00:00-05:00
ocds-dgv273-seacev3-1226474,ocds-dgv273-seacev3-1226474-2026-09-17T10:20:17.830809-05:00,1226474-20601188679,1119565.88,PEN,Soles,2026-09-08T00:00:00-05:00
ocds-dgv273-seacev3-1228513,ocds-dgv273-seacev3-1228513-2026-09-17T10:20:17.726055-05:00,1228513-20612394629,98820.0,PEN,Soles,2026-08-18T00:00:00-05:00
ocds-dgv273-seacev3-2026-2381-16,ocds-dgv273-seacev3-2026-2381-16-2026-09-17T10:20:17.032331-05:00,1225115-20100295891,346636.8,PEN,Soles,2026-07-06T00:00:00-05:00
ocds-dgv273-seacev3-1223611,ocds-dgv273-seacev3-1223611-2026-09-17T10:20:17.012326-05:00,1223611-1808578,301720.74,PEN,Nuevos Soles,2026-07-20T00:00:00-05:00
ocds-dgv273-seacev3-1234483,ocds-dgv273-seacev3-1234483-2026-09-17T10:20:08.398903-05:00,1234483-20607753602,780000.0,PEN,Soles,2026-08-19T00:00:00-05:00
ocds-dgv273-seacev3-1246871,ocds-dgv273-seacev3-1246871-2026-09-17T10:20:08.011927-05:00,1246871-20603046561,652250.0,PEN,Soles,2026-09-02T00:00:00-05:00
ocds-dgv273-seacev3-1228799,ocds-dgv273-seacev3-1228799-2026-09-17T10:20:07.569783-05:00,1228799-10722552500,60000.0,PEN,Soles,2026-07-14T00:00:00-05:00
ocds-dgv273-seacev3-1228799,ocds-dgv273-seacev3-1228799-2026-09-17T10:20:07.569783-05:00,1228799-10727833787,60000.0,PEN,Soles,2026-07-14T00:00:00-05:00
ocds-dgv273-seacev3-1225550,ocds-dgv273-seacev3-1225550-2026-09-17T10:20:07.482218-05:00,1225550-1810358,22658450.0,PEN,Soles,2026-07-13T00:00:00-05:00
ocds-dgv273-seacev3-1220672,ocds-dgv273-seacev3-1220672-2026-09-17T10:20:07.459677-05:00,1220672-1818762,13827086.34,PEN,Soles,2026-08-18T00:00:00-05:00
ocds-dgv273-seacev3-1227597,ocds-dgv273-seacev3-1227597-2026-09-17T10:20:07.346177-05:00,1227597-1808340,108000.0,PEN,Soles,2026-07-09T00:00:00-05:00
ocds-dgv273-seacev3-1228512,ocds-dgv273-seacev3-1228512-2026-09-17T10:20:07.329346-05:00,1228512-1811604,447606.82,PEN,Soles,2026-07-15T00:00:00-05:00
ocds-dgv273-seacev3-1224717,ocds-dgv273-seacev3-1224717-2026-09-17T10:20:07.228259-05:00,1224717-20604625883,132000.0,PEN,Soles,2026-06-22T00:00:00-05:00
ocds-dgv273-seacev3-1227103,ocds-dgv273-seacev3-1227103-2026-09-17T10:20:07.176300-05:00,1227103-20603075391,69750.0,PEN,Soles,2026-08-10T00:00:00-05:00
ocds-dgv273-seacev3-1241032,ocds-dgv273-seacev3-1241032-2026-09-17T10:20:01.719501-05:00,1241032-20604010218,165000.0,PEN,Nuevos Soles,2026-08-18T00:00:00-05:00
ocds-dgv273-seacev3-1229308,ocds-dgv273-seacev3-1229308-2026-09-17T10:20:01.548432-05:00,1229308-20341191476,1267405.9,PEN,Soles,2026-08-12T00:00:00-05:00
ocds-dgv273-seacev3-2026-1066-5,ocds-dgv273-seacev3-2026-1066-5-2026-09-17T10:20:01.269175-05:00,1229037-1813934,694722.14,PEN,Soles,2026-08-14T00:00:00-05:00
ocds-dgv273-seacev3-1229011,ocds-dgv273-seacev3-1229011-2026-09-17T10:20:00.376990-05:00,1229011-1810416,1202290.27,PEN,Soles,2026-07-20T00:00:00-05:00
ocds-dgv273-seacev3-1229011,ocds-dgv273-seacev3-1229011-2026-09-17T10:20:00.376990-05:00,1229011-1810404,1202290.27,PEN,Soles,2026-07-20T00:00:00-05:00
ocds-dgv273-seacev3-1229904,ocds-dgv273-seacev3-1229904-2026-09-17T10:19:59.012428-05:00,1229904-1825888,578000.0,PEN,Soles,2026-09-03T00:00:00-05:00
ocds-dgv273-seacev3-2026-1992-8,ocds-dgv273-seacev3-2026-1992-8-2026-09-17T10:19:56.439075-05:00,1228808-20524531861,97000.0,PEN,Soles,2026-07-17T00:00:00-05:00
ocds-dgv273-seacev3-1228032,ocds-dgv273-seacev3-1228032-2026-09-17T10:19:56.384783-05:00,1228032-1821087,152542.37,PEN,Soles,2026-09-07T00:00:00-05:00
ocds-dgv273-seacev3-2026-1967-24,ocds-dgv273-seacev3-2026-1967-24-2026-09-17T10:19:56.136976-05:00,1229344-20564091813,195365.76,PEN,Soles,2026-07-22T00:00:00-05:00
ocds-dgv273-seacev3-2026-1967-24,ocds-dgv273-seacev3-2026-1967-24-2026-09-17T10:19:56.136976-05:00,1229344-20527960917,207086.78,PEN,Soles,2026-08-26T00:00:00-05:00
ocds-dgv273-seacev3-2026-2409-129,ocds-dgv273-seacev3-2026-2409-129-2026-09-17T10:19:56.110445-05:00,1227258-20508530391,99600.0,PEN,Soles,2026-09-07T00:00:00-05:00
ocds-dgv273-seacev3-1225093,ocds-dgv273-seacev3-1225093-2026-09-17T10:19:55.975742-05:00,1225093-20558094371,634950.0,PEN,Soles,2026-08-24T00:00:00-05:00
ocds-dgv273-seacev3-1222302,ocds-dgv273-seacev3-1222302-2026-09-17T10:19:55.789092-05:00,1222302-20537289288,696960.0,PEN,Soles,2026-07-30T00:00:00-05:00
ocds-dgv273-seacev3-2026-1926-99,ocds-dgv273-seacev3-2026-1926-99-2026-09-17T10:19:55.771608-05:00,1224024-20477886761,132991.16,PEN,Soles,2026-07-24T00:00:00-05:00
ocds-dgv273-seacev3-1224874,ocds-dgv273-seacev3-1224874-2026-09-17T10:19:55.701778-05:00,1224874-20611932767,228862.0,PEN,Soles,2026-09-15T00:00:00-05:00
ocds-dgv273-seacev3-1227659,ocds-dgv273-seacev3-1227659-2026-09-17T10:19:55.623392-05:00,1227659-10428066559,125000.0,PEN,Soles,2026-09-01T00:00:00-05:00
ocds-dgv273-seacev3-1226329,ocds-dgv273-seacev3-1226329-2026-09-17T10:19:55.607952-05:00,1226329-1814740,740000.0,PEN,Soles,2026-08-11T00:00:00-05:00
ocds-dgv273-seacev3-1229010,ocds-dgv273-seacev3-1229010-2026-09-17T10:19:51.260334-05:00,1229010-20448580611,649350.0,PEN,Soles,2026-08-17T00:00:00-05:00
ocds-dgv273-seacev3-2026-200192-48,ocds-dgv273-seacev3-2026-200192-48-2026-09-17T10:19:50.875039-05:00,1229682-20442152684,581200.0,PEN,Soles,2026-09-03T00:00:00-05:00
ocds-dgv273-seacev3-1228571,ocds-dgv273-seacev3-1228571-2026-09-17T10:19:49.757628-05:00,1228571-20552452314,129995.0,PEN,Soles,2026-09-15T00:00:00-05:00
ocds-dgv273-seacev3-1240801,ocds-dgv273-seacev3-1240801-2026-09-17T10:19:45.955048-05:00,1240801-1819955,286588.95,PEN,Soles,2026-08-12T00:00:00-05:00
ocds-dgv273-seacev3-2026-2408-98,ocds-dgv273-seacev3-2026-2408-98-2026-09-17T10:19:45.398176-05:00,1229279-10004854697,126000.0,PEN,Soles,2026-07-14T00:00:00-05:00
ocds-dgv273-seacev3-1229626,ocds-dgv273-seacev3-1229626-2026-09-17T10:19:44.879919-05:00,1229626-10072722162,192000.0,PEN,Soles,2026-07-09T00:00:00-05:00
ocds-dgv273-seacev3-2026-200455-3,ocds-dgv273-seacev3-2026-200455-3-2026-09-17T10:19:44.830738-05:00,1229601-20565412257,615900.0,PEN,Soles,2026-09-02T00:00:00-05:00
ocds-dgv273-seacev3-2026-1112-3,ocds-dgv273-seacev3-2026-1112-3-2026-09-17T10:19:44.734786-05:00,1226891-1813200,570638.06,PEN,Soles,2026-07-22T00:00:00-05:00
ocds-dgv273-seacev3-1224138,ocds-dgv273-seacev3-1224138-2026-09-17T10:19:44.603155-05:00,1224138-1805709,1638533.89,PEN,Soles,2026-07-01T00:00:00-05:00
ocds-dgv273-seacev3-2026-50-18,ocds-dgv273-seacev3-2026-50-18-2026-09-17T10:19:44.574091-05:00,1221735-20611418273,80000.0,PEN,Soles,2026-07-20T00:00:00-05:00
ocds-dgv273-seacev3-1226551,ocds-dgv273-seacev3-1226551-2026-09-17T10:19:44.454396-05:00,1226551-10445206259,386530.0,PEN,Soles,2026-07-15T00:00:00-05:00
ocds-dgv273-seacev3-1222645,ocds-dgv273-seacev3-1222645-2026-09-17T10:19:44.438946-05:00,1222645-10465837611,144400.0,PEN,Soles,2026-06-23T00:00:00-05:00
ocds-dgv273-seacev3-2026-47-9,ocds-dgv273-seacev3-2026-47-9-2026-09-17T10:19:44.367835-05:00,1221038-20602068634,134545.0,PEN,Soles,2026-08-11T00:00:00-05:00
ocds-dgv273-seacev3-1230560,ocds-dgv273-seacev3-1230560-2026-09-17T10:19:44.350604-05:00,1230560-20508677571,55944.0,PEN,Soles,2026-08-05T00:00:00-05:00
ocds-dgv273-seacev3-1227881,ocds-dgv273-seacev3-1227881-2026-09-17T10:19:44.312816-05:00,1227881-20603460554,439999.0,PEN,Soles,2026-08-11T00:00:00-05:00
ocds-dgv273-seacev3-1231108,ocds-dgv273-seacev3-1231108-2026-09-17T10:19:44.249867-05:00,1231108-20495931472,35209914.9,PEN,Soles,2026-09-03T00:00:00-05:00
ocds-dgv273-seacev3-1221147,ocds-dgv273-seacev3-1221147-2026-09-17T10:19:44.208031-05:00,1221147-20509983471,905521.61,PEN,Soles,2026-07-30T00:00:00-05:00
ocds-dgv273-seacev3-1221147,ocds-dgv273-seacev3-1221147-2026-09-17T10:19:44.208031-05:00,1221147-20524541662,227970.89,PEN,Soles,2026-07-30T00:00:00-05:00
ocds-dgv273-seacev3-1221147,ocds-dgv273-seacev3-1221147-2026-09-17T10:19:44.208031-05:00,1221147-20602170048,650000.0,PEN,Soles,2026-07-30T00:00:00-05:00
ocds-dgv273-seacev3-1221147,ocds-dgv273-seacev3-1221147-2026-09-17T10:19:44.208031-05:00,1221147-20612656810,186750.0,PEN,Soles,2026-07-30T00:00:00-05:00
ocds-dgv273-seacev3-1221147,ocds-dgv273-seacev3-1221147-2026-09-17T10:19:44.208031-05:00,1221147-20613680811,363244.0,PEN,Soles,2026-07-30T00:00:00-05:00
ocds-dgv273-seacev3-1221147,ocds-dgv273-seacev3-1221147-2026-09-17T10:19:44.208031-05:00,1221147-99999999999,1241214.8900000001,PEN,Soles,2026-07-30T00:00:00-05:00
ocds-dgv273-seacev3-1221147,ocds-dgv273-seacev3-1221147-2026-09-17T10:19:44.208031-05:00,1221147-20601363934,232550.0,PEN,Soles,2026-07-30T00:00:00-05:00
ocds-dgv273-seacev3-2026-200191-37,ocds-dgv273-seacev3-2026-200191-37-2026-09-17T10:19:44.135064-05:00,1223480-10444278841,222629.94,PEN,Soles,2026-08-17T00:00:00-05:00
ocds-dgv273-seacev3-2026-200191-37,ocds-dgv273-seacev3-2026-200191-37-2026-09-17T10:19:44.135064-05:00,1223480-20610464743,198000.0,PEN,Soles,2026-08-17T00:00:00-05:00
ocds-dgv273-seacev3-1236368,ocds-dgv273-seacev3-1236368-2026-09-17T10:19:44.051824-05:00,1236368-1817188,709809.73,PEN,Soles,2026-08-12T00:00:00-05:00
ocds-dgv273-seacev3-1226697,ocds-dgv273-seacev3-1226697-2026-09-17T10:19:43.979261-05:00,1226697-10106213823,1355719.0,PEN,Soles,2026-08-05T00:00:00-05:00
ocds-dgv273-seacev3-1228586,ocds-dgv273-seacev3-1228586-2026-09-17T10:19:39.428102-05:00,1228586-10106213823,190329.0,PEN,Soles,2026-07-21T00:00:00-05:00
ocds-dgv273-seacev3-2026-200192-104,ocds-dgv273-seacev3-2026-200192-104-2026-09-17T10:19:33.764830-05:00,1224871-1811506,149509.78,PEN,Soles,2026-09-07T00:00:00-05:00
ocds-dgv273-seacev3-2026-10151-25,ocds-dgv273-seacev3-2026-10151-25-2026-09-17T10:19:33.463046-05:00,1227300-20609897962,77500.0,PEN,Soles,2026-07-08T00:00:00-05:00
ocds-dgv273-seacev3-1225168,ocds-dgv273-seacev3-1225168-2026-09-17T10:19:33.454100-05:00,1225168-20568929315,188888.88,PEN,Soles,2026-07-01T00:00:00-05:00
ocds-dgv273-seacev3-1224405,ocds-dgv273-seacev3-1224405-2026-09-17T10:19:33.329114-05:00,1224405-20609022028,87680.0,PEN,Soles,2026-07-06T00:00:00-05:00
ocds-dgv273-seacev3-1222209,ocds-dgv273-seacev3-1222209-2026-09-17T10:19:33.308509-05:00,1222209-20107034413,763600.0,PEN,Soles,2026-06-12T00:00:00-05:00
ocds-dgv273-seacev3-2026-1003013323-4,ocds-dgv273-seacev3-2026-1003013323-4-2026-09-17T10:19:33.260463-05:00,1228818-20601146925,396672.0,PEN,Soles,2026-07-17T00:00:00-05:00
ocds-dgv273-seacev3-2026-200338-1,ocds-dgv273-seacev3-2026-200338-1-2026-09-17T10:19:33.242839-05:00,1221446-20564428478,188094.0,PEN,Soles,2026-06-18T00:00:00-05:00
ocds-dgv273-seacev3-1221021,ocds-dgv273-seacev3-1221021-2026-09-17T10:19:33.188195-05:00,1221021-20614159180,210310.0,PEN,Soles,2026-08-03T00:00:00-05:00
ocds-dgv273-seacev3-1226224,ocds-dgv273-seacev3-1226224-2026-09-17T10:19:33.174296-05:00,1226224-20107034413,490725.0,PEN,Soles,2026-06-26T00:00:00-05:00
ocds-dgv273-seacev3-2026-50-17,ocds-dgv273-seacev3-2026-50-17-2026-09-17T10:19:33.061138-05:00,1221769-20611418273,90000.0,PEN,Soles,2026-07-20T00:00:00-05:00
ocds-dgv273-seacev3-1224021,ocds-dgv273-seacev3-1224021-2026-09-17T10:19:33.023916-05:00,1224021-1813180,7103652.18,PEN,Soles,2026-08-10T00:00:00-05:00
ocds-dgv273-seacev3-1224045,ocds-dgv273-seacev3-1224045-2026-09-17T10:19:32.935587-05:00,1224045-1815514,598034.5,PEN,Soles,2026-09-15T00:00:00-05:00
ocds-dgv273-seacev3-1222444,ocds-dgv273-seacev3-1222444-2026-09-17T10:19:32.837127-05:00,1222444-20600599489,459550.0,PEN,Soles,2026-06-17T00:00:00-05:00
ocds-dgv273-seacev3-1242565,ocds-dgv273-seacev3-1242565-2026-09-17T10:19:29.333024-05:00,1242565-20612269271,72000.0,PEN,Soles,2026-08-24T00:00:00-05:00
ocds-dgv273-seacev3-2026-1984-16,ocds-dgv273-seacev3-2026-1984-16-2026-09-17T10:19:26.078382-05:00,1228025-20256136865,2544984.38,PEN,Soles,2026-09-02T00:00:00-05:00
ocds-dgv273-seacev3-1235809,ocds-dgv273-seacev3-1235809-2026-09-17T10:19:23.246992-05:00,1235809-1814320,525746.22,PEN,Soles,2026-07-21T00:00:00-05:00
ocds-dgv273-seacev3-1228388,ocds-dgv273-seacev3-1228388-2026-09-17T10:19:23.190430-05:00,1228388-1809888,357990.19,PEN,Soles,2026-07-22T00:00:00-05:00
ocds-dgv273-seacev3-1223642,ocds-dgv273-seacev3-1223642-2026-09-17T10:19:23.067482-05:00,1223642-20610757139,593631.1,PEN,Soles,2026-07-17T00:00:00-05:00
ocds-dgv273-seacev3-1223462,ocds-dgv273-seacev3-1223462-2026-09-17T10:19:22.995858-05:00,1223462-10460811819,97000.0,PEN,Soles,2026-07-24T00:00:00-05:00
ocds-dgv273-seacev3-1227986,ocds-dgv273-seacev3-1227986-2026-09-17T10:19:22.981326-05:00,1227986-20517059472,106121.0,PEN,Soles,2026-09-07T00:00:00-05:00
ocds-dgv273-seacev3-1224142,ocds-dgv273-seacev3-1224142-2026-09-17T10:19:22.743659-05:00,1224142-20609793920,1610000.0,PEN,Soles,2026-08-14T00:00:00-05:00
ocds-dgv273-seacev3-1220056,ocds-dgv273-seacev3-1220056-2026-09-17T10:19:22.607807-05:00,1220056-20612501921,339155.0,PEN,Soles,2026-06-24T00:00:00-05:00
ocds-dgv273-seacev3-1223082,ocds-dgv273-seacev3-1223082-2026-09-17T10:19:22.446494-05:00,1223082-20600688562,253940.0,PEN,Soles,2026-08-27T00:00:00-05:00
ocds-dgv273-seacev3-2026-1900-8,ocds-dgv273-seacev3-2026-1900-8-2026-09-17T10:19:16.672654-05:00,1228394-20467564529,794557.0,PEN,Soles,2026-09-02T00:00:00-05:00
ocds-dgv273-seacev3-1245394,ocds-dgv273-seacev3-1245394-2026-09-17T10:19:14.796342-05:00,1245394-20612831654,1441566.37,PEN,Soles,2026-09-15T00:00:00-05:00
ocds-dgv273-seacev3-1242103,ocds-dgv273-seacev3-1242103-2026-09-17T10:19:13.604631-05:00,1242103-1821613,1668550.17,PEN,Soles,2026-08-17T00:00:00-05:00
ocds-dgv273-seacev3-1248136,ocds-dgv273-seacev3-1248136-2026-09-17T10:19:13.510560-05:00,1248136-20155695901,630108.0,PEN,Soles,2026-09-07T00:00:00-05:00
ocds-dgv273-seacev3-2026-200070-2,ocds-dgv273-seacev3-2026-200070-2-2026-09-17T10:19:10.994797-05:00,1226017-1824755,8855265.0,PEN,Soles,2026-09-03T00:00:00-05:00
ocds-dgv273-seacev3-2026-10431-4,ocds-dgv273-seacev3-2026-10431-4-2026-09-17T10:19:10.847024-05:00,1227214-1815932,1809421.77,PEN,Soles,2026-08-05T00:00:00-05:00
ocds-dgv273-seacev3-2026-1003023443-26,ocds-dgv273-seacev3-2026-1003023443-26-2026-09-17T10:19:10.709838-05:00,1229857-20524531861,170000.0,PEN,Soles,2026-09-15T00:00:00-05:00
ocds-dgv273-seacev3-1227968,ocds-dgv273-seacev3-1227968-2026-09-17T10:19:10.693482-05:00,1227968-1809590,1209827.89,PEN,Soles,2026-07-08T00:00:00-05:00
ocds-dgv273-seacev3-1225852,ocds-dgv273-seacev3-1225852-2026-09-17T10:19:10.670343-05:00,1225852-20608516400,206090.0,PEN,Soles,2026-09-15T00:00:00-05:00
ocds-dgv273-seacev3-1220681,ocds-dgv273-seacev3-1220681-2026-09-17T10:19:10.577658-05:00,1220681-20609710099,145731.09,PEN,Soles,2026-09-08T00:00:00-05:00
ocds-dgv273-seacev3-1220681,ocds-dgv273-seacev3-1220681-2026-09-17T10:19:10.577658-05:00,1220681-20612656810,100913.7,PEN,Soles,2026-09-08T00:00:00-05:00
ocds-dgv273-seacev3-1228094,ocds-dgv273-seacev3-1228094-2026-09-17T10:19:10.403090-05:00,1228094-20612262587,161700.0,PEN,Soles,2026-07-31T00:00:00-05:00
ocds-dgv273-seacev3-1228864,ocds-dgv273-seacev3-1228864-2026-09-16T10:19:16.040694-05:00,1228864-20418896915,124854.6,PEN,Soles,2026-08-27T00:00:00-05:00
ocds-dgv273-seacev3-1249841,ocds-dgv273-seacev3-1249841-2026-09-16T10:19:15.819043-05:00,1249841-20600298063,484268.0,PEN,Soles,2026-09-14T00:00:00-05:00
ocds-dgv273-seacev3-1234737,ocds-dgv273-seacev3-1234737-2026-09-16T10:19:12.892457-05:00,1234737-1814018,971350.0,PEN,Soles,2026-08-05T00:00:00-05:00
ocds-dgv273-seacev3-1227454,ocds-dgv273-seacev3-1227454-2026-09-16T10:19:11.569590-05:00,1227454-20601150078,72129.2,PEN,Soles,2026-08-28T00:00:00-05:00
ocds-dgv273-seacev3-1227454,ocds-dgv273-seacev3-1227454-2026-09-16T10:19:11.569590-05:00,1227454-20605724125,746597.14,PEN,Soles,2026-08-28T00:00:00-05:00
ocds-dgv273-seacev3-2026-2406-84,ocds-dgv273-seacev3-2026-2406-84-2026-09-16T10:19:11.008760-05:00,1229778-20602837735,463900.0,PEN,Soles,2026-09-07T00:00:00-05:00
ocds-dgv273-seacev3-2026-1926-127,ocds-dgv273-seacev3-2026-1926-127-2026-09-16T10:19:10.647397-05:00,1229906-20100057523,568000.0,PEN,Soles,2026-09-01T00:00:00-05:00
ocds-dgv273-seacev3-2026-1856-1,ocds-dgv273-seacev3-2026-1856-1-2026-09-16T10:19:10.483605-05:00,1223097-1817383,4999475.74,PEN,Soles,2026-08-10T00:00:00-05:00
ocds-dgv273-seacev3-1228070,ocds-dgv273-seacev3-1228070-2026-09-16T10:19:10.397729-05:00,1228070-20545804795,110604.0,PEN,Soles,2026-09-14T00:00:00-05:00
ocds-dgv273-seacev3-1225251,ocds-dgv273-seacev3-1225251-2026-09-16T10:19:09.656478-05:00,1225251-1814265,518723.45,PEN,Soles,2026-07-24T00:00:00-05:00
ocds-dgv273-seacev3-2026-2383-10,ocds-dgv273-seacev3-2026-2383-10-2026-09-16T10:19:04.521389-05:00,1229835-20511366161,349995.0,PEN,Soles,2026-08-10T00:00:00-05:00
ocds-dgv273-seacev3-1249896,ocds-dgv273-seacev3-1249896-2026-09-16T10:19:01.857882-05:00,1249896-1832275,5979274.94,PEN,Soles,2026-09-14T00:00:00-05:00
ocds-dgv273-seacev3-1247265,ocds-dgv273-seacev3-1247265-2026-09-16T10:19:00.699652-05:00,1247265-1828201,994449.99,PEN,Soles,2026-09-03T00:00:00-05:00
ocds-dgv273-seacev3-1223103,ocds-dgv273-seacev3-1223103-2026-09-16T10:19:00.628636-05:00,1223103-1811691,10378953.64,PEN,Soles,2026-07-14T00:00:00-05:00
ocds-dgv273-seacev3-1223461,ocds-dgv273-seacev3-1223461-2026-09-16T10:19:00.530524-05:00,1223461-1809645,278696.16,PEN,Soles,2026-07-08T00:00:00-05:00
ocds-dgv273-seacev3-1224369,ocds-dgv273-seacev3-1224369-2026-09-16T10:19:00.503035-05:00,1224369-20501887286,136640.0,PEN,Soles,2026-09-04T00:00:00-05:00
ocds-dgv273-seacev3-1225592,ocds-dgv273-seacev3-1225592-2026-09-16T10:19:00.383907-05:00,1225592-1813514,6081623.05,PEN,Soles,2026-07-24T00:00:00-05:00
ocds-dgv273-seacev3-2026-1920-7,ocds-dgv273-seacev3-2026-1920-7-2026-09-16T10:19:00.261245-05:00,1221591-20518440501,1750000.0,PEN,Soles,2026-08-13T00:00:00-05:00
ocds-dgv273-seacev3-1224447,ocds-dgv273-seacev3-1224447-2026-09-16T10:19:00.119793-05:00,1224447-20601844975,234990.0,PEN,Soles,2026-07-08T00:00:00-05:00
ocds-dgv273-seacev3-1224447,ocds-dgv273-seacev3-1224447-2026-09-16T10:19:00.119793-05:00,1224447-20447760658,297654.0,PEN,Soles,2026-08-12T00:00:00-05:00
ocds-dgv273-seacev3-2026-1952-8,ocds-dgv273-seacev3-2026-1952-8-2026-09-16T10:19:00.081293-05:00,1229798-20538996921,193536.0,PEN,Soles,2026-07-31T00:00:00-05:00
ocds-dgv273-seacev3-2026-1952-8,ocds-dgv273-seacev3-2026-1952-8-2026-09-16T10:19:00.081293-05:00,1229798-20602391427,198720.0,PEN,Soles,2026-09-04T00:00:00-05:00
ocds-dgv273-seacev3-1225434,ocds-dgv273-seacev3-1225434-2026-09-16T10:19:00.046426-05:00,1225434-20603460554,80000.0,PEN,Soles,2026-06-19T00:00:00-05:00
ocds-dgv273-seacev3-1227085,ocds-dgv273-seacev3-1227085-2026-09-16T10:18:59.913359-05:00,1227085-1811398,122210.17,PEN,Soles,2026-09-03T00:00:00-05:00
ocds-dgv273-seacev3-1223624,ocds-dgv273-seacev3-1223624-2026-09-16T10:18:59.897319-05:00,1223624-1804240,1305562.04,PEN,Soles,2026-06-23T00:00:00-05:00
ocds-dgv273-seacev3-1221566,ocds-dgv273-seacev3-1221566-2026-09-16T10:18:48.760167-05:00,1221566-1802747,231500.0,PEN,Soles,2026-06-23T00:00:00-05:00
ocds-dgv273-seacev3-1223905,ocds-dgv273-seacev3-1223905-2026-09-16T10:18:48.684426-05:00,1223905-20601052084,706756.8,PEN,Soles,2026-08-14T00:00:00-05:00
ocds-dgv273-seacev3-1228682,ocds-dgv273-seacev3-1228682-2026-09-16T10:18:48.537675-05:00,1228682-1812978,279402.96,PEN,Soles,2026-07-20T00:00:00-05:00
ocds-dgv273-seacev3-1228682,ocds-dgv273-seacev3-1228682-2026-09-16T10:18:48.537675-05:00,1228682-1812839,279402.96,PEN,Soles,2026-07-20T00:00:00-05:00
ocds-dgv273-seacev3-1227502,ocds-dgv273-seacev3-1227502-2026-09-16T10:18:48.232338-05:00,1227502-20513211113,600000.0,PEN,Soles,2026-09-11T00:00:00-05:00
ocds-dgv273-seacev3-1228210,ocds-dgv273-seacev3-1228210-2026-09-16T10:18:48.164102-05:00,1228210-20605747443,98000.0,PEN,Soles,2026-07-15T00:00:00-05:00
ocds-dgv273-seacev3-1228210,ocds-dgv273-seacev3-1228210-2026-09-16T10:18:48.164102-05:00,1228210-20607426202,89500.0,PEN,Soles,2026-08-25T00:00:00-05:00
ocds-dgv273-seacev3-1225610,ocds-dgv273-seacev3-1225610-2026-09-16T10:18:48.099418-05:00,1225610-10421123123,322000.0,PEN,Soles,2026-07-09T00:00:00-05:00
ocds-dgv273-seacev3-1217466,ocds-dgv273-seacev3-1217466-2026-09-16T10:18:48.083441-05:00,1217466-20608490541,661067.56,PEN,Soles,2026-08-25T00:00:00-05:00
ocds-dgv273-seacev3-2026-2543-450,ocds-dgv273-seacev3-2026-2543-450-2026-09-16T10:18:48.020252-05:00,1225187-20553853355,552000.0,PEN,Soles,2026-09-01T00:00:00-05:00
ocds-dgv273-seacev3-2026-2543-450,ocds-dgv273-seacev3-2026-2543-450-2026-09-16T10:18:48.020252-05:00,1225187-20612262587,181180.8,PEN,Soles,2026-09-01T00:00:00-05:00
ocds-dgv273-seacev3-2026-10182-21,ocds-dgv273-seacev3-2026-10182-21-2026-09-16T10:18:47.997931-05:00,1223538-10403915748,70948.0,PEN,Soles,2026-09-04T00:00:00-05:00
ocds-dgv273-seacev3-1227020,ocds-dgv273-seacev3-1227020-2026-09-16T10:18:47.965271-05:00,1227020-1815103,565000.0,PEN,Soles,2026-08-12T00:00:00-05:00
ocds-dgv273-seacev3-1227020,ocds-dgv273-seacev3-1227020-2026-09-16T10:18:47.965271-05:00,1227020-20604070661,80072.0,PEN,Soles,2026-08-12T00:00:00-05:00
ocds-dgv273-seacev3-2026-10536-8,ocds-dgv273-seacev3-2026-10536-8-2026-09-16T10:18:47.949144-05:00,1224383-20490139495,105467.72,PEN,Soles,2026-08-26T00:00:00-05:00
ocds-dgv273-seacev3-1226714,ocds-dgv273-seacev3-1226714-2026-09-16T10:18:47.849527-05:00,1226714-1815303,1069000.0,PEN,Soles,2026-08-10T00:00:00-05:00
ocds-dgv273-seacev3-1219920,ocds-dgv273-seacev3-1219920-2026-09-16T10:18:47.501321-05:00,1219920-1810271,1541706.16,PEN,Soles,2026-07-16T00:00:00-05:00
ocds-dgv273-seacev3-1219920,ocds-dgv273-seacev3-1219920-2026-09-16T10:18:47.501321-05:00,1219920-1810311,583178.34,PEN,Soles,2026-07-16T00:00:00-05:00
ocds-dgv273-seacev3-1219920,ocds-dgv273-seacev3-1219920-2026-09-16T10:18:47.501321-05:00,1219920-20515430769,1039790.23,PEN,Soles,2026-07-16T00:00:00-05:00
ocds-dgv273-seacev3-1219920,ocds-dgv273-seacev3-1219920-2026-09-16T10:18:47.501321-05:00,1219920-20524541662,549156.47,PEN,Soles,2026-07-16T00:00:00-05:00
ocds-dgv273-seacev3-1242608,ocds-dgv273-seacev3-1242608-2026-09-16T10:18:44.126633-05:00,1242608-20608715593,136800.0,PEN,Soles,2026-08-25T00:00:00-05:00
ocds-dgv273-seacev3-1243882,ocds-dgv273-seacev3-1243882-2026-09-16T10:18:40.138051-05:00,1243882-20604404291,615600.0,PEN,Soles,2026-08-24T00:00:00-05:00
ocds-dgv273-seacev3-2026-2543-287,ocds-dgv273-seacev3-2026-2543-287-2026-09-16T10:18:37.556077-05:00,1229620-20504312403,464970.0,PEN,Soles,2026-08-17T00:00:00-05:00
ocds-dgv273-seacev3-1229489,ocds-dgv273-seacev3-1229489-2026-09-16T10:18:37.527510-05:00,1229489-20603831862,420115.58,PEN,Soles,2026-08-31T00:00:00-05:00
ocds-dgv273-seacev3-1229489,ocds-dgv273-seacev3-1229489-2026-09-16T10:18:37.527510-05:00,1229489-20603958030,337259.13,PEN,Soles,2026-08-31T00:00:00-05:00
ocds-dgv273-seacev3-2026-2543-7,ocds-dgv273-seacev3-2026-2543-7-2026-09-16T10:18:37.128874-05:00,1227042-20510139560,920930.0,PEN,Soles,2026-09-14T10:04:43-05:00
ocds-dgv273-seacev3-2026-2543-7,ocds-dgv273-seacev3-2026-2543-7-2026-09-16T10:18:37.128874-05:00,1227042-20602096808,143000.0,PEN,Soles,2026-09-14T10:04:50-05:00
ocds-dgv273-seacev3-2026-2543-7,ocds-dgv273-seacev3-2026-2543-7-2026-09-16T10:18:37.128874-05:00,1227042-20607452921,307700.0,PEN,Soles,2026-09-14T10:04:54-05:00
ocds-dgv273-seacev3-2026-2543-7,ocds-dgv273-seacev3-2026-2543-7-2026-09-16T10:18:37.128874-05:00,1227042-20615094952,428000.0,PEN,Soles,2026-09-14T10:04:46-05:00
ocds-dgv273-seacev3-1225117,ocds-dgv273-seacev3-1225117-2026-09-16T10:18:36.923197-05:00,1225117-20255361695,312545.9,PEN,Soles,2026-07-20T11:24:08-05:00
ocds-dgv273-seacev3-1225117,ocds-dgv273-seacev3-1225117-2026-09-16T10:18:36.923197-05:00,1225117-20419385442,22550603.76,PEN,Soles,2026-07-20T11:25:32-05:00
ocds-dgv273-seacev3-1225117,ocds-dgv273-seacev3-1225117-2026-09-16T10:18:36.923197-05:00,1225117-20506248036,6744024.0,PEN,Soles,2026-07-20T11:25:54-05:00
ocds-dgv273-seacev3-1225117,ocds-dgv273-seacev3-1225117-2026-09-16T10:18:36.923197-05:00,1225117-20523370201,4655137.2,PEN,Soles,2026-07-20T11:26:18-05:00
ocds-dgv273-seacev3-1225117,ocds-dgv273-seacev3-1225117-2026-09-16T10:18:36.923197-05:00,1225117-20601014654,16288341.3,PEN,Soles,2026-07-20T11:24:55-05:00
ocds-dgv273-seacev3-1227911,ocds-dgv273-seacev3-1227911-2026-09-16T10:18:36.837592-05:00,1227911-20498674098,62749.1,PEN,Soles,2026-08-05T00:00:00-05:00
ocds-dgv273-seacev3-1227538,ocds-dgv273-seacev3-1227538-2026-09-16T10:18:36.814290-05:00,1227538-20605872566,112500.0,PEN,Soles,2026-07-16T00:00:00-05:00
ocds-dgv273-seacev3-1221876,ocds-dgv273-seacev3-1221876-2026-09-16T10:18:36.729025-05:00,1221876-1814540,198962.73,PEN,Soles,2026-08-18T00:00:00-05:00
ocds-dgv273-seacev3-2026-13-14,ocds-dgv273-seacev3-2026-13-14-2026-09-16T10:18:27.529637-05:00,1229738-1814492,414135.97,PEN,Soles,2026-09-14T00:00:00-05:00
ocds-dgv273-seacev3-1229219,ocds-dgv273-seacev3-1229219-2026-09-16T10:18:26.277864-05:00,1229219-1820929,7562686.09,PEN,Soles,2026-08-17T00:00:00-05:00
ocds-dgv273-seacev3-1220692,ocds-dgv273-seacev3-1220692-2026-09-16T10:18:26.257551-05:00,1220692-1805203,239178.84,PEN,Soles,2026-06-26T00:00:00-05:00
ocds-dgv273-seacev3-2026-2396-11,ocds-dgv273-seacev3-2026-2396-11-2026-09-16T10:18:26.167561-05:00,1227606-20601479452,584850.42,PEN,Soles,2026-07-31T00:00:00-05:00
ocds-dgv273-seacev3-1224476,ocds-dgv273-seacev3-1224476-2026-09-16T10:18:25.908824-05:00,1224476-1810518,1935545.91,PEN,Soles,2026-08-13T00:00:00-05:00
ocds-dgv273-seacev3-1228142,ocds-dgv273-seacev3-1228142-2026-09-16T10:18:25.767628-05:00,1228142-1819551,737981.46,PEN,Soles,2026-09-02T00:00:00-05:00
ocds-dgv273-seacev3-1227943,ocds-dgv273-seacev3-1227943-2026-09-16T10:18:25.744332-05:00,1227943-20601613086,86000.0,PEN,Soles,2026-07-21T00:00:00-05:00
ocds-dgv273-seacev3-1225241,ocds-dgv273-seacev3-1225241-2026-09-16T10:18:25.627112-05:00,1225241-20600044461,99780.0,PEN,Soles,2026-06-19T00:00:00-05:00
ocds-dgv273-seacev3-2026-170996-14,ocds-dgv273-seacev3-2026-170996-14-2026-09-16T10:18:25.611690-05:00,1226797-20601332940,249240.0,PEN,Soles,2026-08-18T00:00:00-05:00
ocds-dgv273-seacev3-1224509,ocds-dgv273-seacev3-1224509-2026-09-16T10:18:25.531383-05:00,1224509-1811225,2416597.83,PEN,Soles,2026-09-09T00:00:00-05:00
ocds-dgv273-seacev3-2026-23-16,ocds-dgv273-seacev3-2026-23-16-2026-09-16T10:18:25.508752-05:00,1221619-20421780472,415898.76,PEN,Soles,2026-07-21T00:00:00-05:00
ocds-dgv273-seacev3-1221640,ocds-dgv273-seacev3-1221640-2026-09-16T10:18:25.444003-05:00,1221640-20505110651,1350000.0,PEN,Soles,2026-09-14T00:00:00-05:00
ocds-dgv273-seacev3-1223896,ocds-dgv273-seacev3-1223896-2026-09-16T10:18:18.567524-05:00,1223896-20462793791,70772.0,PEN,Soles,2026-08-27T00:00:00-05:00
ocds-dgv273-seacev3-1228689,ocds-dgv273-seacev3-1228689-2026-09-16T10:18:15.902928-05:00,1228689-20600767101,159950.0,PEN,Soles,2026-07-20T00:00:00-05:00
ocds-dgv273-seacev3-1222676,ocds-dgv273-seacev3-1222676-2026-09-16T10:18:15.678437-05:00,1222676-20454537743,144500.0,PEN,Soles,2026-09-01T00:00:00-05:00
ocds-dgv273-seacev3-1228422,ocds-dgv273-seacev3-1228422-2026-09-16T10:18:15.334958-05:00,1228422-20559288510,3088378.15,PEN,Soles,2026-09-14T00:00:00-05:00
ocds-dgv273-seacev3-1227091,ocds-dgv273-seacev3-1227091-2026-09-16T10:18:15.252188-05:00,1227091-20305284174,3635955.0,PEN,Nuevos Soles,2026-07-02T00:00:00-05:00
ocds-dgv273-seacev3-1226532,ocds-dgv273-seacev3-1226532-2026-09-16T10:18:15.187798-05:00,1226532-20601150078,532150.65,PEN,Soles,2026-08-28T00:00:00-05:00
ocds-dgv273-seacev3-1226532,ocds-dgv273-seacev3-1226532-2026-09-16T10:18:15.187798-05:00,1226532-20603831862,280922.03,PEN,Soles,2026-08-28T00:00:00-05:00
ocds-dgv273-seacev3-1209906,ocds-dgv273-seacev3-1209906-2026-09-16T10:18:14.864248-05:00,1209906-1808056,533764.09,PEN,Soles,2026-07-09T00:00:00-05:00
ocds-dgv273-seacev3-2026-2393-10,ocds-dgv273-seacev3-2026-2393-10-2026-09-16T10:18:14.666066-05:00,1222178-20392777190,466019.76,USD,Dólar Norteamericano,2026-09-14T00:00:00-05:00
ocds-dgv273-seacev3-1222601,ocds-dgv273-seacev3-1222601-2026-09-16T10:18:14.607833-05:00,1222601-20602279741,723725.73,PEN,Soles,2026-07-10T00:00:00-05:00
ocds-dgv273-seacev3-1225732,ocds-dgv273-seacev3-1225732-2026-09-16T10:18:14.583430-05:00,1225732-1814371,565000.0,PEN,Soles,2026-08-03T00:00:00-05:00
ocds-dgv273-seacev3-1229384,ocds-dgv273-seacev3-1229384-2026-09-16T10:18:09.689742-05:00,1229384-20516605104,5275957.0,PEN,Soles,2026-08-19T00:00:00-05:00
ocds-dgv273-seacev3-1249223,ocds-dgv273-seacev3-1249223-2026-09-16T10:18:09.534985-05:00,1249223-1831000,115293.8,PEN,Soles,2026-09-10T00:00:00-05:00
ocds-dgv273-seacev3-2026-1967-18,ocds-dgv273-seacev3-2026-1967-18-2026-09-16T10:18:07.588872-05:00,1229397-20511772312,682079.04,PEN,Soles,2026-08-13T00:00:00-05:00
ocds-dgv273-seacev3-1223820,ocds-dgv273-seacev3-1223820-2026-09-16T10:18:03.391581-05:00,1223820-1812932,621017.08,PEN,Soles,2026-08-12T00:00:00-05:00
ocds-dgv273-seacev3-1224639,ocds-dgv273-seacev3-1224639-2026-09-16T10:18:03.306868-05:00,1224639-20612558443,187798.4,PEN,Soles,2026-09-04T00:00:00-05:00
ocds-dgv273-seacev3-2026-2543-661,ocds-dgv273-seacev3-2026-2543-661-2026-09-16T10:18:03.247083-05:00,1229858-20601725551,484500.0,PEN,Soles,2026-07-31T00:00:00-05:00
ocds-dgv273-seacev3-1224646,ocds-dgv273-seacev3-1224646-2026-09-16T10:18:03.215539-05:00,1224646-20601844975,69646.5,PEN,Soles,2026-07-08T00:00:00-05:00
ocds-dgv273-seacev3-1224646,ocds-dgv273-seacev3-1224646-2026-09-16T10:18:03.215539-05:00,1224646-20447760658,88218.9,PEN,Soles,2026-08-12T00:00:00-05:00
ocds-dgv273-seacev3-1223475,ocds-dgv273-seacev3-1223475-2026-09-16T10:18:03.145572-05:00,1223475-20508191597,964500.0,PEN,Soles,2026-08-18T00:00:00-05:00
ocds-dgv273-seacev3-1223475,ocds-dgv273-seacev3-1223475-2026-09-16T10:18:03.145572-05:00,1223475-20563794101,23940.0,PEN,Soles,2026-08-18T00:00:00-05:00
ocds-dgv273-seacev3-1229825,ocds-dgv273-seacev3-1229825-2026-09-16T10:18:03.012229-05:00,1229825-20609903458,225000.0,PEN,Soles,2026-07-10T00:00:00-05:00
ocds-dgv273-seacev3-1229825,ocds-dgv273-seacev3-1229825-2026-09-16T10:18:03.012229-05:00,1229825-20605187715,230000.0,PEN,Soles,2026-08-13T00:00:00-05:00
ocds-dgv273-seacev3-1229825,ocds-dgv273-seacev3-1229825-2026-09-16T10:18:03.012229-05:00,1229825-10238934694,230000.0,PEN,Soles,2026-09-04T00:00:00-05:00
ocds-dgv273-seacev3-2026-2543-243,ocds-dgv273-seacev3-2026-2543-243-2026-09-14T09:59:12.321311-05:00,1228443-20100018625,365462.08,PEN,Soles,2026-08-28T00:00:00-05:00
ocds-dgv273-seacev3-2026-2543-243,ocds-dgv273-seacev3-2026-2543-243-2026-09-14T09:59:12.321311-05:00,1228443-20258134568,7343344.6,PEN,Soles,2026-08-28T00:00:00-05:00
ocds-dgv273-seacev3-2026-2543-243,ocds-dgv273-seacev3-2026-2543-243-2026-09-14T09:59:12.321311-05:00,1228443-20305284174,2668508.86,PEN,Soles,2026-08-28T00:00:00-05:00
ocds-dgv273-seacev3-2026-2543-243,ocds-dgv273-seacev3-2026-2543-243-2026-09-14T09:59:12.321311-05:00,1228443-20347268683,188003.0,PEN,Soles,2026-08-28T00:00:00-05:00
ocds-dgv273-seacev3-2026-2543-243,ocds-dgv273-seacev3-2026-2543-243-2026-09-14T09:59:12.321311-05:00,1228443-20503794692,163715.82,PEN,Soles,2026-08-28T00:00:00-05:00
ocds-dgv273-seacev3-2026-2543-243,ocds-dgv273-seacev3-2026-2543-243-2026-09-14T09:59:12.321311-05:00,1228443-20504007864,590000.0,PEN,Soles,2026-08-28T00:00:00-05:00
ocds-dgv273-seacev3-1247016,ocds-dgv273-seacev3-1247016-2026-09-13T12:05:44.787912-05:00,1247016-20551047602,118260.0,PEN,Soles,2026-09-10T00:00:00-05:00
ocds-dgv273-seacev3-1229186,ocds-dgv273-seacev3-1229186-2026-09-13T12:05:43.944441-05:00,1229186-1824202,8066501.5,PEN,Soles,2026-09-10T00:00:00-05:00
ocds-dgv273-seacev3-1229444,ocds-dgv273-seacev3-1229444-2026-09-13T12:05:43.875206-05:00,1229444-20603202954,104093.0,PEN,Soles,2026-07-02T00:00:00-05:00
ocds-dgv273-seacev3-1245959,ocds-dgv273-seacev3-1245959-2026-09-13T12:05:43.768288-05:00,1245959-20546482511,5311476.47,PEN,Soles,2026-09-10T00:00:00-05:00
ocds-dgv273-seacev3-1246723,ocds-dgv273-seacev3-1246723-2026-09-13T12:05:41.910244-05:00,1246723-1827726,2946241.89,PEN,Soles,2026-09-02T00:00:00-05:00
ocds-dgv273-seacev3-1241655,ocds-dgv273-seacev3-1241655-2026-09-13T12:05:40.657958-05:00,1241655-10106213823,135879.0,PEN,Soles,2026-08-17T00:00:00-05:00
ocds-dgv273-seacev3-1227278,ocds-dgv273-seacev3-1227278-2026-09-13T12:05:39.000436-05:00,1227278-1814614,209829.36,PEN,Soles,2026-08-17T00:00:00-05:00
ocds-dgv273-seacev3-1228717,ocds-dgv273-seacev3-1228717-2026-09-13T12:05:38.882000-05:00,1228717-1809786,269920.0,PEN,Soles,2026-08-04T00:00:00-05:00
ocds-dgv273-seacev3-1225963,ocds-dgv273-seacev3-1225963-2026-09-13T12:05:38.851198-05:00,1225963-1818596,85000.0,PEN,Soles,2026-09-01T00:00:00-05:00
ocds-dgv273-seacev3-2026-2383-80,ocds-dgv273-seacev3-2026-2383-80-2026-09-13T12:05:38.158212-05:00,1229929-20552452314,119850.0,PEN,Soles,2026-09-02T00:00:00-05:00
ocds-dgv273-seacev3-1227549,ocds-dgv273-seacev3-1227549-2026-09-13T12:05:38.042902-05:00,1227549-10441579450,150000.0,PEN,Soles,2026-06-26T00:00:00-05:00
ocds-dgv273-seacev3-1225198,ocds-dgv273-seacev3-1225198-2026-09-13T12:05:38.024441-05:00,1225198-20610328955,338000.0,PEN,Soles,2026-07-08T00:00:00-05:00
ocds-dgv273-seacev3-2026-203378-3,ocds-dgv273-seacev3-2026-203378-3-2026-09-13T12:05:38.013742-05:00,1223505-20430984030,112825.0,PEN,Soles,2026-08-31T00:00:00-05:00
ocds-dgv273-seacev3-2026-203378-3,ocds-dgv273-seacev3-2026-203378-3-2026-09-13T12:05:38.013742-05:00,1223505-20469252541,288000.0,PEN,Soles,2026-08-31T00:00:00-05:00
ocds-dgv273-seacev3-2026-203378-3,ocds-dgv273-seacev3-2026-203378-3-2026-09-13T12:05:38.013742-05:00,1223505-20523208102,273856.0,PEN,Soles,2026-08-31T00:00:00-05:00
ocds-dgv273-seacev3-1222681,ocds-dgv273-seacev3-1222681-2026-09-13T12:05:37.995417-05:00,1222681-20603724730,168000.0,PEN,Soles,2026-07-24T00:00:00-05:00
ocds-dgv273-seacev3-1222681,ocds-dgv273-seacev3-1222681-2026-09-13T12:05:37.995417-05:00,1222681-1804966,140000.0,PEN,Soles,2026-08-13T00:00:00-05:00
ocds-dgv273-seacev3-1225143,ocds-dgv273-seacev3-1225143-2026-09-13T12:05:37.953112-05:00,1225143-20445791891,77306.57,PEN,Soles,2026-08-05T00:00:00-05:00
ocds-dgv273-seacev3-2026-200191-108,ocds-dgv273-seacev3-2026-200191-108-2026-09-13T12:05:37.927923-05:00,1220682-1811685,446400.0,PEN,Soles,2026-07-24T00:00:00-05:00
ocds-dgv273-seacev3-1225487,ocds-dgv273-seacev3-1225487-2026-09-13T12:05:37.916423-05:00,1225487-20606612568,293850.0,PEN,Soles,2026-07-03T00:00:00-05:00
ocds-dgv273-seacev3-1225487,ocds-dgv273-seacev3-1225487-2026-09-13T12:05:37.916423-05:00,1225487-20607925756,350000.0,PEN,Soles,2026-08-04T00:00:00-05:00
ocds-dgv273-seacev3-1227741,ocds-dgv273-seacev3-1227741-2026-09-13T12:05:37.885334-05:00,1227741-20544172761,279999.0,PEN,Soles,2026-07-17T00:00:00-05:00
ocds-dgv273-seacev3-1228218,ocds-dgv273-seacev3-1228218-2026-09-13T12:05:37.869997-05:00,1228218-1808583,65500.0,PEN,Soles,2026-07-13T00:00:00-05:00
ocds-dgv273-seacev3-1224570,ocds-dgv273-seacev3-1224570-2026-09-13T12:05:37.852490-05:00,1224570-20101400990,253825.6,PEN,Soles,2026-07-10T00:00:00-05:00
ocds-dgv273-seacev3-1227353,ocds-dgv273-seacev3-1227353-2026-09-13T12:05:37.819092-05:00,1227353-1807998,397149.81,PEN,Soles,2026-08-18T00:00:00-05:00
ocds-dgv273-seacev3-2026-200033-9,ocds-dgv273-seacev3-2026-200033-9-2026-09-13T12:05:37.760916-05:00,1224462-1814434,1468453.49,PEN,Soles,2026-07-24T00:00:00-05:00
ocds-dgv273-seacev3-1226449,ocds-dgv273-seacev3-1226449-2026-09-13T12:05:37.709779-05:00,1226449-10446373671,85000.0,PEN,Soles,2026-09-03T00:00:00-05:00
ocds-dgv273-seacev3-2026-2383-138,ocds-dgv273-seacev3-2026-2383-138-2026-09-13T12:05:37.693929-05:00,1228385-20611921315,142568.06,PEN,Soles,2026-07-24T00:00:00-05:00
ocds-dgv273-seacev3-2026-2383-138,ocds-dgv273-seacev3-2026-2383-138-2026-09-13T12:05:37.693929-05:00,1228385-20518629451,174450.0,PEN,Soles,2026-09-02T00:00:00-05:00
ocds-dgv273-seacev3-1244698,ocds-dgv273-seacev3-1244698-2026-09-13T12:05:33.830975-05:00,1244698-10166248154,435758.95,PEN,Soles,2026-09-03T00:00:00-05:00
ocds-dgv273-seacev3-2026-2528-29,ocds-dgv273-seacev3-2026-2528-29-2026-09-13T12:05:33.567981-05:00,1229019-20615170349,130095.0,PEN,Soles,2026-09-03T00:00:00-05:00
ocds-dgv273-seacev3-1249146,ocds-dgv273-seacev3-1249146-2026-09-13T12:05:32.716077-05:00,1249146-10407752193,60000.0,PEN,Soles,2026-09-10T00:00:00-05:00
ocds-dgv273-seacev3-1240659,ocds-dgv273-seacev3-1240659-2026-09-13T12:05:31.845980-05:00,1240659-20608549952,146000.0,PEN,Soles,2026-08-25T00:00:00-05:00
ocds-dgv273-seacev3-1229081,ocds-dgv273-seacev3-1229081-2026-09-13T12:05:28.956321-05:00,1229081-20297955170,477855.0,PEN,Soles,2026-08-31T00:00:00-05:00
ocds-dgv273-seacev3-1229081,ocds-dgv273-seacev3-1229081-2026-09-13T12:05:28.956321-05:00,1229081-20306246535,250252.8,PEN,Soles,2026-08-31T00:00:00-05:00
ocds-dgv273-seacev3-1229081,ocds-dgv273-seacev3-1229081-2026-09-13T12:05:28.956321-05:00,1229081-20546145515,169208.8,PEN,Soles,2026-08-31T00:00:00-05:00
ocds-dgv273-seacev3-1229081,ocds-dgv273-seacev3-1229081-2026-09-13T12:05:28.956321-05:00,1229081-20547083785,140137.0,PEN,Soles,2026-08-31T00:00:00-05:00
ocds-dgv273-seacev3-1229081,ocds-dgv273-seacev3-1229081-2026-09-13T12:05:28.956321-05:00,1229081-20557976095,333230.1,PEN,Soles,2026-08-31T00:00:00-05:00
ocds-dgv273-seacev3-1228183,ocds-dgv273-seacev3-1228183-2026-09-13T12:05:28.119549-05:00,1228183-20523470761,150249.96,PEN,Soles,2026-08-18T00:00:00-05:00
ocds-dgv273-seacev3-1229102,ocds-dgv273-seacev3-1229102-2026-09-13T12:05:28.014236-05:00,1229102-10069550733,233280.0,PEN,Soles,2026-08-10T00:00:00-05:00
ocds-dgv273-seacev3-1228396,ocds-dgv273-seacev3-1228396-2026-09-13T12:05:27.998077-05:00,1228396-20197705249,1539181.8,PEN,Soles,2026-08-12T00:00:00-05:00
ocds-dgv273-seacev3-1228396,ocds-dgv273-seacev3-1228396-2026-09-13T12:05:27.998077-05:00,1228396-20471476898,2277032.4,PEN,Soles,2026-08-12T00:00:00-05:00
ocds-dgv273-seacev3-1228591,ocds-dgv273-seacev3-1228591-2026-09-13T12:05:27.957028-05:00,1228591-10460685911,50680.41,PEN,Soles,2026-08-05T00:00:00-05:00
ocds-dgv273-seacev3-1225607,ocds-dgv273-seacev3-1225607-2026-09-13T12:05:27.933330-05:00,1225607-20534001593,477505.46,PEN,Soles,2026-07-09T00:00:00-05:00
ocds-dgv273-seacev3-1227617,ocds-dgv273-seacev3-1227617-2026-09-13T12:05:27.667732-05:00,1227617-20602284442,256596.3,PEN,Soles,2026-07-02T00:00:00-05:00
ocds-dgv273-seacev3-1221780,ocds-dgv273-seacev3-1221780-2026-09-13T12:05:27.659578-05:00,1221780-20506667357,414000.0,PEN,Soles,2026-08-14T00:00:00-05:00
ocds-dgv273-seacev3-1221320,ocds-dgv273-seacev3-1221320-2026-09-13T12:05:27.541788-05:00,1221320-20604234035,179400.0,PEN,Soles,2026-09-11T00:00:00-05:00
ocds-dgv273-seacev3-1226492,ocds-dgv273-seacev3-1226492-2026-09-13T12:05:27.479348-05:00,1226492-20123704585,1006000.0,PEN,Soles,2026-08-18T00:00:00-05:00
ocds-dgv273-seacev3-1223717,ocds-dgv273-seacev3-1223717-2026-09-13T12:05:27.416990-05:00,1223717-20447847001,225000.0,PEN,Soles,2026-07-08T00:00:00-05:00
ocds-dgv273-seacev3-2026-200498-1,ocds-dgv273-seacev3-2026-200498-1-2026-09-13T12:05:27.397476-05:00,1226471-20546675310,4464000.0,PEN,Soles,2026-07-22T00:00:00-05:00
ocds-dgv273-seacev3-1221477,ocds-dgv273-seacev3-1221477-2026-09-13T12:05:27.348560-05:00,1221477-20496046375,75048.0,PEN,Soles,2026-08-13T00:00:00-05:00
ocds-dgv273-seacev3-2026-2409-154,ocds-dgv273-seacev3-2026-2409-154-2026-09-13T12:05:27.287830-05:00,1223014-20608203452,88550.5,PEN,Soles,2026-09-01T00:00:00-05:00
ocds-dgv273-seacev3-1224486,ocds-dgv273-seacev3-1224486-2026-09-13T12:05:21.992683-05:00,1224486-20546561497,996220.0,PEN,Soles,2026-08-19T00:00:00-05:00
ocds-dgv273-seacev3-1227646,ocds-dgv273-seacev3-1227646-2026-09-13T12:05:19.075222-05:00,1227646-20109161609,75000.0,PEN,Soles,2026-08-21T00:00:00-05:00
ocds-dgv273-seacev3-1245059,ocds-dgv273-seacev3-1245059-2026-09-13T12:05:18.960638-05:00,1245059-1825560,319677.76,PEN,Soles,2026-09-03T00:00:00-05:00
ocds-dgv273-seacev3-1229789,ocds-dgv273-seacev3-1229789-2026-09-13T12:05:17.319751-05:00,1229789-1811369,1058263.01,PEN,Soles,2026-07-30T00:00:00-05:00
ocds-dgv273-seacev3-1229827,ocds-dgv273-seacev3-1229827-2026-09-13T12:05:16.949614-05:00,1229827-20610513795,52923.36,PEN,Soles,2026-07-31T00:00:00-05:00
ocds-dgv273-seacev3-2026-200191-85,ocds-dgv273-seacev3-2026-200191-85-2026-09-13T12:05:16.069971-05:00,1227925-20600472411,1097725.0,PEN,Soles,2026-08-26T00:00:00-05:00
ocds-dgv273-seacev3-1218313,ocds-dgv273-seacev3-1218313-2026-09-13T12:05:16.039553-05:00,1218313-1808346,1352203.56,PEN,Soles,2026-07-06T00:00:00-05:00
ocds-dgv273-seacev3-1222468,ocds-dgv273-seacev3-1222468-2026-09-13T12:05:16.019811-05:00,1222468-1802653,2122373.58,PEN,Soles,2026-06-16T00:00:00-05:00
ocds-dgv273-seacev3-1229878,ocds-dgv273-seacev3-1229878-2026-09-13T12:05:16.000385-05:00,1229878-1815658,3452308.51,PEN,Soles,2026-08-05T00:00:00-05:00
ocds-dgv273-seacev3-1225499,ocds-dgv273-seacev3-1225499-2026-09-13T12:05:15.874345-05:00,1225499-20482088270,766080.0,PEN,Soles,2026-08-11T00:00:00-05:00
ocds-dgv273-seacev3-1225499,ocds-dgv273-seacev3-1225499-2026-09-13T12:05:15.874345-05:00,1225499-20600138228,1485000.0,PEN,Soles,2026-08-11T00:00:00-05:00
ocds-dgv273-seacev3-1226799,ocds-dgv273-seacev3-1226799-2026-09-13T12:05:15.803062-05:00,1226799-20447640598,6815900.0,PEN,Soles,2026-07-08T00:00:00-05:00
ocds-dgv273-seacev3-1226799,ocds-dgv273-seacev3-1226799-2026-09-13T12:05:15.803062-05:00,1226799-20542849267,1300000.0,PEN,Soles,2026-07-08T00:00:00-05:00
ocds-dgv273-seacev3-1226799,ocds-dgv273-seacev3-1226799-2026-09-13T12:05:15.803062-05:00,1226799-20563987082,689300.0,PEN,Soles,2026-07-08T00:00:00-05:00
ocds-dgv273-seacev3-1226799,ocds-dgv273-seacev3-1226799-2026-09-13T12:05:15.803062-05:00,1226799-20606601442,1139000.0,PEN,Soles,2026-07-08T00:00:00-05:00
ocds-dgv273-seacev3-1229741,ocds-dgv273-seacev3-1229741-2026-09-13T12:05:15.745239-05:00,1229741-20573024703,169866.84,PEN,Soles,2026-07-31T00:00:00-05:00
ocds-dgv273-seacev3-1227793,ocds-dgv273-seacev3-1227793-2026-09-13T12:05:15.728841-05:00,1227793-1806316,1563124.49,PEN,Soles,2026-06-26T00:00:00-05:00
ocds-dgv273-seacev3-2026-1316-18,ocds-dgv273-seacev3-2026-1316-18-2026-09-13T12:05:15.706403-05:00,1223398-1803642,461001.72,PEN,Soles,2026-08-17T00:00:00-05:00
ocds-dgv273-seacev3-2026-1316-18,ocds-dgv273-seacev3-2026-1316-18-2026-09-13T12:05:15.706403-05:00,1223398-20521879239,461001.72,PEN,Soles,2026-08-17T00:00:00-05:00
ocds-dgv273-seacev3-1222972,ocds-dgv273-seacev3-1222972-2026-09-13T12:05:15.662463-05:00,1222972-20610881557,62350.0,PEN,Soles,2026-07-01T00:00:00-05:00
ocds-dgv273-seacev3-1226509,ocds-dgv273-seacev3-1226509-2026-09-13T12:05:15.648403-05:00,1226509-20600600207,50340.0,PEN,Soles,2026-06-23T00:00:00-05:00
ocds-dgv273-seacev3-1228470,ocds-dgv273-seacev3-1228470-2026-09-13T12:05:15.560172-05:00,1228470-20508191597,2543100.0,PEN,Soles,2026-08-27T00:00:00-05:00
ocds-dgv273-seacev3-1228470,ocds-dgv273-seacev3-1228470-2026-09-13T12:05:15.560172-05:00,1228470-20606795867,408480.0,PEN,Soles,2026-08-27T00:00:00-05:00
ocds-dgv273-seacev3-2026-200191-46,ocds-dgv273-seacev3-2026-200191-46-2026-09-13T12:05:15.541658-05:00,1223829-20100210909,2123505.0,USD,Dólar Norteamericano,2026-08-20T00:00:00-05:00
ocds-dgv273-seacev3-2026-200191-46,ocds-dgv273-seacev3-2026-200191-46-2026-09-13T12:05:15.541658-05:00,1223829-20332970411,398923.97,USD,Dólar Norteamericano,2026-08-20T00:00:00-05:00
ocds-dgv273-seacev3-2026-200191-46,ocds-dgv273-seacev3-2026-200191-46-2026-09-13T12:05:15.541658-05:00,1223829-20390625007,165638.55,USD,Dólar Norteamericano,2026-08-20T00:00:00-05:00
ocds-dgv273-seacev3-2026-200191-46,ocds-dgv273-seacev3-2026-200191-46-2026-09-13T12:05:15.541658-05:00,1223829-20418896915,2626228.8,USD,Dólar Norteamericano,2026-08-20T00:00:00-05:00
ocds-dgv273-seacev3-2026-1922-126,ocds-dgv273-seacev3-2026-1922-126-2026-09-13T12:05:15.507208-05:00,1224952-20134137542,47030.0,PEN,Soles,2026-06-30T00:00:00-05:00
ocds-dgv273-seacev3-1218832,ocds-dgv273-seacev3-1218832-2026-09-13T12:05:15.490234-05:00,1218832-1808692,1256775.47,PEN,Soles,2026-07-07T00:00:00-05:00
ocds-dgv273-seacev3-1222798,ocds-dgv273-seacev3-1222798-2026-09-13T12:05:15.476415-05:00,1222798-1824204,150000.0,PEN,Soles,2026-09-03T00:00:00-05:00
ocds-dgv273-seacev3-1222665,ocds-dgv273-seacev3-1222665-2026-09-13T12:05:15.454365-05:00,1222665-20491930684,236375.0,PEN,Soles,2026-06-25T00:00:00-05:00
ocds-dgv273-seacev3-1227310,ocds-dgv273-seacev3-1227310-2026-09-13T12:05:15.405087-05:00,1227310-20418896915,1233513.91,PEN,Nuevos Soles,2026-08-31T00:00:00-05:00
ocds-dgv273-seacev3-1225958,ocds-dgv273-seacev3-1225958-2026-09-13T12:05:15.286413-05:00,1225958-20100144922,245470.0,PEN,Soles,2026-07-31T00:00:00-05:00
ocds-dgv273-seacev3-1225958,ocds-dgv273-seacev3-1225958-2026-09-13T12:05:15.286413-05:00,1225958-20100821371,170674.95,PEN,Soles,2026-07-31T00:00:00-05:00
ocds-dgv273-seacev3-1225958,ocds-dgv273-seacev3-1225958-2026-09-13T12:05:15.286413-05:00,1225958-20256211310,241996.0,PEN,Soles,2026-07-31T00:00:00-05:00
ocds-dgv273-seacev3-1225958,ocds-dgv273-seacev3-1225958-2026-09-13T12:05:15.286413-05:00,1225958-99999999999,416144.95,PEN,Soles,2026-07-31T00:00:00-05:00
ocds-dgv273-seacev3-1226875,ocds-dgv273-seacev3-1226875-2026-09-13T12:05:15.230512-05:00,1226875-10706937931,222400.0,PEN,Soles,2026-08-13T00:00:00-05:00
ocds-dgv273-seacev3-1221574,ocds-dgv273-seacev3-1221574-2026-09-13T12:05:15.214341-05:00,1221574-1804458,203812.49,PEN,Soles,2026-08-12T00:00:00-05:00
ocds-dgv273-seacev3-1229627,ocds-dgv273-seacev3-1229627-2026-09-13T12:05:11.104134-05:00,1229627-20422104390,844817.8,PEN,Nuevos Soles,2026-09-10T00:00:00-05:00
ocds-dgv273-seacev3-1229627,ocds-dgv273-seacev3-1229627-2026-09-13T12:05:11.104134-05:00,1229627-20515430769,3269382.0,PEN,Soles,2026-09-10T00:00:00-05:00
ocds-dgv273-seacev3-1249166,ocds-dgv273-seacev3-1249166-2026-09-13T12:05:10.786453-05:00,1249166-20490971824,197640.0,PEN,Soles,2026-09-10T00:00:00-05:00
ocds-dgv273-seacev3-2026-2409-132,ocds-dgv273-seacev3-2026-2409-132-2026-09-13T12:05:09.467857-05:00,1229705-20610475672,112700.0,PEN,Soles,2026-09-03T00:00:00-05:00
ocds-dgv273-seacev3-1228427,ocds-dgv273-seacev3-1228427-2026-09-13T12:05:09.213423-05:00,1228427-20101320295,58304.0,PEN,Soles,2026-07-20T00:00:00-05:00
ocds-dgv273-seacev3-1249425,ocds-dgv273-seacev3-1249425-2026-09-13T12:05:09.049449-05:00,1249425-20608549952,146000.0,PEN,Soles,2026-09-11T00:00:00-05:00
ocds-dgv273-seacev3-1229895,ocds-dgv273-seacev3-1229895-2026-09-13T12:05:08.787875-05:00,1229895-20610513795,58599.04,PEN,Soles,2026-07-31T00:00:00-05:00
ocds-dgv273-seacev3-1229259,ocds-dgv273-seacev3-1229259-2026-09-13T12:05:06.863126-05:00,1229259-20197705249,744699.0,PEN,Soles,2026-08-10T18:15:15-05:00
ocds-dgv273-seacev3-1229259,ocds-dgv273-seacev3-1229259-2026-09-13T12:05:06.863126-05:00,1229259-20504312403,2330000.0,PEN,Soles,2026-08-10T18:13:42-05:00
ocds-dgv273-seacev3-1229259,ocds-dgv273-seacev3-1229259-2026-09-13T12:05:06.863126-05:00,1229259-20506248036,7521851.0,PEN,Soles,2026-08-10T18:14:06-05:00
ocds-dgv273-seacev3-1229259,ocds-dgv273-seacev3-1229259-2026-09-13T12:05:06.863126-05:00,1229259-20605701435,4588879.1,PEN,Soles,2026-08-10T18:14:50-05:00
ocds-dgv273-seacev3-1228809,ocds-dgv273-seacev3-1228809-2026-09-13T12:05:05.770614-05:00,1228809-20393670682,203998.5,PEN,Soles,2026-07-22T00:00:00-05:00
ocds-dgv273-seacev3-1228809,ocds-dgv273-seacev3-1228809-2026-09-13T12:05:05.770614-05:00,1228809-20480393679,1099200.0,PEN,Soles,2026-07-22T00:00:00-05:00
ocds-dgv273-seacev3-1228809,ocds-dgv273-seacev3-1228809-2026-09-13T12:05:05.770614-05:00,1228809-20490222716,243192.2,PEN,Soles,2026-07-22T00:00:00-05:00
ocds-dgv273-seacev3-1228809,ocds-dgv273-seacev3-1228809-2026-09-13T12:05:05.770614-05:00,1228809-20605598375,1121766.67,PEN,Soles,2026-07-22T00:00:00-05:00
ocds-dgv273-seacev3-1229266,ocds-dgv273-seacev3-1229266-2026-09-13T12:05:05.303023-05:00,1229266-20600592867,150000.0,PEN,Soles,2026-07-17T00:00:00-05:00
ocds-dgv273-seacev3-2026-1908-35,ocds-dgv273-seacev3-2026-1908-35-2026-09-13T12:05:05.175204-05:00,1229100-1820681,789110.0,PEN,Soles,2026-08-31T00:00:00-05:00
ocds-dgv273-seacev3-1228998,ocds-dgv273-seacev3-1228998-2026-09-13T12:05:05.158264-05:00,1228998-20482736450,297372.5,PEN,Soles,2026-07-22T00:00:00-05:00
ocds-dgv273-seacev3-1222304,ocds-dgv273-seacev3-1222304-2026-09-13T12:05:05.140914-05:00,1222304-1805352,7150807.4,PEN,Soles,2026-07-17T00:00:00-05:00
ocds-dgv273-seacev3-1228146,ocds-dgv273-seacev3-1228146-2026-09-13T12:05:05.031196-05:00,1228146-20610854681,218905.0,PEN,Soles,2026-07-20T00:00:00-05:00
ocds-dgv273-seacev3-1228538,ocds-dgv273-seacev3-1228538-2026-09-13T12:05:04.985943-05:00,1228538-20449280602,438880.0,PEN,Soles,2026-08-27T00:00:00-05:00
ocds-dgv273-seacev3-1226174,ocds-dgv273-seacev3-1226174-2026-09-13T12:05:04.908195-05:00,1226174-20108629909,132000.0,PEN,Soles,2026-08-25T00:00:00-05:00
ocds-dgv273-seacev3-1228179,ocds-dgv273-seacev3-1228179-2026-09-13T12:05:04.887383-05:00,1228179-20549643231,56500.0,PEN,Soles,2026-07-13T00:00:00-05:00
ocds-dgv273-seacev3-1228179,ocds-dgv273-seacev3-1228179-2026-09-13T12:05:04.887383-05:00,1228179-20602292810,145767.0,PEN,Soles,2026-07-13T00:00:00-05:00
ocds-dgv273-seacev3-1228532,ocds-dgv273-seacev3-1228532-2026-09-13T12:05:04.794675-05:00,1228532-20611896396,181296.0,PEN,Soles,2026-07-22T00:00:00-05:00
ocds-dgv273-seacev3-2026-200554-3,ocds-dgv273-seacev3-2026-200554-3-2026-09-13T12:05:04.773419-05:00,1229324-20600226640,82800.0,PEN,Soles,2026-07-30T00:00:00-05:00
ocds-dgv273-seacev3-2026-200554-3,ocds-dgv273-seacev3-2026-200554-3-2026-09-13T12:05:04.773419-05:00,1229324-20556034720,102622.92,PEN,Soles,2026-09-03T00:00:00-05:00
ocds-dgv273-seacev3-2026-13-38,ocds-dgv273-seacev3-2026-13-38-2026-09-13T12:05:04.757476-05:00,1229221-20602362273,110922.0,PEN,Soles,2026-08-14T00:00:00-05:00
ocds-dgv273-seacev3-1226672,ocds-dgv273-seacev3-1226672-2026-09-13T12:05:04.667037-05:00,1226672-20100010721,146363.05,PEN,Soles,2026-06-22T00:00:00-05:00
ocds-dgv273-seacev3-1228254,ocds-dgv273-seacev3-1228254-2026-09-13T12:05:04.604110-05:00,1228254-20533847901,67309.62,PEN,Soles,2026-07-15T00:00:00-05:00
ocds-dgv273-seacev3-1229796,ocds-dgv273-seacev3-1229796-2026-09-13T12:05:04.580268-05:00,1229796-20610993401,97887.24,PEN,Soles,2026-07-31T00:00:00-05:00
ocds-dgv273-seacev3-2026-200038-4,ocds-dgv273-seacev3-2026-200038-4-2026-09-13T12:05:04.565241-05:00,1228444-20382072023,977925.0,PEN,Soles,2026-08-04T00:00:00-05:00
ocds-dgv273-seacev3-1225561,ocds-dgv273-seacev3-1225561-2026-09-13T12:05:04.407458-05:00,1225561-20507852549,1427821.68,PEN,Soles,2026-08-03T00:00:00-05:00
ocds-dgv273-seacev3-1226898,ocds-dgv273-seacev3-1226898-2026-09-13T12:05:04.357892-05:00,1226898-1812748,1136359.82,PEN,Soles,2026-09-03T00:00:00-05:00
ocds-dgv273-seacev3-1227664,ocds-dgv273-seacev3-1227664-2026-09-13T12:05:04.322354-05:00,1227664-20475805101,295500.0,PEN,Soles,2026-08-31T00:00:00-05:00
ocds-dgv273-seacev3-1228041,ocds-dgv273-seacev3-1228041-2026-09-13T12:05:04.268832-05:00,1228041-20490687271,307720.0,PEN,Soles,2026-07-22T00:00:00-05:00
ocds-dgv273-seacev3-1227623,ocds-dgv273-seacev3-1227623-2026-09-13T12:05:04.250089-05:00,1227623-1816141,7567380.36,PEN,Soles,2026-09-11T00:00:00-05:00
ocds-dgv273-seacev3-1227623,ocds-dgv273-seacev3-1227623-2026-09-13T12:05:04.250089-05:00,1227623-20572205895,4845953.52,PEN,Soles,2026-09-11T00:00:00-05:00
ocds-dgv273-seacev3-1222707,ocds-dgv273-seacev3-1222707-2026-09-13T12:05:04.225598-05:00,1222707-1802868,3021977.38,PEN,Soles,2026-06-17T00:00:00-05:00
ocds-dgv273-seacev3-1226278,ocds-dgv273-seacev3-1226278-2026-09-13T12:05:04.207387-05:00,1226278-1806971,19511891.14,PEN,Soles,2026-07-09T00:00:00-05:00
ocds-dgv273-seacev3-1225813,ocds-dgv273-seacev3-1225813-2026-09-13T12:05:04.123932-05:00,1225813-20602277900,600694.0,PEN,Soles,2026-09-10T00:00:00-05:00
ocds-dgv273-seacev3-1225210,ocds-dgv273-seacev3-1225210-2026-09-13T12:05:04.090192-05:00,1225210-20503497728,310000.0,PEN,Soles,2026-08-12T00:00:00-05:00
ocds-dgv273-seacev3-1249141,ocds-dgv273-seacev3-1249141-2026-09-13T12:04:59.749484-05:00,1249141-10097140419,39000.0,PEN,Soles,2026-09-10T00:00:00-05:00
ocds-dgv273-seacev3-1247897,ocds-dgv273-seacev3-1247897-2026-09-13T12:04:59.201731-05:00,1247897-20600397789,1787364.88,PEN,Soles,2026-09-10T00:00:00-05:00
ocds-dgv273-seacev3-2026-200344-10,ocds-dgv273-seacev3-2026-200344-10-2026-09-13T12:04:58.661791-05:00,1229944-20332970411,1231993.66,PEN,Soles,2026-08-28T00:00:00-05:00
ocds-dgv273-seacev3-1229187,ocds-dgv273-seacev3-1229187-2026-09-13T12:04:57.860680-05:00,1229187-20100061474,533832.0,PEN,Soles,2026-07-06T00:00:00-05:00
ocds-dgv273-seacev3-1229891,ocds-dgv273-seacev3-1229891-2026-09-13T12:04:57.243384-05:00,1229891-20307704049,157440.0,PEN,Soles,2026-09-02T00:00:00-05:00
ocds-dgv273-seacev3-1248522,ocds-dgv273-seacev3-1248522-2026-09-13T12:04:57.106397-05:00,1248522-10403063415,393442.7,PEN,Soles,2026-09-09T00:00:00-05:00
ocds-dgv273-seacev3-1227482,ocds-dgv273-seacev3-1227482-2026-09-13T12:04:53.930886-05:00,1227482-20605724125,423185.3,PEN,Soles,2026-08-27T00:00:00-05:00
ocds-dgv273-seacev3-1227242,ocds-dgv273-seacev3-1227242-2026-09-13T12:04:53.876485-05:00,1227242-20603645007,404150.0,PEN,Soles,2026-07-16T00:00:00-05:00
ocds-dgv273-seacev3-1227242,ocds-dgv273-seacev3-1227242-2026-09-13T12:04:53.876485-05:00,1227242-20392888935,406950.5,PEN,Soles,2026-07-16T00:00:00-05:00
ocds-dgv273-seacev3-1224030,ocds-dgv273-seacev3-1224030-2026-09-13T12:04:53.841187-05:00,1224030-20100171814,1675623.78,PEN,Soles,2026-08-28T00:00:00-05:00
ocds-dgv273-seacev3-2026-2406-40,ocds-dgv273-seacev3-2026-2406-40-2026-09-13T12:04:53.728930-05:00,1229589-20602828591,666517.2,PEN,Soles,2026-09-10T00:00:00-05:00
ocds-dgv273-seacev3-1227639,ocds-dgv273-seacev3-1227639-2026-09-13T12:04:53.720515-05:00,1227639-20545804795,113756.0,PEN,Soles,2026-08-18T00:00:00-05:00
ocds-dgv273-seacev3-1229501,ocds-dgv273-seacev3-1229501-2026-09-13T12:04:53.708357-05:00,1229501-1809317,1142143.2,PEN,Soles,2026-09-11T00:00:00-05:00
ocds-dgv273-seacev3-1221763,ocds-dgv273-seacev3-1221763-2026-09-13T12:04:53.692654-05:00,1221763-1801866,327762.39,PEN,Soles,2026-06-15T00:00:00-05:00
ocds-dgv273-seacev3-1228438,ocds-dgv273-seacev3-1228438-2026-09-13T12:04:53.677457-05:00,1228438-1816946,1082904.28,PEN,Soles,2026-08-10T00:00:00-05:00
ocds-dgv273-seacev3-1226649,ocds-dgv273-seacev3-1226649-2026-09-13T12:04:53.647453-05:00,1226649-20605385436,650000.0,PEN,Soles,2026-08-10T00:00:00-05:00
ocds-dgv273-seacev3-1224751,ocds-dgv273-seacev3-1224751-2026-09-13T12:04:53.535642-05:00,1224751-1813665,14163998.08,PEN,Soles,2026-07-30T00:00:00-05:00
ocds-dgv273-seacev3-1228056,ocds-dgv273-seacev3-1228056-2026-09-13T12:04:53.415381-05:00,1228056-1813168,141005.76,PEN,Soles,2026-08-04T00:00:00-05:00
ocds-dgv273-seacev3-1222192,ocds-dgv273-seacev3-1222192-2026-09-13T12:04:53.296141-05:00,1222192-1808455,422192.0,PEN,Soles,2026-07-21T00:00:00-05:00
ocds-dgv273-seacev3-1229862,ocds-dgv273-seacev3-1229862-2026-09-13T12:04:53.269323-05:00,1229862-20606746491,146214.88,PEN,Soles,2026-07-31T00:00:00-05:00
ocds-dgv273-seacev3-1225715,ocds-dgv273-seacev3-1225715-2026-09-13T12:04:53.236991-05:00,1225715-1824517,5575752.0,PEN,Soles,2026-08-31T00:00:00-05:00
ocds-dgv273-seacev3-1225606,ocds-dgv273-seacev3-1225606-2026-09-13T12:04:53.227145-05:00,1225606-10076369939,352000.0,PEN,Soles,2026-07-10T00:00:00-05:00
ocds-dgv273-seacev3-1226166,ocds-dgv273-seacev3-1226166-2026-09-13T12:04:53.190191-05:00,1226166-1814183,239513.31,PEN,Soles,2026-08-10T00:00:00-05:00
ocds-dgv273-seacev3-1223900,ocds-dgv273-seacev3-1223900-2026-09-13T12:04:53.173180-05:00,1223900-10424974035,67462.57,PEN,Soles,2026-07-24T00:00:00-05:00
ocds-dgv273-seacev3-2026-653-4,ocds-dgv273-seacev3-2026-653-4-2026-09-13T12:04:53.162962-05:00,1221475-1816224,908444.68,PEN,Soles,2026-08-10T00:00:00-05:00
ocds-dgv273-seacev3-1225583,ocds-dgv273-seacev3-1225583-2026-09-13T12:04:53.113438-05:00,1225583-1806592,1923466.43,PEN,Soles,2026-06-30T00:00:00-05:00
ocds-dgv273-seacev3-1221695,ocds-dgv273-seacev3-1221695-2026-09-13T12:04:52.935578-05:00,1221695-20604404291,534455.0,PEN,Soles,2026-08-24T00:00:00-05:00
ocds-dgv273-seacev3-1225146,ocds-dgv273-seacev3-1225146-2026-09-13T12:04:52.881836-05:00,1225146-20606390395,274200.0,PEN,Soles,2026-06-30T00:00:00-05:00
ocds-dgv273-seacev3-1222948,ocds-dgv273-seacev3-1222948-2026-09-13T12:04:52.859478-05:00,1222948-20613481509,69000.0,PEN,Soles,2026-06-17T17:21:39-05:00
ocds-dgv273-seacev3-2026-200022-15,ocds-dgv273-seacev3-2026-200022-15-2026-09-13T12:04:52.848348-05:00,1224642-20490971824,197640.0,PEN,Soles,2026-07-15T00:00:00-05:00
ocds-dgv273-seacev3-1227418,ocds-dgv273-seacev3-1227418-2026-09-13T12:04:52.834198-05:00,1227418-L0611179844,262260.0,USD,Dólar Norteamericano,2026-07-20T00:00:00-05:00
ocds-dgv273-seacev3-1221840,ocds-dgv273-seacev3-1221840-2026-09-13T12:04:52.786923-05:00,1221840-1810530,490392.14,PEN,Soles,2026-07-31T00:00:00-05:00
ocds-dgv273-seacev3-1227046,ocds-dgv273-seacev3-1227046-2026-09-13T12:04:52.681151-05:00,1227046-1809080,2594709.49,PEN,Soles,2026-07-14T00:00:00-05:00
ocds-dgv273-seacev3-1226022,ocds-dgv273-seacev3-1226022-2026-09-13T12:04:52.640821-05:00,1226022-20366930532,64077.0,PEN,Nuevos Soles,2026-08-25T00:00:00-05:00
ocds-dgv273-seacev3-1229414,ocds-dgv273-seacev3-1229414-2026-09-13T12:04:45.779842-05:00,1229414-20100131359,38483.6,PEN,Soles,2026-09-10T00:00:00-05:00
ocds-dgv273-seacev3-1229427,ocds-dgv273-seacev3-1229427-2026-09-13T12:04:45.034791-05:00,1229427-20100018625,230000.0,PEN,Soles,2026-07-15T00:00:00-05:00
ocds-dgv273-seacev3-1226499,ocds-dgv273-seacev3-1226499-2026-09-13T12:04:42.839867-05:00,1226499-10446373671,59221.0,PEN,Soles,2026-09-03T00:00:00-05:00
ocds-dgv273-seacev3-1228149,ocds-dgv273-seacev3-1228149-2026-09-13T12:04:42.776340-05:00,1228149-20100329205,560499.01,PEN,Soles,2026-09-10T00:00:00-05:00
ocds-dgv273-seacev3-1226066,ocds-dgv273-seacev3-1226066-2026-09-13T12:04:42.486211-05:00,1226066-1818386,319308.0,PEN,Soles,2026-09-11T00:00:00-05:00
ocds-dgv273-seacev3-1225924,ocds-dgv273-seacev3-1225924-2026-09-13T12:04:42.458788-05:00,1225924-1816956,130000.0,PEN,Soles,2026-09-02T00:00:00-05:00
ocds-dgv273-seacev3-1229918,ocds-dgv273-seacev3-1229918-2026-09-13T12:04:42.411200-05:00,1229918-20610513035,68331.6,PEN,Soles,2026-07-31T00:00:00-05:00
ocds-dgv273-seacev3-1228014,ocds-dgv273-seacev3-1228014-2026-09-13T12:04:42.366639-05:00,1228014-1817208,6999607.17,PEN,Soles,2026-08-13T00:00:00-05:00
ocds-dgv273-seacev3-2026-10469-4,ocds-dgv273-seacev3-2026-10469-4-2026-09-13T12:04:42.347917-05:00,1224439-1819768,1895239.0,PEN,Soles,2026-08-13T00:00:00-05:00
ocds-dgv273-seacev3-1222820,ocds-dgv273-seacev3-1222820-2026-09-13T12:04:42.227213-05:00,1222820-10707666671,475000.0,PEN,Soles,2026-08-05T00:00:00-05:00
ocds-dgv273-seacev3-1224970,ocds-dgv273-seacev3-1224970-2026-09-13T12:04:42.210909-05:00,1224970-10002529900,178607.5,PEN,Soles,2026-06-18T00:00:00-05:00
ocds-dgv273-seacev3-2026-10246-15,ocds-dgv273-seacev3-2026-10246-15-2026-09-13T12:04:42.131625-05:00,1224108-20558376946,102234.0,PEN,Soles,2026-07-07T00:00:00-05:00
ocds-dgv273-seacev3-1227493,ocds-dgv273-seacev3-1227493-2026-09-13T12:04:42.097973-05:00,1227493-20449280602,440910.0,PEN,Soles,2026-08-18T00:00:00-05:00
ocds-dgv273-seacev3-1237897,ocds-dgv273-seacev3-1237897-2026-09-13T12:04:36.628224-05:00,1237897-1819729,13712469.21,PEN,Soles,2026-09-10T00:00:00-05:00
ocds-dgv273-seacev3-2026-10469-5,ocds-dgv273-seacev3-2026-10469-5-2026-09-13T12:04:35.729263-05:00,1228408-1819749,956670.0,PEN,Soles,2026-08-13T00:00:00-05:00
ocds-dgv273-seacev3-2026-2430-40,ocds-dgv273-seacev3-2026-2430-40-2026-09-13T12:04:34.986349-05:00,1229723-20100210909,15479.5,USD,Dólar Norteamericano,2026-09-10T00:00:00-05:00
ocds-dgv273-seacev3-1229587,ocds-dgv273-seacev3-1229587-2026-09-13T12:04:34.053485-05:00,1229587-20343877294,480480.0,PEN,Soles,2026-09-02T00:00:00-05:00
ocds-dgv273-seacev3-1229394,ocds-dgv273-seacev3-1229394-2026-09-13T12:04:33.819308-05:00,1229394-1811023,123700.0,PEN,Soles,2026-07-21T00:00:00-05:00
ocds-dgv273-seacev3-1248263,ocds-dgv273-seacev3-1248263-2026-09-13T12:04:33.326580-05:00,1248263-20381450377,678040.0,PEN,Soles,2026-09-11T00:00:00-05:00
ocds-dgv273-seacev3-1244184,ocds-dgv273-seacev3-1244184-2026-09-13T12:04:31.641618-05:00,1244184-20603831200,296207.78,PEN,Soles,2026-09-02T00:00:00-05:00
ocds-dgv273-seacev3-1222657,ocds-dgv273-seacev3-1222657-2026-09-13T12:04:30.686257-05:00,1222657-10408603299,109165.7,PEN,Soles,2026-09-02T00:00:00-05:00
ocds-dgv273-seacev3-2026-1922-62,ocds-dgv273-seacev3-2026-1922-62-2026-09-13T12:04:30.647579-05:00,1229709-20536176463,147500.0,USD,Dólar Norteamericano,2026-08-11T00:00:00-05:00
ocds-dgv273-seacev3-1227806,ocds-dgv273-seacev3-1227806-2026-09-13T12:04:30.630436-05:00,1227806-1807896,260843.05,PEN,Soles,2026-07-16T00:00:00-05:00
ocds-dgv273-seacev3-1222288,ocds-dgv273-seacev3-1222288-2026-09-13T12:04:30.493224-05:00,1222288-20255361695,406640.0,PEN,Soles,2026-07-31T12:45:20-05:00
ocds-dgv273-seacev3-1222288,ocds-dgv273-seacev3-1222288-2026-09-13T12:04:30.493224-05:00,1222288-20347268683,1273924.0,PEN,Soles,2026-07-31T12:42:03-05:00
ocds-dgv273-seacev3-1222288,ocds-dgv273-seacev3-1222288-2026-09-13T12:04:30.493224-05:00,1222288-20504007864,334835.28,PEN,Soles,2026-07-31T12:43:29-05:00
ocds-dgv273-seacev3-1222288,ocds-dgv273-seacev3-1222288-2026-09-13T12:04:30.493224-05:00,1222288-20602458939,3663180.0,PEN,Soles,2026-07-31T12:43:10-05:00
ocds-dgv273-seacev3-1222288,ocds-dgv273-seacev3-1222288-2026-09-13T12:04:30.493224-05:00,1222288-20602837549,294319.8,PEN,Soles,2026-07-31T12:46:05-05:00
ocds-dgv273-seacev3-1229433,ocds-dgv273-seacev3-1229433-2026-09-13T12:04:30.482784-05:00,1229433-20610284001,407700.0,PEN,Soles,2026-08-10T00:00:00-05:00
ocds-dgv273-seacev3-1229113,ocds-dgv273-seacev3-1229113-2026-09-13T12:04:30.466624-05:00,1229113-1814299,320416.61,PEN,Soles,2026-07-21T00:00:00-05:00
ocds-dgv273-seacev3-1228399,ocds-dgv273-seacev3-1228399-2026-09-13T12:04:30.389484-05:00,1228399-20602162274,93380.0,PEN,Soles,2026-09-03T00:00:00-05:00
ocds-dgv273-seacev3-1225110,ocds-dgv273-seacev3-1225110-2026-09-13T12:04:30.273009-05:00,1225110-1806660,255888.71,PEN,Soles,2026-07-31T00:00:00-05:00
ocds-dgv273-seacev3-1221851,ocds-dgv273-seacev3-1221851-2026-09-13T12:04:30.248404-05:00,1221851-20600190301,643500.0,PEN,Nuevos Soles,2026-07-14T00:00:00-05:00
ocds-dgv273-seacev3-1226487,ocds-dgv273-seacev3-1226487-2026-09-13T12:04:30.151960-05:00,1226487-20478099241,1211004.5,PEN,Soles,2026-08-11T00:00:00-05:00
ocds-dgv273-seacev3-1226193,ocds-dgv273-seacev3-1226193-2026-09-13T12:04:30.135539-05:00,1226193-20108629909,330000.0,PEN,Soles,2026-09-10T00:00:00-05:00
ocds-dgv273-seacev3-1221404,ocds-dgv273-seacev3-1221404-2026-09-13T12:04:30.112914-05:00,1221404-10437823851,2119076.0,PEN,Soles,2026-09-10T00:00:00-05:00
ocds-dgv273-seacev3-2026-200276-19,ocds-dgv273-seacev3-2026-200276-19-2026-09-13T12:04:30.017350-05:00,1223562-20602286623,1240316.0,PEN,Soles,2026-08-11T00:00:00-05:00
ocds-dgv273-seacev3-1226501,ocds-dgv273-seacev3-1226501-2026-09-13T12:04:29.978119-05:00,1226501-20608438751,316120.65,PEN,Soles,2026-09-10T00:00:00-05:00
ocds-dgv273-seacev3-2026-1926-114,ocds-dgv273-seacev3-2026-1926-114-2026-09-11T10:24:16.496375-05:00,1229921-20600530535,2576250.34,PEN,Soles,2026-09-09T00:00:00-05:00
ocds-dgv273-seacev3-1226432,ocds-dgv273-seacev3-1226432-2026-09-11T10:24:16.392620-05:00,1226432-20604202842,199870.0,PEN,Soles,2026-06-26T00:00:00-05:00
ocds-dgv273-seacev3-1226432,ocds-dgv273-seacev3-1226432-2026-09-11T10:24:16.392620-05:00,1226432-20607931128,201190.0,PEN,Soles,2026-08-10T00:00:00-05:00
ocds-dgv273-seacev3-1226432,ocds-dgv273-seacev3-1226432-2026-09-11T10:24:16.392620-05:00,1226432-20605822721,218000.0,PEN,Soles,2026-09-01T00:00:00-05:00
ocds-dgv273-seacev3-1220524,ocds-dgv273-seacev3-1220524-2026-09-11T10:24:16.360984-05:00,1220524-20610512993,95446.2,PEN,Nuevos Soles,2026-06-23T00:00:00-05:00
ocds-dgv273-seacev3-1227115,ocds-dgv273-seacev3-1227115-2026-09-11T10:24:16.312757-05:00,1227115-1827680,76715256.2,PEN,Soles,2026-09-09T00:00:00-05:00
ocds-dgv273-seacev3-2026-2543-118,ocds-dgv273-seacev3-2026-2543-118-2026-09-11T10:24:15.451351-05:00,1221982-20408203377,359538.26,PEN,Soles,2026-07-20T00:00:00-05:00
ocds-dgv273-seacev3-1225635,ocds-dgv273-seacev3-1225635-2026-09-11T10:24:15.418642-05:00,1225635-20609653176,147223.0,PEN,Soles,2026-06-23T00:00:00-05:00
ocds-dgv273-seacev3-1228946,ocds-dgv273-seacev3-1228946-2026-09-11T10:24:11.810424-05:00,1228946-1822900,7880743.82,PEN,Soles,2026-08-27T00:00:00-05:00
ocds-dgv273-seacev3-1228576,ocds-dgv273-seacev3-1228576-2026-09-11T10:24:09.196954-05:00,1228576-20527353786,259998.0,PEN,Soles,2026-07-10T00:00:00-05:00
ocds-dgv273-seacev3-1239229,ocds-dgv273-seacev3-1239229-2026-09-11T10:24:08.589054-05:00,1239229-1821643,5531931.44,PEN,Soles,2026-08-25T00:00:00-05:00
ocds-dgv273-seacev3-1228904,ocds-dgv273-seacev3-1228904-2026-09-11T10:24:07.173443-05:00,1228904-1828008,17746700.16,PEN,Soles,2026-09-09T00:00:00-05:00
ocds-dgv273-seacev3-1229453,ocds-dgv273-seacev3-1229453-2026-09-11T10:24:06.221184-05:00,1229453-1811647,1312444.56,PEN,Soles,2026-07-24T00:00:00-05:00
ocds-dgv273-seacev3-1226308,ocds-dgv273-seacev3-1226308-2026-09-11T10:24:05.704238-05:00,1226308-20603645007,423500.0,PEN,Soles,2026-07-21T00:00:00-05:00
ocds-dgv273-seacev3-1223104,ocds-dgv273-seacev3-1223104-2026-09-11T10:24:05.689658-05:00,1223104-20542252538,54134.0,PEN,Soles,2026-06-22T00:00:00-05:00
ocds-dgv273-seacev3-1229521,ocds-dgv273-seacev3-1229521-2026-09-11T10:24:05.612533-05:00,1229521-20521292653,53657.0,PEN,Soles,2026-07-24T00:00:00-05:00
ocds-dgv273-seacev3-1225425,ocds-dgv273-seacev3-1225425-2026-09-11T10:24:05.518523-05:00,1225425-20545596823,89488.84,PEN,Soles,2026-07-13T00:00:00-05:00
ocds-dgv273-seacev3-1224007,ocds-dgv273-seacev3-1224007-2026-09-11T10:24:05.441054-05:00,1224007-20533675183,531335.0,PEN,Soles,2026-09-09T00:00:00-05:00
ocds-dgv273-seacev3-1227618,ocds-dgv273-seacev3-1227618-2026-09-11T10:24:05.243060-05:00,1227618-10464430151,420000.0,PEN,Soles,2026-07-21T00:00:00-05:00
ocds-dgv273-seacev3-1228141,ocds-dgv273-seacev3-1228141-2026-09-11T10:24:05.221062-05:00,1228141-20511037001,878040.8,PEN,Soles,2026-07-06T00:00:00-05:00
ocds-dgv273-seacev3-2026-200190-124,ocds-dgv273-seacev3-2026-200190-124-2026-09-11T10:24:05.116065-05:00,1229179-20499717963,139192.0,PEN,Soles,2026-08-03T00:00:00-05:00
ocds-dgv273-seacev3-1229498,ocds-dgv273-seacev3-1229498-2026-09-11T10:24:05.101774-05:00,1229498-20603202954,115500.0,PEN,Soles,2026-07-01T00:00:00-05:00
ocds-dgv273-seacev3-1226865,ocds-dgv273-seacev3-1226865-2026-09-11T10:24:05.079484-05:00,1226865-1817329,824671.93,PEN,Soles,2026-08-27T00:00:00-05:00
ocds-dgv273-seacev3-1228001,ocds-dgv273-seacev3-1228001-2026-09-11T10:24:04.960037-05:00,1228001-20332970411,104632.85,PEN,Soles,2026-08-14T00:00:00-05:00
ocds-dgv273-seacev3-1228001,ocds-dgv273-seacev3-1228001-2026-09-11T10:24:04.960037-05:00,1228001-20517207331,66793.93,PEN,Soles,2026-08-14T00:00:00-05:00
ocds-dgv273-seacev3-1228001,ocds-dgv273-seacev3-1228001-2026-09-11T10:24:04.960037-05:00,1228001-20610079777,92129.55,PEN,Soles,2026-08-14T00:00:00-05:00
ocds-dgv273-seacev3-1228978,ocds-dgv273-seacev3-1228978-2026-09-11T10:24:00.045765-05:00,1228978-1812113,1688106.82,PEN,Soles,2026-08-04T00:00:00-05:00
ocds-dgv273-seacev3-1228978,ocds-dgv273-seacev3-1228978-2026-09-11T10:24:00.045765-05:00,1228978-1812229,1633712.88,PEN,Soles,2026-08-04T00:00:00-05:00
ocds-dgv273-seacev3-1243729,ocds-dgv273-seacev3-1243729-2026-09-11T10:23:56.522701-05:00,1243729-20608069519,39312.0,PEN,Soles,2026-09-02T00:00:00-05:00
ocds-dgv273-seacev3-1225727,ocds-dgv273-seacev3-1225727-2026-09-11T10:23:53.221824-05:00,1225727-1814295,610000.0,PEN,Soles,2026-07-24T00:00:00-05:00
ocds-dgv273-seacev3-1221947,ocds-dgv273-seacev3-1221947-2026-09-11T10:23:53.207268-05:00,1221947-20347268683,40590.0,PEN,Soles,2026-07-08T00:00:00-05:00
ocds-dgv273-seacev3-1229712,ocds-dgv273-seacev3-1229712-2026-09-11T10:23:53.051167-05:00,1229712-1814001,587802.62,PEN,Soles,2026-07-21T00:00:00-05:00
ocds-dgv273-seacev3-1229712,ocds-dgv273-seacev3-1229712-2026-09-11T10:23:53.051167-05:00,1229712-20539768833,646506.34,PEN,Soles,2026-07-21T00:00:00-05:00
ocds-dgv273-seacev3-1226555,ocds-dgv273-seacev3-1226555-2026-09-11T10:23:52.991967-05:00,1226555-20533639896,136303.57,PEN,Soles,2026-07-03T00:00:00-05:00
ocds-dgv273-seacev3-1229643,ocds-dgv273-seacev3-1229643-2026-09-11T10:23:52.815166-05:00,1229643-1818816,21726764.87,PEN,Soles,2026-08-13T00:00:00-05:00
ocds-dgv273-seacev3-1222622,ocds-dgv273-seacev3-1222622-2026-09-11T10:23:52.759989-05:00,1222622-1809680,539353.08,PEN,Soles,2026-07-13T00:00:00-05:00
ocds-dgv273-seacev3-1224506,ocds-dgv273-seacev3-1224506-2026-09-11T10:23:52.690267-05:00,1224506-1812568,5801969.23,PEN,Soles,2026-07-30T00:00:00-05:00
ocds-dgv273-seacev3-1226430,ocds-dgv273-seacev3-1226430-2026-09-11T10:23:52.540497-05:00,1226430-1819615,1360319.31,PEN,Soles,2026-09-09T00:00:00-05:00
ocds-dgv273-seacev3-1221215,ocds-dgv273-seacev3-1221215-2026-09-11T10:23:52.490398-05:00,1221215-10160034101,236700.0,PEN,Soles,2026-06-26T00:00:00-05:00
ocds-dgv273-seacev3-2026-1003000933-3,ocds-dgv273-seacev3-2026-1003000933-3-2026-09-11T10:23:52.375691-05:00,1223175-20100287791,76800.0,PEN,Soles,2026-07-17T00:00:00-05:00
ocds-dgv273-seacev3-2026-1003000933-3,ocds-dgv273-seacev3-2026-1003000933-3-2026-09-11T10:23:52.375691-05:00,1223175-20476798770,115500.0,PEN,Soles,2026-07-17T00:00:00-05:00
ocds-dgv273-seacev3-2026-1003000933-3,ocds-dgv273-seacev3-2026-1003000933-3-2026-09-11T10:23:52.375691-05:00,1223175-20503794692,7290.0,PEN,Soles,2026-07-17T00:00:00-05:00
ocds-dgv273-seacev3-2026-1003000933-3,ocds-dgv273-seacev3-2026-1003000933-3-2026-09-11T10:23:52.375691-05:00,1223175-20513441208,78669.5,PEN,Soles,2026-07-17T00:00:00-05:00
ocds-dgv273-seacev3-2026-1003000933-3,ocds-dgv273-seacev3-2026-1003000933-3-2026-09-11T10:23:52.375691-05:00,1223175-20517656055,210000.0,PEN,Soles,2026-07-17T00:00:00-05:00
ocds-dgv273-seacev3-2026-1003000933-3,ocds-dgv273-seacev3-2026-1003000933-3-2026-09-11T10:23:52.375691-05:00,1223175-20522761525,93648.75,PEN,Soles,2026-07-17T00:00:00-05:00
ocds-dgv273-seacev3-2026-1003000933-3,ocds-dgv273-seacev3-2026-1003000933-3-2026-09-11T10:23:52.375691-05:00,1223175-20603867018,20000.0,PEN,Soles,2026-07-17T00:00:00-05:00
ocds-dgv273-seacev3-2026-1003000933-3,ocds-dgv273-seacev3-2026-1003000933-3-2026-09-11T10:23:52.375691-05:00,1223175-20608924320,24000.0,PEN,Soles,2026-07-17T00:00:00-05:00
ocds-dgv273-seacev3-1224845,ocds-dgv273-seacev3-1224845-2026-09-11T10:23:52.345418-05:00,1224845-1811212,905500.0,PEN,Soles,2026-09-09T00:00:00-05:00
ocds-dgv273-seacev3-1229817,ocds-dgv273-seacev3-1229817-2026-09-11T10:23:47.987149-05:00,1229817-20480123884,154699.99,PEN,Soles,2026-07-10T00:00:00-05:00
ocds-dgv273-seacev3-1247957,ocds-dgv273-seacev3-1247957-2026-09-11T10:23:43.734493-05:00,1247957-20511417253,118800.0,PEN,Soles,2026-09-09T00:00:00-05:00
ocds-dgv273-seacev3-1225442,ocds-dgv273-seacev3-1225442-2026-09-11T10:23:42.124242-05:00,1225442-1814219,4785995.7,PEN,Soles,2026-07-24T00:00:00-05:00
ocds-dgv273-seacev3-1224769,ocds-dgv273-seacev3-1224769-2026-09-11T10:23:42.062418-05:00,1224769-20601473403,945392.4,PEN,Soles,2026-09-09T00:00:00-05:00
ocds-dgv273-seacev3-1224892,ocds-dgv273-seacev3-1224892-2026-09-11T10:23:41.931969-05:00,1224892-1818678,497408.35,PEN,Soles,2026-08-27T00:00:00-05:00
ocds-dgv273-seacev3-1224892,ocds-dgv273-seacev3-1224892-2026-09-11T10:23:41.931969-05:00,1224892-20482103929,1037457.8200000001,PEN,Soles,2026-08-27T00:00:00-05:00
ocds-dgv273-seacev3-2026-2383-99,ocds-dgv273-seacev3-2026-2383-99-2026-09-11T10:23:41.907748-05:00,1229301-1819618,1349999.93,PEN,Soles,2026-08-25T00:00:00-05:00
ocds-dgv273-seacev3-1228017,ocds-dgv273-seacev3-1228017-2026-09-11T10:23:41.810404-05:00,1228017-20546499163,437800.0,PEN,Soles,2026-07-22T00:00:00-05:00
ocds-dgv273-seacev3-1233576,ocds-dgv273-seacev3-1233576-2026-09-11T10:23:41.786172-05:00,1233576-1826277,32045829.81,PEN,Soles,2026-09-09T00:00:00-05:00
ocds-dgv273-seacev3-2026-1895-1,ocds-dgv273-seacev3-2026-1895-1-2026-09-11T10:23:41.769115-05:00,1227399-1808509,2528610.93,PEN,Soles,2026-07-07T00:00:00-05:00
ocds-dgv273-seacev3-1222994,ocds-dgv273-seacev3-1222994-2026-09-11T10:23:41.692318-05:00,1222994-20607572586,3758250.0,PEN,Soles,2026-07-17T00:00:00-05:00
ocds-dgv273-seacev3-2026-705-5,ocds-dgv273-seacev3-2026-705-5-2026-09-11T10:23:41.673838-05:00,1226779-1821995,4194360.36,PEN,Soles,2026-08-18T00:00:00-05:00
ocds-dgv273-seacev3-1224321,ocds-dgv273-seacev3-1224321-2026-09-11T10:23:41.636747-05:00,1224321-1804742,66551.85,PEN,Soles,2026-06-25T00:00:00-05:00
ocds-dgv273-seacev3-1227034,ocds-dgv273-seacev3-1227034-2026-09-11T10:23:41.618905-05:00,1227034-1814883,537945.0,PEN,Soles,2026-07-24T00:00:00-05:00
ocds-dgv273-seacev3-1227034,ocds-dgv273-seacev3-1227034-2026-09-11T10:23:41.618905-05:00,1227034-20527800049,650029.0,PEN,Soles,2026-08-28T00:00:00-05:00
ocds-dgv273-seacev3-1225175,ocds-dgv273-seacev3-1225175-2026-09-11T10:23:41.483563-05:00,1225175-20606862181,324681.79,PEN,Soles,2026-07-10T00:00:00-05:00
ocds-dgv273-seacev3-1227657,ocds-dgv273-seacev3-1227657-2026-09-11T10:23:41.450654-05:00,1227657-20600815467,377000.0,PEN,Soles,2026-09-01T00:00:00-05:00
ocds-dgv273-seacev3-1243296,ocds-dgv273-seacev3-1243296-2026-09-11T10:23:34.233211-05:00,1243296-20607001431,482534.0,PEN,Soles,2026-08-20T00:00:00-05:00
ocds-dgv273-seacev3-1223813,ocds-dgv273-seacev3-1223813-2026-09-11T10:23:30.745465-05:00,1223813-20558020688,636983.0,PEN,Soles,2026-07-22T00:00:00-05:00
ocds-dgv273-seacev3-2026-200019-63,ocds-dgv273-seacev3-2026-200019-63-2026-09-11T10:23:30.577279-05:00,1228519-20494399386,55000.0,PEN,Soles,2026-07-16T00:00:00-05:00
ocds-dgv273-seacev3-1221904,ocds-dgv273-seacev3-1221904-2026-09-11T10:23:30.500166-05:00,1221904-20602300898,250000.0,PEN,Soles,2026-06-30T00:00:00-05:00
ocds-dgv273-seacev3-1224735,ocds-dgv273-seacev3-1224735-2026-09-11T10:23:30.485137-05:00,1224735-20602260730,222539.05,PEN,Soles,2026-09-01T00:00:00-05:00
ocds-dgv273-seacev3-1225502,ocds-dgv273-seacev3-1225502-2026-09-11T10:23:30.428885-05:00,1225502-20408013675,429478.55,PEN,Soles,2026-07-16T00:00:00-05:00
ocds-dgv273-seacev3-1225502,ocds-dgv273-seacev3-1225502-2026-09-11T10:23:30.428885-05:00,1225502-20533752196,429478.55,PEN,Soles,2026-09-09T00:00:00-05:00
ocds-dgv273-seacev3-1223110,ocds-dgv273-seacev3-1223110-2026-09-11T10:23:30.110668-05:00,1223110-20542252538,127589.0,PEN,Soles,2026-06-23T00:00:00-05:00
ocds-dgv273-seacev3-1223677,ocds-dgv273-seacev3-1223677-2026-09-11T10:23:29.998961-05:00,1223677-10738693472,60000.0,PEN,Soles,2026-08-10T00:00:00-05:00
ocds-dgv273-seacev3-1229012,ocds-dgv273-seacev3-1229012-2026-09-11T10:23:29.982831-05:00,1229012-1817627,5548757.52,PEN,Soles,2026-08-05T00:00:00-05:00
ocds-dgv273-seacev3-1222207,ocds-dgv273-seacev3-1222207-2026-09-11T10:23:29.926631-05:00,1222207-20601843863,733026.0,PEN,Soles,2026-08-14T00:00:00-05:00
ocds-dgv273-seacev3-1226238,ocds-dgv273-seacev3-1226238-2026-09-11T10:23:29.765345-05:00,1226238-1807083,3318502.25,PEN,Soles,2026-07-14T00:00:00-05:00
ocds-dgv273-seacev3-1221095,ocds-dgv273-seacev3-1221095-2026-09-11T10:23:29.744659-05:00,1221095-1811449,2300000.0,PEN,Soles,2026-07-22T00:00:00-05:00
ocds-dgv273-seacev3-1221110,ocds-dgv273-seacev3-1221110-2026-09-11T10:23:29.652489-05:00,1221110-20390932864,109849.4,PEN,Soles,2026-06-22T00:00:00-05:00
ocds-dgv273-seacev3-1221110,ocds-dgv273-seacev3-1221110-2026-09-11T10:23:29.652489-05:00,1221110-20612176630,85800.0,PEN,Soles,2026-06-22T00:00:00-05:00
ocds-dgv273-seacev3-1221110,ocds-dgv273-seacev3-1221110-2026-09-11T10:23:29.652489-05:00,1221110-20612588717,79980.0,PEN,Soles,2026-06-22T00:00:00-05:00
ocds-dgv273-seacev3-1225843,ocds-dgv273-seacev3-1225843-2026-09-11T10:23:29.552972-05:00,1225843-20605146539,83957.0,PEN,Soles,2026-06-26T00:00:00-05:00
ocds-dgv273-seacev3-1221520,ocds-dgv273-seacev3-1221520-2026-09-11T10:23:29.338743-05:00,1221520-20612262587,256800.0,PEN,Soles,2026-07-24T00:00:00-05:00
ocds-dgv273-seacev3-1229309,ocds-dgv273-seacev3-1229309-2026-09-11T10:23:21.919722-05:00,1229309-20600936612,477999.0,PEN,Soles,2026-08-27T00:00:00-05:00
ocds-dgv273-seacev3-1229534,ocds-dgv273-seacev3-1229534-2026-09-11T10:23:19.185683-05:00,1229534-1812148,211109.22,PEN,Soles,2026-07-24T00:00:00-05:00
ocds-dgv273-seacev3-2026-2543-592,ocds-dgv273-seacev3-2026-2543-592-2026-09-11T10:23:19.107383-05:00,1227807-1816109,640000.0,PEN,Soles,2026-07-31T00:00:00-05:00
ocds-dgv273-seacev3-2026-2543-592,ocds-dgv273-seacev3-2026-2543-592-2026-09-11T10:23:19.107383-05:00,1227807-20601150418,672000.0,PEN,Soles,2026-07-31T00:00:00-05:00
ocds-dgv273-seacev3-2026-657-5,ocds-dgv273-seacev3-2026-657-5-2026-09-11T10:23:18.913445-05:00,1227645-1812860,4371797.71,PEN,Soles,2026-07-22T00:00:00-05:00
ocds-dgv273-seacev3-2026-200181-10,ocds-dgv273-seacev3-2026-200181-10-2026-09-11T10:23:18.793635-05:00,1224276-20609392640,55392.12,PEN,Soles,2026-06-25T00:00:00-05:00
ocds-dgv273-seacev3-1226212,ocds-dgv273-seacev3-1226212-2026-09-11T10:23:18.693964-05:00,1226212-1808711,1690222.21,PEN,Soles,2026-07-24T00:00:00-05:00
ocds-dgv273-seacev3-1228684,ocds-dgv273-seacev3-1228684-2026-09-11T10:23:09.572384-05:00,1228684-10017826111,97500.0,PEN,Soles,2026-07-20T00:00:00-05:00
ocds-dgv273-seacev3-1228684,ocds-dgv273-seacev3-1228684-2026-09-11T10:23:09.572384-05:00,1228684-20610593993,105000.0,PEN,Soles,2026-09-01T00:00:00-05:00
ocds-dgv273-seacev3-1222733,ocds-dgv273-seacev3-1222733-2026-09-11T10:23:07.353395-05:00,1222733-1805490,8623864.17,PEN,Soles,2026-07-06T00:00:00-05:00
ocds-dgv273-seacev3-1222733,ocds-dgv273-seacev3-1222733-2026-09-11T10:23:07.353395-05:00,1222733-1805478,8623864.17,PEN,Soles,2026-07-06T00:00:00-05:00
ocds-dgv273-seacev3-2026-10249-86,ocds-dgv273-seacev3-2026-10249-86-2026-09-11T10:23:07.339208-05:00,1229665-L0609014879,642191.52,GBP,Libra Esterlina,2026-07-15T00:00:00-05:00
ocds-dgv273-seacev3-1225605,ocds-dgv273-seacev3-1225605-2026-09-11T10:23:07.135383-05:00,1225605-20533639896,513459.98,PEN,Soles,2026-07-09T00:00:00-05:00
ocds-dgv273-seacev3-1227923,ocds-dgv273-seacev3-1227923-2026-09-11T10:23:07.125964-05:00,1227923-20574706409,75013.5,PEN,Soles,2026-07-07T18:57:34-05:00
ocds-dgv273-seacev3-1227923,ocds-dgv273-seacev3-1227923-2026-09-11T10:23:07.125964-05:00,1227923-20600691881,75035.0,PEN,Soles,2026-07-07T00:00:00-05:00
ocds-dgv273-seacev3-1227923,ocds-dgv273-seacev3-1227923-2026-09-11T10:23:07.125964-05:00,1227923-20612229831,75250.0,PEN,Soles,2026-07-30T00:00:00-05:00
ocds-dgv273-seacev3-2026-93-3,ocds-dgv273-seacev3-2026-93-3-2026-09-11T10:23:07.018230-05:00,1226386-1807266,589625.04,PEN,Soles,2026-07-02T00:00:00-05:00
ocds-dgv273-seacev3-1228544,ocds-dgv273-seacev3-1228544-2026-09-11T10:23:06.925079-05:00,1228544-1820289,17934748.95,PEN,Nuevos Soles,2026-08-26T00:00:00-05:00
ocds-dgv273-seacev3-1224162,ocds-dgv273-seacev3-1224162-2026-09-11T10:23:06.892584-05:00,1224162-1813925,727800.0,PEN,Soles,2026-07-24T00:00:00-05:00
ocds-dgv273-seacev3-1223434,ocds-dgv273-seacev3-1223434-2026-09-11T10:23:06.861328-05:00,1223434-20534001593,86521.85,PEN,Soles,2026-06-24T00:00:00-05:00
ocds-dgv273-seacev3-2026-10542-28,ocds-dgv273-seacev3-2026-10542-28-2026-09-11T10:23:06.826241-05:00,1226020-20513581476,64685.0,PEN,Soles,2026-07-03T00:00:00-05:00
ocds-dgv273-seacev3-2026-10542-28,ocds-dgv273-seacev3-2026-10542-28-2026-09-11T10:23:06.826241-05:00,1226020-10427313749,104280.0,PEN,Soles,2026-08-10T00:00:00-05:00
ocds-dgv273-seacev3-1224469,ocds-dgv273-seacev3-1224469-2026-09-11T10:23:06.636563-05:00,1224469-10419751826,434433.3,PEN,Soles,2026-07-02T00:00:00-05:00
ocds-dgv273-seacev3-1222775,ocds-dgv273-seacev3-1222775-2026-09-11T10:23:06.598410-05:00,1222775-20600393724,290000.0,PEN,Soles,2026-07-08T00:00:00-05:00
ocds-dgv273-seacev3-1222775,ocds-dgv273-seacev3-1222775-2026-09-11T10:23:06.598410-05:00,1222775-20550683645,308000.0,PEN,Soles,2026-07-08T00:00:00-05:00
ocds-dgv273-seacev3-1229085,ocds-dgv273-seacev3-1229085-2026-09-10T10:20:30.820748-05:00,1229085-20606396181,1017900.0,PEN,Soles,2026-08-26T00:00:00-05:00
ocds-dgv273-seacev3-1228797,ocds-dgv273-seacev3-1228797-2026-09-10T10:20:27.203226-05:00,1228797-1821853,1260000.0,PEN,Soles,2026-08-25T00:00:00-05:00
ocds-dgv273-seacev3-1242834,ocds-dgv273-seacev3-1242834-2026-09-10T10:20:25.197106-05:00,1242834-20602011896,261966.2,PEN,Soles,2026-08-31T00:00:00-05:00
ocds-dgv273-seacev3-2026-10266-3,ocds-dgv273-seacev3-2026-10266-3-2026-09-10T10:20:25.087535-05:00,1226147-1823167,1241571.1,PEN,Soles,2026-08-26T00:00:00-05:00
ocds-dgv273-seacev3-1230810,ocds-dgv273-seacev3-1230810-2026-09-10T10:20:25.015347-05:00,1230810-1808760,1975010.89,PEN,Soles,2026-07-21T00:00:00-05:00
ocds-dgv273-seacev3-1224167,ocds-dgv273-seacev3-1224167-2026-09-10T10:20:24.846872-05:00,1224167-20340053118,7350000.0,PEN,Soles,2026-09-08T00:00:00-05:00
ocds-dgv273-seacev3-1221483,ocds-dgv273-seacev3-1221483-2026-09-10T10:20:24.828733-05:00,1221483-1801930,1022543.4,PEN,Soles,2026-06-17T00:00:00-05:00
ocds-dgv273-seacev3-1229448,ocds-dgv273-seacev3-1229448-2026-09-10T10:20:24.720519-05:00,1229448-1810666,1250000.0,PEN,Soles,2026-08-31T00:00:00-05:00
ocds-dgv273-seacev3-1224882,ocds-dgv273-seacev3-1224882-2026-09-10T10:20:24.599529-05:00,1224882-20601078156,835580.0,PEN,Soles,2026-07-24T00:00:00-05:00
ocds-dgv273-seacev3-2026-20008-11,ocds-dgv273-seacev3-2026-20008-11-2026-09-10T10:20:24.585841-05:00,1228035-20538755991,426786.6,PEN,Soles,2026-08-31T00:00:00-05:00
ocds-dgv273-seacev3-1226850,ocds-dgv273-seacev3-1226850-2026-09-10T10:20:24.501509-05:00,1226850-20552452314,369850.0,PEN,Soles,2026-07-15T00:00:00-05:00
ocds-dgv273-seacev3-2026-1926-115,ocds-dgv273-seacev3-2026-1926-115-2026-09-10T10:20:24.357268-05:00,1225752-1807474,55980.0,USD,Dólar Norteamericano,2026-07-21T00:00:00-05:00
ocds-dgv273-seacev3-2026-1926-115,ocds-dgv273-seacev3-2026-1926-115-2026-09-10T10:20:24.357268-05:00,1225752-20160286068,57540.0,USD,Dólar Norteamericano,2026-07-21T00:00:00-05:00
ocds-dgv273-seacev3-1221996,ocds-dgv273-seacev3-1221996-2026-09-10T10:20:23.748096-05:00,1221996-20100096936,295190.0,PEN,Soles,2026-08-03T00:00:00-05:00
ocds-dgv273-seacev3-1221996,ocds-dgv273-seacev3-1221996-2026-09-10T10:20:23.748096-05:00,1221996-20381450377,101800.0,PEN,Soles,2026-08-03T00:00:00-05:00
ocds-dgv273-seacev3-1221996,ocds-dgv273-seacev3-1221996-2026-09-10T10:20:23.748096-05:00,1221996-20522761525,53900.0,PEN,Soles,2026-08-03T00:00:00-05:00
ocds-dgv273-seacev3-1238056,ocds-dgv273-seacev3-1238056-2026-09-10T10:20:20.116660-05:00,1238056-1816989,950000.0,PEN,Soles,2026-08-03T00:00:00-05:00
ocds-dgv273-seacev3-1229635,ocds-dgv273-seacev3-1229635-2026-09-10T10:20:18.209352-05:00,1229635-20448271405,312400.0,PEN,Soles,2026-08-10T00:00:00-05:00
ocds-dgv273-seacev3-1229882,ocds-dgv273-seacev3-1229882-2026-09-10T10:20:16.751850-05:00,1229882-20392648209,1025000.0,PEN,Soles,2026-08-20T00:00:00-05:00
ocds-dgv273-seacev3-1229590,ocds-dgv273-seacev3-1229590-2026-09-10T10:20:15.161848-05:00,1229590-1822790,1886713.75,PEN,Soles,2026-08-26T00:00:00-05:00
ocds-dgv273-seacev3-1243483,ocds-dgv273-seacev3-1243483-2026-09-10T10:20:14.066391-05:00,1243483-20608568116,93090.6,PEN,Soles,2026-08-21T00:00:00-05:00
ocds-dgv273-seacev3-1224785,ocds-dgv273-seacev3-1224785-2026-09-10T10:20:13.893529-05:00,1224785-1806388,744924.01,PEN,Soles,2026-07-03T00:00:00-05:00
ocds-dgv273-seacev3-1222353,ocds-dgv273-seacev3-1222353-2026-09-10T10:20:13.458599-05:00,1222353-20155695901,1263000.0,PEN,Soles,2026-09-08T00:00:00-05:00
ocds-dgv273-seacev3-2026-200190-6,ocds-dgv273-seacev3-2026-200190-6-2026-09-10T10:20:13.378364-05:00,1225643-10028587614,96000.0,PEN,Soles,2026-08-28T00:00:00-05:00
ocds-dgv273-seacev3-1224830,ocds-dgv273-seacev3-1224830-2026-09-10T10:20:13.329197-05:00,1224830-20550113547,51070.0,PEN,Soles,2026-08-05T00:00:00-05:00
ocds-dgv273-seacev3-1225348,ocds-dgv273-seacev3-1225348-2026-09-10T10:20:13.191248-05:00,1225348-20487683851,50000.0,PEN,Soles,2026-07-20T00:00:00-05:00
ocds-dgv273-seacev3-2026-614-1,ocds-dgv273-seacev3-2026-614-1-2026-09-10T10:20:13.158123-05:00,1225331-1818509,1462345.75,PEN,Soles,2026-08-24T00:00:00-05:00
ocds-dgv273-seacev3-1245539,ocds-dgv273-seacev3-1245539-2026-09-10T10:20:07.700883-05:00,1245539-1826064,452989.46,PEN,Soles,2026-09-01T00:00:00-05:00
ocds-dgv273-seacev3-1229794,ocds-dgv273-seacev3-1229794-2026-09-10T10:20:06.839720-05:00,1229794-20101704352,167220.0,PEN,Soles,2026-08-31T00:00:00-05:00
ocds-dgv273-seacev3-1224104,ocds-dgv273-seacev3-1224104-2026-09-10T10:20:06.448692-05:00,1224104-20297566866,301490.0,PEN,Soles,2026-07-14T00:00:00-05:00
ocds-dgv273-seacev3-1228515,ocds-dgv273-seacev3-1228515-2026-09-10T10:20:02.394049-05:00,1228515-20332970411,505766.93,PEN,Soles,2026-07-31T00:00:00-05:00
ocds-dgv273-seacev3-1227331,ocds-dgv273-seacev3-1227331-2026-09-10T10:20:02.195406-05:00,1227331-20615457192,68331.4,PEN,Soles,2026-07-08T00:00:00-05:00
ocds-dgv273-seacev3-1227331,ocds-dgv273-seacev3-1227331-2026-09-10T10:20:02.195406-05:00,1227331-20613851241,68367.4,PEN,Soles,2026-08-19T00:00:00-05:00
ocds-dgv273-seacev3-2026-37-125,ocds-dgv273-seacev3-2026-37-125-2026-09-10T10:20:02.179157-05:00,1187357-20452713668,392000.0,PEN,Soles,2026-05-07T00:00:00-05:00
ocds-dgv273-seacev3-2026-37-125,ocds-dgv273-seacev3-2026-37-125-2026-09-10T10:20:02.179157-05:00,1227480-20452713668,620000.0,PEN,Soles,2026-08-24T00:00:00-05:00
ocds-dgv273-seacev3-1228307,ocds-dgv273-seacev3-1228307-2026-09-10T10:20:02.117704-05:00,1228307-1809582,495199.39,PEN,Nuevos Soles,2026-07-16T00:00:00-05:00
ocds-dgv273-seacev3-1223741,ocds-dgv273-seacev3-1223741-2026-09-10T10:20:02.070254-05:00,1223741-20611061839,107000.0,PEN,Soles,2026-08-31T00:00:00-05:00
ocds-dgv273-seacev3-1226233,ocds-dgv273-seacev3-1226233-2026-09-10T10:20:02.018442-05:00,1226233-20510070187,594000.0,PEN,Soles,2026-09-08T00:00:00-05:00
ocds-dgv273-seacev3-1229322,ocds-dgv273-seacev3-1229322-2026-09-10T10:20:01.949072-05:00,1229322-10249837020,288500.0,PEN,Soles,2026-07-30T00:00:00-05:00
ocds-dgv273-seacev3-2026-1926-184,ocds-dgv273-seacev3-2026-1926-184-2026-09-10T10:20:01.905636-05:00,1229843-20100057523,6090000.0,PEN,Soles,2026-09-08T00:00:00-05:00
ocds-dgv273-seacev3-1221861,ocds-dgv273-seacev3-1221861-2026-09-10T10:20:01.891647-05:00,1221861-1810972,677750.0,PEN,Soles,2026-07-16T00:00:00-05:00
ocds-dgv273-seacev3-1227290,ocds-dgv273-seacev3-1227290-2026-09-10T10:20:01.869481-05:00,1227290-20611418681,210000.0,PEN,Soles,2026-07-02T00:00:00-05:00
ocds-dgv273-seacev3-1223952,ocds-dgv273-seacev3-1223952-2026-09-10T10:20:01.767241-05:00,1223952-20519753830,273406.0,PEN,Soles,2026-07-17T00:00:00-05:00
ocds-dgv273-seacev3-1218838,ocds-dgv273-seacev3-1218838-2026-09-10T10:20:01.638618-05:00,1218838-1808530,952662.62,PEN,Soles,2026-07-07T00:00:00-05:00
ocds-dgv273-seacev3-1233592,ocds-dgv273-seacev3-1233592-2026-09-10T10:19:57.947264-05:00,1233592-1813475,238200.0,PEN,Soles,2026-07-22T00:00:00-05:00
ocds-dgv273-seacev3-1243858,ocds-dgv273-seacev3-1243858-2026-09-10T10:19:55.612126-05:00,1243858-1823956,1624986.4,PEN,Soles,2026-08-27T00:00:00-05:00
ocds-dgv273-seacev3-1246161,ocds-dgv273-seacev3-1246161-2026-09-10T10:19:51.927123-05:00,1246161-1826980,520414.17,PEN,Soles,2026-08-31T00:00:00-05:00
ocds-dgv273-seacev3-1227593,ocds-dgv273-seacev3-1227593-2026-09-10T10:19:51.715886-05:00,1227593-20377339461,887193.79,PEN,Soles,2026-07-21T00:00:00-05:00
ocds-dgv273-seacev3-1221673,ocds-dgv273-seacev3-1221673-2026-09-10T10:19:51.684025-05:00,1221673-1802595,2895127.2,PEN,Soles,2026-06-16T00:00:00-05:00
ocds-dgv273-seacev3-2026-2409-56,ocds-dgv273-seacev3-2026-2409-56-2026-09-10T10:19:51.542246-05:00,1228440-20609117746,808811.7,PEN,Soles,2026-08-04T00:00:00-05:00
ocds-dgv273-seacev3-2026-2409-28,ocds-dgv273-seacev3-2026-2409-28-2026-09-10T10:19:51.413351-05:00,1225817-20607993182,2288940.4,PEN,Soles,2026-08-24T00:00:00-05:00
ocds-dgv273-seacev3-1225955,ocds-dgv273-seacev3-1225955-2026-09-10T10:19:51.234307-05:00,1225955-1807758,135000.0,PEN,Soles,2026-08-28T00:00:00-05:00
ocds-dgv273-seacev3-1226196,ocds-dgv273-seacev3-1226196-2026-09-10T10:19:51.202281-05:00,1226196-20601431697,319941.25,PEN,Soles,2026-07-15T00:00:00-05:00
ocds-dgv273-seacev3-1226547,ocds-dgv273-seacev3-1226547-2026-09-10T10:19:51.171353-05:00,1226547-20610498630,48959.0,PEN,Soles,2026-07-13T00:00:00-05:00
ocds-dgv273-seacev3-1227506,ocds-dgv273-seacev3-1227506-2026-09-10T10:19:51.019442-05:00,1227506-1821035,547699.23,PEN,Soles,2026-08-19T00:00:00-05:00
ocds-dgv273-seacev3-1227622,ocds-dgv273-seacev3-1227622-2026-09-10T10:19:50.980838-05:00,1227622-10040218381,127090.0,PEN,Soles,2026-08-26T00:00:00-05:00
ocds-dgv273-seacev3-1222977,ocds-dgv273-seacev3-1222977-2026-09-10T10:19:50.943339-05:00,1222977-20513578416,369000.0,PEN,Soles,2026-08-26T18:24:02-05:00
ocds-dgv273-seacev3-1222977,ocds-dgv273-seacev3-1222977-2026-09-10T10:19:50.943339-05:00,1222977-20600413571,2291675.4,PEN,Soles,2026-08-26T18:23:44-05:00
ocds-dgv273-seacev3-1222977,ocds-dgv273-seacev3-1222977-2026-09-10T10:19:50.943339-05:00,1222977-20613527134,573192.4,PEN,Soles,2026-08-26T18:24:19-05:00
ocds-dgv273-seacev3-1226232,ocds-dgv273-seacev3-1226232-2026-09-10T10:19:50.872574-05:00,1226232-1807676,450000.0,PEN,Soles,2026-07-03T00:00:00-05:00
ocds-dgv273-seacev3-1226855,ocds-dgv273-seacev3-1226855-2026-09-10T10:19:50.818050-05:00,1226855-1818497,1546815.93,PEN,Soles,2026-08-12T00:00:00-05:00
ocds-dgv273-seacev3-1228592,ocds-dgv273-seacev3-1228592-2026-09-10T10:19:50.659679-05:00,1228592-1812977,25548191.58,PEN,Soles,2026-08-26T00:00:00-05:00
ocds-dgv273-seacev3-2026-1963-1,ocds-dgv273-seacev3-2026-1963-1-2026-09-10T10:19:42.709630-05:00,1229274-20475805101,199994.87,PEN,Soles,2026-08-03T00:00:00-05:00
ocds-dgv273-seacev3-1229726,ocds-dgv273-seacev3-1229726-2026-09-10T10:19:40.384450-05:00,1229726-20546970826,68500.0,PEN,Soles,2026-09-08T00:00:00-05:00
ocds-dgv273-seacev3-1222796,ocds-dgv273-seacev3-1222796-2026-09-10T10:19:40.130216-05:00,1222796-1807489,4953001.92,PEN,Soles,2026-07-09T00:00:00-05:00
ocds-dgv273-seacev3-1223539,ocds-dgv273-seacev3-1223539-2026-09-10T10:19:40.114561-05:00,1223539-20178285336,1399505.31,PEN,Soles,2026-07-17T00:00:00-05:00
ocds-dgv273-seacev3-1226365,ocds-dgv273-seacev3-1226365-2026-09-10T10:19:40.001423-05:00,1226365-1819991,1639822.93,PEN,Soles,2026-08-27T00:00:00-05:00
ocds-dgv273-seacev3-1228377,ocds-dgv273-seacev3-1228377-2026-09-10T10:19:39.917224-05:00,1228377-20608554476,110000.0,PEN,Soles,2026-08-31T00:00:00-05:00
ocds-dgv273-seacev3-1227766,ocds-dgv273-seacev3-1227766-2026-09-10T10:19:39.711099-05:00,1227766-10759763055,198000.0,PEN,Soles,2026-07-02T00:00:00-05:00
ocds-dgv273-seacev3-1227156,ocds-dgv273-seacev3-1227156-2026-09-10T10:19:39.627112-05:00,1227156-20608658751,251000.0,PEN,Soles,2026-08-11T00:00:00-05:00
ocds-dgv273-seacev3-1221227,ocds-dgv273-seacev3-1221227-2026-09-10T10:19:39.497013-05:00,1221227-20602638902,310000.0,PEN,Soles,2026-08-03T00:00:00-05:00
ocds-dgv273-seacev3-1220723,ocds-dgv273-seacev3-1220723-2026-09-10T10:19:39.393909-05:00,1220723-99999999999,438000.0,PEN,Soles,2026-08-24T00:00:00-05:00
ocds-dgv273-seacev3-1220723,ocds-dgv273-seacev3-1220723-2026-09-10T10:19:39.393909-05:00,1220723-10764318868,868876.62,PEN,Soles,2026-08-26T00:00:00-05:00
ocds-dgv273-seacev3-1220723,ocds-dgv273-seacev3-1220723-2026-09-10T10:19:39.393909-05:00,1220723-20601363934,154365.0,PEN,Soles,2026-08-26T00:00:00-05:00
ocds-dgv273-seacev3-1220723,ocds-dgv273-seacev3-1220723-2026-09-10T10:19:39.393909-05:00,1220723-20610808396,438000.0,PEN,Soles,2026-08-24T00:00:00-05:00
ocds-dgv273-seacev3-1227219,ocds-dgv273-seacev3-1227219-2026-09-10T10:19:39.288182-05:00,1227219-1817159,16527692.64,PEN,Soles,2026-08-07T00:00:00-05:00
ocds-dgv273-seacev3-1245249,ocds-dgv273-seacev3-1245249-2026-09-10T10:19:33.966981-05:00,1245249-1825598,739959.79,PEN,Soles,2026-08-27T00:00:00-05:00
ocds-dgv273-seacev3-1238666,ocds-dgv273-seacev3-1238666-2026-09-10T10:19:33.678622-05:00,1238666-1821530,10567863.67,PEN,Soles,2026-08-18T00:00:00-05:00
ocds-dgv273-seacev3-1227962,ocds-dgv273-seacev3-1227962-2026-09-10T10:19:29.171992-05:00,1227962-20565831900,31000.0,PEN,Soles,2026-08-04T00:00:00-05:00
ocds-dgv273-seacev3-1227962,ocds-dgv273-seacev3-1227962-2026-09-10T10:19:29.171992-05:00,1227962-20603282681,137193.69,PEN,Soles,2026-08-04T00:00:00-05:00
ocds-dgv273-seacev3-1227962,ocds-dgv273-seacev3-1227962-2026-09-10T10:19:29.171992-05:00,1227962-20610379363,275812.95,PEN,Soles,2026-08-04T00:00:00-05:00
ocds-dgv273-seacev3-1221563,ocds-dgv273-seacev3-1221563-2026-09-10T10:19:29.124864-05:00,1221563-20612199745,94999.0,PEN,Soles,2026-06-15T00:00:00-05:00
ocds-dgv273-seacev3-1222088,ocds-dgv273-seacev3-1222088-2026-09-10T10:19:29.092079-05:00,1222088-20455664391,978835.25,PEN,Soles,2026-08-03T00:00:00-05:00
ocds-dgv273-seacev3-1226966,ocds-dgv273-seacev3-1226966-2026-09-10T10:19:29.014545-05:00,1226966-L9000033028,645000.0,USD,Dólar Norteamericano,2026-07-30T00:00:00-05:00
ocds-dgv273-seacev3-1228452,ocds-dgv273-seacev3-1228452-2026-09-10T10:19:28.926030-05:00,1228452-1811786,88369.08,PEN,Soles,2026-07-31T00:00:00-05:00
ocds-dgv273-seacev3-1222438,ocds-dgv273-seacev3-1222438-2026-09-10T10:19:28.909179-05:00,1222438-1810594,718300.0,PEN,Soles,2026-07-14T00:00:00-05:00
ocds-dgv273-seacev3-1222438,ocds-dgv273-seacev3-1222438-2026-09-10T10:19:28.909179-05:00,1222438-20603631359,764010.0,PEN,Soles,2026-08-26T00:00:00-05:00
ocds-dgv273-seacev3-1221529,ocds-dgv273-seacev3-1221529-2026-09-10T10:19:28.798014-05:00,1221529-1809435,800000.0,PEN,Soles,2026-07-09T00:00:00-05:00
ocds-dgv273-seacev3-1221529,ocds-dgv273-seacev3-1221529-2026-09-10T10:19:28.798014-05:00,1221529-1809300,795890.0,PEN,Soles,2026-07-09T00:00:00-05:00
ocds-dgv273-seacev3-2026-295-9,ocds-dgv273-seacev3-2026-295-9-2026-09-10T10:19:28.550402-05:00,1222851-1807344,2148600.32,PEN,Soles,2026-07-14T00:00:00-05:00
ocds-dgv273-seacev3-1228273,ocds-dgv273-seacev3-1228273-2026-09-10T10:19:28.526534-05:00,1228273-10800835092,91000.0,PEN,Soles,2026-08-13T00:00:00-05:00
ocds-dgv273-seacev3-1226863,ocds-dgv273-seacev3-1226863-2026-09-10T10:19:28.415640-05:00,1226863-20522035468,425803.0,PEN,Soles,2026-08-27T00:00:00-05:00
ocds-dgv273-seacev3-1228360,ocds-dgv273-seacev3-1228360-2026-09-10T10:19:28.342491-05:00,1228360-20601052084,377700.0,PEN,Soles,2026-09-08T00:00:00-05:00
ocds-dgv273-seacev3-1228729,ocds-dgv273-seacev3-1228729-2026-09-10T10:19:22.941881-05:00,1228729-1817476,19423625.47,PEN,Soles,2026-08-10T00:00:00-05:00
ocds-dgv273-seacev3-1242917,ocds-dgv273-seacev3-1242917-2026-09-10T10:19:22.595371-05:00,1242917-20500333414,218585.74,PEN,Soles,2026-08-31T00:00:00-05:00
ocds-dgv273-seacev3-1228595,ocds-dgv273-seacev3-1228595-2026-09-10T10:19:20.806589-05:00,1228595-1810228,3901892.09,PEN,Soles,2026-08-04T00:00:00-05:00
ocds-dgv273-seacev3-1229201,ocds-dgv273-seacev3-1229201-2026-09-10T10:19:20.554364-05:00,1229201-20603096828,380000.0,PEN,Soles,2026-07-24T00:00:00-05:00
ocds-dgv273-seacev3-1227119,ocds-dgv273-seacev3-1227119-2026-09-10T10:19:16.706175-05:00,1227119-1816426,944457.01,PEN,Soles,2026-08-26T00:00:00-05:00
ocds-dgv273-seacev3-2026-10182-8,ocds-dgv273-seacev3-2026-10182-8-2026-09-10T10:19:16.359654-05:00,1225663-20600560094,157000.0,PEN,Soles,2026-07-22T00:00:00-05:00
ocds-dgv273-seacev3-2026-813-24,ocds-dgv273-seacev3-2026-813-24-2026-09-10T10:19:16.104802-05:00,1224343-20610573321,257000.0,PEN,Soles,2026-07-10T00:00:00-05:00
ocds-dgv273-seacev3-1225842,ocds-dgv273-seacev3-1225842-2026-09-10T10:19:16.015253-05:00,1225842-20611106999,129685.0,PEN,Soles,2026-06-30T00:00:00-05:00
ocds-dgv273-seacev3-1224786,ocds-dgv273-seacev3-1224786-2026-09-10T10:19:15.968151-05:00,1224786-20609578701,1204000.0,PEN,Soles,2026-07-22T00:00:00-05:00
ocds-dgv273-seacev3-1223048,ocds-dgv273-seacev3-1223048-2026-09-10T10:19:15.822415-05:00,1223048-20100018625,2283301.92,PEN,Soles,2026-08-26T00:00:00-05:00
ocds-dgv273-seacev3-1223048,ocds-dgv273-seacev3-1223048-2026-09-10T10:19:15.822415-05:00,1223048-20522333051,674320.46,PEN,Soles,2026-08-26T00:00:00-05:00
ocds-dgv273-seacev3-1223048,ocds-dgv273-seacev3-1223048-2026-09-10T10:19:15.822415-05:00,1223048-20600413571,924250.0,PEN,Soles,2026-08-26T00:00:00-05:00
ocds-dgv273-seacev3-1236308,ocds-dgv273-seacev3-1236308-2026-09-09T10:24:31.502746-05:00,1236308-1814709,146928.57,PEN,Soles,2026-07-30T00:00:00-05:00
ocds-dgv273-seacev3-2026-200038-29,ocds-dgv273-seacev3-2026-200038-29-2026-09-09T10:24:28.393222-05:00,1229212-20505110651,1770340.0,PEN,Soles,2026-08-26T00:00:00-05:00
ocds-dgv273-seacev3-1227136,ocds-dgv273-seacev3-1227136-2026-09-09T10:24:28.318274-05:00,1227136-20604763836,12650.0,PEN,Soles,2026-08-25T00:00:00-05:00
ocds-dgv273-seacev3-1224000,ocds-dgv273-seacev3-1224000-2026-09-09T10:24:28.152347-05:00,1224000-1804041,802384.32,PEN,Soles,2026-06-22T00:00:00-05:00
ocds-dgv273-seacev3-1222405,ocds-dgv273-seacev3-1222405-2026-09-09T10:24:27.979040-05:00,1222405-20377339461,80000.0,PEN,Soles,2026-08-03T00:00:00-05:00
ocds-dgv273-seacev3-1223199,ocds-dgv273-seacev3-1223199-2026-09-09T10:24:27.282947-05:00,1223199-20448817050,48800.0,PEN,Soles,2026-07-08T00:00:00-05:00
ocds-dgv273-seacev3-2026-200190-197,ocds-dgv273-seacev3-2026-200190-197-2026-09-09T10:24:17.426796-05:00,1228267-20601248647,1933725.0,PEN,Soles,2026-09-07T00:00:00-05:00
ocds-dgv273-seacev3-1229215,ocds-dgv273-seacev3-1229215-2026-09-09T10:24:17.375510-05:00,1229215-1812516,4057154.99,PEN,Soles,2026-07-31T00:00:00-05:00
ocds-dgv273-seacev3-1229848,ocds-dgv273-seacev3-1229848-2026-09-09T10:24:17.306392-05:00,1229848-1810375,1234752.19,PEN,Soles,2026-07-30T00:00:00-05:00
ocds-dgv273-seacev3-1228739,ocds-dgv273-seacev3-1228739-2026-09-09T10:24:17.144290-05:00,1228739-1810943,782178.09,PEN,Soles,2026-07-20T00:00:00-05:00
ocds-dgv273-seacev3-1225833,ocds-dgv273-seacev3-1225833-2026-09-09T10:24:17.018323-05:00,1225833-20100096936,131820.0,PEN,Soles,2026-07-24T00:00:00-05:00
ocds-dgv273-seacev3-1228977,ocds-dgv273-seacev3-1228977-2026-09-09T10:24:17.001200-05:00,1228977-20605141723,61880.0,PEN,Soles,2026-07-21T00:00:00-05:00
ocds-dgv273-seacev3-1228977,ocds-dgv273-seacev3-1228977-2026-09-09T10:24:17.001200-05:00,1228977-20608299271,884000.0,PEN,Soles,2026-07-21T00:00:00-05:00
ocds-dgv273-seacev3-1225371,ocds-dgv273-seacev3-1225371-2026-09-09T10:24:16.909333-05:00,1225371-20454552971,631937.7,PEN,Soles,2026-07-20T00:00:00-05:00
ocds-dgv273-seacev3-1227316,ocds-dgv273-seacev3-1227316-2026-09-09T10:24:16.895121-05:00,1227316-20439092077,763407.07,PEN,Soles,2026-09-07T00:00:00-05:00
ocds-dgv273-seacev3-1226544,ocds-dgv273-seacev3-1226544-2026-09-09T10:24:16.716592-05:00,1226544-10468296964,225000.0,PEN,Soles,2026-08-14T00:00:00-05:00
ocds-dgv273-seacev3-1222193,ocds-dgv273-seacev3-1222193-2026-09-09T10:24:16.703766-05:00,1222193-20603919557,240000.0,PEN,Soles,2026-08-27T00:00:00-05:00
ocds-dgv273-seacev3-1229022,ocds-dgv273-seacev3-1229022-2026-09-09T10:24:06.849481-05:00,1229022-20611932767,226400.0,PEN,Soles,2026-07-31T00:00:00-05:00
ocds-dgv273-seacev3-1228683,ocds-dgv273-seacev3-1228683-2026-09-09T10:24:06.699359-05:00,1228683-1817284,573859.84,PEN,Soles,2026-08-05T00:00:00-05:00
ocds-dgv273-seacev3-1227841,ocds-dgv273-seacev3-1227841-2026-09-09T10:24:06.466125-05:00,1227841-L9000032923,5040.0,PEN,Soles,2026-08-28T00:00:00-05:00
ocds-dgv273-seacev3-2025-1042-24,ocds-dgv273-seacev3-2025-1042-24-2026-09-09T10:24:06.255643-05:00,1178587-1758956,142500.0,PEN,Soles,2026-03-30T00:00:00-05:00
ocds-dgv273-seacev3-2025-1042-24,ocds-dgv273-seacev3-2025-1042-24-2026-09-09T10:24:06.255643-05:00,1229477-20613235664,142500.0,PEN,Soles,2026-08-28T00:00:00-05:00
ocds-dgv273-seacev3-2026-1003023443-25,ocds-dgv273-seacev3-2026-1003023443-25-2026-09-09T10:24:06.117390-05:00,1223361-20553404631,2678876.0,PEN,Soles,2026-07-31T00:00:00-05:00
ocds-dgv273-seacev3-1226467,ocds-dgv273-seacev3-1226467-2026-09-09T10:24:06.005288-05:00,1226467-20607997587,310000.0,PEN,Soles,2026-08-14T00:00:00-05:00
ocds-dgv273-seacev3-1225169,ocds-dgv273-seacev3-1225169-2026-09-09T10:24:05.640984-05:00,1225169-20488351398,5875057.17,PEN,Soles,2026-08-05T00:00:00-05:00
ocds-dgv273-seacev3-1228527,ocds-dgv273-seacev3-1228527-2026-09-09T10:24:05.624904-05:00,1228527-20155695901,630108.0,PEN,Soles,2026-07-30T00:00:00-05:00
ocds-dgv273-seacev3-1235004,ocds-dgv273-seacev3-1235004-2026-09-09T10:23:59.106185-05:00,1235004-1817332,914003.54,PEN,Soles,2026-08-21T00:00:00-05:00
ocds-dgv273-seacev3-1229258,ocds-dgv273-seacev3-1229258-2026-09-09T10:23:55.939442-05:00,1229258-1818892,1440660.84,PEN,Soles,2026-08-17T00:00:00-05:00
ocds-dgv273-seacev3-1228178,ocds-dgv273-seacev3-1228178-2026-09-09T10:23:55.924340-05:00,1228178-1808392,86632.92,PEN,Soles,2026-07-07T00:00:00-05:00
ocds-dgv273-seacev3-1229339,ocds-dgv273-seacev3-1229339-2026-09-09T10:23:55.903886-05:00,1229339-1815737,1998497.15,PEN,Soles,2026-08-07T00:00:00-05:00
ocds-dgv273-seacev3-1228791,ocds-dgv273-seacev3-1228791-2026-09-09T10:23:55.852053-05:00,1228791-20462768762,99000.0,PEN,Soles,2026-08-05T00:00:00-05:00
ocds-dgv273-seacev3-1226888,ocds-dgv273-seacev3-1226888-2026-09-09T10:23:55.815354-05:00,1226888-20600397789,1787364.88,PEN,Soles,2026-08-04T00:00:00-05:00
ocds-dgv273-seacev3-1227006,ocds-dgv273-seacev3-1227006-2026-09-09T10:23:55.798980-05:00,1227006-1810565,667938.54,PEN,Soles,2026-07-15T00:00:00-05:00
ocds-dgv273-seacev3-1221786,ocds-dgv273-seacev3-1221786-2026-09-09T10:23:55.783171-05:00,1221786-1825500,13800000.0,PEN,Soles,2026-09-04T00:00:00-05:00
ocds-dgv273-seacev3-1225839,ocds-dgv273-seacev3-1225839-2026-09-09T10:23:55.701813-05:00,1225839-20552504641,426548.4,PEN,Soles,2026-08-07T00:00:00-05:00
ocds-dgv273-seacev3-2026-10246-17,ocds-dgv273-seacev3-2026-10246-17-2026-09-09T10:23:55.359498-05:00,1223365-20562640194,364000.0,PEN,Soles,2026-07-15T00:00:00-05:00
ocds-dgv273-seacev3-1223743,ocds-dgv273-seacev3-1223743-2026-09-09T10:23:55.196506-05:00,1223743-1808092,85762.4,PEN,Soles,2026-08-27T00:00:00-05:00
ocds-dgv273-seacev3-1227174,ocds-dgv273-seacev3-1227174-2026-09-09T10:23:55.081520-05:00,1227174-20111116025,124500.0,PEN,Soles,2026-07-13T00:00:00-05:00
ocds-dgv273-seacev3-2026-49-134,ocds-dgv273-seacev3-2026-49-134-2026-09-09T10:23:55.021908-05:00,1226974-20442152684,188600.0,PEN,Soles,2026-07-21T00:00:00-05:00
ocds-dgv273-seacev3-1222595,ocds-dgv273-seacev3-1222595-2026-09-09T10:23:54.925912-05:00,1222595-10405662782,265000.0,PEN,Soles,2026-07-21T00:00:00-05:00
ocds-dgv273-seacev3-1224894,ocds-dgv273-seacev3-1224894-2026-09-09T10:23:54.832405-05:00,1224894-1805715,550306.0,PEN,Soles,2026-06-30T00:00:00-05:00
ocds-dgv273-seacev3-1221956,ocds-dgv273-seacev3-1221956-2026-09-09T10:23:54.678678-05:00,1221956-10335889920,108800.0,PEN,Soles,2026-06-22T00:00:00-05:00
ocds-dgv273-seacev3-1229413,ocds-dgv273-seacev3-1229413-2026-09-09T10:23:47.308526-05:00,1229413-10606505821,99470.0,PEN,Soles,2026-07-08T00:00:00-05:00
ocds-dgv273-seacev3-1229413,ocds-dgv273-seacev3-1229413-2026-09-09T10:23:47.308526-05:00,1229413-20603229828,99542.5,PEN,Soles,2026-08-14T00:00:00-05:00
ocds-dgv273-seacev3-1229413,ocds-dgv273-seacev3-1229413-2026-09-09T10:23:47.308526-05:00,1229413-10789699424,99578.75,PEN,Soles,2026-08-21T00:00:00-05:00
ocds-dgv273-seacev3-1222954,ocds-dgv273-seacev3-1222954-2026-09-09T10:23:44.100553-05:00,1222954-1808065,269980.42,PEN,Soles,2026-07-08T00:00:00-05:00
ocds-dgv273-seacev3-1228457,ocds-dgv273-seacev3-1228457-2026-09-09T10:23:44.068198-05:00,1228457-1813001,846428.9,PEN,Soles,2026-07-24T00:00:00-05:00
ocds-dgv273-seacev3-1227204,ocds-dgv273-seacev3-1227204-2026-09-09T10:23:44.054330-05:00,1227204-10444463576,360000.0,PEN,Soles,2026-07-01T00:00:00-05:00
ocds-dgv273-seacev3-1223075,ocds-dgv273-seacev3-1223075-2026-09-09T10:23:43.988686-05:00,1223075-20604019444,406238.12,PEN,Soles,2026-08-27T00:00:00-05:00
ocds-dgv273-seacev3-1224706,ocds-dgv273-seacev3-1224706-2026-09-09T10:23:43.822647-05:00,1224706-1813206,1046393.68,PEN,Soles,2026-07-30T00:00:00-05:00
ocds-dgv273-seacev3-1228132,ocds-dgv273-seacev3-1228132-2026-09-09T10:23:43.707088-05:00,1228132-1816893,77950.0,PEN,Soles,2026-08-28T00:00:00-05:00
ocds-dgv273-seacev3-1227840,ocds-dgv273-seacev3-1227840-2026-09-09T10:23:43.647047-05:00,1227840-L9000032920,2520.0,PEN,Soles,2026-08-28T00:00:00-05:00
ocds-dgv273-seacev3-2026-1995-25,ocds-dgv273-seacev3-2026-1995-25-2026-09-09T10:23:43.355357-05:00,1225024-20555098759,540879.23,PEN,Soles,2026-08-03T00:00:00-05:00
ocds-dgv273-seacev3-1226679,ocds-dgv273-seacev3-1226679-2026-09-09T10:23:32.592054-05:00,1226679-20603545282,438704.0,PEN,Soles,2026-08-07T00:00:00-05:00
ocds-dgv273-seacev3-2026-1003000933-1,ocds-dgv273-seacev3-2026-1003000933-1-2026-09-09T10:23:32.432439-05:00,1223702-1803408,28524.62,PEN,Soles,2026-07-31T00:00:00-05:00
ocds-dgv273-seacev3-2026-1003000933-1,ocds-dgv273-seacev3-2026-1003000933-1-2026-09-09T10:23:32.432439-05:00,1223702-20100287791,91500.0,PEN,Soles,2026-07-31T00:00:00-05:00
ocds-dgv273-seacev3-2026-1003000933-1,ocds-dgv273-seacev3-2026-1003000933-1-2026-09-09T10:23:32.432439-05:00,1223702-20476798770,175956.0,PEN,Soles,2026-07-31T00:00:00-05:00
ocds-dgv273-seacev3-2026-1003000933-1,ocds-dgv273-seacev3-2026-1003000933-1-2026-09-09T10:23:32.432439-05:00,1223702-20517656055,236499.6,PEN,Soles,2026-07-31T00:00:00-05:00
ocds-dgv273-seacev3-2026-1003000933-1,ocds-dgv273-seacev3-2026-1003000933-1-2026-09-09T10:23:32.432439-05:00,1223702-20522761525,55188.0,PEN,Soles,2026-07-31T00:00:00-05:00
ocds-dgv273-seacev3-2026-1003000933-1,ocds-dgv273-seacev3-2026-1003000933-1-2026-09-09T10:23:32.432439-05:00,1223702-20605741640,45750.0,PEN,Soles,2026-07-31T00:00:00-05:00
ocds-dgv273-seacev3-2026-1003000933-1,ocds-dgv273-seacev3-2026-1003000933-1-2026-09-09T10:23:32.432439-05:00,1223702-20608924320,109800.0,PEN,Soles,2026-07-31T00:00:00-05:00
ocds-dgv273-seacev3-2026-1003000933-1,ocds-dgv273-seacev3-2026-1003000933-1-2026-09-09T10:23:32.432439-05:00,1223702-20613527134,37000.0,PEN,Soles,2026-07-31T00:00:00-05:00
ocds-dgv273-seacev3-2026-200276-11,ocds-dgv273-seacev3-2026-200276-11-2026-09-09T10:23:32.244493-05:00,1228942-20601726174,7281647.6,PEN,Soles,2026-08-07T00:00:00-05:00
ocds-dgv273-seacev3-1227843,ocds-dgv273-seacev3-1227843-2026-09-09T10:23:31.986006-05:00,1227843-1817164,926837.25,PEN,Soles,2026-08-25T00:00:00-05:00
ocds-dgv273-seacev3-2026-2000-34,ocds-dgv273-seacev3-2026-2000-34-2026-09-09T10:23:31.891855-05:00,1220842-20101953069,45712.0,PEN,Soles,2026-08-11T00:00:00-05:00
ocds-dgv273-seacev3-1221668,ocds-dgv273-seacev3-1221668-2026-09-09T10:23:31.847041-05:00,1221668-20613107828,127275.0,PEN,Soles,2026-06-15T10:35:22-05:00
ocds-dgv273-seacev3-2026-21-5,ocds-dgv273-seacev3-2026-21-5-2026-09-09T10:23:31.777555-05:00,1227237-20418896915,328645.27,USD,Dólar Norteamericano,2026-08-25T00:00:00-05:00
ocds-dgv273-seacev3-1226615,ocds-dgv273-seacev3-1226615-2026-09-09T10:23:31.747236-05:00,1226615-20612113719,132000.0,PEN,Soles,2026-07-30T00:00:00-05:00
ocds-dgv273-seacev3-1226628,ocds-dgv273-seacev3-1226628-2026-09-09T10:23:31.731658-05:00,1226628-1815746,112000.0,PEN,Soles,2026-08-12T00:00:00-05:00
ocds-dgv273-seacev3-1229341,ocds-dgv273-seacev3-1229341-2026-09-09T10:23:26.403063-05:00,1229341-20517207331,85074.04,PEN,Soles,2026-08-27T00:00:00-05:00
ocds-dgv273-seacev3-1237513,ocds-dgv273-seacev3-1237513-2026-09-09T10:23:20.437569-05:00,1237513-1816528,105000.0,PEN,Soles,2026-07-31T00:00:00-05:00
ocds-dgv273-seacev3-1237513,ocds-dgv273-seacev3-1237513-2026-09-09T10:23:20.437569-05:00,1237513-20601022886,109900.0,PEN,Soles,2026-08-28T00:00:00-05:00
ocds-dgv273-seacev3-1226923,ocds-dgv273-seacev3-1226923-2026-09-09T10:23:20.299251-05:00,1226923-20611515805,78501.72,PEN,Soles,2026-08-21T00:00:00-05:00
ocds-dgv273-seacev3-1226064,ocds-dgv273-seacev3-1226064-2026-09-09T10:23:20.221755-05:00,1226064-20600175239,570240.0,PEN,Soles,2026-08-25T00:00:00-05:00
ocds-dgv273-seacev3-1224997,ocds-dgv273-seacev3-1224997-2026-09-09T10:23:19.980208-05:00,1224997-20443108131,2512500.0,PEN,Soles,2026-07-31T00:00:00-05:00
ocds-dgv273-seacev3-1228772,ocds-dgv273-seacev3-1228772-2026-09-09T10:23:19.966137-05:00,1228772-10428062057,77917.0,PEN,Soles,2026-07-03T00:00:00-05:00
ocds-dgv273-seacev3-1227251,ocds-dgv273-seacev3-1227251-2026-09-09T10:23:19.849412-05:00,1227251-10457732223,97000.0,PEN,Soles,2026-06-26T00:00:00-05:00
ocds-dgv273-seacev3-1227251,ocds-dgv273-seacev3-1227251-2026-09-09T10:23:19.849412-05:00,1227251-10743568066,97400.0,PEN,Soles,2026-07-20T00:00:00-05:00
ocds-dgv273-seacev3-1226828,ocds-dgv273-seacev3-1226828-2026-09-09T10:23:19.818092-05:00,1226828-L0611179844,68000.0,USD,Dólar Norteamericano,2026-07-24T00:00:00-05:00
ocds-dgv273-seacev3-2026-477-2,ocds-dgv273-seacev3-2026-477-2-2026-09-08T10:14:09.786221-05:00,1226143-20600678605,512689.21,PEN,Soles,2026-07-01T00:00:00-05:00
ocds-dgv273-seacev3-2026-1902-36,ocds-dgv273-seacev3-2026-1902-36-2026-09-08T10:13:38.421579-05:00,1226183-1810617,168461.95,PEN,Soles,2026-07-31T00:00:00-05:00
ocds-dgv273-seacev3-1242128,ocds-dgv273-seacev3-1242128-2026-09-07T10:14:51.019842-05:00,1242128-20604019444,512990.06,PEN,Soles,2026-08-24T00:00:00-05:00
ocds-dgv273-seacev3-1224344,ocds-dgv273-seacev3-1224344-2026-09-07T10:14:49.567996-05:00,1224344-1817481,510610.24,PEN,Soles,2026-08-13T00:00:00-05:00
ocds-dgv273-seacev3-1228964,ocds-dgv273-seacev3-1228964-2026-09-07T10:14:49.553457-05:00,1228964-1808985,24021224.6,PEN,Soles,2026-08-13T00:00:00-05:00
ocds-dgv273-seacev3-1232891,ocds-dgv273-seacev3-1232891-2026-09-07T10:14:49.516043-05:00,1232891-20613968475,105000.0,PEN,Soles,2026-07-31T00:00:00-05:00
ocds-dgv273-seacev3-2026-200428-5,ocds-dgv273-seacev3-2026-200428-5-2026-09-07T10:14:49.444389-05:00,1227629-20602362273,896999.2,PEN,Soles,2026-07-30T00:00:00-05:00
ocds-dgv273-seacev3-1229130,ocds-dgv273-seacev3-1229130-2026-09-07T10:14:49.364613-05:00,1229130-20604673608,473630.0,PEN,Soles,2026-08-19T00:00:00-05:00
ocds-dgv273-seacev3-1227198,ocds-dgv273-seacev3-1227198-2026-09-07T10:14:49.322427-05:00,1227198-20544091175,2434180.03,PEN,Soles,2026-08-07T00:00:00-05:00
ocds-dgv273-seacev3-2026-200515-7,ocds-dgv273-seacev3-2026-200515-7-2026-09-07T10:14:49.287671-05:00,1226476-1814187,1034280.0,PEN,Soles,2026-08-04T00:00:00-05:00
ocds-dgv273-seacev3-1225753,ocds-dgv273-seacev3-1225753-2026-09-07T10:14:49.254746-05:00,1225753-1806748,451995.26,PEN,Soles,2026-08-05T00:00:00-05:00
ocds-dgv273-seacev3-1224914,ocds-dgv273-seacev3-1224914-2026-09-07T10:14:49.219837-05:00,1224914-1818297,1655690.0,PEN,Soles,2026-08-17T00:00:00-05:00
ocds-dgv273-seacev3-1208747,ocds-dgv273-seacev3-1208747-2026-09-07T10:14:49.196658-05:00,1208747-20605251286,323850.0,PEN,Soles,2026-08-26T00:00:00-05:00
ocds-dgv273-seacev3-1229860,ocds-dgv273-seacev3-1229860-2026-09-07T10:14:46.112758-05:00,1229860-20601350387,8189637.46,PEN,Soles,2026-07-02T00:00:00-05:00
ocds-dgv273-seacev3-1241298,ocds-dgv273-seacev3-1241298-2026-09-07T10:14:45.950258-05:00,1241298-20293774308,2995000.0,PEN,Soles,2026-08-13T00:00:00-05:00
ocds-dgv273-seacev3-1227598,ocds-dgv273-seacev3-1227598-2026-09-07T10:14:45.916410-05:00,1227598-10404273537,131900.0,PEN,Soles,2026-07-15T00:00:00-05:00
ocds-dgv273-seacev3-2026-1621-13,ocds-dgv273-seacev3-2026-1621-13-2026-09-07T10:14:41.386438-05:00,1229867-1819195,267270.0,PEN,Soles,2026-08-21T00:00:00-05:00
ocds-dgv273-seacev3-1237528,ocds-dgv273-seacev3-1237528-2026-09-07T10:14:41.070298-05:00,1237528-1819883,6182241.96,PEN,Soles,2026-08-21T00:00:00-05:00
ocds-dgv273-seacev3-2026-1002999083-13,ocds-dgv273-seacev3-2026-1002999083-13-2026-09-07T10:14:40.974016-05:00,1227654-1815367,2836000.0,PEN,Soles,2026-08-07T00:00:00-05:00
ocds-dgv273-seacev3-1225368,ocds-dgv273-seacev3-1225368-2026-09-07T10:14:40.928310-05:00,1225368-20601080487,653675.0,PEN,Soles,2026-07-20T00:00:00-05:00
ocds-dgv273-seacev3-1224170,ocds-dgv273-seacev3-1224170-2026-09-07T10:14:40.861180-05:00,1224170-20612176630,83824.0,PEN,Soles,2026-08-07T00:00:00-05:00
ocds-dgv273-seacev3-1229494,ocds-dgv273-seacev3-1229494-2026-09-07T10:14:40.846003-05:00,1229494-20521636093,276250.0,PEN,Soles,2026-07-24T00:00:00-05:00
ocds-dgv273-seacev3-1227887,ocds-dgv273-seacev3-1227887-2026-09-07T10:14:40.825520-05:00,1227887-20601527457,85500.0,PEN,Soles,2026-07-06T00:00:00-05:00
ocds-dgv273-seacev3-1223731,ocds-dgv273-seacev3-1223731-2026-09-07T10:14:40.596101-05:00,1223731-10413420054,672200.0,PEN,Soles,2026-07-21T00:00:00-05:00
ocds-dgv273-seacev3-1225058,ocds-dgv273-seacev3-1225058-2026-09-07T10:14:40.568633-05:00,1225058-20523905679,79509.0,PEN,Soles,2026-06-26T00:00:00-05:00
ocds-dgv273-seacev3-2026-404-3,ocds-dgv273-seacev3-2026-404-3-2026-09-07T10:14:40.533942-05:00,1225801-10407199231,65425.5,PEN,Soles,2026-08-12T00:00:00-05:00
ocds-dgv273-seacev3-1225934,ocds-dgv273-seacev3-1225934-2026-09-07T10:14:40.382272-05:00,1225934-1807484,404134.05,PEN,Soles,2026-07-08T00:00:00-05:00
ocds-dgv273-seacev3-1230874,ocds-dgv273-seacev3-1230874-2026-09-07T10:14:40.354687-05:00,1230874-20545696372,418173.27,PEN,Soles,2026-07-31T00:00:00-05:00
ocds-dgv273-seacev3-2026-1998-2,ocds-dgv273-seacev3-2026-1998-2-2026-09-07T10:14:40.175602-05:00,1220310-20553404631,824428.0,PEN,Soles,2026-07-30T00:00:00-05:00
ocds-dgv273-seacev3-1230257,ocds-dgv273-seacev3-1230257-2026-09-07T10:14:40.085628-05:00,1230257-1809584,1454191.03,PEN,Soles,2026-07-31T00:00:00-05:00
ocds-dgv273-seacev3-1221165,ocds-dgv273-seacev3-1221165-2026-09-07T10:14:40.046029-05:00,1221165-20611689803,142400.0,PEN,Soles,2026-08-07T00:00:00-05:00
ocds-dgv273-seacev3-1222759,ocds-dgv273-seacev3-1222759-2026-09-07T10:14:39.981673-05:00,1222759-20600756011,750196.8,PEN,Soles,2026-08-19T00:00:00-05:00
ocds-dgv273-seacev3-1223389,ocds-dgv273-seacev3-1223389-2026-09-07T10:14:39.964452-05:00,1223389-1803798,1056513.83,PEN,Soles,2026-06-19T00:00:00-05:00
ocds-dgv273-seacev3-1224941,ocds-dgv273-seacev3-1224941-2026-09-07T10:14:39.952131-05:00,1224941-1822277,70256374.8,PEN,Soles,2026-08-25T00:00:00-05:00
ocds-dgv273-seacev3-1219836,ocds-dgv273-seacev3-1219836-2026-09-07T10:14:39.916268-05:00,1219836-1803679,231204.88,PEN,Nuevos Soles,2026-07-03T00:00:00-05:00
ocds-dgv273-seacev3-1225690,ocds-dgv273-seacev3-1225690-2026-09-07T10:14:39.822221-05:00,1225690-20536598708,70950.0,PEN,Soles,2026-07-15T00:00:00-05:00
ocds-dgv273-seacev3-1228913,ocds-dgv273-seacev3-1228913-2026-09-07T10:14:31.713446-05:00,1228913-20612798312,725246.0,PEN,Soles,2026-08-07T00:00:00-05:00
ocds-dgv273-seacev3-1238411,ocds-dgv273-seacev3-1238411-2026-09-07T10:14:30.321123-05:00,1238411-1821065,7670040.56,PEN,Soles,2026-08-19T00:00:00-05:00
ocds-dgv273-seacev3-1227628,ocds-dgv273-seacev3-1227628-2026-09-07T10:14:28.877888-05:00,1227628-1817898,767000.0,PEN,Soles,2026-08-14T00:00:00-05:00
ocds-dgv273-seacev3-1223661,ocds-dgv273-seacev3-1223661-2026-09-07T10:14:28.819696-05:00,1223661-1805572,164787.0,PEN,Soles,2026-07-02T00:00:00-05:00
ocds-dgv273-seacev3-2026-2543-891,ocds-dgv273-seacev3-2026-2543-891-2026-09-07T10:14:28.654402-05:00,1229129-20509997340,360000.0,PEN,Soles,2026-07-22T00:00:00-05:00
ocds-dgv273-seacev3-1221654,ocds-dgv273-seacev3-1221654-2026-09-07T10:14:28.639522-05:00,1221654-20338570041,126000.0,PEN,Soles,2026-07-31T00:00:00-05:00
ocds-dgv273-seacev3-1221601,ocds-dgv273-seacev3-1221601-2026-09-07T10:14:28.504008-05:00,1221601-1805116,685780.09,PEN,Soles,2026-07-02T00:00:00-05:00
ocds-dgv273-seacev3-2026-200393-4,ocds-dgv273-seacev3-2026-200393-4-2026-09-07T10:14:28.469434-05:00,1228468-20552504641,172688.0,PEN,Soles,2026-09-04T00:00:00-05:00
ocds-dgv273-seacev3-1224711,ocds-dgv273-seacev3-1224711-2026-09-07T10:14:28.456446-05:00,1224711-20601137624,10487718.35,PEN,Soles,2026-08-20T00:00:00-05:00
ocds-dgv273-seacev3-1222309,ocds-dgv273-seacev3-1222309-2026-09-07T10:14:28.423150-05:00,1222309-20100010136,3126528.0,PEN,Soles,2026-07-22T00:00:00-05:00
ocds-dgv273-seacev3-2026-2543-509,ocds-dgv273-seacev3-2026-2543-509-2026-09-07T10:14:28.392961-05:00,1223532-20494626978,4997150.0,PEN,Soles,2026-08-12T00:00:00-05:00
ocds-dgv273-seacev3-2026-2543-619,ocds-dgv273-seacev3-2026-2543-619-2026-09-07T10:14:28.382343-05:00,1222947-1810521,4580000.0,PEN,Soles,2026-08-05T00:00:00-05:00
ocds-dgv273-seacev3-1229393,ocds-dgv273-seacev3-1229393-2026-09-07T10:14:23.595880-05:00,1229393-1817669,1294719.6,PEN,Soles,2026-08-24T00:00:00-05:00
ocds-dgv273-seacev3-2026-200506-3,ocds-dgv273-seacev3-2026-200506-3-2026-09-07T10:14:20.629997-05:00,1220214-1804757,749144.86,PEN,Soles,2026-07-07T00:00:00-05:00
ocds-dgv273-seacev3-2026-200506-3,ocds-dgv273-seacev3-2026-200506-3-2026-09-07T10:14:20.629997-05:00,1220214-20529288931,850448.26,PEN,Soles,2026-08-07T00:00:00-05:00
ocds-dgv273-seacev3-1224221,ocds-dgv273-seacev3-1224221-2026-09-07T10:14:20.533049-05:00,1224221-20612867781,232000.0,PEN,Soles,2026-08-12T00:00:00-05:00
ocds-dgv273-seacev3-1226522,ocds-dgv273-seacev3-1226522-2026-09-07T10:14:20.469917-05:00,1226522-1810144,2017182.29,PEN,Soles,2026-07-13T00:00:00-05:00
ocds-dgv273-seacev3-1224463,ocds-dgv273-seacev3-1224463-2026-09-07T10:14:20.455154-05:00,1224463-20544629485,13856445.36,PEN,Soles,2026-08-27T00:00:00-05:00
ocds-dgv273-seacev3-2026-178951-4,ocds-dgv273-seacev3-2026-178951-4-2026-09-07T10:14:20.305703-05:00,1225357-20508571152,965826.0,PEN,Soles,2026-07-24T00:00:00-05:00
ocds-dgv273-seacev3-1228289,ocds-dgv273-seacev3-1228289-2026-09-07T10:14:20.245376-05:00,1228289-20600379233,1192227.0,PEN,Soles,2026-08-04T00:00:00-05:00
ocds-dgv273-seacev3-2026-1039-9,ocds-dgv273-seacev3-2026-1039-9-2026-09-07T10:14:20.229502-05:00,1225747-20601031192,107044.0,PEN,Soles,2026-07-14T00:00:00-05:00
ocds-dgv273-seacev3-2026-1892-3,ocds-dgv273-seacev3-2026-1892-3-2026-09-07T10:14:20.186803-05:00,1227535-20507852549,754140.0,PEN,Soles,2026-07-30T00:00:00-05:00
ocds-dgv273-seacev3-1225090,ocds-dgv273-seacev3-1225090-2026-09-07T10:14:20.172419-05:00,1225090-20501887286,649800.0,PEN,Soles,2026-08-05T00:00:00-05:00
ocds-dgv273-seacev3-2026-2381-9,ocds-dgv273-seacev3-2026-2381-9-2026-09-07T10:14:20.137613-05:00,1224398-20483806974,1702890.0,PEN,Soles,2026-09-04T00:00:00-05:00
ocds-dgv273-seacev3-1227845,ocds-dgv273-seacev3-1227845-2026-09-07T10:14:20.118031-05:00,1227845-10437787030,84990.0,PEN,Soles,2026-07-31T00:00:00-05:00
ocds-dgv273-seacev3-1223775,ocds-dgv273-seacev3-1223775-2026-09-07T10:14:20.102580-05:00,1223775-20531768443,475020.0,PEN,Soles,2026-07-21T00:00:00-05:00
ocds-dgv273-seacev3-1225504,ocds-dgv273-seacev3-1225504-2026-09-07T10:14:20.070665-05:00,1225504-10038271895,315000.0,PEN,Soles,2026-08-28T00:00:00-05:00
ocds-dgv273-seacev3-1222383,ocds-dgv273-seacev3-1222383-2026-09-07T10:14:20.050935-05:00,1222383-1803742,205000.0,PEN,Soles,2026-06-26T00:00:00-05:00
ocds-dgv273-seacev3-1221334,ocds-dgv273-seacev3-1221334-2026-09-07T10:14:19.998407-05:00,1221334-20338570041,534000.0,PEN,Soles,2026-07-10T00:00:00-05:00
ocds-dgv273-seacev3-2026-1121-1,ocds-dgv273-seacev3-2026-1121-1-2026-09-07T10:14:19.864910-05:00,1222306-1813469,9397113.87,PEN,Soles,2026-07-24T00:00:00-05:00
ocds-dgv273-seacev3-1226048,ocds-dgv273-seacev3-1226048-2026-09-07T10:14:19.827453-05:00,1226048-20609727595,74162.7,PEN,Soles,2026-06-23T00:00:00-05:00
ocds-dgv273-seacev3-1226048,ocds-dgv273-seacev3-1226048-2026-09-07T10:14:19.827453-05:00,1226048-10025574856,74512.0,PEN,Soles,2026-07-21T00:00:00-05:00
ocds-dgv273-seacev3-2026-28-107,ocds-dgv273-seacev3-2026-28-107-2026-09-07T10:14:15.491512-05:00,1229684-20100148162,68291.76,PEN,Soles,2026-08-11T00:00:00-05:00
ocds-dgv273-seacev3-1228843,ocds-dgv273-seacev3-1228843-2026-09-07T10:14:12.597112-05:00,1228843-10168032698,112370.37,PEN,Soles,2026-08-27T00:00:00-05:00
ocds-dgv273-seacev3-1228612,ocds-dgv273-seacev3-1228612-2026-09-07T10:14:12.357331-05:00,1228612-1821272,8486305.14,PEN,Soles,2026-08-17T00:00:00-05:00
ocds-dgv273-seacev3-1227978,ocds-dgv273-seacev3-1227978-2026-09-07T10:14:09.777941-05:00,1227978-20418896915,45850.99,PEN,Soles,2026-08-12T00:00:00-05:00
ocds-dgv273-seacev3-1226921,ocds-dgv273-seacev3-1226921-2026-09-07T10:14:09.735786-05:00,1226921-10768738080,158000.0,PEN,Soles,2026-07-13T00:00:00-05:00
ocds-dgv273-seacev3-1228157,ocds-dgv273-seacev3-1228157-2026-09-07T10:14:09.707932-05:00,1228157-1807789,7443389.1,PEN,Soles,2026-09-04T00:00:00-05:00
ocds-dgv273-seacev3-1221712,ocds-dgv273-seacev3-1221712-2026-09-07T10:14:09.600972-05:00,1221712-10706937931,141000.0,PEN,Soles,2026-06-18T00:00:00-05:00
ocds-dgv273-seacev3-1221712,ocds-dgv273-seacev3-1221712-2026-09-07T10:14:09.600972-05:00,1221712-20511717486,138840.0,PEN,Soles,2026-06-18T00:00:00-05:00
ocds-dgv273-seacev3-1225323,ocds-dgv273-seacev3-1225323-2026-09-07T10:14:09.497779-05:00,1225323-20615367274,68970.0,PEN,Soles,2026-07-01T17:11:13-05:00
ocds-dgv273-seacev3-1225323,ocds-dgv273-seacev3-1225323-2026-09-07T10:14:09.497779-05:00,1225323-20614037378,69348.0,PEN,Soles,2026-07-01T00:00:00-05:00
ocds-dgv273-seacev3-1225323,ocds-dgv273-seacev3-1225323-2026-09-07T10:14:09.497779-05:00,1225323-20498677437,70110.0,PEN,Soles,2026-07-30T00:00:00-05:00
ocds-dgv273-seacev3-1227143,ocds-dgv273-seacev3-1227143-2026-09-07T10:14:09.438751-05:00,1227143-1816303,490522.12,PEN,Soles,2026-08-24T00:00:00-05:00
ocds-dgv273-seacev3-1224063,ocds-dgv273-seacev3-1224063-2026-09-07T10:14:09.412760-05:00,1224063-1819140,2795100.0,PEN,Soles,2026-08-12T00:00:00-05:00
ocds-dgv273-seacev3-1228865,ocds-dgv273-seacev3-1228865-2026-09-07T10:14:09.356965-05:00,1228865-1810270,1237169.95,PEN,Soles,2026-07-09T00:00:00-05:00
ocds-dgv273-seacev3-1229852,ocds-dgv273-seacev3-1229852-2026-09-07T10:14:09.319063-05:00,1229852-20612271535,104520.0,PEN,Soles,2026-08-11T00:00:00-05:00
ocds-dgv273-seacev3-1228504,ocds-dgv273-seacev3-1228504-2026-09-07T10:14:09.282022-05:00,1228504-1810564,200931.98,PEN,Soles,2026-08-03T00:00:00-05:00
ocds-dgv273-seacev3-1224309,ocds-dgv273-seacev3-1224309-2026-09-07T10:14:09.206720-05:00,1224309-10462356795,677858.93,PEN,Soles,2026-07-06T00:00:00-05:00
ocds-dgv273-seacev3-1224149,ocds-dgv273-seacev3-1224149-2026-09-07T10:14:09.074365-05:00,1224149-10329877537,80000.0,PEN,Soles,2026-06-15T00:00:00-05:00
ocds-dgv273-seacev3-1227698,ocds-dgv273-seacev3-1227698-2026-09-07T10:14:09.059141-05:00,1227698-10040218381,161280.0,PEN,Soles,2026-08-26T00:00:00-05:00
ocds-dgv273-seacev3-1223871,ocds-dgv273-seacev3-1223871-2026-09-07T10:14:09.043456-05:00,1223871-1804405,484365.23,PEN,Soles,2026-06-22T00:00:00-05:00
ocds-dgv273-seacev3-2026-10615-17,ocds-dgv273-seacev3-2026-10615-17-2026-09-07T10:14:09.020278-05:00,1223144-1812231,1038800.85,PEN,Soles,2026-07-20T00:00:00-05:00
ocds-dgv273-seacev3-1226427,ocds-dgv273-seacev3-1226427-2026-09-07T10:14:08.953538-05:00,1226427-20607501328,147000.0,PEN,Soles,2026-08-05T00:00:00-05:00
ocds-dgv273-seacev3-1228450,ocds-dgv273-seacev3-1228450-2026-09-07T10:14:08.840424-05:00,1228450-20100210909,174749.46,USD,Dólar Norteamericano,2026-08-14T00:00:00-05:00
ocds-dgv273-seacev3-1227003,ocds-dgv273-seacev3-1227003-2026-09-07T10:14:08.819797-05:00,1227003-20606275961,470400.0,PEN,Soles,2026-07-09T00:00:00-05:00
ocds-dgv273-seacev3-1228787,ocds-dgv273-seacev3-1228787-2026-09-05T13:37:02.962035-05:00,1228787-20467534026,130821.6,PEN,Soles,2026-08-03T00:00:00-05:00
ocds-dgv273-seacev3-1224559,ocds-dgv273-seacev3-1224559-2026-09-05T13:37:02.901887-05:00,1224559-10106213823,198710.0,PEN,Soles,2026-07-10T00:00:00-05:00
ocds-dgv273-seacev3-1224559,ocds-dgv273-seacev3-1224559-2026-09-05T13:37:02.901887-05:00,1224559-20511717486,226200.0,PEN,Soles,2026-08-10T00:00:00-05:00
ocds-dgv273-seacev3-1226350,ocds-dgv273-seacev3-1226350-2026-09-05T13:37:02.851273-05:00,1226350-20501549801,139200.0,PEN,Soles,2026-08-25T00:00:00-05:00
ocds-dgv273-seacev3-1228529,ocds-dgv273-seacev3-1228529-2026-09-05T13:37:02.760764-05:00,1228529-20611540800,183914.15,PEN,Soles,2026-08-20T00:00:00-05:00
ocds-dgv273-seacev3-1228100,ocds-dgv273-seacev3-1228100-2026-09-05T13:37:02.616272-05:00,1228100-20612348708,45272.73,PEN,Soles,2026-07-09T00:00:00-05:00
ocds-dgv273-seacev3-1225891,ocds-dgv273-seacev3-1225891-2026-09-05T13:37:01.923405-05:00,1225891-1808358,3710253.6,PEN,Soles,2026-07-31T00:00:00-05:00
ocds-dgv273-seacev3-1221920,ocds-dgv273-seacev3-1221920-2026-09-05T13:37:01.850829-05:00,1221920-1801947,9031060.29,PEN,Soles,2026-06-15T00:00:00-05:00
ocds-dgv273-seacev3-1238297,ocds-dgv273-seacev3-1238297-2026-09-05T13:36:53.015879-05:00,1238297-1818414,248440.76,PEN,Soles,2026-08-13T00:00:00-05:00
ocds-dgv273-seacev3-1229828,ocds-dgv273-seacev3-1229828-2026-09-05T13:36:52.539688-05:00,1229828-20566485771,665000.0,PEN,Soles,2026-08-07T00:00:00-05:00
ocds-dgv273-seacev3-1228525,ocds-dgv273-seacev3-1228525-2026-09-05T13:36:51.802753-05:00,1228525-20600360486,189412.0,PEN,Soles,2026-07-31T00:00:00-05:00
ocds-dgv273-seacev3-1226624,ocds-dgv273-seacev3-1226624-2026-09-05T13:36:51.549649-05:00,1226624-20518283210,432360.47,PEN,Soles,2026-08-21T00:00:00-05:00
ocds-dgv273-seacev3-1227521,ocds-dgv273-seacev3-1227521-2026-09-05T13:36:51.432415-05:00,1227521-1811390,129896.0,PEN,Soles,2026-09-02T00:00:00-05:00
ocds-dgv273-seacev3-1228846,ocds-dgv273-seacev3-1228846-2026-09-05T13:36:51.376215-05:00,1228846-1817378,7950082.92,PEN,Soles,2026-08-05T00:00:00-05:00
ocds-dgv273-seacev3-1229006,ocds-dgv273-seacev3-1229006-2026-09-05T13:36:51.345462-05:00,1229006-1811148,1012392.48,PEN,Soles,2026-07-16T00:00:00-05:00
ocds-dgv273-seacev3-1226314,ocds-dgv273-seacev3-1226314-2026-09-05T13:36:51.292267-05:00,1226314-10238565451,95700.0,PEN,Soles,2026-07-09T00:00:00-05:00
ocds-dgv273-seacev3-1227203,ocds-dgv273-seacev3-1227203-2026-09-05T13:36:51.129746-05:00,1227203-1817875,598931.7,PEN,Soles,2026-08-07T00:00:00-05:00
ocds-dgv273-seacev3-1227383,ocds-dgv273-seacev3-1227383-2026-09-05T13:36:51.070752-05:00,1227383-20607728471,215000.0,PEN,Soles,2026-08-11T00:00:00-05:00
ocds-dgv273-seacev3-1221972,ocds-dgv273-seacev3-1221972-2026-09-05T13:36:50.972364-05:00,1221972-1824364,2074372.99,PEN,Soles,2026-09-01T00:00:00-05:00
ocds-dgv273-seacev3-1224336,ocds-dgv273-seacev3-1224336-2026-09-05T13:36:50.843490-05:00,1224336-20606566531,311000.0,PEN,Soles,2026-06-26T00:00:00-05:00
ocds-dgv273-seacev3-1226760,ocds-dgv273-seacev3-1226760-2026-09-05T13:36:50.824417-05:00,1226760-20615192008,60525.0,PEN,Soles,2026-08-10T00:00:00-05:00
ocds-dgv273-seacev3-1229165,ocds-dgv273-seacev3-1229165-2026-09-05T13:36:39.709753-05:00,1229165-20603444265,534300.0,PEN,Soles,2026-07-17T11:20:23-05:00
ocds-dgv273-seacev3-2026-200344-13,ocds-dgv273-seacev3-2026-200344-13-2026-09-05T13:36:39.521052-05:00,1228559-1811805,87126.19,PEN,Soles,2026-07-20T00:00:00-05:00
ocds-dgv273-seacev3-1215854,ocds-dgv273-seacev3-1215854-2026-09-05T13:36:39.313369-05:00,1215854-1812264,150000.0,PEN,Soles,2026-08-10T00:00:00-05:00
ocds-dgv273-seacev3-1224765,ocds-dgv273-seacev3-1224765-2026-09-05T13:36:39.171624-05:00,1224765-20601647771,3418200.0,PEN,Soles,2026-07-13T00:00:00-05:00
ocds-dgv273-seacev3-1224765,ocds-dgv273-seacev3-1224765-2026-09-05T13:36:39.171624-05:00,1224765-20602544789,3508200.0,PEN,Soles,2026-07-13T00:00:00-05:00
ocds-dgv273-seacev3-1227834,ocds-dgv273-seacev3-1227834-2026-09-05T13:36:38.999669-05:00,1227834-1814053,80018.35,PEN,Soles,2026-07-24T00:00:00-05:00
ocds-dgv273-seacev3-2026-1517-6,ocds-dgv273-seacev3-2026-1517-6-2026-09-05T13:36:38.983822-05:00,1225234-1812855,14563606.27,PEN,Soles,2026-07-17T00:00:00-05:00
ocds-dgv273-seacev3-1228202,ocds-dgv273-seacev3-1228202-2026-09-05T13:36:38.953865-05:00,1228202-1811050,395000.0,PEN,Soles,2026-08-13T00:00:00-05:00
ocds-dgv273-seacev3-1229758,ocds-dgv273-seacev3-1229758-2026-09-05T13:36:34.117152-05:00,1229758-20495713564,154800.0,PEN,Soles,2026-08-10T00:00:00-05:00
ocds-dgv273-seacev3-1229306,ocds-dgv273-seacev3-1229306-2026-09-05T13:36:33.962938-05:00,1229306-20137976171,912305.2,PEN,Soles,2026-08-10T00:00:00-05:00
ocds-dgv273-seacev3-1228628,ocds-dgv273-seacev3-1228628-2026-09-05T13:36:31.159547-05:00,1228628-20182246078,351056.49,PEN,Soles,2026-06-30T00:00:00-05:00
ocds-dgv273-seacev3-1229926,ocds-dgv273-seacev3-1229926-2026-09-05T13:36:30.900980-05:00,1229926-20551047602,118260.0,PEN,Soles,2026-08-12T00:00:00-05:00
ocds-dgv273-seacev3-1224679,ocds-dgv273-seacev3-1224679-2026-09-05T13:36:28.972966-05:00,1224679-1802981,214826.41,PEN,Soles,2026-06-17T00:00:00-05:00
ocds-dgv273-seacev3-1228096,ocds-dgv273-seacev3-1228096-2026-09-05T13:36:28.777265-05:00,1228096-20334403166,297675.0,PEN,Soles,2026-07-08T00:00:00-05:00
ocds-dgv273-seacev3-1223687,ocds-dgv273-seacev3-1223687-2026-09-05T13:36:28.762537-05:00,1223687-20609214067,840000.0,PEN,Soles,2026-08-21T00:00:00-05:00
ocds-dgv273-seacev3-1225712,ocds-dgv273-seacev3-1225712-2026-09-05T13:36:28.644695-05:00,1225712-20610869191,702000.0,PEN,Soles,2026-07-20T00:00:00-05:00
ocds-dgv273-seacev3-1226947,ocds-dgv273-seacev3-1226947-2026-09-05T13:36:28.575762-05:00,1226947-20608517791,167300.0,PEN,Soles,2026-08-05T00:00:00-05:00
ocds-dgv273-seacev3-1219659,ocds-dgv273-seacev3-1219659-2026-09-05T13:36:28.500800-05:00,1219659-20600385420,614284.4,PEN,Soles,2026-07-24T00:00:00-05:00
ocds-dgv273-seacev3-1228176,ocds-dgv273-seacev3-1228176-2026-09-05T13:36:28.445670-05:00,1228176-10472747661,66150.0,PEN,Soles,2026-07-14T00:00:00-05:00
ocds-dgv273-seacev3-1226827,ocds-dgv273-seacev3-1226827-2026-09-05T13:36:28.408457-05:00,1226827-20613143646,69990.0,PEN,Soles,2026-07-08T00:00:00-05:00
ocds-dgv273-seacev3-1226827,ocds-dgv273-seacev3-1226827-2026-09-05T13:36:28.408457-05:00,1226827-20604990832,76400.0,PEN,Soles,2026-08-14T00:00:00-05:00
ocds-dgv273-seacev3-1225358,ocds-dgv273-seacev3-1225358-2026-09-05T13:36:28.332496-05:00,1225358-1805690,58500.0,PEN,Soles,2026-07-31T00:00:00-05:00
ocds-dgv273-seacev3-1225408,ocds-dgv273-seacev3-1225408-2026-09-05T13:36:28.097431-05:00,1225408-10181528767,351000.0,PEN,Soles,2026-06-26T00:00:00-05:00
ocds-dgv273-seacev3-2026-200329-2,ocds-dgv273-seacev3-2026-200329-2-2026-09-05T13:36:27.961517-05:00,1223142-20559981240,104880.0,PEN,Soles,2026-06-23T00:00:00-05:00
ocds-dgv273-seacev3-2026-2409-161,ocds-dgv273-seacev3-2026-2409-161-2026-09-05T13:36:27.770638-05:00,1228485-20602130780,97020.0,PEN,Soles,2026-08-04T00:00:00-05:00
ocds-dgv273-seacev3-1226371,ocds-dgv273-seacev3-1226371-2026-09-05T13:36:18.051949-05:00,1226371-1817679,8855761.73,PEN,Soles,2026-08-13T00:00:00-05:00
ocds-dgv273-seacev3-1229475,ocds-dgv273-seacev3-1229475-2026-09-05T13:36:17.932899-05:00,1229475-20418896915,249314.19999999998,PEN,Soles,2026-08-21T00:00:00-05:00
ocds-dgv273-seacev3-1229475,ocds-dgv273-seacev3-1229475-2026-09-05T13:36:17.932899-05:00,1229475-20517182673,687833.81,PEN,Soles,2026-08-21T00:00:00-05:00
ocds-dgv273-seacev3-1224948,ocds-dgv273-seacev3-1224948-2026-09-05T13:36:17.915291-05:00,1224948-1812437,770000.0,PEN,Soles,2026-07-17T00:00:00-05:00
ocds-dgv273-seacev3-1227118,ocds-dgv273-seacev3-1227118-2026-09-05T13:36:17.862389-05:00,1227118-20606323884,100000.0,PEN,Soles,2026-07-13T00:00:00-05:00
ocds-dgv273-seacev3-1225733,ocds-dgv273-seacev3-1225733-2026-09-05T13:36:17.814827-05:00,1225733-1807466,97000.0,PEN,Soles,2026-08-11T00:00:00-05:00
ocds-dgv273-seacev3-1224210,ocds-dgv273-seacev3-1224210-2026-09-05T13:36:17.203910-05:00,1224210-20615038998,535900.0,PEN,Soles,2026-07-21T00:00:00-05:00
ocds-dgv273-seacev3-2026-1996-2,ocds-dgv273-seacev3-2026-1996-2-2026-09-05T13:36:07.468801-05:00,1229745-20604046450,819978.45,PEN,Soles,2026-08-12T00:00:00-05:00
ocds-dgv273-seacev3-1229875,ocds-dgv273-seacev3-1229875-2026-09-05T13:36:06.311207-05:00,1229875-10771625580,119350.0,PEN,Soles,2026-07-14T00:00:00-05:00
ocds-dgv273-seacev3-2026-1326-7,ocds-dgv273-seacev3-2026-1326-7-2026-09-05T13:36:05.946625-05:00,1225865-1814447,720000.0,PEN,Soles,2026-07-24T00:00:00-05:00
ocds-dgv273-seacev3-1227544,ocds-dgv273-seacev3-1227544-2026-09-05T13:36:05.821681-05:00,1227544-1807915,1963831.72,PEN,Soles,2026-07-09T00:00:00-05:00
ocds-dgv273-seacev3-1227773,ocds-dgv273-seacev3-1227773-2026-09-05T13:36:05.764290-05:00,1227773-1821993,2607382.0,PEN,Soles,2026-08-21T00:00:00-05:00
ocds-dgv273-seacev3-1228172,ocds-dgv273-seacev3-1228172-2026-09-05T13:36:05.723526-05:00,1228172-1808550,67100.0,PEN,Soles,2026-07-09T00:00:00-05:00
ocds-dgv273-seacev3-1225844,ocds-dgv273-seacev3-1225844-2026-09-05T13:35:58.283615-05:00,1225844-1819781,1960000.0,PEN,Soles,2026-08-14T00:00:00-05:00
ocds-dgv273-seacev3-2026-1952-10,ocds-dgv273-seacev3-2026-1952-10-2026-09-05T13:35:57.614688-05:00,1229731-20605031251,228990.0,PEN,Soles,2026-07-31T00:00:00-05:00
ocds-dgv273-seacev3-1224112,ocds-dgv273-seacev3-1224112-2026-09-05T13:35:54.548105-05:00,1224112-1804111,149789.2,PEN,Soles,2026-06-25T00:00:00-05:00
ocds-dgv273-seacev3-1224062,ocds-dgv273-seacev3-1224062-2026-09-05T13:35:54.425746-05:00,1224062-10449447731,259458.0,PEN,Soles,2026-07-16T00:00:00-05:00
ocds-dgv273-seacev3-1229802,ocds-dgv273-seacev3-1229802-2026-09-05T13:35:54.163632-05:00,1229802-20603581157,2716390.98,PEN,Soles,2026-08-24T00:00:00-05:00
ocds-dgv273-seacev3-1226362,ocds-dgv273-seacev3-1226362-2026-09-05T13:35:54.007025-05:00,1226362-20612675547,246200.0,PEN,Soles,2026-07-01T00:00:00-05:00
ocds-dgv273-seacev3-1223951,ocds-dgv273-seacev3-1223951-2026-09-05T13:35:53.967014-05:00,1223951-1805720,220249.0,PEN,Soles,2026-06-26T00:00:00-05:00
ocds-dgv273-seacev3-2026-200038-31,ocds-dgv273-seacev3-2026-200038-31-2026-09-05T13:35:53.865761-05:00,1228413-20505110651,436600.0,PEN,Soles,2026-07-24T00:00:00-05:00
ocds-dgv273-seacev3-1219193,ocds-dgv273-seacev3-1219193-2026-09-05T13:35:53.848614-05:00,1219193-20600423607,40313.28,PEN,Soles,2026-07-21T00:00:00-05:00
ocds-dgv273-seacev3-1240377,ocds-dgv273-seacev3-1240377-2026-09-04T13:58:13.393722-05:00,1240377-20600571592,207000.0,PEN,Soles,2026-08-24T00:00:00-05:00
ocds-dgv273-seacev3-1228727,ocds-dgv273-seacev3-1228727-2026-09-04T13:58:12.616974-05:00,1228727-1817509,535531.2,PEN,Soles,2026-08-20T00:00:00-05:00
ocds-dgv273-seacev3-1239928,ocds-dgv273-seacev3-1239928-2026-09-04T13:58:12.571736-05:00,1239928-20605654569,229990.0,PEN,Soles,2026-08-12T00:00:00-05:00
ocds-dgv273-seacev3-1228908,ocds-dgv273-seacev3-1228908-2026-09-04T13:58:07.017116-05:00,1228908-20601590221,194000.0,PEN,Soles,2026-08-10T00:00:00-05:00
ocds-dgv273-seacev3-1229478,ocds-dgv273-seacev3-1229478-2026-09-04T13:58:06.686001-05:00,1229478-20546904106,156800.0,PEN,Soles,2026-08-14T00:00:00-05:00
ocds-dgv273-seacev3-2026-200266-14,ocds-dgv273-seacev3-2026-200266-14-2026-09-04T13:58:06.081689-05:00,1229357-20601562635,212656.32,PEN,Soles,2026-08-03T00:00:00-05:00
ocds-dgv273-seacev3-1226079,ocds-dgv273-seacev3-1226079-2026-09-04T13:58:06.044993-05:00,1226079-1807054,424113.57,PEN,Soles,2026-07-01T00:00:00-05:00
ocds-dgv273-seacev3-1224468,ocds-dgv273-seacev3-1224468-2026-09-04T13:58:05.934970-05:00,1224468-20604009856,570000.0,PEN,Soles,2026-07-30T00:00:00-05:00
ocds-dgv273-seacev3-1225895,ocds-dgv273-seacev3-1225895-2026-09-04T13:58:05.876732-05:00,1225895-1804918,95700.0,PEN,Soles,2026-06-26T00:00:00-05:00
ocds-dgv273-seacev3-1229267,ocds-dgv273-seacev3-1229267-2026-09-04T13:58:01.923143-05:00,1229267-20502800397,287518.45,PEN,Soles,2026-07-22T00:00:00-05:00
ocds-dgv273-seacev3-1244157,ocds-dgv273-seacev3-1244157-2026-09-04T13:57:56.720236-05:00,1244157-20529380586,363841.45,PEN,Soles,2026-08-25T00:00:00-05:00
ocds-dgv273-seacev3-1227653,ocds-dgv273-seacev3-1227653-2026-09-04T13:57:56.077687-05:00,1227653-1811847,2554948.45,PEN,Soles,2026-07-21T00:00:00-05:00
ocds-dgv273-seacev3-1225535,ocds-dgv273-seacev3-1225535-2026-09-04T13:57:56.054058-05:00,1225535-20611606223,165000.0,PEN,Soles,2026-07-08T00:00:00-05:00
ocds-dgv273-seacev3-1226756,ocds-dgv273-seacev3-1226756-2026-09-04T13:57:55.593261-05:00,1226756-20455609705,576963.0,PEN,Soles,2026-07-10T00:00:00-05:00
ocds-dgv273-seacev3-1224553,ocds-dgv273-seacev3-1224553-2026-09-04T13:57:55.457252-05:00,1224553-20506719331,428900.0,PEN,Soles,2026-07-24T00:00:00-05:00
ocds-dgv273-seacev3-1224126,ocds-dgv273-seacev3-1224126-2026-09-04T13:57:55.095386-05:00,1224126-1811740,1385640.0,PEN,Soles,2026-07-31T00:00:00-05:00
ocds-dgv273-seacev3-1228339,ocds-dgv273-seacev3-1228339-2026-09-04T13:57:54.950978-05:00,1228339-20608466941,159359.2,PEN,Soles,2026-08-24T00:00:00-05:00
ocds-dgv273-seacev3-1229091,ocds-dgv273-seacev3-1229091-2026-09-04T13:57:45.517027-05:00,1229091-1812597,463585.0,PEN,Soles,2026-07-16T00:00:00-05:00
ocds-dgv273-seacev3-1222824,ocds-dgv273-seacev3-1222824-2026-09-04T13:57:44.045675-05:00,1222824-20392764373,7309588.18,PEN,Soles,2026-07-24T00:00:00-05:00
ocds-dgv273-seacev3-1222824,ocds-dgv273-seacev3-1222824-2026-09-04T13:57:44.045675-05:00,1222824-20613527134,3859652.2,PEN,Soles,2026-07-24T00:00:00-05:00
ocds-dgv273-seacev3-1223907,ocds-dgv273-seacev3-1223907-2026-09-04T13:57:43.997242-05:00,1223907-20504109195,159781.44,PEN,Soles,2026-07-31T00:00:00-05:00
ocds-dgv273-seacev3-1229805,ocds-dgv273-seacev3-1229805-2026-09-04T13:57:43.938814-05:00,1229805-20605815058,437900.0,PEN,Soles,2026-07-16T00:00:00-05:00
ocds-dgv273-seacev3-1226538,ocds-dgv273-seacev3-1226538-2026-09-04T13:57:43.797232-05:00,1226538-1808486,251980.62,PEN,Soles,2026-07-07T00:00:00-05:00
ocds-dgv273-seacev3-1228082,ocds-dgv273-seacev3-1228082-2026-09-04T13:57:43.682325-05:00,1228082-1809053,1980397.88,PEN,Soles,2026-07-22T00:00:00-05:00
ocds-dgv273-seacev3-1228098,ocds-dgv273-seacev3-1228098-2026-09-04T13:57:43.618397-05:00,1228098-1816245,961026.65,PEN,Soles,2026-07-31T00:00:00-05:00
ocds-dgv273-seacev3-1227209,ocds-dgv273-seacev3-1227209-2026-09-04T13:57:43.532128-05:00,1227209-1815728,19734612.91,PEN,Soles,2026-07-30T00:00:00-05:00
ocds-dgv273-seacev3-2026-200513-3,ocds-dgv273-seacev3-2026-200513-3-2026-09-04T13:57:43.314182-05:00,1227379-20603805373,5127662.88,PEN,Soles,2026-07-31T00:00:00-05:00
ocds-dgv273-seacev3-1233712,ocds-dgv273-seacev3-1233712-2026-09-04T13:57:38.695998-05:00,1233712-20517698131,660000.0,PEN,Soles,2026-08-03T00:00:00-05:00
ocds-dgv273-seacev3-1229074,ocds-dgv273-seacev3-1229074-2026-09-04T13:57:37.455028-05:00,1229074-1819549,785000.0,PEN,Soles,2026-08-26T00:00:00-05:00
ocds-dgv273-seacev3-1229188,ocds-dgv273-seacev3-1229188-2026-09-04T13:57:37.114759-05:00,1229188-20518874684,74657.0,PEN,Soles,2026-08-07T00:00:00-05:00
ocds-dgv273-seacev3-1237617,ocds-dgv273-seacev3-1237617-2026-09-04T13:57:35.705682-05:00,1237617-20603419678,382194.0,PEN,Soles,2026-07-31T00:00:00-05:00
ocds-dgv273-seacev3-1228594,ocds-dgv273-seacev3-1228594-2026-09-04T13:57:35.279023-05:00,1228594-20603581157,218733.21,PEN,Soles,2026-08-07T00:00:00-05:00
ocds-dgv273-seacev3-2026-1735-34,ocds-dgv273-seacev3-2026-1735-34-2026-09-04T13:57:35.224951-05:00,1228667-20610547134,420030.0,PEN,Soles,2026-07-16T00:00:00-05:00
ocds-dgv273-seacev3-2026-1967-26,ocds-dgv273-seacev3-2026-1967-26-2026-09-04T13:57:34.448337-05:00,1229359-20568398794,409774.9,PEN,Soles,2026-08-05T00:00:00-05:00
ocds-dgv273-seacev3-1226674,ocds-dgv273-seacev3-1226674-2026-09-04T13:57:33.223395-05:00,1226674-1808546,78302668.74,PEN,Soles,2026-07-17T00:00:00-05:00
ocds-dgv273-seacev3-2026-42031-30,ocds-dgv273-seacev3-2026-42031-30-2026-09-04T13:57:33.164052-05:00,1222452-20545837880,1209372.11,PEN,Soles,2026-07-22T00:00:00-05:00
ocds-dgv273-seacev3-1225890,ocds-dgv273-seacev3-1225890-2026-09-04T13:57:32.815035-05:00,1225890-1808001,4043127.4099999997,PEN,Soles,2026-07-13T00:00:00-05:00
ocds-dgv273-seacev3-1228505,ocds-dgv273-seacev3-1228505-2026-09-04T13:57:32.616617-05:00,1228505-10751674738,118766.72,PEN,Soles,2026-07-13T00:00:00-05:00
ocds-dgv273-seacev3-1227539,ocds-dgv273-seacev3-1227539-2026-09-04T13:57:32.522068-05:00,1227539-20506248036,93056.0,PEN,Soles,2026-08-05T00:00:00-05:00
ocds-dgv273-seacev3-2026-804-6,ocds-dgv273-seacev3-2026-804-6-2026-09-04T13:57:32.467857-05:00,1226713-1810946,77716.54,PEN,Soles,2026-07-15T00:00:00-05:00
ocds-dgv273-seacev3-1221913,ocds-dgv273-seacev3-1221913-2026-09-04T13:57:32.399172-05:00,1221913-20102306598,94404.3,PEN,Soles,2026-07-30T00:00:00-05:00
ocds-dgv273-seacev3-1221913,ocds-dgv273-seacev3-1221913-2026-09-04T13:57:32.399172-05:00,1221913-20608064649,73500.0,PEN,Soles,2026-07-30T00:00:00-05:00
ocds-dgv273-seacev3-1223789,ocds-dgv273-seacev3-1223789-2026-09-04T13:57:32.078530-05:00,1223789-20571116821,257003.11,PEN,Soles,2026-07-01T00:00:00-05:00
ocds-dgv273-seacev3-1227320,ocds-dgv273-seacev3-1227320-2026-09-04T13:57:31.883554-05:00,1227320-20566444586,56280.0,PEN,Soles,2026-08-04T00:00:00-05:00
ocds-dgv273-seacev3-1227320,ocds-dgv273-seacev3-1227320-2026-09-04T13:57:31.883554-05:00,1227320-20606948507,107037.75,PEN,Soles,2026-08-04T00:00:00-05:00
ocds-dgv273-seacev3-1227320,ocds-dgv273-seacev3-1227320-2026-09-04T13:57:31.883554-05:00,1227320-20609625512,70500.0,PEN,Soles,2026-08-04T00:00:00-05:00
ocds-dgv273-seacev3-2026-275-8,ocds-dgv273-seacev3-2026-275-8-2026-09-04T13:57:21.795025-05:00,1224351-1804779,79604.89,PEN,Soles,2026-06-24T00:00:00-05:00
ocds-dgv273-seacev3-1229721,ocds-dgv273-seacev3-1229721-2026-09-04T13:57:21.525352-05:00,1229721-20428698569,141033.52,PEN,Soles,2026-08-05T00:00:00-05:00
ocds-dgv273-seacev3-1228057,ocds-dgv273-seacev3-1228057-2026-09-04T13:57:21.503866-05:00,1228057-1818084,1584691.0,PEN,Soles,2026-08-11T00:00:00-05:00
ocds-dgv273-seacev3-2026-1039-10,ocds-dgv273-seacev3-2026-1039-10-2026-09-04T13:57:21.458181-05:00,1225463-20601031192,174008.0,PEN,Soles,2026-07-16T00:00:00-05:00
ocds-dgv273-seacev3-1227013,ocds-dgv273-seacev3-1227013-2026-09-04T13:57:21.432910-05:00,1227013-20504109195,57777.0,PEN,Soles,2026-07-22T00:00:00-05:00
ocds-dgv273-seacev3-1225483,ocds-dgv273-seacev3-1225483-2026-09-04T13:57:21.256250-05:00,1225483-1807128,302931.13,PEN,Soles,2026-07-03T00:00:00-05:00
ocds-dgv273-seacev3-1228325,ocds-dgv273-seacev3-1228325-2026-09-04T13:57:21.099166-05:00,1228325-20535745561,102900.0,PEN,Soles,2026-07-21T00:00:00-05:00
ocds-dgv273-seacev3-1229373,ocds-dgv273-seacev3-1229373-2026-09-04T13:57:12.581183-05:00,1229373-1818039,119946.03,PEN,Soles,2026-08-24T00:00:00-05:00
ocds-dgv273-seacev3-1223851,ocds-dgv273-seacev3-1223851-2026-09-04T13:57:10.589494-05:00,1223851-1811270,1386078.51,PEN,Soles,2026-07-22T00:00:00-05:00
ocds-dgv273-seacev3-1240678,ocds-dgv273-seacev3-1240678-2026-09-04T13:57:10.489806-05:00,1240678-1821726,463758.51,PEN,Soles,2026-08-26T00:00:00-05:00
ocds-dgv273-seacev3-2026-2005-32,ocds-dgv273-seacev3-2026-2005-32-2026-09-04T13:57:10.479506-05:00,1224637-1815565,875000.0,PEN,Soles,2026-08-03T00:00:00-05:00
ocds-dgv273-seacev3-1227393,ocds-dgv273-seacev3-1227393-2026-09-04T13:57:10.455885-05:00,1227393-20547737904,1337896.0,PEN,Soles,2026-07-31T00:00:00-05:00
ocds-dgv273-seacev3-1224896,ocds-dgv273-seacev3-1224896-2026-09-04T13:57:10.327349-05:00,1224896-20564495663,210541.5,PEN,Soles,2026-08-25T00:00:00-05:00
ocds-dgv273-seacev3-1224974,ocds-dgv273-seacev3-1224974-2026-09-04T13:57:10.273089-05:00,1224974-1817849,1660000.0,PEN,Soles,2026-08-21T00:00:00-05:00
ocds-dgv273-seacev3-1228587,ocds-dgv273-seacev3-1228587-2026-09-04T13:57:10.106553-05:00,1228587-20513751495,4175113.39,PEN,Soles,2026-08-12T00:00:00-05:00
ocds-dgv273-seacev3-1224589,ocds-dgv273-seacev3-1224589-2026-09-04T13:57:09.959983-05:00,1224589-20523370201,297133.2,PEN,Nuevos Soles,2026-08-21T00:00:00-05:00
ocds-dgv273-seacev3-1225060,ocds-dgv273-seacev3-1225060-2026-09-04T13:57:09.789225-05:00,1225060-1808146,88849.36,PEN,Soles,2026-08-25T00:00:00-05:00
ocds-dgv273-seacev3-1229111,ocds-dgv273-seacev3-1229111-2026-09-04T13:57:01.298385-05:00,1229111-1810440,195041.11,PEN,Soles,2026-07-22T00:00:00-05:00
ocds-dgv273-seacev3-1226727,ocds-dgv273-seacev3-1226727-2026-09-04T13:56:57.875737-05:00,1226727-10471464380,77677.74,PEN,Soles,2026-07-15T00:00:00-05:00
ocds-dgv273-seacev3-1229873,ocds-dgv273-seacev3-1229873-2026-09-04T13:56:57.865586-05:00,1229873-1812003,1393280.27,PEN,Soles,2026-07-30T00:00:00-05:00
ocds-dgv273-seacev3-1222865,ocds-dgv273-seacev3-1222865-2026-09-04T13:56:57.741535-05:00,1222865-1803643,223329.92,PEN,Soles,2026-07-21T00:00:00-05:00
ocds-dgv273-seacev3-1225811,ocds-dgv273-seacev3-1225811-2026-09-04T13:56:57.681586-05:00,1225811-20490827626,408200.0,PEN,Soles,2026-07-07T00:00:00-05:00
ocds-dgv273-seacev3-1225811,ocds-dgv273-seacev3-1225811-2026-09-04T13:56:57.681586-05:00,1225811-1806782,475800.0,PEN,Soles,2026-08-05T00:00:00-05:00
ocds-dgv273-seacev3-1226415,ocds-dgv273-seacev3-1226415-2026-09-04T13:56:57.487857-05:00,1226415-20603119470,399000.0,PEN,Soles,2026-07-22T00:00:00-05:00
ocds-dgv273-seacev3-1221765,ocds-dgv273-seacev3-1221765-2026-09-04T13:56:57.446384-05:00,1221765-20541526715,1387432.8,PEN,Nuevos Soles,2026-07-14T00:00:00-05:00
ocds-dgv273-seacev3-1238201,ocds-dgv273-seacev3-1238201-2026-09-03T10:51:01.035511-05:00,1238201-1817020,636474.57,PEN,Soles,2026-08-03T00:00:00-05:00
ocds-dgv273-seacev3-1229652,ocds-dgv273-seacev3-1229652-2026-09-03T10:50:56.561299-05:00,1229652-1812487,484176.61,PEN,Soles,2026-07-22T00:00:00-05:00
ocds-dgv273-seacev3-1227728,ocds-dgv273-seacev3-1227728-2026-09-03T10:50:55.033336-05:00,1227728-10444256279,119998.0,PEN,Soles,2026-07-02T00:00:00-05:00
ocds-dgv273-seacev3-1225976,ocds-dgv273-seacev3-1225976-2026-09-03T10:50:54.942646-05:00,1225976-1814035,5700000.0,PEN,Soles,2026-07-24T00:00:00-05:00
ocds-dgv273-seacev3-1224651,ocds-dgv273-seacev3-1224651-2026-09-03T10:50:54.835106-05:00,1224651-20448294448,365800.0,PEN,Soles,2026-07-22T00:00:00-05:00
ocds-dgv273-seacev3-1226639,ocds-dgv273-seacev3-1226639-2026-09-03T10:50:54.812682-05:00,1226639-20100287791,57000.0,PEN,Soles,2026-08-21T00:00:00-05:00
ocds-dgv273-seacev3-1225135,ocds-dgv273-seacev3-1225135-2026-09-03T10:50:54.539123-05:00,1225135-1807164,520414.17,PEN,Soles,2026-07-15T00:00:00-05:00
ocds-dgv273-seacev3-1223111,ocds-dgv273-seacev3-1223111-2026-09-03T10:50:54.431523-05:00,1223111-20385002361,478910.0,PEN,Soles,2026-08-17T00:00:00-05:00
ocds-dgv273-seacev3-1224643,ocds-dgv273-seacev3-1224643-2026-09-03T10:50:54.341259-05:00,1224643-1807657,2415094.14,PEN,Soles,2026-07-17T00:00:00-05:00
ocds-dgv273-seacev3-1227260,ocds-dgv273-seacev3-1227260-2026-09-03T10:50:54.270177-05:00,1227260-20454029918,90321.92,PEN,Soles,2026-08-10T00:00:00-05:00
ocds-dgv273-seacev3-1224225,ocds-dgv273-seacev3-1224225-2026-09-03T10:50:54.148111-05:00,1224225-1811693,333156.24,PEN,Soles,2026-08-21T00:00:00-05:00
ocds-dgv273-seacev3-1228378,ocds-dgv273-seacev3-1228378-2026-09-03T10:50:54.126183-05:00,1228378-20448592970,194500.0,PEN,Soles,2026-07-31T00:00:00-05:00
ocds-dgv273-seacev3-1225762,ocds-dgv273-seacev3-1225762-2026-09-03T10:50:54.050627-05:00,1225762-20101320295,95354.0,PEN,Soles,2026-07-20T00:00:00-05:00
ocds-dgv273-seacev3-1226957,ocds-dgv273-seacev3-1226957-2026-09-03T10:50:54.033730-05:00,1226957-20551282865,60000.0,PEN,Soles,2026-08-07T00:00:00-05:00
ocds-dgv273-seacev3-1226925,ocds-dgv273-seacev3-1226925-2026-09-03T10:50:54.002786-05:00,1226925-1813113,660934.4,PEN,Soles,2026-07-30T00:00:00-05:00
ocds-dgv273-seacev3-1223446,ocds-dgv273-seacev3-1223446-2026-09-03T10:50:53.936370-05:00,1223446-1809717,4687039.71,PEN,Soles,2026-07-24T00:00:00-05:00
ocds-dgv273-seacev3-1221028,ocds-dgv273-seacev3-1221028-2026-09-03T10:50:53.893244-05:00,1221028-20448454747,300194.26,PEN,Soles,2026-07-09T00:00:00-05:00
ocds-dgv273-seacev3-1225823,ocds-dgv273-seacev3-1225823-2026-09-03T10:50:53.787595-05:00,1225823-20111864595,451940.0,PEN,Soles,2026-08-18T00:00:00-05:00
ocds-dgv273-seacev3-1229317,ocds-dgv273-seacev3-1229317-2026-09-03T10:50:41.561405-05:00,1229317-1815091,269582.0,PEN,Soles,2026-08-03T00:00:00-05:00
ocds-dgv273-seacev3-1229561,ocds-dgv273-seacev3-1229561-2026-09-03T10:50:39.819860-05:00,1229561-20605631062,109000.0,PEN,Soles,2026-07-10T15:36:11-05:00
ocds-dgv273-seacev3-1229561,ocds-dgv273-seacev3-1229561-2026-09-03T10:50:39.819860-05:00,1229561-10439760724,109900.0,PEN,Soles,2026-08-24T00:00:00-05:00
ocds-dgv273-seacev3-1222502,ocds-dgv273-seacev3-1222502-2026-09-03T10:50:37.529904-05:00,1222502-20506719331,121900.0,PEN,Soles,2026-07-13T00:00:00-05:00
ocds-dgv273-seacev3-2026-2525-47,ocds-dgv273-seacev3-2026-2525-47-2026-09-03T10:50:37.334215-05:00,1222421-20445372499,2415296.85,PEN,Soles,2026-07-13T00:00:00-05:00
ocds-dgv273-seacev3-1220731,ocds-dgv273-seacev3-1220731-2026-09-03T10:50:37.207582-05:00,1220731-20600256026,293400.0,PEN,Soles,2026-08-04T00:00:00-05:00
ocds-dgv273-seacev3-1223909,ocds-dgv273-seacev3-1223909-2026-09-03T10:50:36.823779-05:00,1223909-20612176630,345796.0,PEN,Soles,2026-07-22T00:00:00-05:00
ocds-dgv273-seacev3-1228338,ocds-dgv273-seacev3-1228338-2026-09-03T10:50:36.759632-05:00,1228338-20607793132,109640.8,PEN,Soles,2026-07-30T00:00:00-05:00
ocds-dgv273-seacev3-1226758,ocds-dgv273-seacev3-1226758-2026-09-03T10:50:36.605055-05:00,1226758-10338261328,253368.0,PEN,Soles,2026-07-09T00:00:00-05:00
ocds-dgv273-seacev3-2026-2393-18,ocds-dgv273-seacev3-2026-2393-18-2026-09-03T10:50:36.587644-05:00,1227637-20550315689,224777.55,PEN,Soles,2026-07-24T00:00:00-05:00
ocds-dgv273-seacev3-1227966,ocds-dgv273-seacev3-1227966-2026-09-03T10:50:36.543260-05:00,1227966-1808437,1607533.59,PEN,Soles,2026-07-09T00:00:00-05:00
ocds-dgv273-seacev3-1228857,ocds-dgv273-seacev3-1228857-2026-09-03T10:50:36.519797-05:00,1228857-1809710,585814.34,PEN,Soles,2026-07-21T00:00:00-05:00
ocds-dgv273-seacev3-1227110,ocds-dgv273-seacev3-1227110-2026-09-03T10:50:36.484987-05:00,1227110-1811082,62000.0,PEN,Soles,2026-07-15T00:00:00-05:00
ocds-dgv273-seacev3-1227110,ocds-dgv273-seacev3-1227110-2026-09-03T10:50:36.484987-05:00,1227110-1810759,113500.0,PEN,Soles,2026-08-24T00:00:00-05:00
ocds-dgv273-seacev3-1225557,ocds-dgv273-seacev3-1225557-2026-09-03T10:50:36.414617-05:00,1225557-20523470761,105279.57,PEN,Soles,2026-08-03T00:00:00-05:00
ocds-dgv273-seacev3-2026-1517-7,ocds-dgv273-seacev3-2026-1517-7-2026-09-03T10:50:36.298200-05:00,1225250-10182252137,1165025.98,PEN,Soles,2026-07-17T00:00:00-05:00
ocds-dgv273-seacev3-1222866,ocds-dgv273-seacev3-1222866-2026-09-03T10:50:36.266199-05:00,1222866-20519753830,190000.0,PEN,Soles,2026-08-11T00:00:00-05:00
ocds-dgv273-seacev3-1229256,ocds-dgv273-seacev3-1229256-2026-09-03T10:50:29.340960-05:00,1229256-20503497728,76950.0,PEN,Soles,2026-08-12T00:00:00-05:00
ocds-dgv273-seacev3-1235555,ocds-dgv273-seacev3-1235555-2026-09-03T10:50:28.453159-05:00,1235555-1813989,225950.0,PEN,Soles,2026-07-21T00:00:00-05:00
ocds-dgv273-seacev3-1229567,ocds-dgv273-seacev3-1229567-2026-09-03T10:50:28.338662-05:00,1229567-1815415,109900.0,PEN,Soles,2026-07-31T00:00:00-05:00
ocds-dgv273-seacev3-1229143,ocds-dgv273-seacev3-1229143-2026-09-03T10:50:26.503176-05:00,1229143-20602691528,57650.0,PEN,Soles,2026-08-11T00:00:00-05:00
ocds-dgv273-seacev3-1228478,ocds-dgv273-seacev3-1228478-2026-09-03T10:50:25.270459-05:00,1228478-20604071080,135135.0,PEN,Soles,2026-07-07T00:00:00-05:00
ocds-dgv273-seacev3-1229735,ocds-dgv273-seacev3-1229735-2026-09-03T10:50:24.868391-05:00,1229735-20477351655,1779597.83,PEN,Soles,2026-07-21T00:00:00-05:00
ocds-dgv273-seacev3-1229560,ocds-dgv273-seacev3-1229560-2026-09-03T10:50:24.277822-05:00,1229560-20603026277,60539.09,PEN,Soles,2026-08-21T00:00:00-05:00
ocds-dgv273-seacev3-1228495,ocds-dgv273-seacev3-1228495-2026-09-03T10:50:24.221760-05:00,1228495-20608069519,169000.0,PEN,Soles,2026-08-21T00:00:00-05:00
ocds-dgv273-seacev3-1224081,ocds-dgv273-seacev3-1224081-2026-09-03T10:50:24.068476-05:00,1224081-1807567,1354243.67,PEN,Soles,2026-07-14T00:00:00-05:00
ocds-dgv273-seacev3-1226835,ocds-dgv273-seacev3-1226835-2026-09-03T10:50:23.975505-05:00,1226835-1821516,2308963.0,PEN,Soles,2026-08-19T00:00:00-05:00
ocds-dgv273-seacev3-1228281,ocds-dgv273-seacev3-1228281-2026-09-03T10:50:23.903957-05:00,1228281-1816807,1050000.0,PEN,Soles,2026-08-03T00:00:00-05:00
ocds-dgv273-seacev3-1227878,ocds-dgv273-seacev3-1227878-2026-09-03T10:50:23.861246-05:00,1227878-1819308,466544.24,PEN,Soles,2026-08-12T00:00:00-05:00
ocds-dgv273-seacev3-2026-1902-15,ocds-dgv273-seacev3-2026-1902-15-2026-09-03T10:50:23.842335-05:00,1226846-20608437534,917429.83,PEN,Soles,2026-07-24T00:00:00-05:00
ocds-dgv273-seacev3-2026-200276-3,ocds-dgv273-seacev3-2026-200276-3-2026-09-03T10:50:23.525562-05:00,1223726-20332970411,145380.66,PEN,Soles,2026-07-21T00:00:00-05:00
ocds-dgv273-seacev3-2026-200363-95,ocds-dgv273-seacev3-2026-200363-95-2026-09-03T10:50:23.143353-05:00,1224039-20100177341,40653004.8,PEN,Soles,2026-08-28T00:00:00-05:00
ocds-dgv273-seacev3-1223309,ocds-dgv273-seacev3-1223309-2026-09-03T10:50:23.018449-05:00,1223309-20523209095,716500.0,PEN,Soles,2026-08-18T00:00:00-05:00
ocds-dgv273-seacev3-1221579,ocds-dgv273-seacev3-1221579-2026-09-03T10:50:22.910727-05:00,1221579-20491624303,91800.0,PEN,Soles,2026-08-03T00:00:00-05:00
ocds-dgv273-seacev3-1233793,ocds-dgv273-seacev3-1233793-2026-09-03T10:50:13.336357-05:00,1233793-1814142,4681470.43,PEN,Soles,2026-07-24T00:00:00-05:00
ocds-dgv273-seacev3-1229826,ocds-dgv273-seacev3-1229826-2026-09-03T10:50:11.140078-05:00,1229826-1818583,2529978.53,PEN,Soles,2026-08-18T00:00:00-05:00
ocds-dgv273-seacev3-1220512,ocds-dgv273-seacev3-1220512-2026-09-03T10:50:10.757061-05:00,1220512-1807079,196506.54,PEN,Soles,2026-07-08T00:00:00-05:00
ocds-dgv273-seacev3-1228020,ocds-dgv273-seacev3-1228020-2026-09-03T10:50:10.623622-05:00,1228020-20455732221,429811.2,PEN,Soles,2026-08-19T00:00:00-05:00
ocds-dgv273-seacev3-1227017,ocds-dgv273-seacev3-1227017-2026-09-03T10:50:10.578764-05:00,1227017-20448133517,355000.0,PEN,Soles,2026-07-20T00:00:00-05:00
ocds-dgv273-seacev3-1225272,ocds-dgv273-seacev3-1225272-2026-09-03T10:50:10.456176-05:00,1225272-20555589574,128378.25,PEN,Soles,2026-08-25T00:00:00-05:00
ocds-dgv273-seacev3-1225738,ocds-dgv273-seacev3-1225738-2026-09-03T10:50:10.338143-05:00,1225738-20600836880,121000.0,PEN,Soles,2026-08-13T00:00:00-05:00
ocds-dgv273-seacev3-1228421,ocds-dgv273-seacev3-1228421-2026-09-03T10:50:10.251975-05:00,1228421-20487047512,364772.86,PEN,Soles,2026-07-15T00:00:00-05:00
ocds-dgv273-seacev3-1224096,ocds-dgv273-seacev3-1224096-2026-09-03T10:50:10.204349-05:00,1224096-10176225179,208000.0,PEN,Soles,2026-08-03T00:00:00-05:00
ocds-dgv273-seacev3-1229136,ocds-dgv273-seacev3-1229136-2026-09-03T10:50:10.137890-05:00,1229136-20612416274,363250.0,PEN,Soles,2026-07-08T00:00:00-05:00
ocds-dgv273-seacev3-1228534,ocds-dgv273-seacev3-1228534-2026-09-03T10:50:10.001504-05:00,1228534-1816773,4750000.0,PEN,Soles,2026-08-05T00:00:00-05:00
ocds-dgv273-seacev3-1228190,ocds-dgv273-seacev3-1228190-2026-09-03T10:50:09.986777-05:00,1228190-20608554476,222000.0,PEN,Soles,2026-08-04T00:00:00-05:00
ocds-dgv273-seacev3-1222110,ocds-dgv273-seacev3-1222110-2026-09-03T10:50:09.829447-05:00,1222110-20506813191,5570885.6,PEN,Soles,2026-09-01T00:00:00-05:00
ocds-dgv273-seacev3-1224283,ocds-dgv273-seacev3-1224283-2026-09-03T10:50:09.724455-05:00,1224283-20603919557,1315000.0,PEN,Soles,2026-08-12T00:00:00-05:00
ocds-dgv273-seacev3-1224986,ocds-dgv273-seacev3-1224986-2026-09-03T10:50:09.676203-05:00,1224986-20552075341,2940000.0,PEN,Soles,2026-08-18T00:00:00-05:00
ocds-dgv273-seacev3-1224040,ocds-dgv273-seacev3-1224040-2026-09-03T10:50:09.519912-05:00,1224040-1804771,2977620.4,PEN,Nuevos Soles,2026-07-03T00:00:00-05:00
ocds-dgv273-seacev3-1229225,ocds-dgv273-seacev3-1229225-2026-09-03T10:50:03.428588-05:00,1229225-20557098403,529410.0,PEN,Soles,2026-08-18T00:00:00-05:00
ocds-dgv273-seacev3-2026-2383-166,ocds-dgv273-seacev3-2026-2383-166-2026-09-03T10:50:02.177236-05:00,1229120-20100070970,1960190.0,PEN,Soles,2026-08-19T00:00:00-05:00
ocds-dgv273-seacev3-1229124,ocds-dgv273-seacev3-1229124-2026-09-03T10:50:00.441780-05:00,1229124-20609563983,456000.0,PEN,Soles,2026-08-04T00:00:00-05:00
ocds-dgv273-seacev3-1229793,ocds-dgv273-seacev3-1229793-2026-09-03T10:49:57.940567-05:00,1229793-1811229,278323.34,PEN,Soles,2026-07-16T00:00:00-05:00
ocds-dgv273-seacev3-1228630,ocds-dgv273-seacev3-1228630-2026-09-03T10:49:57.838021-05:00,1228630-20468705738,228480.0,PEN,Soles,2026-07-02T00:00:00-05:00
ocds-dgv273-seacev3-1228089,ocds-dgv273-seacev3-1228089-2026-09-03T10:49:57.578058-05:00,1228089-20523008430,107500.0,PEN,Soles,2026-07-14T00:00:00-05:00
ocds-dgv273-seacev3-1225178,ocds-dgv273-seacev3-1225178-2026-09-03T10:49:57.470176-05:00,1225178-20605910557,81180.0,PEN,Soles,2026-07-09T00:00:00-05:00
ocds-dgv273-seacev3-1226197,ocds-dgv273-seacev3-1226197-2026-09-03T10:49:57.347057-05:00,1226197-1807281,229099.76,PEN,Soles,2026-07-22T00:00:00-05:00
ocds-dgv273-seacev3-1223384,ocds-dgv273-seacev3-1223384-2026-09-03T10:49:57.291503-05:00,1223384-1811281,31985876.1,PEN,Soles,2026-07-17T00:00:00-05:00
ocds-dgv273-seacev3-1222837,ocds-dgv273-seacev3-1222837-2026-09-03T10:49:57.240784-05:00,1222837-20600200578,98000.0,PEN,Soles,2026-07-03T00:00:00-05:00
ocds-dgv273-seacev3-1226373,ocds-dgv273-seacev3-1226373-2026-09-03T10:49:57.223077-05:00,1226373-1804849,1678116.15,PEN,Soles,2026-06-30T00:00:00-05:00
ocds-dgv273-seacev3-1228249,ocds-dgv273-seacev3-1228249-2026-09-03T10:49:57.179266-05:00,1228249-20613909991,56990.0,PEN,Soles,2026-07-20T00:00:00-05:00
ocds-dgv273-seacev3-1226954,ocds-dgv273-seacev3-1226954-2026-09-03T10:49:57.160037-05:00,1226954-10249943571,117450.0,PEN,Soles,2026-08-13T00:00:00-05:00
ocds-dgv273-seacev3-1221585,ocds-dgv273-seacev3-1221585-2026-09-03T10:49:57.115338-05:00,1221585-20612262587,516460.0,PEN,Soles,2026-07-21T00:00:00-05:00
ocds-dgv273-seacev3-1227123,ocds-dgv273-seacev3-1227123-2026-09-03T10:49:56.971802-05:00,1227123-20101056091,300000.0,PEN,Soles,2026-07-01T00:00:00-05:00
ocds-dgv273-seacev3-1229748,ocds-dgv273-seacev3-1229748-2026-09-03T10:49:56.934277-05:00,1229748-1812032,1305000.0,PEN,Soles,2026-07-20T00:00:00-05:00
ocds-dgv273-seacev3-1221887,ocds-dgv273-seacev3-1221887-2026-09-03T10:49:56.678309-05:00,1221887-1809805,650100.0,PEN,Soles,2026-07-22T00:00:00-05:00
ocds-dgv273-seacev3-1218502,ocds-dgv273-seacev3-1218502-2026-09-03T10:49:56.636244-05:00,1218502-1808703,2205988.87,PEN,Soles,2026-07-16T00:00:00-05:00
ocds-dgv273-seacev3-1225884,ocds-dgv273-seacev3-1225884-2026-09-03T10:49:56.618488-05:00,1225884-1806244,403200.0,PEN,Soles,2026-07-03T00:00:00-05:00
ocds-dgv273-seacev3-1225884,ocds-dgv273-seacev3-1225884-2026-09-03T10:49:56.618488-05:00,1225884-20601834431,420500.0,PEN,Soles,2026-07-03T00:00:00-05:00
ocds-dgv273-seacev3-1228250,ocds-dgv273-seacev3-1228250-2026-09-03T10:49:56.602436-05:00,1228250-1816440,545000.0,PEN,Soles,2026-08-03T00:00:00-05:00
ocds-dgv273-seacev3-1227908,ocds-dgv273-seacev3-1227908-2026-09-03T10:49:56.543263-05:00,1227908-1808461,118629.88,PEN,Soles,2026-07-09T00:00:00-05:00
ocds-dgv273-seacev3-1224971,ocds-dgv273-seacev3-1224971-2026-09-03T10:49:56.440683-05:00,1224971-10715194452,592636.0,PEN,Soles,2026-07-17T00:00:00-05:00
ocds-dgv273-seacev3-1227753,ocds-dgv273-seacev3-1227753-2026-09-03T10:49:56.381596-05:00,1227753-20604488681,1213065.0,PEN,Soles,2026-08-19T00:00:00-05:00
ocds-dgv273-seacev3-1226497,ocds-dgv273-seacev3-1226497-2026-09-03T10:49:56.270675-05:00,1226497-20100131359,5953277.18,PEN,Nuevos Soles,2026-08-31T00:00:00-05:00
ocds-dgv273-seacev3-1223163,ocds-dgv273-seacev3-1223163-2026-09-03T10:49:56.030581-05:00,1223163-20603411715,292320.0,PEN,Soles,2026-06-26T00:00:00-05:00
ocds-dgv273-seacev3-1223163,ocds-dgv273-seacev3-1223163-2026-09-03T10:49:56.030581-05:00,1223163-20606847751,298045.8,PEN,Soles,2026-08-21T00:00:00-05:00
ocds-dgv273-seacev3-2026-1970-6,ocds-dgv273-seacev3-2026-1970-6-2026-09-03T10:49:56.006464-05:00,1221358-20502447689,52950.0,PEN,Soles,2026-07-15T00:00:00-05:00
ocds-dgv273-seacev3-1225088,ocds-dgv273-seacev3-1225088-2026-09-03T10:49:40.992907-05:00,1225088-20603728271,78960.0,PEN,Soles,2026-08-04T00:00:00-05:00
ocds-dgv273-seacev3-1229284,ocds-dgv273-seacev3-1229284-2026-09-03T10:49:39.299070-05:00,1229284-20537611864,75100.0,PEN,Soles,2026-07-30T00:00:00-05:00
ocds-dgv273-seacev3-1229343,ocds-dgv273-seacev3-1229343-2026-09-03T10:49:38.044900-05:00,1229343-20109161609,321300.0,PEN,Soles,2026-07-02T00:00:00-05:00
ocds-dgv273-seacev3-1229214,ocds-dgv273-seacev3-1229214-2026-09-03T10:49:37.603185-05:00,1229214-20553853355,163769.8,PEN,Soles,2026-08-12T00:00:00-05:00
ocds-dgv273-seacev3-1227870,ocds-dgv273-seacev3-1227870-2026-09-03T10:49:37.511600-05:00,1227870-1819783,1010880.0,PEN,Soles,2026-08-19T00:00:00-05:00
ocds-dgv273-seacev3-1228725,ocds-dgv273-seacev3-1228725-2026-09-03T10:49:37.444686-05:00,1228725-20602045375,264389.64,PEN,Soles,2026-08-17T00:00:00-05:00
ocds-dgv273-seacev3-1223114,ocds-dgv273-seacev3-1223114-2026-09-03T10:49:37.359099-05:00,1223114-20101093027,691824.1,PEN,Soles,2026-07-24T00:00:00-05:00
ocds-dgv273-seacev3-1224906,ocds-dgv273-seacev3-1224906-2026-09-03T10:49:37.324317-05:00,1224906-20559288510,4504503.59,PEN,Soles,2026-07-31T00:00:00-05:00
ocds-dgv273-seacev3-1222964,ocds-dgv273-seacev3-1222964-2026-09-03T10:49:37.285407-05:00,1222964-20615218198,79089.5,PEN,Soles,2026-06-18T00:00:00-05:00
ocds-dgv273-seacev3-1222964,ocds-dgv273-seacev3-1222964-2026-09-03T10:49:37.285407-05:00,1222964-20563136562,84156.56,PEN,Soles,2026-08-18T00:00:00-05:00
ocds-dgv273-seacev3-2026-2543-458,ocds-dgv273-seacev3-2026-2543-458-2026-09-03T10:49:37.081136-05:00,1229457-20612262587,350120.0,PEN,Soles,2026-08-18T00:00:00-05:00
ocds-dgv273-seacev3-1229911,ocds-dgv273-seacev3-1229911-2026-09-03T10:49:37.046385-05:00,1229911-1819261,822271.99,PEN,Soles,2026-08-17T00:00:00-05:00
ocds-dgv273-seacev3-1227789,ocds-dgv273-seacev3-1227789-2026-09-03T10:49:36.516234-05:00,1227789-20452052238,187000.0,PEN,Soles,2026-07-24T00:00:00-05:00
ocds-dgv273-seacev3-2026-1902-25,ocds-dgv273-seacev3-2026-1902-25-2026-09-03T10:49:36.432563-05:00,1226773-1810063,224461.95,PEN,Soles,2026-07-30T00:00:00-05:00
ocds-dgv273-seacev3-1227187,ocds-dgv273-seacev3-1227187-2026-09-03T10:49:36.417261-05:00,1227187-20547737904,741160.0,PEN,Soles,2026-07-24T00:00:00-05:00
ocds-dgv273-seacev3-1228402,ocds-dgv273-seacev3-1228402-2026-09-03T10:49:36.402249-05:00,1228402-20137976171,88400.0,PEN,Soles,2026-08-20T00:00:00-05:00
ocds-dgv273-seacev3-2026-2362-5,ocds-dgv273-seacev3-2026-2362-5-2026-09-03T10:49:36.188187-05:00,1222793-20521487748,689384.0,PEN,Soles,2026-07-10T00:00:00-05:00
ocds-dgv273-seacev3-1227771,ocds-dgv273-seacev3-1227771-2026-09-03T10:49:29.826431-05:00,1227771-20608218921,143091.18,PEN,Soles,2026-08-03T00:00:00-05:00
ocds-dgv273-seacev3-1229337,ocds-dgv273-seacev3-1229337-2026-09-03T10:49:29.621201-05:00,1229337-20609841878,86000.0,PEN,Soles,2026-08-20T00:00:00-05:00
ocds-dgv273-seacev3-1228722,ocds-dgv273-seacev3-1228722-2026-09-03T10:49:26.727998-05:00,1228722-1810725,307770.0,PEN,Soles,2026-07-14T00:00:00-05:00
ocds-dgv273-seacev3-1228698,ocds-dgv273-seacev3-1228698-2026-09-03T10:49:24.818172-05:00,1228698-20513590891,429931.4,PEN,Soles,2026-07-21T00:00:00-05:00
ocds-dgv273-seacev3-1223729,ocds-dgv273-seacev3-1223729-2026-09-03T10:49:24.779806-05:00,1223729-20468787360,149850.0,PEN,Soles,2026-08-12T00:00:00-05:00
ocds-dgv273-seacev3-1228989,ocds-dgv273-seacev3-1228989-2026-09-03T10:49:24.665736-05:00,1228989-1812582,1325623.32,PEN,Soles,2026-07-20T00:00:00-05:00
ocds-dgv273-seacev3-1232028,ocds-dgv273-seacev3-1232028-2026-09-03T10:49:24.624826-05:00,1232028-20416167509,10870863.4,PEN,Soles,2026-08-04T00:00:00-05:00
ocds-dgv273-seacev3-1223913,ocds-dgv273-seacev3-1223913-2026-09-03T10:49:24.556953-05:00,1223913-1811709,872650.84,PEN,Soles,2026-07-17T00:00:00-05:00
ocds-dgv273-seacev3-1228312,ocds-dgv273-seacev3-1228312-2026-09-03T10:49:24.407827-05:00,1228312-20524786266,261000.0,PEN,Soles,2026-08-24T00:00:00-05:00
ocds-dgv273-seacev3-1226646,ocds-dgv273-seacev3-1226646-2026-09-03T10:49:24.269495-05:00,1226646-10715200037,130590.6,PEN,Soles,2026-07-09T00:00:00-05:00
ocds-dgv273-seacev3-1227090,ocds-dgv273-seacev3-1227090-2026-09-03T10:49:23.991387-05:00,1227090-20507241400,329750.0,PEN,Soles,2026-08-04T00:00:00-05:00
ocds-dgv273-seacev3-1227232,ocds-dgv273-seacev3-1227232-2026-09-03T10:49:23.952923-05:00,1227232-20605629408,666216.0,PEN,Soles,2026-06-22T00:00:00-05:00
ocds-dgv273-seacev3-1238665,ocds-dgv273-seacev3-1238665-2026-09-03T10:49:16.707122-05:00,1238665-1817494,3404361.4,PEN,Soles,2026-08-04T00:00:00-05:00
ocds-dgv273-seacev3-1234920,ocds-dgv273-seacev3-1234920-2026-09-03T10:49:15.404997-05:00,1234920-20602080821,947520.0,PEN,Soles,2026-08-07T00:00:00-05:00
ocds-dgv273-seacev3-1241355,ocds-dgv273-seacev3-1241355-2026-09-03T10:49:13.399657-05:00,1241355-1820551,1616074.59,PEN,Soles,2026-08-21T00:00:00-05:00
ocds-dgv273-seacev3-1227411,ocds-dgv273-seacev3-1227411-2026-09-03T10:49:13.361510-05:00,1227411-1816359,1717604.21,PEN,Soles,2026-08-24T00:00:00-05:00
ocds-dgv273-seacev3-1228681,ocds-dgv273-seacev3-1228681-2026-09-03T10:49:11.977148-05:00,1228681-20407806299,39223.58,PEN,Soles,2026-07-21T00:00:00-05:00
ocds-dgv273-seacev3-1227937,ocds-dgv273-seacev3-1227937-2026-09-03T10:49:11.925322-05:00,1227937-10106514386,235000.0,PEN,Soles,2026-07-07T00:00:00-05:00
ocds-dgv273-seacev3-1227740,ocds-dgv273-seacev3-1227740-2026-09-03T10:49:11.899023-05:00,1227740-1813309,174084.16,PEN,Soles,2026-08-13T00:00:00-05:00
ocds-dgv273-seacev3-1221322,ocds-dgv273-seacev3-1221322-2026-09-03T10:49:11.790245-05:00,1221322-20610704680,82178.0,PEN,Soles,2026-06-15T00:00:00-05:00
ocds-dgv273-seacev3-1221322,ocds-dgv273-seacev3-1221322-2026-09-03T10:49:11.790245-05:00,1221322-20604715254,82178.0,PEN,Soles,2026-07-20T00:00:00-05:00
ocds-dgv273-seacev3-1221322,ocds-dgv273-seacev3-1221322-2026-09-03T10:49:11.790245-05:00,1221322-20604339929,82178.0,PEN,Soles,2026-08-04T00:00:00-05:00
ocds-dgv273-seacev3-1224510,ocds-dgv273-seacev3-1224510-2026-09-03T10:49:11.735693-05:00,1224510-20537409526,69970.0,PEN,Soles,2026-08-24T00:00:00-05:00
ocds-dgv273-seacev3-1227798,ocds-dgv273-seacev3-1227798-2026-09-03T10:49:11.702657-05:00,1227798-1821992,1876922.0,PEN,Soles,2026-08-19T00:00:00-05:00
ocds-dgv273-seacev3-1226853,ocds-dgv273-seacev3-1226853-2026-09-03T10:49:11.602491-05:00,1226853-20511717486,264145.0,PEN,Soles,2026-07-08T00:00:00-05:00
ocds-dgv273-seacev3-1226819,ocds-dgv273-seacev3-1226819-2026-09-03T10:49:10.925373-05:00,1226819-20448454747,634495.75,PEN,Soles,2026-07-22T00:00:00-05:00
ocds-dgv273-seacev3-1225049,ocds-dgv273-seacev3-1225049-2026-09-03T10:49:10.896353-05:00,1225049-20604035873,274097.46,PEN,Soles,2026-06-25T00:00:00-05:00
ocds-dgv273-seacev3-1226220,ocds-dgv273-seacev3-1226220-2026-09-03T10:49:10.879184-05:00,1226220-10777971447,179863.7,PEN,Soles,2026-08-10T00:00:00-05:00
ocds-dgv273-seacev3-1228114,ocds-dgv273-seacev3-1228114-2026-09-03T10:49:10.841984-05:00,1228114-1809961,221406.07,PEN,Soles,2026-07-20T00:00:00-05:00
ocds-dgv273-seacev3-1224893,ocds-dgv273-seacev3-1224893-2026-09-03T10:49:07.431587-05:00,1224893-20604035873,117906.91,PEN,Soles,2026-06-25T18:24:19-05:00
ocds-dgv273-seacev3-1228539,ocds-dgv273-seacev3-1228539-2026-09-01T10:23:39.978973-05:00,1228539-20601858879,254204.0,PEN,Soles,2026-08-21T00:00:00-05:00
ocds-dgv273-seacev3-2026-2411-10,ocds-dgv273-seacev3-2026-2411-10-2026-08-30T10:02:53.543115-05:00,1229370-1822792,42566225.24,PEN,Soles,2026-08-28T00:00:00-05:00
ocds-dgv273-seacev3-1229132,ocds-dgv273-seacev3-1229132-2026-08-30T10:02:53.534572-05:00,1229132-10248943349,292500.0,PEN,Soles,2026-07-09T00:00:00-05:00
ocds-dgv273-seacev3-1229836,ocds-dgv273-seacev3-1229836-2026-08-30T10:02:52.342220-05:00,1229836-1811001,678252.15,PEN,Soles,2026-07-20T00:00:00-05:00
ocds-dgv273-seacev3-1228790,ocds-dgv273-seacev3-1228790-2026-08-30T10:02:49.112578-05:00,1228790-10747086091,458250.0,PEN,Soles,2026-08-07T00:00:00-05:00
ocds-dgv273-seacev3-2026-200302-62,ocds-dgv273-seacev3-2026-200302-62-2026-08-30T10:02:49.035320-05:00,1221481-1803490,141948.34,PEN,Soles,2026-07-09T00:00:00-05:00
ocds-dgv273-seacev3-1222740,ocds-dgv273-seacev3-1222740-2026-08-30T10:02:49.013937-05:00,1222740-20376181015,292050.0,PEN,Soles,2026-07-31T00:00:00-05:00
ocds-dgv273-seacev3-1225949,ocds-dgv273-seacev3-1225949-2026-08-30T10:02:48.993652-05:00,1225949-20100210909,608878.29,PEN,Soles,2026-07-22T00:00:00-05:00
ocds-dgv273-seacev3-1225949,ocds-dgv273-seacev3-1225949-2026-08-30T10:02:48.993652-05:00,1225949-20418896915,199125.29,PEN,Soles,2026-07-22T00:00:00-05:00
ocds-dgv273-seacev3-1232788,ocds-dgv273-seacev3-1232788-2026-08-30T10:02:48.947979-05:00,1232788-1812712,329844.05,PEN,Soles,2026-07-21T00:00:00-05:00
ocds-dgv273-seacev3-1222650,ocds-dgv273-seacev3-1222650-2026-08-30T10:02:48.876081-05:00,1222650-10437109261,545400.0,PEN,Soles,2026-07-16T00:00:00-05:00
ocds-dgv273-seacev3-1223330,ocds-dgv273-seacev3-1223330-2026-08-30T10:02:48.654869-05:00,1223330-20282738946,371577.04,PEN,Soles,2026-06-18T00:00:00-05:00
ocds-dgv273-seacev3-1223781,ocds-dgv273-seacev3-1223781-2026-08-30T10:02:48.587273-05:00,1223781-1811600,756869.47,PEN,Soles,2026-07-21T00:00:00-05:00
ocds-dgv273-seacev3-1227584,ocds-dgv273-seacev3-1227584-2026-08-30T10:02:48.472376-05:00,1227584-20608165488,165034.8,PEN,Soles,2026-07-08T00:00:00-05:00
ocds-dgv273-seacev3-1227584,ocds-dgv273-seacev3-1227584-2026-08-30T10:02:48.472376-05:00,1227584-10472154988,192000.0,PEN,Soles,2026-08-12T00:00:00-05:00
ocds-dgv273-seacev3-1227080,ocds-dgv273-seacev3-1227080-2026-08-30T10:02:48.256576-05:00,1227080-20611033665,124500.0,PEN,Soles,2026-07-06T00:00:00-05:00
ocds-dgv273-seacev3-1221884,ocds-dgv273-seacev3-1221884-2026-08-30T10:02:48.241678-05:00,1221884-10239583496,1158027.0,PEN,Soles,2026-08-18T00:00:00-05:00
ocds-dgv273-seacev3-1245048,ocds-dgv273-seacev3-1245048-2026-08-30T10:02:40.228029-05:00,1245048-20562696491,2875.0,PEN,Soles,2026-08-27T00:00:00-05:00
ocds-dgv273-seacev3-1229468,ocds-dgv273-seacev3-1229468-2026-08-30T10:02:39.723782-05:00,1229468-20605148582,103113.0,PEN,Soles,2026-07-08T00:00:00-05:00
ocds-dgv273-seacev3-1231404,ocds-dgv273-seacev3-1231404-2026-08-30T10:02:38.354571-05:00,1231404-1810345,452989.46,PEN,Soles,2026-07-22T00:00:00-05:00
ocds-dgv273-seacev3-1225397,ocds-dgv273-seacev3-1225397-2026-08-30T10:02:38.216522-05:00,1225397-20603928254,852994.2,PEN,Soles,2026-07-21T00:00:00-05:00
ocds-dgv273-seacev3-1194785,ocds-dgv273-seacev3-1194785-2026-08-30T10:02:38.139977-05:00,1194785-1809535,515338.87,PEN,Soles,2026-07-17T00:00:00-05:00
ocds-dgv273-seacev3-1232964,ocds-dgv273-seacev3-1232964-2026-08-30T10:02:38.087766-05:00,1232964-20607993344,61605.16,PEN,Soles,2026-07-22T00:00:00-05:00
ocds-dgv273-seacev3-2026-45-49,ocds-dgv273-seacev3-2026-45-49-2026-08-30T10:02:38.021613-05:00,1223001-20538247813,82860.0,PEN,Soles,2026-08-13T00:00:00-05:00
ocds-dgv273-seacev3-1225367,ocds-dgv273-seacev3-1225367-2026-08-30T10:02:37.988399-05:00,1225367-1806095,3466721.09,PEN,Soles,2026-07-09T00:00:00-05:00
ocds-dgv273-seacev3-1227608,ocds-dgv273-seacev3-1227608-2026-08-30T10:02:37.702889-05:00,1227608-1809718,372455.72,PEN,Soles,2026-07-22T00:00:00-05:00
ocds-dgv273-seacev3-1226523,ocds-dgv273-seacev3-1226523-2026-08-30T10:02:37.556973-05:00,1226523-1810676,97155.78,PEN,Soles,2026-07-17T00:00:00-05:00
ocds-dgv273-seacev3-1224619,ocds-dgv273-seacev3-1224619-2026-08-30T10:02:37.537210-05:00,1224619-20600897471,80500.0,USD,Dólar Norteamericano,2026-06-25T00:00:00-05:00
ocds-dgv273-seacev3-1226244,ocds-dgv273-seacev3-1226244-2026-08-30T10:02:37.387813-05:00,1226244-20569307016,342000.0,PEN,Soles,2026-07-03T00:00:00-05:00
ocds-dgv273-seacev3-2026-200195-16,ocds-dgv273-seacev3-2026-200195-16-2026-08-30T10:02:37.377771-05:00,1224164-20603343086,1435000.0,PEN,Soles,2026-08-03T00:00:00-05:00
ocds-dgv273-seacev3-1221879,ocds-dgv273-seacev3-1221879-2026-08-30T10:02:37.329655-05:00,1221879-20557788841,151200.0,PEN,Soles,2026-07-01T00:00:00-05:00
ocds-dgv273-seacev3-1223289,ocds-dgv273-seacev3-1223289-2026-08-30T10:02:37.262920-05:00,1223289-20455679231,303360.0,PEN,Soles,2026-07-07T00:00:00-05:00
ocds-dgv273-seacev3-2026-45-46,ocds-dgv273-seacev3-2026-45-46-2026-08-30T10:02:37.218767-05:00,1223360-20602563066,190000.0,PEN,Soles,2026-07-20T00:00:00-05:00
ocds-dgv273-seacev3-1226742,ocds-dgv273-seacev3-1226742-2026-08-30T10:02:37.189087-05:00,1226742-1814384,521472.0,PEN,Soles,2026-08-17T00:00:00-05:00
ocds-dgv273-seacev3-1228861,ocds-dgv273-seacev3-1228861-2026-08-30T10:02:32.237404-05:00,1228861-1810121,205521.72,PEN,Soles,2026-07-20T00:00:00-05:00
ocds-dgv273-seacev3-1228584,ocds-dgv273-seacev3-1228584-2026-08-30T10:02:28.922200-05:00,1228584-1819539,266916.0,PEN,Soles,2026-08-21T00:00:00-05:00
ocds-dgv273-seacev3-1225983,ocds-dgv273-seacev3-1225983-2026-08-30T10:02:27.755092-05:00,1225983-20613416626,1219774.06,PEN,Soles,2026-08-28T00:00:00-05:00
ocds-dgv273-seacev3-1225713,ocds-dgv273-seacev3-1225713-2026-08-30T10:02:27.515994-05:00,1225713-20600370643,553121.0,PEN,Soles,2026-06-16T00:00:00-05:00
ocds-dgv273-seacev3-1227946,ocds-dgv273-seacev3-1227946-2026-08-30T10:02:27.498742-05:00,1227946-1823899,14397992.36,PEN,Soles,2026-08-27T00:00:00-05:00
ocds-dgv273-seacev3-1225395,ocds-dgv273-seacev3-1225395-2026-08-30T10:02:27.437964-05:00,1225395-1814214,9450600.0,PEN,Soles,2026-07-30T00:00:00-05:00
ocds-dgv273-seacev3-1228844,ocds-dgv273-seacev3-1228844-2026-08-30T10:02:27.415995-05:00,1228844-20601062853,680000.0,PEN,Soles,2026-07-10T00:00:00-05:00
ocds-dgv273-seacev3-1228844,ocds-dgv273-seacev3-1228844-2026-08-30T10:02:27.415995-05:00,1228844-10444256279,736450.0,PEN,Soles,2026-07-10T00:00:00-05:00
ocds-dgv273-seacev3-1227971,ocds-dgv273-seacev3-1227971-2026-08-30T10:02:27.275467-05:00,1227971-1812402,1357686.69,PEN,Soles,2026-07-22T00:00:00-05:00
ocds-dgv273-seacev3-1222455,ocds-dgv273-seacev3-1222455-2026-08-30T10:02:27.211427-05:00,1222455-1803605,273780.0,PEN,Soles,2026-06-24T00:00:00-05:00
ocds-dgv273-seacev3-1222455,ocds-dgv273-seacev3-1222455-2026-08-30T10:02:27.211427-05:00,1222455-20100057523,273780.0,PEN,Soles,2026-08-10T00:00:00-05:00
ocds-dgv273-seacev3-1227721,ocds-dgv273-seacev3-1227721-2026-08-30T10:02:27.144752-05:00,1227721-20612176630,156400.0,PEN,Soles,2026-08-05T00:00:00-05:00
ocds-dgv273-seacev3-2026-1028-2,ocds-dgv273-seacev3-2026-1028-2-2026-08-30T10:02:27.072098-05:00,1227019-20494403596,90682.5,PEN,Soles,2026-07-01T00:00:00-05:00
ocds-dgv273-seacev3-1226627,ocds-dgv273-seacev3-1226627-2026-08-30T10:02:27.027989-05:00,1226627-10700072351,70000.0,PEN,Soles,2026-07-13T00:00:00-05:00
ocds-dgv273-seacev3-1226627,ocds-dgv273-seacev3-1226627-2026-08-30T10:02:27.027989-05:00,1226627-20602857914,82650.0,PEN,Soles,2026-08-07T00:00:00-05:00
ocds-dgv273-seacev3-1222831,ocds-dgv273-seacev3-1222831-2026-08-30T10:02:26.894602-05:00,1222831-1807146,2290020.93,PEN,Soles,2026-08-03T00:00:00-05:00
ocds-dgv273-seacev3-1223376,ocds-dgv273-seacev3-1223376-2026-08-30T10:02:26.858015-05:00,1223376-10200439924,1930867.5,PEN,Soles,2026-07-14T00:00:00-05:00
ocds-dgv273-seacev3-1223376,ocds-dgv273-seacev3-1223376-2026-08-30T10:02:26.858015-05:00,1223376-20130471464,2595195.0,PEN,Soles,2026-07-14T00:00:00-05:00
ocds-dgv273-seacev3-1243348,ocds-dgv273-seacev3-1243348-2026-08-30T10:02:23.040408-05:00,1243348-20545531888,325102.43,PEN,Soles,2026-08-20T00:00:00-05:00
ocds-dgv273-seacev3-1229302,ocds-dgv273-seacev3-1229302-2026-08-30T10:02:21.034676-05:00,1229302-1810142,879468.0,PEN,Soles,2026-07-21T00:00:00-05:00
ocds-dgv273-seacev3-1244220,ocds-dgv273-seacev3-1244220-2026-08-30T10:02:20.851611-05:00,1244220-20606586729,26042.0,PEN,Soles,2026-08-27T00:00:00-05:00
ocds-dgv273-seacev3-1229368,ocds-dgv273-seacev3-1229368-2026-08-30T10:02:16.607623-05:00,1229368-20448283322,80752.5,PEN,Soles,2026-07-10T00:00:00-05:00
ocds-dgv273-seacev3-1227469,ocds-dgv273-seacev3-1227469-2026-08-30T10:02:16.230928-05:00,1227469-20540732672,107000.0,PEN,Soles,2026-07-21T00:00:00-05:00
ocds-dgv273-seacev3-1222373,ocds-dgv273-seacev3-1222373-2026-08-30T10:02:16.216257-05:00,1222373-1808632,64900.0,PEN,Soles,2026-08-10T00:00:00-05:00
ocds-dgv273-seacev3-2026-200191-13,ocds-dgv273-seacev3-2026-200191-13-2026-08-30T10:02:16.201410-05:00,1228010-20602894941,199990.0,PEN,Soles,2026-07-17T00:00:00-05:00
ocds-dgv273-seacev3-1228205,ocds-dgv273-seacev3-1228205-2026-08-30T10:02:16.155300-05:00,1228205-10800103288,134625.0,PEN,Soles,2026-07-15T00:00:00-05:00
ocds-dgv273-seacev3-1228051,ocds-dgv273-seacev3-1228051-2026-08-30T10:02:16.138056-05:00,1228051-1815697,1059071.58,PEN,Soles,2026-08-20T00:00:00-05:00
ocds-dgv273-seacev3-1227373,ocds-dgv273-seacev3-1227373-2026-08-30T10:02:16.123213-05:00,1227373-1808672,392613.98,PEN,Nuevos Soles,2026-07-10T00:00:00-05:00
ocds-dgv273-seacev3-1227291,ocds-dgv273-seacev3-1227291-2026-08-30T10:02:16.099054-05:00,1227291-20546675310,17074800.0,PEN,Soles,2026-08-18T00:00:00-05:00
ocds-dgv273-seacev3-1224887,ocds-dgv273-seacev3-1224887-2026-08-30T10:02:16.082023-05:00,1224887-10458959973,82350.0,PEN,Soles,2026-08-05T00:00:00-05:00
ocds-dgv273-seacev3-1228195,ocds-dgv273-seacev3-1228195-2026-08-30T10:02:16.066674-05:00,1228195-1810057,86253.28,PEN,Soles,2026-07-17T00:00:00-05:00
ocds-dgv273-seacev3-1226333,ocds-dgv273-seacev3-1226333-2026-08-30T10:02:16.031167-05:00,1226333-20537209861,274008.0,PEN,Soles,2026-07-24T00:00:00-05:00
ocds-dgv273-seacev3-1226333,ocds-dgv273-seacev3-1226333-2026-08-30T10:02:16.031167-05:00,1226333-20546876722,287292.0,PEN,Soles,2026-07-24T00:00:00-05:00
ocds-dgv273-seacev3-1226190,ocds-dgv273-seacev3-1226190-2026-08-30T10:02:15.993536-05:00,1226190-1808490,1634996.78,PEN,Soles,2026-07-22T00:00:00-05:00
ocds-dgv273-seacev3-1225551,ocds-dgv273-seacev3-1225551-2026-08-30T10:02:15.963103-05:00,1225551-1809699,3131633.01,PEN,Soles,2026-07-17T00:00:00-05:00
ocds-dgv273-seacev3-2026-2436-17,ocds-dgv273-seacev3-2026-2436-17-2026-08-30T10:02:15.930220-05:00,1221854-20101085199,488520.0,USD,Dólar Norteamericano,2026-06-18T00:00:00-05:00
ocds-dgv273-seacev3-1226901,ocds-dgv273-seacev3-1226901-2026-08-30T10:02:15.895951-05:00,1226901-20602646671,61050.0,PEN,Soles,2026-07-03T00:00:00-05:00
ocds-dgv273-seacev3-1228031,ocds-dgv273-seacev3-1228031-2026-08-30T10:02:15.854196-05:00,1228031-20402312859,70587.0,PEN,Soles,2026-07-14T00:00:00-05:00
ocds-dgv273-seacev3-1226367,ocds-dgv273-seacev3-1226367-2026-08-30T10:02:15.838545-05:00,1226367-1806953,1344704.2,PEN,Soles,2026-07-17T00:00:00-05:00
ocds-dgv273-seacev3-1245180,ocds-dgv273-seacev3-1245180-2026-08-29T10:11:46.568741-05:00,1245180-10458043588,50000.0,PEN,Soles,2026-08-27T00:00:00-05:00
ocds-dgv273-seacev3-1229563,ocds-dgv273-seacev3-1229563-2026-08-29T10:11:44.198299-05:00,1229563-20602332838,393750.0,PEN,Soles,2026-07-22T00:00:00-05:00
ocds-dgv273-seacev3-1224261,ocds-dgv273-seacev3-1224261-2026-08-29T10:11:41.376665-05:00,1224261-20604275513,152000.0,PEN,Soles,2026-07-15T00:00:00-05:00
ocds-dgv273-seacev3-1223353,ocds-dgv273-seacev3-1223353-2026-08-29T10:11:41.367931-05:00,1223353-20612379662,100736.0,PEN,Soles,2026-07-10T00:00:00-05:00
ocds-dgv273-seacev3-1222315,ocds-dgv273-seacev3-1222315-2026-08-29T10:11:41.353412-05:00,1222315-20604798974,266400.0,PEN,Soles,2026-06-08T00:00:00-05:00
ocds-dgv273-seacev3-1221332,ocds-dgv273-seacev3-1221332-2026-08-29T10:11:41.337336-05:00,1221332-20600352947,132300.0,PEN,Soles,2026-08-13T00:00:00-05:00
ocds-dgv273-seacev3-1217709,ocds-dgv273-seacev3-1217709-2026-08-29T10:11:41.274062-05:00,1217709-1812888,6195739.06,PEN,Soles,2026-07-30T00:00:00-05:00
ocds-dgv273-seacev3-2026-2439-5,ocds-dgv273-seacev3-2026-2439-5-2026-08-29T10:11:41.055026-05:00,1226531-1818792,1499400.6,PEN,Soles,2026-08-14T00:00:00-05:00
ocds-dgv273-seacev3-1226783,ocds-dgv273-seacev3-1226783-2026-08-29T10:11:41.005533-05:00,1226783-1810273,319677.76,PEN,Soles,2026-07-20T00:00:00-05:00
ocds-dgv273-seacev3-1223179,ocds-dgv273-seacev3-1223179-2026-08-29T10:11:40.842219-05:00,1223179-1806865,285000.0,PEN,Soles,2026-08-11T00:00:00-05:00
ocds-dgv273-seacev3-1227998,ocds-dgv273-seacev3-1227998-2026-08-29T10:11:40.779582-05:00,1227998-1809891,2558761.6,PEN,Soles,2026-07-15T00:00:00-05:00
ocds-dgv273-seacev3-1227556,ocds-dgv273-seacev3-1227556-2026-08-29T10:11:40.068870-05:00,1227556-20510070187,350000.0,PEN,Soles,2026-07-16T00:00:00-05:00
ocds-dgv273-seacev3-1224716,ocds-dgv273-seacev3-1224716-2026-08-29T10:11:40.036458-05:00,1224716-20607540943,48000.0,PEN,Soles,2026-06-16T00:00:00-05:00
ocds-dgv273-seacev3-1227132,ocds-dgv273-seacev3-1227132-2026-08-29T10:11:40.013757-05:00,1227132-20610741577,57600.0,PEN,Soles,2026-06-30T00:00:00-05:00
ocds-dgv273-seacev3-1222684,ocds-dgv273-seacev3-1222684-2026-08-29T10:11:39.866013-05:00,1222684-1803066,1408424.21,PEN,Soles,2026-07-03T00:00:00-05:00
ocds-dgv273-seacev3-1222247,ocds-dgv273-seacev3-1222247-2026-08-29T10:11:39.850144-05:00,1222247-20571367409,752526.17,PEN,Soles,2026-07-22T00:00:00-05:00
ocds-dgv273-seacev3-2026-200904-4,ocds-dgv273-seacev3-2026-200904-4-2026-08-29T10:11:33.533894-05:00,1228686-20523370201,116250.0,PEN,Soles,2026-08-19T00:00:00-05:00
ocds-dgv273-seacev3-1228479,ocds-dgv273-seacev3-1228479-2026-08-29T10:11:30.940655-05:00,1228479-1809567,163059.75,PEN,Soles,2026-08-05T00:00:00-05:00
ocds-dgv273-seacev3-1223678,ocds-dgv273-seacev3-1223678-2026-08-29T10:11:30.918088-05:00,1223678-20612857840,57500.0,PEN,Soles,2026-06-19T00:00:00-05:00
ocds-dgv273-seacev3-1223271,ocds-dgv273-seacev3-1223271-2026-08-29T10:11:30.895363-05:00,1223271-20108983583,3931200.0,PEN,Soles,2026-07-10T00:00:00-05:00
ocds-dgv273-seacev3-1224073,ocds-dgv273-seacev3-1224073-2026-08-29T10:11:30.813693-05:00,1224073-20517439623,258894.21,PEN,Nuevos Soles,2026-07-31T00:00:00-05:00
ocds-dgv273-seacev3-1227554,ocds-dgv273-seacev3-1227554-2026-08-29T10:11:30.761227-05:00,1227554-10079693796,636000.0,PEN,Soles,2026-07-09T00:00:00-05:00
ocds-dgv273-seacev3-1227554,ocds-dgv273-seacev3-1227554-2026-08-29T10:11:30.761227-05:00,1227554-20603958030,331900.0,PEN,Soles,2026-07-09T00:00:00-05:00
ocds-dgv273-seacev3-1223326,ocds-dgv273-seacev3-1223326-2026-08-29T10:11:30.741999-05:00,1223326-20538391264,708950.0,PEN,Soles,2026-07-06T00:00:00-05:00
ocds-dgv273-seacev3-1228494,ocds-dgv273-seacev3-1228494-2026-08-29T10:11:30.332390-05:00,1228494-20605701435,199600.0,PEN,Soles,2026-07-30T00:00:00-05:00
ocds-dgv273-seacev3-1228138,ocds-dgv273-seacev3-1228138-2026-08-29T10:11:30.315673-05:00,1228138-20552452314,168900.0,PEN,Soles,2026-07-24T00:00:00-05:00
ocds-dgv273-seacev3-1225720,ocds-dgv273-seacev3-1225720-2026-08-29T10:11:30.248229-05:00,1225720-1807338,414815.4,PEN,Soles,2026-07-16T00:00:00-05:00
ocds-dgv273-seacev3-1223592,ocds-dgv273-seacev3-1223592-2026-08-29T10:11:30.100614-05:00,1223592-20603973764,158800.0,PEN,Soles,2026-07-20T00:00:00-05:00
ocds-dgv273-seacev3-1242241,ocds-dgv273-seacev3-1242241-2026-08-29T10:11:20.125607-05:00,1242241-20613456709,1104.0,PEN,Soles,2026-08-25T00:00:00-05:00
ocds-dgv273-seacev3-1241971,ocds-dgv273-seacev3-1241971-2026-08-29T10:11:20.091947-05:00,1241971-20602197400,55825.62,PEN,Soles,2026-08-18T00:00:00-05:00
ocds-dgv273-seacev3-1228936,ocds-dgv273-seacev3-1228936-2026-08-29T10:11:19.085473-05:00,1228936-20535936669,98294.0,PEN,Soles,2026-08-10T00:00:00-05:00
ocds-dgv273-seacev3-1224683,ocds-dgv273-seacev3-1224683-2026-08-29T10:11:18.796065-05:00,1224683-1806740,117900.0,PEN,Soles,2026-07-31T00:00:00-05:00
ocds-dgv273-seacev3-1227401,ocds-dgv273-seacev3-1227401-2026-08-29T10:11:18.357481-05:00,1227401-20602522998,56055.1,PEN,Soles,2026-07-20T00:00:00-05:00
ocds-dgv273-seacev3-1225991,ocds-dgv273-seacev3-1225991-2026-08-29T10:11:18.343112-05:00,1225991-20604705721,149464.61,PEN,Soles,2026-06-26T17:00:56-05:00
ocds-dgv273-seacev3-2025-2391-57,ocds-dgv273-seacev3-2025-2391-57-2026-08-29T10:11:18.302561-05:00,1167007-20568286562,11999879.28,PEN,Soles,2025-12-29T00:00:00-05:00
ocds-dgv273-seacev3-2025-2391-57,ocds-dgv273-seacev3-2025-2391-57-2026-08-29T10:11:18.302561-05:00,1221526-1812307,11000000.0,PEN,Soles,2026-08-19T00:00:00-05:00
ocds-dgv273-seacev3-1221962,ocds-dgv273-seacev3-1221962-2026-08-29T10:11:18.286092-05:00,1221962-1809213,145000.0,PEN,Soles,2026-07-09T00:00:00-05:00
ocds-dgv273-seacev3-1227157,ocds-dgv273-seacev3-1227157-2026-08-29T10:11:18.209540-05:00,1227157-10311586331,142416.0,PEN,Soles,2026-07-13T00:00:00-05:00
ocds-dgv273-seacev3-1229892,ocds-dgv273-seacev3-1229892-2026-08-29T10:11:13.294608-05:00,1229892-20125831410,366220.0,PEN,Soles,2026-07-21T00:00:00-05:00
ocds-dgv273-seacev3-1227716,ocds-dgv273-seacev3-1227716-2026-08-29T10:11:08.158449-05:00,1227716-20613909991,246250.0,PEN,Soles,2026-07-13T00:00:00-05:00
ocds-dgv273-seacev3-1228075,ocds-dgv273-seacev3-1228075-2026-08-29T10:11:07.718847-05:00,1228075-1806427,10004671.22,PEN,Soles,2026-06-30T00:00:00-05:00
ocds-dgv273-seacev3-2026-1926-47,ocds-dgv273-seacev3-2026-1926-47-2026-08-29T10:11:07.455352-05:00,1228433-20516530686,291224.76,PEN,Soles,2026-07-31T00:00:00-05:00
ocds-dgv273-seacev3-1227024,ocds-dgv273-seacev3-1227024-2026-08-29T10:11:07.245775-05:00,1227024-20604130680,102000.0,PEN,Soles,2026-07-13T00:00:00-05:00
ocds-dgv273-seacev3-1225954,ocds-dgv273-seacev3-1225954-2026-08-29T10:11:07.194299-05:00,1225954-20609454335,310500.0,PEN,Soles,2026-07-07T00:00:00-05:00
ocds-dgv273-seacev3-1224100,ocds-dgv273-seacev3-1224100-2026-08-29T10:11:07.177989-05:00,1224100-1811376,125180.6,PEN,Soles,2026-07-20T00:00:00-05:00
ocds-dgv273-seacev3-2026-397-4,ocds-dgv273-seacev3-2026-397-4-2026-08-29T10:11:07.115655-05:00,1224557-20328495474,697680.0,PEN,Soles,2026-06-26T00:00:00-05:00
ocds-dgv273-seacev3-2026-10247-49,ocds-dgv273-seacev3-2026-10247-49-2026-08-29T10:10:58.056981-05:00,1228895-20509074578,53666.4,PEN,Soles,2026-07-31T00:00:00-05:00
ocds-dgv273-seacev3-2026-2543-437,ocds-dgv273-seacev3-2026-2543-437-2026-08-29T10:10:57.265384-05:00,1229505-20526421672,717947.7,PEN,Soles,2026-08-14T00:00:00-05:00
ocds-dgv273-seacev3-2026-2341-21,ocds-dgv273-seacev3-2026-2341-21-2026-08-29T10:10:57.120212-05:00,1228752-20329545459,328854.0,PEN,Soles,2026-07-31T00:00:00-05:00
ocds-dgv273-seacev3-1226745,ocds-dgv273-seacev3-1226745-2026-08-29T10:10:57.068293-05:00,1226745-10450620403,213366.0,PEN,Soles,2026-07-06T00:00:00-05:00
ocds-dgv273-seacev3-1225429,ocds-dgv273-seacev3-1225429-2026-08-29T10:10:57.059405-05:00,1225429-20615324818,450000.0,PEN,Soles,2026-07-01T00:00:00-05:00
ocds-dgv273-seacev3-1222709,ocds-dgv273-seacev3-1222709-2026-08-29T10:10:56.967524-05:00,1222709-20563618800,350000.0,PEN,Soles,2026-08-26T00:00:00-05:00
ocds-dgv273-seacev3-1229830,ocds-dgv273-seacev3-1229830-2026-08-29T10:10:56.719282-05:00,1229830-20605641939,254800.0,PEN,Soles,2026-07-17T00:00:00-05:00
ocds-dgv273-seacev3-1225802,ocds-dgv273-seacev3-1225802-2026-08-29T10:10:56.572493-05:00,1225802-10003740582,83000.0,PEN,Soles,2026-07-31T00:00:00-05:00
ocds-dgv273-seacev3-1225802,ocds-dgv273-seacev3-1225802-2026-08-29T10:10:56.572493-05:00,1225802-20102306598,168426.2,PEN,Soles,2026-07-31T00:00:00-05:00
ocds-dgv273-seacev3-1227685,ocds-dgv273-seacev3-1227685-2026-08-29T10:10:56.391811-05:00,1227685-20600114337,182608.47,PEN,Soles,2026-07-08T00:00:00-05:00
ocds-dgv273-seacev3-1227685,ocds-dgv273-seacev3-1227685-2026-08-29T10:10:56.391811-05:00,1227685-10283152079,202800.0,PEN,Soles,2026-07-22T00:00:00-05:00
ocds-dgv273-seacev3-1225213,ocds-dgv273-seacev3-1225213-2026-08-29T10:10:56.345783-05:00,1225213-20600055284,220347.26,PEN,Soles,2026-08-27T00:00:00-05:00
ocds-dgv273-seacev3-2026-1926-64,ocds-dgv273-seacev3-2026-1926-64-2026-08-29T10:10:56.269354-05:00,1229869-20422115081,134788.28,USD,Dólar Norteamericano,2026-07-24T00:00:00-05:00
ocds-dgv273-seacev3-1227069,ocds-dgv273-seacev3-1227069-2026-08-29T10:10:56.232334-05:00,1227069-1808512,739959.79,PEN,Soles,2026-07-20T00:00:00-05:00
ocds-dgv273-seacev3-1222702,ocds-dgv273-seacev3-1222702-2026-08-29T10:10:56.156856-05:00,1222702-20613832913,110334.0,PEN,Soles,2026-06-17T00:00:00-05:00
ocds-dgv273-seacev3-1224241,ocds-dgv273-seacev3-1224241-2026-08-29T10:10:56.001270-05:00,1224241-1813005,506183.13,PEN,Soles,2026-08-17T00:00:00-05:00
ocds-dgv273-seacev3-1225922,ocds-dgv273-seacev3-1225922-2026-08-29T10:10:55.917980-05:00,1225922-20600728491,103601.9,PEN,Soles,2026-07-02T00:00:00-05:00
ocds-dgv273-seacev3-1226000,ocds-dgv273-seacev3-1226000-2026-08-29T10:10:55.889396-05:00,1226000-20604705721,401759.81,PEN,Soles,2026-06-25T16:25:05-05:00
ocds-dgv273-seacev3-1225761,ocds-dgv273-seacev3-1225761-2026-08-29T10:10:55.714961-05:00,1225761-20549283358,97704.0,PEN,Soles,2026-06-19T00:00:00-05:00
ocds-dgv273-seacev3-1226549,ocds-dgv273-seacev3-1226549-2026-08-29T10:10:55.457549-05:00,1226549-20560091321,72862.0,PEN,Soles,2026-06-30T00:00:00-05:00
ocds-dgv273-seacev3-1224048,ocds-dgv273-seacev3-1224048-2026-08-29T10:10:46.367478-05:00,1224048-20553529337,200221.5,PEN,Soles,2026-07-20T00:00:00-05:00
ocds-dgv273-seacev3-1229822,ocds-dgv273-seacev3-1229822-2026-08-29T10:10:46.301415-05:00,1229822-1812384,255017.01,PEN,Soles,2026-07-30T00:00:00-05:00
ocds-dgv273-seacev3-1228265,ocds-dgv273-seacev3-1228265-2026-08-29T10:10:46.202405-05:00,1228265-10292836835,405348.57,PEN,Soles,2026-07-20T00:00:00-05:00
ocds-dgv273-seacev3-1223074,ocds-dgv273-seacev3-1223074-2026-08-29T10:10:46.188062-05:00,1223074-1804307,3230578.08,PEN,Soles,2026-06-19T00:00:00-05:00
ocds-dgv273-seacev3-1228182,ocds-dgv273-seacev3-1228182-2026-08-29T10:10:46.158589-05:00,1228182-20494838568,90000.0,PEN,Soles,2026-08-03T00:00:00-05:00
ocds-dgv273-seacev3-1225203,ocds-dgv273-seacev3-1225203-2026-08-29T10:10:46.101519-05:00,1225203-20603229828,130000.0,PEN,Soles,2026-08-18T00:00:00-05:00
ocds-dgv273-seacev3-1226370,ocds-dgv273-seacev3-1226370-2026-08-29T10:10:45.792017-05:00,1226370-20552534124,186200.0,PEN,Soles,2026-07-21T00:00:00-05:00
ocds-dgv273-seacev3-1224905,ocds-dgv273-seacev3-1224905-2026-08-29T10:10:45.681032-05:00,1224905-20609059622,163800.0,PEN,Soles,2026-07-07T00:00:00-05:00
ocds-dgv273-seacev3-1226826,ocds-dgv273-seacev3-1226826-2026-08-29T10:10:45.511456-05:00,1226826-20603464258,324000.0,PEN,Soles,2026-07-20T00:00:00-05:00
ocds-dgv273-seacev3-1229550,ocds-dgv273-seacev3-1229550-2026-08-29T10:10:38.390040-05:00,1229550-20603368160,412350.0,PEN,Soles,2026-07-14T00:00:00-05:00
ocds-dgv273-seacev3-1229639,ocds-dgv273-seacev3-1229639-2026-08-29T10:10:33.271962-05:00,1229639-20505110651,188363.56,PEN,Soles,2026-07-02T00:00:00-05:00
ocds-dgv273-seacev3-1224084,ocds-dgv273-seacev3-1224084-2026-08-29T10:10:33.177680-05:00,1224084-20517656055,40000.0,PEN,Soles,2026-07-02T00:00:00-05:00
ocds-dgv273-seacev3-1223364,ocds-dgv273-seacev3-1223364-2026-08-29T10:10:33.155185-05:00,1223364-1810541,12868078.04,PEN,Soles,2026-07-13T00:00:00-05:00
ocds-dgv273-seacev3-1229403,ocds-dgv273-seacev3-1229403-2026-08-29T10:10:32.898101-05:00,1229403-20600104358,107014.35,PEN,Soles,2026-08-03T00:00:00-05:00
ocds-dgv273-seacev3-1224189,ocds-dgv273-seacev3-1224189-2026-08-29T10:10:32.719831-05:00,1224189-20447839327,341500.0,PEN,Soles,2026-08-19T00:00:00-05:00
ocds-dgv273-seacev3-1226428,ocds-dgv273-seacev3-1226428-2026-08-29T10:10:32.612951-05:00,1226428-1807823,2589560.74,PEN,Soles,2026-08-17T00:00:00-05:00
ocds-dgv273-seacev3-1222490,ocds-dgv273-seacev3-1222490-2026-08-29T10:10:32.457379-05:00,1222490-1802665,430519.05,PEN,Soles,2026-06-17T00:00:00-05:00
ocds-dgv273-seacev3-1228309,ocds-dgv273-seacev3-1228309-2026-08-29T10:10:32.297389-05:00,1228309-1816814,14228724.4,PEN,Soles,2026-08-03T00:00:00-05:00
ocds-dgv273-seacev3-1229205,ocds-dgv273-seacev3-1229205-2026-08-28T10:30:27.105492-05:00,1229205-1811510,1717591.1,PEN,Soles,2026-07-14T00:00:00-05:00
ocds-dgv273-seacev3-1242011,ocds-dgv273-seacev3-1242011-2026-08-28T10:30:23.245632-05:00,1242011-10199146144,33000.0,PEN,Soles,2026-08-17T00:00:00-05:00
ocds-dgv273-seacev3-2026-2543-282,ocds-dgv273-seacev3-2026-2543-282-2026-08-28T10:30:22.770913-05:00,1228418-20608675028,420000.0,PEN,Soles,2026-08-07T00:00:00-05:00
ocds-dgv273-seacev3-1227825,ocds-dgv273-seacev3-1227825-2026-08-28T10:30:22.451570-05:00,1227825-1810647,886216.0,PEN,Soles,2026-07-17T00:00:00-05:00
ocds-dgv273-seacev3-1227378,ocds-dgv273-seacev3-1227378-2026-08-28T10:30:22.233050-05:00,1227378-1810514,185228.84,PEN,Soles,2026-07-17T00:00:00-05:00
ocds-dgv273-seacev3-1227378,ocds-dgv273-seacev3-1227378-2026-08-28T10:30:22.233050-05:00,1227378-20477213775,175967.4,PEN,Soles,2026-07-17T00:00:00-05:00
ocds-dgv273-seacev3-1228459,ocds-dgv273-seacev3-1228459-2026-08-28T10:30:22.150057-05:00,1228459-20600930801,139500.0,PEN,Soles,2026-07-21T00:00:00-05:00
ocds-dgv273-seacev3-1227443,ocds-dgv273-seacev3-1227443-2026-08-28T10:30:22.110953-05:00,1227443-1810604,4625925.64,PEN,Soles,2026-07-14T00:00:00-05:00
ocds-dgv273-seacev3-1226178,ocds-dgv273-seacev3-1226178-2026-08-28T10:30:21.996780-05:00,1226178-1808305,877797.2,PEN,Soles,2026-07-13T00:00:00-05:00
ocds-dgv273-seacev3-2026-200396-6,ocds-dgv273-seacev3-2026-200396-6-2026-08-28T10:30:21.946201-05:00,1184911-1767384,589786.13,PEN,Soles,2026-02-25T00:00:00-05:00
ocds-dgv273-seacev3-2026-200396-6,ocds-dgv273-seacev3-2026-200396-6-2026-08-28T10:30:21.946201-05:00,1225182-1812566,558325.0,PEN,Soles,2026-07-20T00:00:00-05:00
ocds-dgv273-seacev3-1228562,ocds-dgv273-seacev3-1228562-2026-08-28T10:30:16.088316-05:00,1228562-20601586470,96095.0,PEN,Soles,2026-07-31T00:00:00-05:00
ocds-dgv273-seacev3-1229575,ocds-dgv273-seacev3-1229575-2026-08-28T10:30:15.563435-05:00,1229575-20377339461,258300.0,PEN,Soles,2026-07-31T00:00:00-05:00
ocds-dgv273-seacev3-1229546,ocds-dgv273-seacev3-1229546-2026-08-28T10:30:13.903327-05:00,1229546-10444438768,129600.0,PEN,Soles,2026-07-20T00:00:00-05:00
ocds-dgv273-seacev3-1229245,ocds-dgv273-seacev3-1229245-2026-08-28T10:30:12.259263-05:00,1229245-10756882797,912240.0,PEN,Soles,2026-07-01T00:00:00-05:00
ocds-dgv273-seacev3-1227037,ocds-dgv273-seacev3-1227037-2026-08-28T10:30:11.811884-05:00,1227037-20612452645,78730.0,PEN,Soles,2026-07-21T00:00:00-05:00
ocds-dgv273-seacev3-1225446,ocds-dgv273-seacev3-1225446-2026-08-28T10:30:11.781988-05:00,1225446-20486554089,119175.0,PEN,Soles,2026-06-23T00:00:00-05:00
ocds-dgv273-seacev3-1229287,ocds-dgv273-seacev3-1229287-2026-08-28T10:30:11.750390-05:00,1229287-20377339461,215424.0,PEN,Soles,2026-08-05T00:00:00-05:00
ocds-dgv273-seacev3-1229582,ocds-dgv273-seacev3-1229582-2026-08-28T10:30:11.340250-05:00,1229582-1813052,1043488.56,PEN,Soles,2026-07-22T00:00:00-05:00
ocds-dgv273-seacev3-1228550,ocds-dgv273-seacev3-1228550-2026-08-28T10:30:11.157197-05:00,1228550-1810339,5000000.0,PEN,Soles,2026-07-10T00:00:00-05:00
ocds-dgv273-seacev3-1225847,ocds-dgv273-seacev3-1225847-2026-08-28T10:30:10.980199-05:00,1225847-20464408623,196875.0,PEN,Soles,2026-07-21T00:00:00-05:00
ocds-dgv273-seacev3-1222269,ocds-dgv273-seacev3-1222269-2026-08-28T10:30:10.944181-05:00,1222269-1811166,409889.0,PEN,Soles,2026-07-21T00:00:00-05:00
ocds-dgv273-seacev3-1229603,ocds-dgv273-seacev3-1229603-2026-08-28T10:30:02.304160-05:00,1229603-20609569922,609000.0,PEN,Soles,2026-08-25T00:00:00-05:00
ocds-dgv273-seacev3-2026-14-18,ocds-dgv273-seacev3-2026-14-18-2026-08-28T10:30:00.445008-05:00,1221499-20100210909,796792.16,USD,Dólar Norteamericano,2026-07-22T00:00:00-05:00
ocds-dgv273-seacev3-2026-14-18,ocds-dgv273-seacev3-2026-14-18-2026-08-28T10:30:00.445008-05:00,1221499-20517207331,343510.27,USD,Dólar Norteamericano,2026-07-22T00:00:00-05:00
ocds-dgv273-seacev3-1221952,ocds-dgv273-seacev3-1221952-2026-08-28T10:30:00.353725-05:00,1221952-20600224922,345520.0,PEN,Soles,2026-08-14T00:00:00-05:00
ocds-dgv273-seacev3-1221952,ocds-dgv273-seacev3-1221952-2026-08-28T10:30:00.353725-05:00,1221952-20610763970,448056.76,PEN,Soles,2026-08-14T00:00:00-05:00
ocds-dgv273-seacev3-1221952,ocds-dgv273-seacev3-1221952-2026-08-28T10:30:00.353725-05:00,1221952-20614295962,170991.2,PEN,Soles,2026-08-14T00:00:00-05:00
ocds-dgv273-seacev3-1227467,ocds-dgv273-seacev3-1227467-2026-08-28T10:30:00.013410-05:00,1227467-20405982782,999070.6,PEN,Soles,2026-08-25T00:00:00-05:00
ocds-dgv273-seacev3-1223017,ocds-dgv273-seacev3-1223017-2026-08-28T10:29:59.822550-05:00,1223017-20537274922,90000.0,PEN,Soles,2026-07-20T00:00:00-05:00
ocds-dgv273-seacev3-1229831,ocds-dgv273-seacev3-1229831-2026-08-28T10:29:59.612826-05:00,1229831-10238723758,960000.0,PEN,Soles,2026-07-15T00:00:00-05:00
ocds-dgv273-seacev3-1227860,ocds-dgv273-seacev3-1227860-2026-08-28T10:29:59.087226-05:00,1227860-1809283,440000.0,PEN,Soles,2026-08-19T00:00:00-05:00
ocds-dgv273-seacev3-1226219,ocds-dgv273-seacev3-1226219-2026-08-28T10:29:59.023699-05:00,1226219-1808125,446040.0,PEN,Soles,2026-07-17T00:00:00-05:00
ocds-dgv273-seacev3-1221316,ocds-dgv273-seacev3-1221316-2026-08-28T10:29:58.817635-05:00,1221316-20612176630,119520.0,PEN,Soles,2026-07-24T00:00:00-05:00
ocds-dgv273-seacev3-1226574,ocds-dgv273-seacev3-1226574-2026-08-28T10:29:58.745823-05:00,1226574-20504298061,101934.0,PEN,Soles,2026-07-30T00:00:00-05:00
ocds-dgv273-seacev3-1226574,ocds-dgv273-seacev3-1226574-2026-08-28T10:29:58.745823-05:00,1226574-20509654141,117947.14,PEN,Soles,2026-07-30T00:00:00-05:00
ocds-dgv273-seacev3-1226106,ocds-dgv273-seacev3-1226106-2026-08-28T10:29:58.728240-05:00,1226106-20516351838,272471.61,PEN,Soles,2026-07-16T00:00:00-05:00
ocds-dgv273-seacev3-1221857,ocds-dgv273-seacev3-1221857-2026-08-28T10:29:58.371202-05:00,1221857-1809204,2212000.0,PEN,Soles,2026-07-10T00:00:00-05:00
ocds-dgv273-seacev3-1229722,ocds-dgv273-seacev3-1229722-2026-08-28T10:29:52.768137-05:00,1229722-20307214386,120320.0,PEN,Soles,2026-07-24T00:00:00-05:00
ocds-dgv273-seacev3-1229722,ocds-dgv273-seacev3-1229722-2026-08-28T10:29:52.768137-05:00,1229722-20537157454,224900.0,PEN,Soles,2026-07-24T00:00:00-05:00
ocds-dgv273-seacev3-1221154,ocds-dgv273-seacev3-1221154-2026-08-28T10:29:49.033163-05:00,1221154-20605249184,1640186.0,PEN,Soles,2026-07-13T00:00:00-05:00
ocds-dgv273-seacev3-1222983,ocds-dgv273-seacev3-1222983-2026-08-28T10:29:48.848180-05:00,1222983-1810114,432400.0,PEN,Soles,2026-07-17T00:00:00-05:00
ocds-dgv273-seacev3-1225812,ocds-dgv273-seacev3-1225812-2026-08-28T10:29:48.832514-05:00,1225812-20602250807,123284.0,PEN,Soles,2026-07-16T00:00:00-05:00
ocds-dgv273-seacev3-1222492,ocds-dgv273-seacev3-1222492-2026-08-28T10:29:48.793955-05:00,1222492-10444056105,711999.4,PEN,Soles,2026-08-14T00:00:00-05:00
ocds-dgv273-seacev3-1226302,ocds-dgv273-seacev3-1226302-2026-08-28T10:29:48.544272-05:00,1226302-1814994,6692155.76,PEN,Soles,2026-08-04T00:00:00-05:00
ocds-dgv273-seacev3-1222955,ocds-dgv273-seacev3-1222955-2026-08-28T10:29:48.052032-05:00,1222955-1804613,160000.0,PEN,Soles,2026-07-21T00:00:00-05:00
ocds-dgv273-seacev3-1223134,ocds-dgv273-seacev3-1223134-2026-08-28T10:29:47.989243-05:00,1223134-20507055797,383169.6,PEN,Nuevos Soles,2026-07-30T00:00:00-05:00
ocds-dgv273-seacev3-1229556,ocds-dgv273-seacev3-1229556-2026-08-28T10:29:42.147643-05:00,1229556-1810598,1232436.43,PEN,Soles,2026-07-17T00:00:00-05:00
ocds-dgv273-seacev3-1228564,ocds-dgv273-seacev3-1228564-2026-08-28T10:29:41.690441-05:00,1228564-1821204,1239862.03,PEN,Soles,2026-08-18T00:00:00-05:00
ocds-dgv273-seacev3-1229068,ocds-dgv273-seacev3-1229068-2026-08-28T10:29:40.970568-05:00,1229068-1810051,865653.22,PEN,Soles,2026-07-10T00:00:00-05:00
ocds-dgv273-seacev3-1229701,ocds-dgv273-seacev3-1229701-2026-08-28T10:29:40.304367-05:00,1229701-1818870,680000.0,PEN,Soles,2026-08-13T00:00:00-05:00
ocds-dgv273-seacev3-1222843,ocds-dgv273-seacev3-1222843-2026-08-28T10:29:37.609587-05:00,1222843-1803163,168795.0,PEN,Soles,2026-06-18T00:00:00-05:00
ocds-dgv273-seacev3-1226571,ocds-dgv273-seacev3-1226571-2026-08-28T10:29:37.579125-05:00,1226571-20485592556,133952.0,PEN,Soles,2026-07-02T00:00:00-05:00
ocds-dgv273-seacev3-1219969,ocds-dgv273-seacev3-1219969-2026-08-28T10:29:37.126157-05:00,1219969-20551414958,183800.0,PEN,Soles,2026-06-16T00:00:00-05:00
ocds-dgv273-seacev3-1226335,ocds-dgv273-seacev3-1226335-2026-08-28T10:29:37.093432-05:00,1226335-1808762,2866000.0,PEN,Soles,2026-07-08T00:00:00-05:00
ocds-dgv273-seacev3-1227517,ocds-dgv273-seacev3-1227517-2026-08-28T10:29:37.069755-05:00,1227517-1809008,250000.0,PEN,Soles,2026-07-08T00:00:00-05:00
ocds-dgv273-seacev3-1226210,ocds-dgv273-seacev3-1226210-2026-08-28T10:29:37.037909-05:00,1226210-1807753,134201.4,PEN,Soles,2026-07-17T00:00:00-05:00
ocds-dgv273-seacev3-1227672,ocds-dgv273-seacev3-1227672-2026-08-28T10:29:37.022011-05:00,1227672-1809744,324382.78,PEN,Soles,2026-07-13T00:00:00-05:00
ocds-dgv273-seacev3-1226206,ocds-dgv273-seacev3-1226206-2026-08-28T10:29:36.918275-05:00,1226206-20491772671,1111830.52,PEN,Soles,2026-08-18T00:00:00-05:00
ocds-dgv273-seacev3-1241956,ocds-dgv273-seacev3-1241956-2026-08-28T10:29:29.207627-05:00,1241956-10762902694,18000.0,PEN,Soles,2026-08-17T00:00:00-05:00
ocds-dgv273-seacev3-1228647,ocds-dgv273-seacev3-1228647-2026-08-28T10:29:26.382860-05:00,1228647-20512471162,1200528.0,PEN,Soles,2026-07-07T00:00:00-05:00
ocds-dgv273-seacev3-1224921,ocds-dgv273-seacev3-1224921-2026-08-28T10:29:25.931995-05:00,1224921-1806234,318750.0,PEN,Soles,2026-07-01T00:00:00-05:00
ocds-dgv273-seacev3-1223617,ocds-dgv273-seacev3-1223617-2026-08-28T10:29:25.917931-05:00,1223617-20491742179,432789.84,PEN,Soles,2026-06-18T00:00:00-05:00
ocds-dgv273-seacev3-1224963,ocds-dgv273-seacev3-1224963-2026-08-28T10:29:25.274043-05:00,1224963-20451364422,1990502.0,PEN,Soles,2026-08-26T00:00:00-05:00
ocds-dgv273-seacev3-1225615,ocds-dgv273-seacev3-1225615-2026-08-28T10:29:25.215743-05:00,1225615-20509860981,293637.77,PEN,Soles,2026-07-17T00:00:00-05:00
ocds-dgv273-seacev3-1223762,ocds-dgv273-seacev3-1223762-2026-08-28T10:29:25.112945-05:00,1223762-10282265813,168000.0,PEN,Soles,2026-07-14T00:00:00-05:00
ocds-dgv273-seacev3-2026-1604-8,ocds-dgv273-seacev3-2026-1604-8-2026-08-28T10:29:25.049519-05:00,1225728-20509860981,64256.94,PEN,Soles,2026-06-30T00:00:00-05:00
ocds-dgv273-seacev3-1228906,ocds-dgv273-seacev3-1228906-2026-08-28T10:29:25.034185-05:00,1228906-20302241598,497927.0,PEN,Soles,2026-07-09T00:00:00-05:00
ocds-dgv273-seacev3-1223079,ocds-dgv273-seacev3-1223079-2026-08-28T10:29:25.014494-05:00,1223079-10015470700,58700.0,PEN,Soles,2026-06-23T00:00:00-05:00
ocds-dgv273-seacev3-1223079,ocds-dgv273-seacev3-1223079-2026-08-28T10:29:25.014494-05:00,1223079-10016946490,58750.0,PEN,Soles,2026-08-10T00:00:00-05:00
ocds-dgv273-seacev3-1223079,ocds-dgv273-seacev3-1223079-2026-08-28T10:29:25.014494-05:00,1223079-20612130346,62500.0,PEN,Soles,2026-08-18T00:00:00-05:00
ocds-dgv273-seacev3-1232053,ocds-dgv273-seacev3-1232053-2026-08-28T10:29:24.926868-05:00,1232053-L0000005164,238573.89,USD,Dólar Norteamericano,2026-07-08T00:00:00-05:00
ocds-dgv273-seacev3-1239169,ocds-dgv273-seacev3-1239169-2026-08-28T10:29:14.337580-05:00,1239169-20601647053,3639166.26,PEN,Soles,2026-08-26T00:00:00-05:00
ocds-dgv273-seacev3-1230260,ocds-dgv273-seacev3-1230260-2026-08-28T10:29:13.199176-05:00,1230260-20504684025,2175950.0,PEN,Soles,2026-07-30T00:00:00-05:00
ocds-dgv273-seacev3-1227227,ocds-dgv273-seacev3-1227227-2026-08-28T10:29:12.966781-05:00,1227227-1820300,8134015.96,PEN,Soles,2026-08-25T00:00:00-05:00
ocds-dgv273-seacev3-1226511,ocds-dgv273-seacev3-1226511-2026-08-28T10:29:12.927957-05:00,1226511-1807023,4225862.54,PEN,Soles,2026-07-07T00:00:00-05:00
ocds-dgv273-seacev3-1223776,ocds-dgv273-seacev3-1223776-2026-08-28T10:29:12.885074-05:00,1223776-20100061474,164920.0,PEN,Soles,2026-07-22T00:00:00-05:00
ocds-dgv273-seacev3-1223776,ocds-dgv273-seacev3-1223776-2026-08-28T10:29:12.885074-05:00,1223776-20100287791,3501434.03,PEN,Soles,2026-07-22T00:00:00-05:00
ocds-dgv273-seacev3-1223299,ocds-dgv273-seacev3-1223299-2026-08-28T10:29:12.808939-05:00,1223299-20612207811,48180.0,PEN,Soles,2026-07-07T00:00:00-05:00
ocds-dgv273-seacev3-1230055,ocds-dgv273-seacev3-1230055-2026-08-27T10:33:20.895470-05:00,1230055-1809068,292000.0,PEN,Soles,2026-07-09T00:00:00-05:00
ocds-dgv273-seacev3-1227745,ocds-dgv273-seacev3-1227745-2026-08-27T10:33:20.564775-05:00,1227745-20601343895,115000.0,PEN,Soles,2026-07-31T00:00:00-05:00
ocds-dgv273-seacev3-1227346,ocds-dgv273-seacev3-1227346-2026-08-27T10:33:20.469977-05:00,1227346-20115293568,113850.0,PEN,Soles,2026-07-02T00:00:00-05:00
ocds-dgv273-seacev3-2026-2543-707,ocds-dgv273-seacev3-2026-2543-707-2026-08-27T10:33:20.436942-05:00,1227231-20473538408,1994400.0,PEN,Soles,2026-08-13T00:00:00-05:00
ocds-dgv273-seacev3-1225820,ocds-dgv273-seacev3-1225820-2026-08-27T10:33:20.317601-05:00,1225820-1815845,16220928.48,PEN,Soles,2026-08-07T00:00:00-05:00
ocds-dgv273-seacev3-1225597,ocds-dgv273-seacev3-1225597-2026-08-27T10:33:20.302079-05:00,1225597-20612046949,74220.0,PEN,Soles,2026-06-26T00:00:00-05:00
ocds-dgv273-seacev3-1225562,ocds-dgv273-seacev3-1225562-2026-08-27T10:33:20.283697-05:00,1225562-20602260730,235243.6,PEN,Soles,2026-08-03T00:00:00-05:00
ocds-dgv273-seacev3-1224747,ocds-dgv273-seacev3-1224747-2026-08-27T10:33:20.226044-05:00,1224747-10239713497,46800.0,PEN,Soles,2026-06-16T00:00:00-05:00
ocds-dgv273-seacev3-1222590,ocds-dgv273-seacev3-1222590-2026-08-27T10:33:20.099427-05:00,1222590-20605867562,257858.05,PEN,Soles,2026-06-24T00:00:00-05:00
ocds-dgv273-seacev3-1221191,ocds-dgv273-seacev3-1221191-2026-08-27T10:33:20.078038-05:00,1221191-L9000032857,50044.8,PEN,Soles,2026-06-02T00:00:00-05:00
ocds-dgv273-seacev3-1229905,ocds-dgv273-seacev3-1229905-2026-08-27T10:33:17.439428-05:00,1229905-20464408623,161700.0,PEN,Soles,2026-08-07T00:00:00-05:00
ocds-dgv273-seacev3-1226489,ocds-dgv273-seacev3-1226489-2026-08-27T10:33:14.274982-05:00,1226489-20605603883,49474.0,PEN,Soles,2026-07-22T00:00:00-05:00
ocds-dgv273-seacev3-2026-200363-57,ocds-dgv273-seacev3-2026-200363-57-2026-08-27T10:33:14.255962-05:00,1223482-20513578416,342260.0,PEN,Soles,2026-07-10T20:26:44-05:00
ocds-dgv273-seacev3-2026-200363-57,ocds-dgv273-seacev3-2026-200363-57-2026-08-27T10:33:14.255962-05:00,1223482-20522761525,688000.0,PEN,Soles,2026-07-10T20:26:32-05:00
ocds-dgv273-seacev3-1224760,ocds-dgv273-seacev3-1224760-2026-08-27T10:33:14.093452-05:00,1224760-1812592,1053107.55,PEN,Soles,2026-07-21T00:00:00-05:00
ocds-dgv273-seacev3-2026-1903-29,ocds-dgv273-seacev3-2026-1903-29-2026-08-27T10:33:13.957593-05:00,1229487-20522333132,102500.0,PEN,Soles,2026-07-24T00:00:00-05:00
ocds-dgv273-seacev3-1224161,ocds-dgv273-seacev3-1224161-2026-08-27T10:33:13.368611-05:00,1224161-10292949338,121989.0,PEN,Soles,2026-08-07T00:00:00-05:00
ocds-dgv273-seacev3-1224889,ocds-dgv273-seacev3-1224889-2026-08-27T10:33:12.283699-05:00,1224889-20603512422,639716.0,PEN,Soles,2026-07-22T00:00:00-05:00
ocds-dgv273-seacev3-1228827,ocds-dgv273-seacev3-1228827-2026-08-27T10:33:02.487703-05:00,1228827-20511037001,752969.7,PEN,Soles,2026-07-16T00:00:00-05:00
ocds-dgv273-seacev3-1228563,ocds-dgv273-seacev3-1228563-2026-08-27T10:33:02.120352-05:00,1228563-1814501,794163.9,PEN,Soles,2026-08-04T00:00:00-05:00
ocds-dgv273-seacev3-1226462,ocds-dgv273-seacev3-1226462-2026-08-27T10:33:01.914912-05:00,1226462-1807232,353601.2,PEN,Soles,2026-07-24T00:00:00-05:00
ocds-dgv273-seacev3-1225278,ocds-dgv273-seacev3-1225278-2026-08-27T10:33:01.906072-05:00,1225278-20610572333,424100.0,PEN,Soles,2026-07-06T00:00:00-05:00
ocds-dgv273-seacev3-1225793,ocds-dgv273-seacev3-1225793-2026-08-27T10:33:01.702685-05:00,1225793-10106213823,201214.0,PEN,Soles,2026-07-17T00:00:00-05:00
ocds-dgv273-seacev3-1223256,ocds-dgv273-seacev3-1223256-2026-08-27T10:33:01.615936-05:00,1223256-10161255101,598888.0,PEN,Soles,2026-08-12T00:00:00-05:00
ocds-dgv273-seacev3-1223256,ocds-dgv273-seacev3-1223256-2026-08-27T10:33:01.615936-05:00,1223256-10244867150,440232.98,PEN,Soles,2026-08-12T00:00:00-05:00
ocds-dgv273-seacev3-1223256,ocds-dgv273-seacev3-1223256-2026-08-27T10:33:01.615936-05:00,1223256-20341590923,1434000.0,PEN,Soles,2026-08-12T00:00:00-05:00
ocds-dgv273-seacev3-1223256,ocds-dgv273-seacev3-1223256-2026-08-27T10:33:01.615936-05:00,1223256-20601363934,393104.0,PEN,Soles,2026-08-12T00:00:00-05:00
ocds-dgv273-seacev3-1223256,ocds-dgv273-seacev3-1223256-2026-08-27T10:33:01.615936-05:00,1223256-20610763970,625000.0,PEN,Soles,2026-08-12T00:00:00-05:00
ocds-dgv273-seacev3-1223256,ocds-dgv273-seacev3-1223256-2026-08-27T10:33:01.615936-05:00,1223256-20612566152,1986637.02,PEN,Soles,2026-08-12T00:00:00-05:00
ocds-dgv273-seacev3-1223295,ocds-dgv273-seacev3-1223295-2026-08-27T10:33:01.271024-05:00,1223295-20607134171,130000.0,PEN,Soles,2026-06-25T00:00:00-05:00
ocds-dgv273-seacev3-1223295,ocds-dgv273-seacev3-1223295-2026-08-27T10:33:01.271024-05:00,1223295-20605571396,136000.0,PEN,Soles,2026-08-03T00:00:00-05:00
ocds-dgv273-seacev3-1234705,ocds-dgv273-seacev3-1234705-2026-08-27T10:32:54.516160-05:00,1234705-20613647776,314900.0,PEN,Soles,2026-07-16T00:00:00-05:00
ocds-dgv273-seacev3-1234465,ocds-dgv273-seacev3-1234465-2026-08-27T10:32:51.721144-05:00,1234465-20609793920,890000.0,PEN,Soles,2026-08-05T00:00:00-05:00
ocds-dgv273-seacev3-1237368,ocds-dgv273-seacev3-1237368-2026-08-27T10:32:51.128488-05:00,1237368-20600198522,90133.0,PEN,Soles,2026-08-04T00:00:00-05:00
ocds-dgv273-seacev3-1228390,ocds-dgv273-seacev3-1228390-2026-08-27T10:32:50.942513-05:00,1228390-20421239275,75000.0,PEN,Soles,2026-07-21T00:00:00-05:00
ocds-dgv273-seacev3-1225349,ocds-dgv273-seacev3-1225349-2026-08-27T10:32:50.908409-05:00,1225349-20608756869,109000.0,PEN,Soles,2026-07-21T00:00:00-05:00
ocds-dgv273-seacev3-1232587,ocds-dgv273-seacev3-1232587-2026-08-27T10:32:50.800523-05:00,1232587-1812139,685875.21,PEN,Soles,2026-07-21T00:00:00-05:00
ocds-dgv273-seacev3-1227697,ocds-dgv273-seacev3-1227697-2026-08-27T10:32:50.512411-05:00,1227697-20490613405,403800.0,PEN,Soles,2026-07-03T00:00:00-05:00
ocds-dgv273-seacev3-1229372,ocds-dgv273-seacev3-1229372-2026-08-27T10:32:42.949027-05:00,1229372-20602412793,2322920.0,PEN,Soles,2026-07-30T00:00:00-05:00
ocds-dgv273-seacev3-1242168,ocds-dgv273-seacev3-1242168-2026-08-27T10:32:42.471636-05:00,1242168-1823921,1715902.26,PEN,Soles,2026-08-25T00:00:00-05:00
ocds-dgv273-seacev3-1224798,ocds-dgv273-seacev3-1224798-2026-08-27T10:32:39.557077-05:00,1224798-20448592970,80950.0,PEN,Soles,2026-07-30T00:00:00-05:00
ocds-dgv273-seacev3-1222011,ocds-dgv273-seacev3-1222011-2026-08-27T10:32:39.228303-05:00,1222011-20494883865,66640.0,PEN,Soles,2026-08-18T00:00:00-05:00
ocds-dgv273-seacev3-1226572,ocds-dgv273-seacev3-1226572-2026-08-27T10:32:39.120211-05:00,1226572-10249943571,81000.0,PEN,Soles,2026-08-13T00:00:00-05:00
ocds-dgv273-seacev3-1221894,ocds-dgv273-seacev3-1221894-2026-08-27T10:32:38.946141-05:00,1221894-10239583496,4772590.0,PEN,Nuevos Soles,2026-08-12T00:00:00-05:00
ocds-dgv273-seacev3-1227725,ocds-dgv273-seacev3-1227725-2026-08-27T10:32:38.728818-05:00,1227725-20610970886,51500.0,PEN,Soles,2026-06-26T00:00:00-05:00
ocds-dgv273-seacev3-1241267,ocds-dgv273-seacev3-1241267-2026-08-27T10:32:29.051134-05:00,1241267-20609293790,363765.45,PEN,Soles,2026-08-13T00:00:00-05:00
ocds-dgv273-seacev3-1225343,ocds-dgv273-seacev3-1225343-2026-08-27T10:32:28.319887-05:00,1225343-20212561534,163940.0,PEN,Soles,2026-08-05T00:00:00-05:00
ocds-dgv273-seacev3-1226820,ocds-dgv273-seacev3-1226820-2026-08-27T10:32:28.199527-05:00,1226820-20503141389,357740.6,PEN,Soles,2026-07-20T00:00:00-05:00
ocds-dgv273-seacev3-1227052,ocds-dgv273-seacev3-1227052-2026-08-27T10:32:28.078770-05:00,1227052-1816772,212000.0,PEN,Soles,2026-08-03T00:00:00-05:00
ocds-dgv273-seacev3-1224421,ocds-dgv273-seacev3-1224421-2026-08-27T10:32:27.944946-05:00,1224421-1807161,150001.0,PEN,Soles,2026-07-31T00:00:00-05:00
ocds-dgv273-seacev3-1221957,ocds-dgv273-seacev3-1221957-2026-08-27T10:32:27.837850-05:00,1221957-1809527,5834446.19,PEN,Soles,2026-07-14T00:00:00-05:00
ocds-dgv273-seacev3-1227193,ocds-dgv273-seacev3-1227193-2026-08-27T10:32:27.711033-05:00,1227193-20549488839,1835925.0,PEN,Soles,2026-08-03T00:00:00-05:00
ocds-dgv273-seacev3-1221014,ocds-dgv273-seacev3-1221014-2026-08-27T10:32:27.594485-05:00,1221014-20517745589,123500.0,PEN,Nuevos Soles,2026-06-18T00:00:00-05:00
ocds-dgv273-seacev3-1225987,ocds-dgv273-seacev3-1225987-2026-08-27T10:32:27.420999-05:00,1225987-20603047690,266000.0,PEN,Soles,2026-07-09T00:00:00-05:00
ocds-dgv273-seacev3-1229293,ocds-dgv273-seacev3-1229293-2026-08-27T10:32:18.004451-05:00,1229293-20495635822,192913.36,PEN,Soles,2026-08-05T00:00:00-05:00
ocds-dgv273-seacev3-1228999,ocds-dgv273-seacev3-1228999-2026-08-27T10:32:16.994348-05:00,1228999-20613416626,668176.91,PEN,Soles,2026-07-24T00:00:00-05:00
ocds-dgv273-seacev3-1228223,ocds-dgv273-seacev3-1228223-2026-08-27T10:32:16.977227-05:00,1228223-1810898,106000.0,PEN,Soles,2026-07-17T00:00:00-05:00
ocds-dgv273-seacev3-1225997,ocds-dgv273-seacev3-1225997-2026-08-27T10:32:16.960396-05:00,1225997-20608069519,42000.0,PEN,Soles,2026-07-21T00:00:00-05:00
ocds-dgv273-seacev3-1227510,ocds-dgv273-seacev3-1227510-2026-08-27T10:32:16.812837-05:00,1227510-1819576,21628000.0,PEN,Soles,2026-08-24T00:00:00-05:00
ocds-dgv273-seacev3-1227008,ocds-dgv273-seacev3-1227008-2026-08-27T10:32:16.452524-05:00,1227008-1816785,296416.74,PEN,Soles,2026-08-03T00:00:00-05:00
ocds-dgv273-seacev3-1229018,ocds-dgv273-seacev3-1229018-2026-08-27T10:32:16.360988-05:00,1229018-10105660150,576000.0,PEN,Soles,2026-07-06T00:00:00-05:00
ocds-dgv273-seacev3-1226996,ocds-dgv273-seacev3-1226996-2026-08-27T10:32:16.246070-05:00,1226996-1807938,194789.23,PEN,Soles,2026-07-09T00:00:00-05:00
ocds-dgv273-seacev3-1225907,ocds-dgv273-seacev3-1225907-2026-08-27T10:32:15.941004-05:00,1225907-1816416,2617994.16,PEN,Soles,2026-08-14T00:00:00-05:00
ocds-dgv273-seacev3-1223759,ocds-dgv273-seacev3-1223759-2026-08-27T10:32:15.926193-05:00,1223759-1808654,51541284.05,PEN,Soles,2026-08-17T00:00:00-05:00
ocds-dgv273-seacev3-1223641,ocds-dgv273-seacev3-1223641-2026-08-27T10:32:15.881217-05:00,1223641-20602499716,531000.0,PEN,Soles,2026-08-07T00:00:00-05:00
ocds-dgv273-seacev3-1233922,ocds-dgv273-seacev3-1233922-2026-08-27T10:32:10.314130-05:00,1233922-1813357,480852.86,PEN,Soles,2026-07-20T00:00:00-05:00
ocds-dgv273-seacev3-1225567,ocds-dgv273-seacev3-1225567-2026-08-27T10:32:05.132769-05:00,1225567-20604954895,99800.0,PEN,Soles,2026-08-03T00:00:00-05:00
ocds-dgv273-seacev3-1225636,ocds-dgv273-seacev3-1225636-2026-08-27T10:32:05.076155-05:00,1225636-20555098759,138556.5,PEN,Soles,2026-07-17T00:00:00-05:00
ocds-dgv273-seacev3-1224017,ocds-dgv273-seacev3-1224017-2026-08-27T10:32:05.060455-05:00,1224017-20606916150,129000.0,PEN,Soles,2026-07-07T00:00:00-05:00
ocds-dgv273-seacev3-1221302,ocds-dgv273-seacev3-1221302-2026-08-27T10:32:04.998452-05:00,1221302-20606811510,992026.04,PEN,Soles,2026-07-06T00:00:00-05:00
ocds-dgv273-seacev3-1228415,ocds-dgv273-seacev3-1228415-2026-08-27T10:32:04.966995-05:00,1228415-20538016412,1378475.0,PEN,Soles,2026-08-04T00:00:00-05:00
ocds-dgv273-seacev3-1222392,ocds-dgv273-seacev3-1222392-2026-08-27T10:32:04.723739-05:00,1222392-20501887286,305472.0,PEN,Soles,2026-07-10T00:00:00-05:00
ocds-dgv273-seacev3-1226567,ocds-dgv273-seacev3-1226567-2026-08-27T10:32:04.522926-05:00,1226567-1814441,155000.0,PEN,Soles,2026-08-03T00:00:00-05:00
ocds-dgv273-seacev3-1225378,ocds-dgv273-seacev3-1225378-2026-08-27T10:32:04.411537-05:00,1225378-1816139,523477.0,PEN,Soles,2026-08-04T00:00:00-05:00
ocds-dgv273-seacev3-2026-2388-26,ocds-dgv273-seacev3-2026-2388-26-2026-08-27T10:32:04.136123-05:00,1222548-1802639,64800.0,PEN,Soles,2026-06-18T00:00:00-05:00
ocds-dgv273-seacev3-2026-6-48,ocds-dgv273-seacev3-2026-6-48-2026-08-26T10:29:14.072821-05:00,1225805-20502121902,139500.0,PEN,Soles,2026-07-20T00:00:00-05:00
ocds-dgv273-seacev3-1224539,ocds-dgv273-seacev3-1224539-2026-08-26T10:29:13.915432-05:00,1224539-20511717486,191637.0,PEN,Soles,2026-07-09T00:00:00-05:00
ocds-dgv273-seacev3-1224539,ocds-dgv273-seacev3-1224539-2026-08-26T10:29:13.915432-05:00,1224539-20537209861,101134.8,PEN,Soles,2026-07-09T00:00:00-05:00
ocds-dgv273-seacev3-1229769,ocds-dgv273-seacev3-1229769-2026-08-26T10:29:13.579412-05:00,1229769-20100295891,131433.12,PEN,Soles,2026-08-13T00:00:00-05:00
ocds-dgv273-seacev3-2026-1002-5,ocds-dgv273-seacev3-2026-1002-5-2026-08-26T10:29:13.265154-05:00,1222663-10446373671,82905.0,PEN,Soles,2026-06-26T00:00:00-05:00
ocds-dgv273-seacev3-2026-1002-5,ocds-dgv273-seacev3-2026-1002-5-2026-08-26T10:29:13.265154-05:00,1222663-20602646573,196938.5,PEN,Soles,2026-06-26T00:00:00-05:00
ocds-dgv273-seacev3-1225000,ocds-dgv273-seacev3-1225000-2026-08-26T10:29:13.241772-05:00,1225000-20529503688,80985.04,PEN,Soles,2026-07-14T00:00:00-05:00
ocds-dgv273-seacev3-1229431,ocds-dgv273-seacev3-1229431-2026-08-26T10:29:08.141756-05:00,1229431-20606381264,86760.0,PEN,Soles,2026-08-04T00:00:00-05:00
ocds-dgv273-seacev3-1240399,ocds-dgv273-seacev3-1240399-2026-08-26T10:29:07.640501-05:00,1240399-10100128778,25021.9,PEN,Nuevos Soles,2026-08-11T00:00:00-05:00
ocds-dgv273-seacev3-1235386,ocds-dgv273-seacev3-1235386-2026-08-26T10:29:07.243585-05:00,1235386-20613519581,57200.0,PEN,Soles,2026-08-05T00:00:00-05:00
ocds-dgv273-seacev3-1240065,ocds-dgv273-seacev3-1240065-2026-08-26T10:29:05.194961-05:00,1240065-20402316927,9700.0,PEN,Nuevos Soles,2026-08-10T00:00:00-05:00
ocds-dgv273-seacev3-1224818,ocds-dgv273-seacev3-1224818-2026-08-26T10:29:03.474932-05:00,1224818-20612443778,53970.0,PEN,Soles,2026-07-08T00:00:00-05:00
ocds-dgv273-seacev3-2026-237-12,ocds-dgv273-seacev3-2026-237-12-2026-08-26T10:29:03.301447-05:00,1228264-1808189,756171.14,PEN,Soles,2026-07-10T00:00:00-05:00
ocds-dgv273-seacev3-1224244,ocds-dgv273-seacev3-1224244-2026-08-26T10:29:03.027560-05:00,1224244-10410750819,95500.0,PEN,Soles,2026-06-23T00:00:00-05:00
ocds-dgv273-seacev3-1224925,ocds-dgv273-seacev3-1224925-2026-08-26T10:29:02.770529-05:00,1224925-20100312736,480276.0,PEN,Soles,2026-07-15T00:00:00-05:00
ocds-dgv273-seacev3-1224298,ocds-dgv273-seacev3-1224298-2026-08-26T10:29:02.672519-05:00,1224298-1807723,111000.0,PEN,Soles,2026-07-03T00:00:00-05:00
ocds-dgv273-seacev3-1216852,ocds-dgv273-seacev3-1216852-2026-08-26T10:29:02.638500-05:00,1216852-20504494081,335032.21,PEN,Soles,2026-07-09T00:00:00-05:00
ocds-dgv273-seacev3-1228128,ocds-dgv273-seacev3-1228128-2026-08-26T10:29:02.624200-05:00,1228128-1818638,606740.0,PEN,Soles,2026-08-11T00:00:00-05:00
ocds-dgv273-seacev3-1222965,ocds-dgv273-seacev3-1222965-2026-08-26T10:29:02.598911-05:00,1222965-20610089713,1283400.0,PEN,Soles,2026-07-20T00:00:00-05:00
ocds-dgv273-seacev3-1221209,ocds-dgv273-seacev3-1221209-2026-08-26T10:29:02.582579-05:00,1221209-20607536563,1460000.0,PEN,Soles,2026-07-16T00:00:00-05:00
ocds-dgv273-seacev3-1222205,ocds-dgv273-seacev3-1222205-2026-08-26T10:29:02.512983-05:00,1222205-20189254602,288847.41,PEN,Soles,2026-07-20T00:00:00-05:00
ocds-dgv273-seacev3-2026-2409-42,ocds-dgv273-seacev3-2026-2409-42-2026-08-26T10:29:02.452021-05:00,1224982-20253541505,690000.0,PEN,Soles,2026-07-22T00:00:00-05:00
ocds-dgv273-seacev3-1224918,ocds-dgv273-seacev3-1224918-2026-08-26T10:29:02.437943-05:00,1224918-20506813191,116820.0,PEN,Soles,2026-06-25T00:00:00-05:00
ocds-dgv273-seacev3-1227772,ocds-dgv273-seacev3-1227772-2026-08-26T10:29:02.341035-05:00,1227772-1809088,1915113.34,PEN,Soles,2026-07-22T00:00:00-05:00
ocds-dgv273-seacev3-1229797,ocds-dgv273-seacev3-1229797-2026-08-26T10:28:57.773723-05:00,1229797-1810496,1191872.63,PEN,Soles,2026-07-13T00:00:00-05:00
ocds-dgv273-seacev3-1228063,ocds-dgv273-seacev3-1228063-2026-08-26T10:28:51.851938-05:00,1228063-20603683723,108000.0,PEN,Soles,2026-07-15T00:00:00-05:00
ocds-dgv273-seacev3-1228159,ocds-dgv273-seacev3-1228159-2026-08-26T10:28:51.789984-05:00,1228159-20610126155,52320.0,PEN,Soles,2026-08-14T00:00:00-05:00
ocds-dgv273-seacev3-1228282,ocds-dgv273-seacev3-1228282-2026-08-26T10:28:51.739819-05:00,1228282-1811067,315746.1,PEN,Soles,2026-07-15T00:00:00-05:00
ocds-dgv273-seacev3-1227997,ocds-dgv273-seacev3-1227997-2026-08-26T10:28:51.716827-05:00,1227997-10730763293,242000.0,PEN,Soles,2026-07-14T00:00:00-05:00
ocds-dgv273-seacev3-1226866,ocds-dgv273-seacev3-1226866-2026-08-26T10:28:51.612066-05:00,1226866-20610208402,58050.0,PEN,Soles,2026-07-21T00:00:00-05:00
ocds-dgv273-seacev3-1224424,ocds-dgv273-seacev3-1224424-2026-08-26T10:28:51.531631-05:00,1224424-10282916563,540000.0,PEN,Soles,2026-06-26T00:00:00-05:00
ocds-dgv273-seacev3-1224424,ocds-dgv273-seacev3-1224424-2026-08-26T10:28:51.531631-05:00,1224424-10444256279,548000.0,PEN,Soles,2026-06-26T00:00:00-05:00
ocds-dgv273-seacev3-1229747,ocds-dgv273-seacev3-1229747-2026-08-26T10:28:51.433759-05:00,1229747-20545696372,135980.0,PEN,Soles,2026-08-04T00:00:00-05:00
ocds-dgv273-seacev3-2026-1339-29,ocds-dgv273-seacev3-2026-1339-29-2026-08-26T10:28:50.866816-05:00,1226090-1806182,218000.0,PEN,Soles,2026-07-03T00:00:00-05:00
ocds-dgv273-seacev3-1233824,ocds-dgv273-seacev3-1233824-2026-08-26T10:28:50.676894-05:00,1233824-20100061474,93750.0,PEN,Soles,2026-07-31T00:00:00-05:00
ocds-dgv273-seacev3-1233824,ocds-dgv273-seacev3-1233824-2026-08-26T10:28:50.676894-05:00,1233824-20101260373,185141.7,PEN,Soles,2026-07-31T00:00:00-05:00
ocds-dgv273-seacev3-1233824,ocds-dgv273-seacev3-1233824-2026-08-26T10:28:50.676894-05:00,1233824-20392764373,45000.0,PEN,Soles,2026-07-31T00:00:00-05:00
ocds-dgv273-seacev3-1233824,ocds-dgv273-seacev3-1233824-2026-08-26T10:28:50.676894-05:00,1233824-20476798770,198796.5,PEN,Soles,2026-07-31T00:00:00-05:00
ocds-dgv273-seacev3-1233824,ocds-dgv273-seacev3-1233824-2026-08-26T10:28:50.676894-05:00,1233824-20499935286,46200.0,PEN,Soles,2026-07-31T00:00:00-05:00
ocds-dgv273-seacev3-1228802,ocds-dgv273-seacev3-1228802-2026-08-26T10:28:46.917694-05:00,1228802-20609645254,80900.0,PEN,Soles,2026-07-10T00:00:00-05:00
ocds-dgv273-seacev3-1229901,ocds-dgv273-seacev3-1229901-2026-08-26T10:28:45.927224-05:00,1229901-1811746,219600.0,PEN,Soles,2026-07-17T00:00:00-05:00
ocds-dgv273-seacev3-2026-1871-28,ocds-dgv273-seacev3-2026-1871-28-2026-08-26T10:28:45.854170-05:00,1227324-20605513663,445500.0,PEN,Soles,2026-07-09T00:00:00-05:00
ocds-dgv273-seacev3-2026-200195-148,ocds-dgv273-seacev3-2026-200195-148-2026-08-26T10:28:44.777964-05:00,1229417-20600414250,400000.0,PEN,Soles,2026-08-14T00:00:00-05:00
ocds-dgv273-seacev3-1229861,ocds-dgv273-seacev3-1229861-2026-08-26T10:28:43.047746-05:00,1229861-10295825851,125295.0,PEN,Soles,2026-07-15T00:00:00-05:00
ocds-dgv273-seacev3-1228574,ocds-dgv273-seacev3-1228574-2026-08-26T10:28:41.940781-05:00,1228574-20422104390,219553.8,PEN,Soles,2026-08-11T00:00:00-05:00
ocds-dgv273-seacev3-1228574,ocds-dgv273-seacev3-1228574-2026-08-26T10:28:41.940781-05:00,1228574-20610876278,1701880.0,PEN,Soles,2026-08-11T00:00:00-05:00
ocds-dgv273-seacev3-1229421,ocds-dgv273-seacev3-1229421-2026-08-26T10:28:41.692822-05:00,1229421-20612337170,347940.0,PEN,Soles,2026-07-17T00:00:00-05:00
ocds-dgv273-seacev3-1229157,ocds-dgv273-seacev3-1229157-2026-08-26T10:28:41.480563-05:00,1229157-20562654063,115200.0,PEN,Soles,2026-07-17T00:00:00-05:00
ocds-dgv273-seacev3-1228957,ocds-dgv273-seacev3-1228957-2026-08-26T10:28:41.466188-05:00,1228957-20600167945,99900.0,PEN,Soles,2026-07-02T00:00:00-05:00
ocds-dgv273-seacev3-2026-2409-84,ocds-dgv273-seacev3-2026-2409-84-2026-08-26T10:28:41.268960-05:00,1225421-20467534026,310590.0,PEN,Soles,2026-07-21T00:00:00-05:00
ocds-dgv273-seacev3-2026-2426-10,ocds-dgv273-seacev3-2026-2426-10-2026-08-26T10:28:41.115893-05:00,1229223-20100466709,129430.2,PEN,Soles,2026-08-03T00:00:00-05:00
ocds-dgv273-seacev3-2026-10248-57,ocds-dgv273-seacev3-2026-10248-57-2026-08-26T10:28:40.896196-05:00,1223195-20601858615,129753.0,PEN,Soles,2026-07-17T00:00:00-05:00
ocds-dgv273-seacev3-1229621,ocds-dgv273-seacev3-1229621-2026-08-26T10:28:40.852651-05:00,1229621-20338570041,1833615.57,PEN,Soles,2026-08-21T00:00:00-05:00
ocds-dgv273-seacev3-1221096,ocds-dgv273-seacev3-1221096-2026-08-26T10:28:40.823641-05:00,1221096-20604404291,615600.0,PEN,Soles,2026-07-15T00:00:00-05:00
ocds-dgv273-seacev3-1227241,ocds-dgv273-seacev3-1227241-2026-08-26T10:28:40.736072-05:00,1227241-20611506237,868000.0,PEN,Soles,2026-08-11T00:00:00-05:00
ocds-dgv273-seacev3-1228002,ocds-dgv273-seacev3-1228002-2026-08-26T10:28:40.634107-05:00,1228002-1815998,699971.53,PEN,Soles,2026-08-03T00:00:00-05:00
ocds-dgv273-seacev3-1227205,ocds-dgv273-seacev3-1227205-2026-08-26T10:28:40.535360-05:00,1227205-99000008831,723010.65,PEN,Soles,2026-08-03T00:00:00-05:00
ocds-dgv273-seacev3-1221407,ocds-dgv273-seacev3-1221407-2026-08-26T10:28:40.491972-05:00,1221407-20448822304,200220.0,PEN,Soles,2026-07-31T00:00:00-05:00
ocds-dgv273-seacev3-1225320,ocds-dgv273-seacev3-1225320-2026-08-26T10:28:40.370884-05:00,1225320-10295791557,197510.0,PEN,Soles,2026-06-30T00:00:00-05:00
ocds-dgv273-seacev3-1225787,ocds-dgv273-seacev3-1225787-2026-08-26T10:28:40.347553-05:00,1225787-20525909221,12862103.91,PEN,Soles,2026-07-21T00:00:00-05:00
ocds-dgv273-seacev3-1226989,ocds-dgv273-seacev3-1226989-2026-08-26T10:28:40.296257-05:00,1226989-10052833197,309000.0,PEN,Soles,2026-07-06T00:00:00-05:00
ocds-dgv273-seacev3-1222738,ocds-dgv273-seacev3-1222738-2026-08-26T10:28:40.202085-05:00,1222738-20519131243,30000.0,PEN,Soles,2026-07-31T00:00:00-05:00
ocds-dgv273-seacev3-1225309,ocds-dgv273-seacev3-1225309-2026-08-26T10:28:40.138562-05:00,1225309-20607254771,85120.95,PEN,Soles,2026-08-17T00:00:00-05:00
ocds-dgv273-seacev3-1222922,ocds-dgv273-seacev3-1222922-2026-08-26T10:28:40.014242-05:00,1222922-20492993973,264798.07,PEN,Soles,2026-07-15T00:00:00-05:00
ocds-dgv273-seacev3-1228516,ocds-dgv273-seacev3-1228516-2026-08-26T10:28:36.135725-05:00,1228516-10422439833,347200.0,PEN,Soles,2026-07-09T00:00:00-05:00
ocds-dgv273-seacev3-1230682,ocds-dgv273-seacev3-1230682-2026-08-26T10:28:31.565872-05:00,1230682-20601072859,111600.0,PEN,Soles,2026-07-02T00:00:00-05:00
ocds-dgv273-seacev3-1226075,ocds-dgv273-seacev3-1226075-2026-08-26T10:28:31.152683-05:00,1226075-1807688,739856.9,PEN,Soles,2026-07-03T00:00:00-05:00
ocds-dgv273-seacev3-1227945,ocds-dgv273-seacev3-1227945-2026-08-26T10:28:30.956534-05:00,1227945-20448822304,81252.0,PEN,Soles,2026-07-21T00:00:00-05:00
ocds-dgv273-seacev3-1224787,ocds-dgv273-seacev3-1224787-2026-08-26T10:28:30.331817-05:00,1224787-20609312450,60441.85,PEN,Soles,2026-08-14T00:00:00-05:00
ocds-dgv273-seacev3-1229471,ocds-dgv273-seacev3-1229471-2026-08-26T10:28:23.748448-05:00,1229471-1822118,5200000.0,PEN,Soles,2026-08-21T00:00:00-05:00
ocds-dgv273-seacev3-2026-2388-13,ocds-dgv273-seacev3-2026-2388-13-2026-08-26T10:28:19.747206-05:00,1228919-20604057923,46200.0,PEN,Soles,2026-07-20T00:00:00-05:00
ocds-dgv273-seacev3-2026-28-34,ocds-dgv273-seacev3-2026-28-34-2026-08-26T10:28:19.527525-05:00,1228161-20528274855,285768.0,PEN,Soles,2026-07-13T00:00:00-05:00
ocds-dgv273-seacev3-1229610,ocds-dgv273-seacev3-1229610-2026-08-26T10:28:19.267599-05:00,1229610-1811670,1396847.09,PEN,Soles,2026-07-14T00:00:00-05:00
ocds-dgv273-seacev3-2026-1905-13,ocds-dgv273-seacev3-2026-1905-13-2026-08-26T10:28:19.179288-05:00,1228503-20467534026,212400.0,PEN,Soles,2026-07-15T00:00:00-05:00
ocds-dgv273-seacev3-1228870,ocds-dgv273-seacev3-1228870-2026-08-26T10:28:18.934007-05:00,1228870-1812024,1926893.47,PEN,Soles,2026-07-15T00:00:00-05:00
ocds-dgv273-seacev3-1223101,ocds-dgv273-seacev3-1223101-2026-08-26T10:28:18.756147-05:00,1223101-20503794692,7260.0,PEN,Soles,2026-07-31T17:49:24-05:00
ocds-dgv273-seacev3-1226257,ocds-dgv273-seacev3-1226257-2026-08-26T10:28:18.706199-05:00,1226257-20546876722,150447.0,PEN,Soles,2026-08-10T00:00:00-05:00
ocds-dgv273-seacev3-1225235,ocds-dgv273-seacev3-1225235-2026-08-26T10:28:18.490264-05:00,1225235-20605408631,158848.2,PEN,Soles,2026-07-03T00:00:00-05:00
ocds-dgv273-seacev3-1226214,ocds-dgv273-seacev3-1226214-2026-08-26T10:28:18.465655-05:00,1226214-20559822281,215000.0,PEN,Soles,2026-08-03T00:00:00-05:00
ocds-dgv273-seacev3-1228109,ocds-dgv273-seacev3-1228109-2026-08-26T10:28:18.350026-05:00,1228109-L9000032929,5808.0,PEN,Soles,2026-06-23T00:00:00-05:00
ocds-dgv273-seacev3-1229151,ocds-dgv273-seacev3-1229151-2026-08-26T10:28:13.046908-05:00,1229151-1811267,178846.39,PEN,Soles,2026-07-14T00:00:00-05:00
ocds-dgv273-seacev3-2026-2383-153,ocds-dgv273-seacev3-2026-2383-153-2026-08-26T10:28:11.891779-05:00,1228027-20502797230,800000.0,PEN,Soles,2026-08-21T00:00:00-05:00
ocds-dgv273-seacev3-1240046,ocds-dgv273-seacev3-1240046-2026-08-26T10:28:09.573659-05:00,1240046-20607076244,4585.0,PEN,Nuevos Soles,2026-08-10T00:00:00-05:00
ocds-dgv273-seacev3-1229148,ocds-dgv273-seacev3-1229148-2026-08-26T10:28:07.087132-05:00,1229148-10484866819,41075.0,PEN,Soles,2026-07-08T00:00:00-05:00
ocds-dgv273-seacev3-1229148,ocds-dgv273-seacev3-1229148-2026-08-26T10:28:07.087132-05:00,1229148-20553577579,46500.0,PEN,Soles,2026-08-03T00:00:00-05:00
ocds-dgv273-seacev3-1228881,ocds-dgv273-seacev3-1228881-2026-08-26T10:28:06.998265-05:00,1228881-10236876263,205649.85,PEN,Soles,2026-07-30T00:00:00-05:00
ocds-dgv273-seacev3-1223198,ocds-dgv273-seacev3-1223198-2026-08-26T10:28:06.841370-05:00,1223198-1804200,674091.43,PEN,Soles,2026-07-13T00:00:00-05:00
ocds-dgv273-seacev3-1222138,ocds-dgv273-seacev3-1222138-2026-08-26T10:28:06.761298-05:00,1222138-10441957241,64000.0,PEN,Soles,2026-07-17T00:00:00-05:00
ocds-dgv273-seacev3-2026-1307-10,ocds-dgv273-seacev3-2026-1307-10-2026-08-26T10:28:06.544740-05:00,1222433-10078453864,196790.0,PEN,Soles,2026-07-07T00:00:00-05:00
ocds-dgv273-seacev3-2026-1921-53,ocds-dgv273-seacev3-2026-1921-53-2026-08-26T10:28:06.001860-05:00,1227483-20602162274,153489.0,PEN,Soles,2026-07-15T00:00:00-05:00
ocds-dgv273-seacev3-1226505,ocds-dgv273-seacev3-1226505-2026-08-26T10:28:05.914317-05:00,1226505-20604844143,174500.0,PEN,Soles,2026-07-30T00:00:00-05:00
ocds-dgv273-seacev3-2026-1980-6,ocds-dgv273-seacev3-2026-1980-6-2026-08-26T10:28:05.895538-05:00,1225014-20219246791,1129030.0,PEN,Soles,2026-07-24T00:00:00-05:00
ocds-dgv273-seacev3-1223995,ocds-dgv273-seacev3-1223995-2026-08-26T10:28:05.767205-05:00,1223995-1806100,153626.74,PEN,Soles,2026-07-01T00:00:00-05:00
ocds-dgv273-seacev3-1226952,ocds-dgv273-seacev3-1226952-2026-08-26T10:28:05.740967-05:00,1226952-1807622,393800.0,PEN,Soles,2026-08-14T00:00:00-05:00
ocds-dgv273-seacev3-1228417,ocds-dgv273-seacev3-1228417-2026-08-25T10:17:16.857164-05:00,1228417-20525219390,193863.74,PEN,Soles,2026-07-22T00:00:00-05:00
ocds-dgv273-seacev3-1225795,ocds-dgv273-seacev3-1225795-2026-08-24T10:04:57.523148-05:00,1225795-1806125,528242.82,PEN,Soles,2026-07-06T00:00:00-05:00
ocds-dgv273-seacev3-2026-2543-333,ocds-dgv273-seacev3-2026-2543-333-2026-08-24T10:04:51.249532-05:00,1223960-10418458394,478023.0,PEN,Soles,2026-07-01T00:00:00-05:00
ocds-dgv273-seacev3-1224697,ocds-dgv273-seacev3-1224697-2026-08-24T10:04:51.182800-05:00,1224697-1804684,127191.02,PEN,Soles,2026-07-06T00:00:00-05:00
ocds-dgv273-seacev3-2026-2383-96,ocds-dgv273-seacev3-2026-2383-96-2026-08-24T10:04:51.126848-05:00,1222686-20566115761,427962.0,PEN,Soles,2026-07-16T00:00:00-05:00
ocds-dgv273-seacev3-1226347,ocds-dgv273-seacev3-1226347-2026-08-24T10:04:51.040054-05:00,1226347-1808898,186000.0,PEN,Soles,2026-07-13T00:00:00-05:00
ocds-dgv273-seacev3-1229879,ocds-dgv273-seacev3-1229879-2026-08-23T10:35:27.608028-05:00,1229879-10040721172,1299986.0,PEN,Soles,2026-07-16T00:00:00-05:00
ocds-dgv273-seacev3-1229278,ocds-dgv273-seacev3-1229278-2026-08-23T10:35:26.485409-05:00,1229278-20606170930,55000.0,PEN,Soles,2026-07-14T00:00:00-05:00
ocds-dgv273-seacev3-1229232,ocds-dgv273-seacev3-1229232-2026-08-23T10:35:26.127960-05:00,1229232-10160034101,236500.0,PEN,Soles,2026-08-11T00:00:00-05:00
ocds-dgv273-seacev3-1229692,ocds-dgv273-seacev3-1229692-2026-08-23T10:35:25.530898-05:00,1229692-20612290335,59125.5,PEN,Soles,2026-07-09T00:00:00-05:00
ocds-dgv273-seacev3-1226306,ocds-dgv273-seacev3-1226306-2026-08-23T10:35:25.378572-05:00,1226306-1813146,3107836.17,PEN,Soles,2026-08-13T00:00:00-05:00
ocds-dgv273-seacev3-1228693,ocds-dgv273-seacev3-1228693-2026-08-23T10:35:25.334369-05:00,1228693-10201020471,60700.0,PEN,Soles,2026-07-17T00:00:00-05:00
ocds-dgv273-seacev3-1223933,ocds-dgv273-seacev3-1223933-2026-08-23T10:35:25.223348-05:00,1223933-20602998593,450912.0,PEN,Soles,2026-08-04T00:00:00-05:00
ocds-dgv273-seacev3-1226211,ocds-dgv273-seacev3-1226211-2026-08-23T10:35:25.157598-05:00,1226211-10101999039,711674.06,PEN,Soles,2026-08-10T00:00:00-05:00
ocds-dgv273-seacev3-1225258,ocds-dgv273-seacev3-1225258-2026-08-23T10:35:25.098059-05:00,1225258-1806069,221077.16,PEN,Soles,2026-07-09T00:00:00-05:00
ocds-dgv273-seacev3-1228236,ocds-dgv273-seacev3-1228236-2026-08-23T10:35:25.023768-05:00,1228236-1810566,88733.66,PEN,Soles,2026-07-16T00:00:00-05:00
ocds-dgv273-seacev3-1223811,ocds-dgv273-seacev3-1223811-2026-08-23T10:35:24.838687-05:00,1223811-1807185,54816.0,PEN,Soles,2026-07-15T00:00:00-05:00
ocds-dgv273-seacev3-1226896,ocds-dgv273-seacev3-1226896-2026-08-23T10:35:24.819830-05:00,1226896-20608568116,93090.69,PEN,Soles,2026-06-26T00:00:00-05:00
ocds-dgv273-seacev3-1229272,ocds-dgv273-seacev3-1229272-2026-08-23T10:35:16.039532-05:00,1229272-20608463063,124830.0,PEN,Soles,2026-07-15T00:00:00-05:00
ocds-dgv273-seacev3-1228596,ocds-dgv273-seacev3-1228596-2026-08-23T10:35:15.373076-05:00,1228596-1817343,696270.28,PEN,Soles,2026-08-07T00:00:00-05:00
ocds-dgv273-seacev3-1229894,ocds-dgv273-seacev3-1229894-2026-08-23T10:35:15.071432-05:00,1229894-20602967124,415900.0,PEN,Soles,2026-07-17T00:00:00-05:00
ocds-dgv273-seacev3-2026-397-20,ocds-dgv273-seacev3-2026-397-20-2026-08-23T10:35:13.338738-05:00,1225937-20498179674,360550.0,PEN,Soles,2026-07-16T00:00:00-05:00
ocds-dgv273-seacev3-1233091,ocds-dgv273-seacev3-1233091-2026-08-23T10:35:13.236177-05:00,1233091-20297566866,5625000.0,PEN,Soles,2026-07-24T00:00:00-05:00
ocds-dgv273-seacev3-2026-1926-134,ocds-dgv273-seacev3-2026-1926-134-2026-08-23T10:35:13.017993-05:00,1226934-20514781851,199368.0,USD,Dólar Norteamericano,2026-08-10T00:00:00-05:00
ocds-dgv273-seacev3-1225185,ocds-dgv273-seacev3-1225185-2026-08-23T10:35:12.884463-05:00,1225185-20605994530,117856.0,PEN,Soles,2026-07-21T00:00:00-05:00
ocds-dgv273-seacev3-2026-7-7,ocds-dgv273-seacev3-2026-7-7-2026-08-23T10:35:12.849694-05:00,1223807-20509917338,562800.0,PEN,Soles,2026-07-22T00:00:00-05:00
ocds-dgv273-seacev3-1226521,ocds-dgv273-seacev3-1226521-2026-08-23T10:35:12.831564-05:00,1226521-1808421,227214.9,PEN,Soles,2026-07-14T00:00:00-05:00
ocds-dgv273-seacev3-1225578,ocds-dgv273-seacev3-1225578-2026-08-23T10:35:12.816003-05:00,1225578-1817639,509900.0,PEN,Soles,2026-08-10T00:00:00-05:00
ocds-dgv273-seacev3-1223549,ocds-dgv273-seacev3-1223549-2026-08-23T10:35:12.797037-05:00,1223549-1811518,2382182.23,PEN,Soles,2026-07-30T00:00:00-05:00
ocds-dgv273-seacev3-1223367,ocds-dgv273-seacev3-1223367-2026-08-23T10:35:12.760142-05:00,1223367-10724997347,158600.0,PEN,Soles,2026-06-23T00:00:00-05:00
ocds-dgv273-seacev3-1243117,ocds-dgv273-seacev3-1243117-2026-08-23T10:35:06.497121-05:00,1243117-10094849522,24000.0,PEN,Nuevos Soles,2026-08-20T00:00:00-05:00
ocds-dgv273-seacev3-1229144,ocds-dgv273-seacev3-1229144-2026-08-23T10:34:57.556425-05:00,1229144-20600104358,81528.05,PEN,Soles,2026-07-30T00:00:00-05:00
ocds-dgv273-seacev3-1227819,ocds-dgv273-seacev3-1227819-2026-08-23T10:34:57.518779-05:00,1227819-20607950122,156780.0,PEN,Soles,2026-07-20T00:00:00-05:00
ocds-dgv273-seacev3-1229845,ocds-dgv273-seacev3-1229845-2026-08-23T10:34:55.864089-05:00,1229845-20538643841,114950.0,PEN,Soles,2026-07-15T00:00:00-05:00
ocds-dgv273-seacev3-1226704,ocds-dgv273-seacev3-1226704-2026-08-23T10:34:54.679543-05:00,1226704-1809662,916999.65,PEN,Soles,2026-07-15T00:00:00-05:00
ocds-dgv273-seacev3-1229916,ocds-dgv273-seacev3-1229916-2026-08-23T10:34:54.640003-05:00,1229916-20612337170,124980.0,PEN,Soles,2026-08-05T00:00:00-05:00
ocds-dgv273-seacev3-1229608,ocds-dgv273-seacev3-1229608-2026-08-23T10:34:54.624086-05:00,1229608-20602894941,62018.19,PEN,Soles,2026-07-22T00:00:00-05:00
ocds-dgv273-seacev3-1222628,ocds-dgv273-seacev3-1222628-2026-08-23T10:34:54.514936-05:00,1222628-20608480871,77000.0,PEN,Soles,2026-06-17T00:00:00-05:00
ocds-dgv273-seacev3-1224727,ocds-dgv273-seacev3-1224727-2026-08-23T10:34:54.328617-05:00,1224727-20601417449,58499.0,PEN,Soles,2026-08-05T00:00:00-05:00
ocds-dgv273-seacev3-1227668,ocds-dgv273-seacev3-1227668-2026-08-23T10:34:54.152689-05:00,1227668-20454864868,71000.0,PEN,Soles,2026-07-06T00:00:00-05:00
ocds-dgv273-seacev3-1228163,ocds-dgv273-seacev3-1228163-2026-08-23T10:34:54.130601-05:00,1228163-20600756011,427819.62,PEN,Soles,2026-06-30T00:00:00-05:00
ocds-dgv273-seacev3-1222330,ocds-dgv273-seacev3-1222330-2026-08-23T10:34:54.113196-05:00,1222330-20453919651,3596900.0,PEN,Soles,2026-07-20T00:00:00-05:00
ocds-dgv273-seacev3-1227094,ocds-dgv273-seacev3-1227094-2026-08-23T10:34:54.070846-05:00,1227094-1815160,1199000.0,PEN,Soles,2026-08-10T00:00:00-05:00
ocds-dgv273-seacev3-2026-200051-2,ocds-dgv273-seacev3-2026-200051-2-2026-08-23T10:34:54.055053-05:00,1224268-20606391367,376200.0,PEN,Soles,2026-08-04T00:00:00-05:00
ocds-dgv273-seacev3-1221453,ocds-dgv273-seacev3-1221453-2026-08-23T10:34:53.972305-05:00,1221453-20453919651,1199900.0,PEN,Soles,2026-07-21T00:00:00-05:00
ocds-dgv273-seacev3-1221914,ocds-dgv273-seacev3-1221914-2026-08-23T10:34:53.882943-05:00,1221914-20392764373,44212.5,PEN,Soles,2026-07-16T00:00:00-05:00
ocds-dgv273-seacev3-1221914,ocds-dgv273-seacev3-1221914-2026-08-23T10:34:53.882943-05:00,1221914-20600413571,99630.0,PEN,Soles,2026-07-16T00:00:00-05:00
ocds-dgv273-seacev3-1221914,ocds-dgv273-seacev3-1221914-2026-08-23T10:34:53.882943-05:00,1221914-20606322799,84972.0,PEN,Soles,2026-07-16T00:00:00-05:00
ocds-dgv273-seacev3-1221914,ocds-dgv273-seacev3-1221914-2026-08-23T10:34:53.882943-05:00,1221914-20606948507,137541.0,PEN,Soles,2026-07-16T00:00:00-05:00
ocds-dgv273-seacev3-1221914,ocds-dgv273-seacev3-1221914-2026-08-23T10:34:53.882943-05:00,1221914-20608924320,39784.0,PEN,Soles,2026-07-16T00:00:00-05:00
ocds-dgv273-seacev3-1221914,ocds-dgv273-seacev3-1221914-2026-08-23T10:34:53.882943-05:00,1221914-20609944502,108805.4,PEN,Soles,2026-07-16T00:00:00-05:00
ocds-dgv273-seacev3-1223002,ocds-dgv273-seacev3-1223002-2026-08-23T10:34:53.860000-05:00,1223002-20600616235,2827516.51,PEN,Soles,2026-06-16T00:00:00-05:00
ocds-dgv273-seacev3-1232377,ocds-dgv273-seacev3-1232377-2026-08-23T10:34:44.382567-05:00,1232377-10225300653,69289.6,PEN,Soles,2026-07-15T00:00:00-05:00
ocds-dgv273-seacev3-1228871,ocds-dgv273-seacev3-1228871-2026-08-23T10:34:44.090458-05:00,1228871-20601252318,114000.0,PEN,Soles,2026-07-14T00:00:00-05:00
ocds-dgv273-seacev3-1224844,ocds-dgv273-seacev3-1224844-2026-08-23T10:34:43.058099-05:00,1224844-20480333340,258660.0,PEN,Soles,2026-07-01T00:00:00-05:00
ocds-dgv273-seacev3-1223092,ocds-dgv273-seacev3-1223092-2026-08-23T10:34:42.970294-05:00,1223092-10253194834,506400.0,PEN,Soles,2026-07-20T00:00:00-05:00
ocds-dgv273-seacev3-1225901,ocds-dgv273-seacev3-1225901-2026-08-23T10:34:42.939509-05:00,1225901-1810681,75000.0,PEN,Soles,2026-07-16T00:00:00-05:00
ocds-dgv273-seacev3-1229126,ocds-dgv273-seacev3-1229126-2026-08-23T10:34:23.909144-05:00,1229126-20606170930,132500.0,PEN,Soles,2026-07-14T00:00:00-05:00
ocds-dgv273-seacev3-1230466,ocds-dgv273-seacev3-1230466-2026-08-23T10:34:23.472690-05:00,1230466-20610707247,69000.0,PEN,Nuevos Soles,2026-07-22T00:00:00-05:00
ocds-dgv273-seacev3-1222515,ocds-dgv273-seacev3-1222515-2026-08-23T10:34:23.281190-05:00,1222515-20602260730,59553.75,PEN,Soles,2026-07-24T00:00:00-05:00
ocds-dgv273-seacev3-1224129,ocds-dgv273-seacev3-1224129-2026-08-23T10:34:23.229351-05:00,1224129-20602260730,139620.0,PEN,Soles,2026-07-30T00:00:00-05:00
ocds-dgv273-seacev3-1223341,ocds-dgv273-seacev3-1223341-2026-08-23T10:34:23.046511-05:00,1223341-1804474,375576.3,PEN,Soles,2026-07-03T00:00:00-05:00
ocds-dgv273-seacev3-1224850,ocds-dgv273-seacev3-1224850-2026-08-23T10:34:22.952641-05:00,1224850-20600050738,2717000.0,PEN,Soles,2026-07-21T00:00:00-05:00
ocds-dgv273-seacev3-1225861,ocds-dgv273-seacev3-1225861-2026-08-23T10:34:11.840393-05:00,1225861-10804852374,285251.91,PEN,Soles,2026-07-02T00:00:00-05:00
ocds-dgv273-seacev3-1225670,ocds-dgv273-seacev3-1225670-2026-08-23T10:34:11.822548-05:00,1225670-1810275,376050.95,PEN,Soles,2026-07-16T00:00:00-05:00
ocds-dgv273-seacev3-1227582,ocds-dgv273-seacev3-1227582-2026-08-23T10:34:11.695923-05:00,1227582-1810092,619147.12,PEN,Soles,2026-07-10T00:00:00-05:00
ocds-dgv273-seacev3-1229356,ocds-dgv273-seacev3-1229356-2026-08-23T10:34:11.649386-05:00,1229356-20610566295,153881.0,PEN,Soles,2026-07-24T00:00:00-05:00
ocds-dgv273-seacev3-1225700,ocds-dgv273-seacev3-1225700-2026-08-23T10:34:11.593553-05:00,1225700-20600815467,81500.0,PEN,Soles,2026-07-09T00:00:00-05:00
ocds-dgv273-seacev3-1226768,ocds-dgv273-seacev3-1226768-2026-08-23T10:34:11.397829-05:00,1226768-20609844397,130000.0,PEN,Soles,2026-08-13T00:00:00-05:00
ocds-dgv273-seacev3-1229034,ocds-dgv273-seacev3-1229034-2026-08-23T10:33:51.968504-05:00,1229034-20601706980,124890.0,PEN,Soles,2026-07-20T00:00:00-05:00
ocds-dgv273-seacev3-1224020,ocds-dgv273-seacev3-1224020-2026-08-23T10:33:51.905638-05:00,1224020-20604777861,116950.0,PEN,Soles,2026-07-17T00:00:00-05:00
ocds-dgv273-seacev3-2026-1621-31,ocds-dgv273-seacev3-2026-1621-31-2026-08-23T10:33:51.745635-05:00,1224534-20611465620,79140.75,PEN,Soles,2026-06-30T00:00:00-05:00
ocds-dgv273-seacev3-1223788,ocds-dgv273-seacev3-1223788-2026-08-23T10:33:51.524062-05:00,1223788-1804344,1294989.82,PEN,Soles,2026-07-02T00:00:00-05:00
ocds-dgv273-seacev3-1224838,ocds-dgv273-seacev3-1224838-2026-08-23T10:33:51.457538-05:00,1224838-20600050738,2037700.0,PEN,Soles,2026-07-20T00:00:00-05:00
ocds-dgv273-seacev3-2026-2409-106,ocds-dgv273-seacev3-2026-2409-106-2026-08-23T10:33:51.397379-05:00,1227338-20518568648,288625.0,PEN,Soles,2026-08-12T00:00:00-05:00
ocds-dgv273-seacev3-1223390,ocds-dgv273-seacev3-1223390-2026-08-23T10:33:51.382093-05:00,1223390-20552284772,134697.0,PEN,Soles,2026-07-17T00:00:00-05:00
ocds-dgv273-seacev3-1226990,ocds-dgv273-seacev3-1226990-2026-08-23T10:33:51.368894-05:00,1226990-20608069519,39872.0,PEN,Soles,2026-07-09T00:00:00-05:00
ocds-dgv273-seacev3-1221750,ocds-dgv273-seacev3-1221750-2026-08-23T10:33:51.248508-05:00,1221750-1801512,228616.23,PEN,Soles,2026-06-16T00:00:00-05:00
ocds-dgv273-seacev3-1243029,ocds-dgv273-seacev3-1243029-2026-08-23T10:33:41.148421-05:00,1243029-10093801518,33000.0,PEN,Nuevos Soles,2026-08-20T00:00:00-05:00
ocds-dgv273-seacev3-2026-20-19,ocds-dgv273-seacev3-2026-20-19-2026-08-23T10:33:39.876828-05:00,1224219-20607427217,98670.0,PEN,Soles,2026-07-21T00:00:00-05:00
ocds-dgv273-seacev3-1222766,ocds-dgv273-seacev3-1222766-2026-08-23T10:33:39.857515-05:00,1222766-20610815708,120000.0,PEN,Soles,2026-07-02T00:00:00-05:00
ocds-dgv273-seacev3-1227249,ocds-dgv273-seacev3-1227249-2026-08-23T10:33:39.770674-05:00,1227249-20556731285,50800.0,PEN,Soles,2026-08-04T00:00:00-05:00
ocds-dgv273-seacev3-2026-2366-11,ocds-dgv273-seacev3-2026-2366-11-2026-08-23T10:33:39.571735-05:00,1228363-1809540,129156.0,PEN,Soles,2026-07-08T00:00:00-05:00
ocds-dgv273-seacev3-2026-200340-21,ocds-dgv273-seacev3-2026-200340-21-2026-08-23T10:33:39.558127-05:00,1228320-20390625007,54664.98,PEN,Soles,2026-08-13T00:00:00-05:00
ocds-dgv273-seacev3-1223987,ocds-dgv273-seacev3-1223987-2026-08-22T10:45:04.609293-05:00,1223987-20255361695,338492.7,PEN,Soles,2026-07-10T00:00:00-05:00
ocds-dgv273-seacev3-1227799,ocds-dgv273-seacev3-1227799-2026-08-22T10:45:04.461647-05:00,1227799-20448752411,268000.0,PEN,Soles,2026-07-24T00:00:00-05:00
ocds-dgv273-seacev3-2026-200192-218,ocds-dgv273-seacev3-2026-200192-218-2026-08-22T10:45:02.905183-05:00,1227884-10225118758,108000.0,PEN,Soles,2026-07-17T00:00:00-05:00
ocds-dgv273-seacev3-1229914,ocds-dgv273-seacev3-1229914-2026-08-22T10:45:02.750663-05:00,1229914-20601591660,665475.02,PEN,Soles,2026-07-24T00:00:00-05:00
ocds-dgv273-seacev3-1229876,ocds-dgv273-seacev3-1229876-2026-08-22T10:45:02.697730-05:00,1229876-10040721172,1446221.7,PEN,Soles,2026-07-16T00:00:00-05:00
ocds-dgv273-seacev3-1226440,ocds-dgv273-seacev3-1226440-2026-08-22T10:45:02.440625-05:00,1226440-20606811510,62250.0,PEN,Soles,2026-07-20T00:00:00-05:00
ocds-dgv273-seacev3-1225678,ocds-dgv273-seacev3-1225678-2026-08-22T10:45:02.325109-05:00,1225678-1814377,181000.0,PEN,Soles,2026-08-12T00:00:00-05:00
ocds-dgv273-seacev3-2026-1242-4,ocds-dgv273-seacev3-2026-1242-4-2026-08-22T10:45:02.284270-05:00,1224868-1806572,300000.0,PEN,Soles,2026-07-06T00:00:00-05:00
ocds-dgv273-seacev3-1227495,ocds-dgv273-seacev3-1227495-2026-08-22T10:45:02.236068-05:00,1227495-10775336001,398000.0,PEN,Soles,2026-07-14T00:00:00-05:00
ocds-dgv273-seacev3-1224203,ocds-dgv273-seacev3-1224203-2026-08-22T10:45:02.219986-05:00,1224203-20603464258,71880.0,PEN,Soles,2026-06-26T00:00:00-05:00
ocds-dgv273-seacev3-1223022,ocds-dgv273-seacev3-1223022-2026-08-22T10:45:02.178948-05:00,1223022-1804374,229150.0,PEN,Soles,2026-07-01T00:00:00-05:00
ocds-dgv273-seacev3-1229874,ocds-dgv273-seacev3-1229874-2026-08-22T10:44:45.560298-05:00,1229874-20604104638,156148.3,PEN,Soles,2026-07-30T00:00:00-05:00
ocds-dgv273-seacev3-1228771,ocds-dgv273-seacev3-1228771-2026-08-22T10:44:45.455094-05:00,1228771-20102032951,260071.97,PEN,Soles,2026-08-03T00:00:00-05:00
ocds-dgv273-seacev3-1225009,ocds-dgv273-seacev3-1225009-2026-08-22T10:44:45.391515-05:00,1225009-1808046,120000.0,PEN,Soles,2026-07-07T00:00:00-05:00
ocds-dgv273-seacev3-1223978,ocds-dgv273-seacev3-1223978-2026-08-22T10:44:45.373362-05:00,1223978-20607258598,237860.0,PEN,Soles,2026-07-16T00:00:00-05:00
ocds-dgv273-seacev3-1221471,ocds-dgv273-seacev3-1221471-2026-08-22T10:44:45.332014-05:00,1221471-1803177,3653383.45,PEN,Soles,2026-06-25T00:00:00-05:00
ocds-dgv273-seacev3-1226108,ocds-dgv273-seacev3-1226108-2026-08-22T10:44:45.155693-05:00,1226108-20480009917,54138.0,PEN,Soles,2026-07-13T00:00:00-05:00
ocds-dgv273-seacev3-1221881,ocds-dgv273-seacev3-1221881-2026-08-22T10:44:44.386307-05:00,1221881-1803883,663043.62,PEN,Soles,2026-06-23T00:00:00-05:00
ocds-dgv273-seacev3-1224133,ocds-dgv273-seacev3-1224133-2026-08-22T10:44:44.367067-05:00,1224133-20495031561,211680.0,PEN,Soles,2026-07-31T00:00:00-05:00
ocds-dgv273-seacev3-2026-51-23,ocds-dgv273-seacev3-2026-51-23-2026-08-22T10:44:44.062483-05:00,1227423-20511037001,65900.0,PEN,Soles,2026-07-24T15:02:58-05:00
ocds-dgv273-seacev3-1222962,ocds-dgv273-seacev3-1222962-2026-08-22T10:44:43.808069-05:00,1222962-1804492,1731301.5,PEN,Soles,2026-06-23T00:00:00-05:00
ocds-dgv273-seacev3-1225047,ocds-dgv273-seacev3-1225047-2026-08-22T10:44:43.730635-05:00,1225047-20100220700,65313.6,PEN,Soles,2026-08-03T00:00:00-05:00
ocds-dgv273-seacev3-2026-52-5,ocds-dgv273-seacev3-2026-52-5-2026-08-22T10:44:43.630688-05:00,1221383-1809292,9279406.02,PEN,Soles,2026-07-13T00:00:00-05:00
ocds-dgv273-seacev3-1229488,ocds-dgv273-seacev3-1229488-2026-08-22T10:44:28.111667-05:00,1229488-20534076330,237464.1,PEN,Soles,2026-07-02T00:00:00-05:00
ocds-dgv273-seacev3-1237227,ocds-dgv273-seacev3-1237227-2026-08-22T10:44:27.837080-05:00,1237227-20498677437,38730.0,PEN,Nuevos Soles,2026-08-04T15:20:45-05:00
ocds-dgv273-seacev3-2026-1967-29,ocds-dgv273-seacev3-2026-1967-29-2026-08-22T10:44:27.596674-05:00,1229438-20606142880,370292.64,PEN,Soles,2026-08-07T00:00:00-05:00
ocds-dgv273-seacev3-1229666,ocds-dgv273-seacev3-1229666-2026-08-22T10:44:26.409298-05:00,1229666-20600815467,124540.0,PEN,Soles,2026-07-22T00:00:00-05:00
ocds-dgv273-seacev3-2026-709-1,ocds-dgv273-seacev3-2026-709-1-2026-08-22T10:44:23.568754-05:00,1226808-1807828,104218.7,PEN,Soles,2026-07-03T00:00:00-05:00
ocds-dgv273-seacev3-1225301,ocds-dgv273-seacev3-1225301-2026-08-22T10:44:23.477780-05:00,1225301-20604700109,219260.0,PEN,Soles,2026-07-20T00:00:00-05:00
ocds-dgv273-seacev3-1223610,ocds-dgv273-seacev3-1223610-2026-08-22T10:44:23.250186-05:00,1223610-1808535,314046.38,PEN,Soles,2026-07-21T00:00:00-05:00
ocds-dgv273-seacev3-1223921,ocds-dgv273-seacev3-1223921-2026-08-22T10:44:23.212437-05:00,1223921-20615362213,111000.0,PEN,Soles,2026-07-15T00:00:00-05:00
ocds-dgv273-seacev3-1227512,ocds-dgv273-seacev3-1227512-2026-08-22T10:44:23.196313-05:00,1227512-20479872962,243846.40000000002,PEN,Soles,2026-07-08T00:00:00-05:00
ocds-dgv273-seacev3-2026-1926-138,ocds-dgv273-seacev3-2026-1926-138-2026-08-22T10:44:23.121900-05:00,1225716-20613748424,82782.51,PEN,Soles,2026-07-14T00:00:00-05:00
ocds-dgv273-seacev3-1223045,ocds-dgv273-seacev3-1223045-2026-08-22T10:44:22.915995-05:00,1223045-20603200587,9780000.0,PEN,Soles,2026-07-15T00:00:00-05:00
ocds-dgv273-seacev3-1225932,ocds-dgv273-seacev3-1225932-2026-08-22T10:44:22.329067-05:00,1225932-1811308,151907.93,PEN,Soles,2026-07-20T00:00:00-05:00
ocds-dgv273-seacev3-1224308,ocds-dgv273-seacev3-1224308-2026-08-22T10:44:22.304725-05:00,1224308-1811668,450125.96,PEN,Soles,2026-07-17T00:00:00-05:00
ocds-dgv273-seacev3-2026-1926-111,ocds-dgv273-seacev3-2026-1926-111-2026-08-22T10:44:22.166134-05:00,1226328-20514781851,2699500.0,PEN,Soles,2026-08-18T00:00:00-05:00
ocds-dgv273-seacev3-2026-1967-25,ocds-dgv273-seacev3-2026-1967-25-2026-08-22T10:44:07.945188-05:00,1229362-20490176692,232072.8,PEN,Soles,2026-07-16T00:00:00-05:00
ocds-dgv273-seacev3-1229090,ocds-dgv273-seacev3-1229090-2026-08-22T10:44:04.238299-05:00,1229090-20449344261,102705.0,PEN,Soles,2026-08-07T00:00:00-05:00
ocds-dgv273-seacev3-2026-321-1,ocds-dgv273-seacev3-2026-321-1-2026-08-22T10:44:04.056381-05:00,1227811-20611277751,163872.0,PEN,Soles,2026-08-05T00:00:00-05:00
ocds-dgv273-seacev3-1223877,ocds-dgv273-seacev3-1223877-2026-08-22T10:44:04.040085-05:00,1223877-20613968475,68000.0,PEN,Soles,2026-07-30T00:00:00-05:00
ocds-dgv273-seacev3-1226358,ocds-dgv273-seacev3-1226358-2026-08-22T10:44:04.008394-05:00,1226358-1809000,216885.45,PEN,Soles,2026-07-08T00:00:00-05:00
ocds-dgv273-seacev3-1221912,ocds-dgv273-seacev3-1221912-2026-08-22T10:44:03.702478-05:00,1221912-1807057,3460441.82,PEN,Soles,2026-07-08T00:00:00-05:00
ocds-dgv273-seacev3-1227248,ocds-dgv273-seacev3-1227248-2026-08-22T10:44:03.310599-05:00,1227248-1813377,237288.14,PEN,Soles,2026-07-20T00:00:00-05:00
ocds-dgv273-seacev3-1227170,ocds-dgv273-seacev3-1227170-2026-08-22T10:44:03.257581-05:00,1227170-1807488,156000.0,PEN,Soles,2026-07-09T00:00:00-05:00
ocds-dgv273-seacev3-1240113,ocds-dgv273-seacev3-1240113-2026-08-22T10:43:55.628556-05:00,1240113-1818999,360621.09,PEN,Soles,2026-08-10T00:00:00-05:00
ocds-dgv273-seacev3-1228951,ocds-dgv273-seacev3-1228951-2026-08-22T10:43:47.083521-05:00,1228951-10444130470,73550.0,PEN,Soles,2026-07-30T00:00:00-05:00
ocds-dgv273-seacev3-1228773,ocds-dgv273-seacev3-1228773-2026-08-22T10:43:45.518683-05:00,1228773-20607950122,54000.0,PEN,Soles,2026-07-14T00:00:00-05:00
ocds-dgv273-seacev3-1228198,ocds-dgv273-seacev3-1228198-2026-08-22T10:43:45.228231-05:00,1228198-20513447079,78000.0,PEN,Soles,2026-08-13T00:00:00-05:00
ocds-dgv273-seacev3-1226438,ocds-dgv273-seacev3-1226438-2026-08-22T10:43:45.072782-05:00,1226438-20573098731,401503.04,PEN,Soles,2026-07-22T00:00:00-05:00
ocds-dgv273-seacev3-1227096,ocds-dgv273-seacev3-1227096-2026-08-22T10:43:44.957188-05:00,1227096-20539061501,98125.0,PEN,Soles,2026-07-16T00:00:00-05:00
ocds-dgv273-seacev3-1227590,ocds-dgv273-seacev3-1227590-2026-08-22T10:43:44.738529-05:00,1227590-1809093,875860.06,PEN,Soles,2026-07-14T00:00:00-05:00
ocds-dgv273-seacev3-1225696,ocds-dgv273-seacev3-1225696-2026-08-22T10:43:44.579104-05:00,1225696-1807122,265273.44,PEN,Soles,2026-07-07T00:00:00-05:00
ocds-dgv273-seacev3-2026-2366-2,ocds-dgv273-seacev3-2026-2366-2-2026-08-22T10:43:44.491668-05:00,1227440-20100295891,527472.0,PEN,Soles,2026-08-19T00:00:00-05:00
ocds-dgv273-seacev3-1222228,ocds-dgv273-seacev3-1222228-2026-08-22T10:43:44.438137-05:00,1222228-1810859,464937.98,PEN,Soles,2026-07-22T00:00:00-05:00
ocds-dgv273-seacev3-1219393,ocds-dgv273-seacev3-1219393-2026-08-22T10:43:44.377570-05:00,1219393-20377339461,68175.0,PEN,Soles,2026-08-03T00:00:00-05:00
ocds-dgv273-seacev3-1226096,ocds-dgv273-seacev3-1226096-2026-08-22T10:43:44.293302-05:00,1226096-1807194,895396.13,PEN,Soles,2026-07-03T00:00:00-05:00
ocds-dgv273-seacev3-1225806,ocds-dgv273-seacev3-1225806-2026-08-22T10:43:44.228516-05:00,1225806-1806645,81452.75,PEN,Soles,2026-06-30T00:00:00-05:00
ocds-dgv273-seacev3-1231662,ocds-dgv273-seacev3-1231662-2026-08-22T10:43:31.066014-05:00,1231662-1811142,1266754.63,PEN,Soles,2026-07-16T00:00:00-05:00
ocds-dgv273-seacev3-1229437,ocds-dgv273-seacev3-1229437-2026-08-22T10:43:26.123225-05:00,1229437-20611011181,178750.0,PEN,Soles,2026-07-30T00:00:00-05:00
ocds-dgv273-seacev3-1228303,ocds-dgv273-seacev3-1228303-2026-08-22T10:43:25.982320-05:00,1228303-1813172,296640.49,PEN,Soles,2026-07-17T00:00:00-05:00
ocds-dgv273-seacev3-1222015,ocds-dgv273-seacev3-1222015-2026-08-22T10:43:25.810529-05:00,1222015-1816504,19529346.06,PEN,Soles,2026-08-12T00:00:00-05:00
ocds-dgv273-seacev3-1229569,ocds-dgv273-seacev3-1229569-2026-08-22T10:43:25.736641-05:00,1229569-20611681756,69900.0,PEN,Soles,2026-07-14T00:00:00-05:00
ocds-dgv273-seacev3-1218343,ocds-dgv273-seacev3-1218343-2026-08-22T10:43:25.581813-05:00,1218343-20467534026,2003478.0,PEN,Soles,2026-08-19T00:00:00-05:00
ocds-dgv273-seacev3-1229210,ocds-dgv273-seacev3-1229210-2026-08-22T10:43:25.497182-05:00,1229210-20600817818,255000.0,PEN,Soles,2026-07-10T00:00:00-05:00
ocds-dgv273-seacev3-1225858,ocds-dgv273-seacev3-1225858-2026-08-22T10:43:25.477025-05:00,1225858-20573004427,348000.0,PEN,Soles,2026-07-09T00:00:00-05:00
ocds-dgv273-seacev3-1223954,ocds-dgv273-seacev3-1223954-2026-08-22T10:43:25.453259-05:00,1223954-1805518,2825408.35,PEN,Soles,2026-07-07T00:00:00-05:00
ocds-dgv273-seacev3-1227414,ocds-dgv273-seacev3-1227414-2026-08-22T10:43:25.313737-05:00,1227414-20466261255,1779843.0,PEN,Soles,2026-07-24T00:00:00-05:00
ocds-dgv273-seacev3-1228600,ocds-dgv273-seacev3-1228600-2026-08-22T10:43:25.289437-05:00,1228600-1806994,227428.65,PEN,Soles,2026-07-06T00:00:00-05:00
ocds-dgv273-seacev3-1228143,ocds-dgv273-seacev3-1228143-2026-08-22T10:43:25.247823-05:00,1228143-20381829279,216816.6,PEN,Soles,2026-07-31T00:00:00-05:00
ocds-dgv273-seacev3-1224961,ocds-dgv273-seacev3-1224961-2026-08-22T10:43:25.206332-05:00,1224961-20434834989,57976.6,PEN,Soles,2026-07-13T00:00:00-05:00
ocds-dgv273-seacev3-1227581,ocds-dgv273-seacev3-1227581-2026-08-22T10:43:25.013016-05:00,1227581-1810213,982277.16,PEN,Soles,2026-07-16T00:00:00-05:00
ocds-dgv273-seacev3-1227317,ocds-dgv273-seacev3-1227317-2026-08-22T10:43:24.931981-05:00,1227317-20602519709,684500.0,PEN,Soles,2026-07-30T00:00:00-05:00
ocds-dgv273-seacev3-2026-307-4,ocds-dgv273-seacev3-2026-307-4-2026-08-22T10:43:24.741207-05:00,1224989-20607001431,482534.0,PEN,Soles,2026-07-09T00:00:00-05:00
ocds-dgv273-seacev3-1229260,ocds-dgv273-seacev3-1229260-2026-08-22T10:43:11.431634-05:00,1229260-20551186980,136879.0,PEN,Soles,2026-07-10T00:00:00-05:00
ocds-dgv273-seacev3-1229072,ocds-dgv273-seacev3-1229072-2026-08-22T10:43:11.023240-05:00,1229072-1810117,2170104.81,PEN,Soles,2026-07-09T00:00:00-05:00
ocds-dgv273-seacev3-1226173,ocds-dgv273-seacev3-1226173-2026-08-22T10:43:09.422377-05:00,1226173-1811742,2774432.69,PEN,Soles,2026-07-20T00:00:00-05:00
ocds-dgv273-seacev3-1222757,ocds-dgv273-seacev3-1222757-2026-08-22T10:43:08.652605-05:00,1222757-20464408623,637196.0,PEN,Soles,2026-08-03T00:00:00-05:00
ocds-dgv273-seacev3-1225384,ocds-dgv273-seacev3-1225384-2026-08-22T10:43:08.601441-05:00,1225384-1805667,2892095.18,PEN,Soles,2026-07-09T00:00:00-05:00
ocds-dgv273-seacev3-2026-1003001687-15,ocds-dgv273-seacev3-2026-1003001687-15-2026-08-22T10:43:08.033176-05:00,1225912-20550014301,478700.0,PEN,Soles,2026-08-05T00:00:00-05:00
ocds-dgv273-seacev3-1227917,ocds-dgv273-seacev3-1227917-2026-08-22T10:43:08.014381-05:00,1227917-1816213,465143.68,PEN,Soles,2026-08-05T00:00:00-05:00
ocds-dgv273-seacev3-1227636,ocds-dgv273-seacev3-1227636-2026-08-22T10:43:07.998026-05:00,1227636-1814412,237288.14,PEN,Soles,2026-07-22T00:00:00-05:00
ocds-dgv273-seacev3-1227656,ocds-dgv273-seacev3-1227656-2026-08-22T10:43:07.870293-05:00,1227656-1808285,134000.0,PEN,Soles,2026-07-14T00:00:00-05:00
ocds-dgv273-seacev3-1227032,ocds-dgv273-seacev3-1227032-2026-08-22T10:43:07.631547-05:00,1227032-1816890,160906.76,PEN,Soles,2026-08-20T00:00:00-05:00
ocds-dgv273-seacev3-1222612,ocds-dgv273-seacev3-1222612-2026-08-22T10:43:07.486695-05:00,1222612-20568370865,44625.6,PEN,Soles,2026-08-12T18:48:46-05:00
ocds-dgv273-seacev3-1222075,ocds-dgv273-seacev3-1222075-2026-08-22T10:43:07.378227-05:00,1222075-10751939103,180000.0,PEN,Soles,2026-07-07T00:00:00-05:00
ocds-dgv273-seacev3-2026-10154-11,ocds-dgv273-seacev3-2026-10154-11-2026-08-22T10:42:52.408843-05:00,1229932-20551300944,189180.39,PEN,Soles,2026-07-15T00:00:00-05:00
ocds-dgv273-seacev3-1229038,ocds-dgv273-seacev3-1229038-2026-08-22T10:42:51.335596-05:00,1229038-1810028,264665.26,PEN,Soles,2026-07-10T00:00:00-05:00
ocds-dgv273-seacev3-1229880,ocds-dgv273-seacev3-1229880-2026-08-22T10:42:47.976224-05:00,1229880-1810612,403261.44,PEN,Soles,2026-07-10T00:00:00-05:00
ocds-dgv273-seacev3-1229776,ocds-dgv273-seacev3-1229776-2026-08-22T10:42:47.119055-05:00,1229776-20480059850,2800000.0,PEN,Soles,2026-07-20T00:00:00-05:00
ocds-dgv273-seacev3-2026-1607-5,ocds-dgv273-seacev3-2026-1607-5-2026-08-22T10:42:46.833129-05:00,1226016-10026473255,316761.9,PEN,Soles,2026-07-07T00:00:00-05:00
ocds-dgv273-seacev3-1222251,ocds-dgv273-seacev3-1222251-2026-08-22T10:42:46.757277-05:00,1222251-1810903,435424.22,PEN,Soles,2026-07-24T00:00:00-05:00
ocds-dgv273-seacev3-1222442,ocds-dgv273-seacev3-1222442-2026-08-22T10:42:46.521794-05:00,1222442-1800381,4780450.16,PEN,Soles,2026-06-12T00:00:00-05:00
ocds-dgv273-seacev3-1229694,ocds-dgv273-seacev3-1229694-2026-08-22T10:42:46.477878-05:00,1229694-20610434551,470800.0,PEN,Soles,2026-07-10T23:55:03-05:00
ocds-dgv273-seacev3-1225775,ocds-dgv273-seacev3-1225775-2026-08-22T10:42:46.252273-05:00,1225775-1808308,487078.31,PEN,Soles,2026-07-15T00:00:00-05:00
ocds-dgv273-seacev3-1223492,ocds-dgv273-seacev3-1223492-2026-08-22T10:42:45.950129-05:00,1223492-1810498,163000.0,PEN,Soles,2026-07-24T00:00:00-05:00
ocds-dgv273-seacev3-1227363,ocds-dgv273-seacev3-1227363-2026-08-22T10:42:45.926842-05:00,1227363-20406428541,1587968.0,PEN,Soles,2026-07-02T00:00:00-05:00
ocds-dgv273-seacev3-1224037,ocds-dgv273-seacev3-1224037-2026-08-22T10:42:45.911131-05:00,1224037-20490040952,208711.5,PEN,Soles,2026-06-23T00:00:00-05:00
ocds-dgv273-seacev3-1224037,ocds-dgv273-seacev3-1224037-2026-08-22T10:42:45.911131-05:00,1224037-20509860981,209327.37,PEN,Soles,2026-07-21T00:00:00-05:00
ocds-dgv273-seacev3-1225522,ocds-dgv273-seacev3-1225522-2026-08-22T10:42:45.792745-05:00,1225522-10442459644,172650.53,PEN,Soles,2026-07-07T00:00:00-05:00
ocds-dgv273-seacev3-1227663,ocds-dgv273-seacev3-1227663-2026-08-22T10:42:45.699702-05:00,1227663-1808286,85000.0,PEN,Soles,2026-07-14T00:00:00-05:00
ocds-dgv273-seacev3-1226504,ocds-dgv273-seacev3-1226504-2026-08-21T10:31:06.002702-05:00,1226504-20573898690,348000.0,PEN,Soles,2026-07-16T00:00:00-05:00
ocds-dgv273-seacev3-1227686,ocds-dgv273-seacev3-1227686-2026-08-21T10:31:05.969825-05:00,1227686-1816289,971872.9,PEN,Soles,2026-08-05T00:00:00-05:00
ocds-dgv273-seacev3-1226502,ocds-dgv273-seacev3-1226502-2026-08-21T10:31:05.681370-05:00,1226502-20606333758,59424.65,PEN,Soles,2026-07-21T00:00:00-05:00
ocds-dgv273-seacev3-2026-1003000933-6,ocds-dgv273-seacev3-2026-1003000933-6-2026-08-21T10:31:05.405063-05:00,1223232-20511106762,23530.0,PEN,Soles,2026-07-10T00:00:00-05:00
ocds-dgv273-seacev3-1227867,ocds-dgv273-seacev3-1227867-2026-08-21T10:31:05.339671-05:00,1227867-20612176630,129540.0,PEN,Soles,2026-07-17T00:00:00-05:00
ocds-dgv273-seacev3-2026-2408-126,ocds-dgv273-seacev3-2026-2408-126-2026-08-21T10:31:05.263457-05:00,1222813-20608853830,138755.07,PEN,Soles,2026-07-10T00:00:00-05:00
ocds-dgv273-seacev3-1207527,ocds-dgv273-seacev3-1207527-2026-08-21T10:31:05.222520-05:00,1207527-20609758954,110000.0,PEN,Soles,2026-07-09T00:00:00-05:00
ocds-dgv273-seacev3-1225940,ocds-dgv273-seacev3-1225940-2026-08-21T10:31:04.899481-05:00,1225940-1806012,1015395.29,PEN,Soles,2026-07-01T00:00:00-05:00
ocds-dgv273-seacev3-1223692,ocds-dgv273-seacev3-1223692-2026-08-21T10:30:57.497796-05:00,1223692-1817561,674576.36,PEN,Soles,2026-08-05T00:00:00-05:00
ocds-dgv273-seacev3-2026-1967-20,ocds-dgv273-seacev3-2026-1967-20-2026-08-21T10:30:55.253627-05:00,1229423-20410194768,223326.0,PEN,Soles,2026-08-03T00:00:00-05:00
ocds-dgv273-seacev3-1225441,ocds-dgv273-seacev3-1225441-2026-08-21T10:30:54.872854-05:00,1225441-1813583,5217707.47,PEN,Soles,2026-07-20T00:00:00-05:00
ocds-dgv273-seacev3-2026-10143-15,ocds-dgv273-seacev3-2026-10143-15-2026-08-21T10:30:54.689432-05:00,1229573-20606518448,361000.0,PEN,Soles,2026-07-17T00:00:00-05:00
ocds-dgv273-seacev3-1225687,ocds-dgv273-seacev3-1225687-2026-08-21T10:30:54.593906-05:00,1225687-20532400628,67500.0,PEN,Soles,2026-07-01T00:00:00-05:00
ocds-dgv273-seacev3-1223665,ocds-dgv273-seacev3-1223665-2026-08-21T10:30:54.572060-05:00,1223665-10414092255,130000.0,PEN,Soles,2026-07-08T00:00:00-05:00
ocds-dgv273-seacev3-1229446,ocds-dgv273-seacev3-1229446-2026-08-21T10:30:54.485029-05:00,1229446-20613145428,221976.0,PEN,Soles,2026-07-13T00:00:00-05:00
ocds-dgv273-seacev3-1225803,ocds-dgv273-seacev3-1225803-2026-08-21T10:30:54.329481-05:00,1225803-20510893914,148200.0,PEN,Soles,2026-07-14T00:00:00-05:00
ocds-dgv273-seacev3-2026-1604-4,ocds-dgv273-seacev3-2026-1604-4-2026-08-21T10:30:53.935189-05:00,1224573-1805559,202602.42,PEN,Soles,2026-07-03T00:00:00-05:00
ocds-dgv273-seacev3-1229216,ocds-dgv273-seacev3-1229216-2026-08-21T10:30:43.769139-05:00,1229216-1811198,1228221.43,PEN,Soles,2026-07-14T00:00:00-05:00
ocds-dgv273-seacev3-1222058,ocds-dgv273-seacev3-1222058-2026-08-21T10:30:43.187158-05:00,1222058-1810976,17371181.86,PEN,Soles,2026-07-15T00:00:00-05:00
ocds-dgv273-seacev3-1223572,ocds-dgv273-seacev3-1223572-2026-08-21T10:30:42.839688-05:00,1223572-1809050,236584.1,PEN,Soles,2026-07-21T00:00:00-05:00
ocds-dgv273-seacev3-1230355,ocds-dgv273-seacev3-1230355-2026-08-21T10:30:42.821807-05:00,1230355-1810572,782831.85,PEN,Soles,2026-07-24T00:00:00-05:00
ocds-dgv273-seacev3-1224173,ocds-dgv273-seacev3-1224173-2026-08-21T10:30:42.606846-05:00,1224173-10417166209,167573.6,PEN,Soles,2026-07-21T00:00:00-05:00
ocds-dgv273-seacev3-2026-10169-2,ocds-dgv273-seacev3-2026-10169-2-2026-08-21T10:30:42.398725-05:00,1224685-20607251356,79994.0,PEN,Soles,2026-07-31T00:00:00-05:00
ocds-dgv273-seacev3-1225768,ocds-dgv273-seacev3-1225768-2026-08-21T10:30:42.338143-05:00,1225768-20471476898,72207.0,PEN,Soles,2026-07-30T00:00:00-05:00
ocds-dgv273-seacev3-1225768,ocds-dgv273-seacev3-1225768-2026-08-21T10:30:42.338143-05:00,1225768-20609097320,131500.0,PEN,Soles,2026-07-30T00:00:00-05:00
ocds-dgv273-seacev3-1228242,ocds-dgv273-seacev3-1228242-2026-08-21T10:30:42.294637-05:00,1228242-20603280211,274400.0,PEN,Soles,2026-07-15T00:00:00-05:00
ocds-dgv273-seacev3-1219848,ocds-dgv273-seacev3-1219848-2026-08-21T10:30:42.275821-05:00,1219848-1802779,667379.37,PEN,Soles,2026-06-26T00:00:00-05:00
ocds-dgv273-seacev3-2026-200261-11,ocds-dgv273-seacev3-2026-200261-11-2026-08-21T10:30:42.188637-05:00,1227380-20490613405,484000.0,PEN,Soles,2026-07-24T00:00:00-05:00
ocds-dgv273-seacev3-1227670,ocds-dgv273-seacev3-1227670-2026-08-21T10:30:41.910226-05:00,1227670-20383773378,239953.0,PEN,Soles,2026-07-03T00:00:00-05:00
ocds-dgv273-seacev3-2026-1921-63,ocds-dgv273-seacev3-2026-1921-63-2026-08-21T10:30:41.811848-05:00,1222476-20515479261,109976.0,PEN,Soles,2026-07-03T00:00:00-05:00
ocds-dgv273-seacev3-1222886,ocds-dgv273-seacev3-1222886-2026-08-21T10:30:41.771655-05:00,1222886-1802840,85384.8,PEN,Soles,2026-07-10T00:00:00-05:00
ocds-dgv273-seacev3-1231029,ocds-dgv273-seacev3-1231029-2026-08-21T10:30:37.615910-05:00,1231029-1810318,1630805.76,PEN,Soles,2026-07-14T00:00:00-05:00
ocds-dgv273-seacev3-1238395,ocds-dgv273-seacev3-1238395-2026-08-21T10:30:36.664393-05:00,1238395-20608947222,349000.0,PEN,Soles,2026-08-04T00:00:00-05:00
ocds-dgv273-seacev3-1228709,ocds-dgv273-seacev3-1228709-2026-08-21T10:30:32.715302-05:00,1228709-1810575,509017.8,PEN,Soles,2026-07-13T00:00:00-05:00
ocds-dgv273-seacev3-2026-1003000933-37,ocds-dgv273-seacev3-2026-1003000933-37-2026-08-21T10:30:32.251969-05:00,1223229-20523951603,369000.0,PEN,Soles,2026-07-10T00:00:00-05:00
ocds-dgv273-seacev3-1229191,ocds-dgv273-seacev3-1229191-2026-08-21T10:30:31.994155-05:00,1229191-10154529671,298776.7,PEN,Soles,2026-07-21T00:00:00-05:00
ocds-dgv273-seacev3-1228638,ocds-dgv273-seacev3-1228638-2026-08-21T10:30:31.519537-05:00,1228638-1810980,3376707.03,PEN,Soles,2026-07-14T00:00:00-05:00
ocds-dgv273-seacev3-1224980,ocds-dgv273-seacev3-1224980-2026-08-21T10:30:31.307337-05:00,1224980-20600651901,108000.0,PEN,Soles,2026-08-11T00:00:00-05:00
ocds-dgv273-seacev3-1221008,ocds-dgv273-seacev3-1221008-2026-08-21T10:30:31.109777-05:00,1221008-20563136562,51892.1,PEN,Soles,2026-06-12T00:00:00-05:00
ocds-dgv273-seacev3-1227692,ocds-dgv273-seacev3-1227692-2026-08-21T10:30:30.817161-05:00,1227692-20611977761,230000.0,PEN,Soles,2026-07-06T00:00:00-05:00
ocds-dgv273-seacev3-2026-1921-54,ocds-dgv273-seacev3-2026-1921-54-2026-08-21T10:30:30.718654-05:00,1228030-20512362541,699000.0,PEN,Soles,2026-07-15T00:00:00-05:00
ocds-dgv273-seacev3-1242029,ocds-dgv273-seacev3-1242029-2026-08-21T10:30:24.962111-05:00,1242029-10444579051,13500.0,PEN,Soles,2026-08-17T00:00:00-05:00
ocds-dgv273-seacev3-1225703,ocds-dgv273-seacev3-1225703-2026-08-21T10:30:21.138279-05:00,1225703-10444717632,333680.3,PEN,Soles,2026-07-14T00:00:00-05:00
ocds-dgv273-seacev3-2026-2528-16,ocds-dgv273-seacev3-2026-2528-16-2026-08-21T10:30:20.932071-05:00,1229237-10775336001,280000.0,PEN,Soles,2026-08-11T00:00:00-05:00
ocds-dgv273-seacev3-2026-1003013319-15,ocds-dgv273-seacev3-2026-1003013319-15-2026-08-21T10:30:20.798735-05:00,1223025-20136492277,85613.22,PEN,Soles,2026-07-16T00:00:00-05:00
ocds-dgv273-seacev3-2026-1003013319-15,ocds-dgv273-seacev3-2026-1003013319-15-2026-08-21T10:30:20.798735-05:00,1223025-20431091110,577262.72,PEN,Soles,2026-07-16T00:00:00-05:00
ocds-dgv273-seacev3-1221206,ocds-dgv273-seacev3-1221206-2026-08-21T10:30:20.769233-05:00,1221206-20603164912,112425.0,USD,Dólar Norteamericano,2026-06-26T00:00:00-05:00
ocds-dgv273-seacev3-1225202,ocds-dgv273-seacev3-1225202-2026-08-21T10:30:20.754224-05:00,1225202-20602641164,86765.0,PEN,Soles,2026-07-17T00:00:00-05:00
ocds-dgv273-seacev3-1223658,ocds-dgv273-seacev3-1223658-2026-08-21T10:30:20.300573-05:00,1223658-1805439,360000.0,PEN,Soles,2026-07-16T00:00:00-05:00
ocds-dgv273-seacev3-1222891,ocds-dgv273-seacev3-1222891-2026-08-21T10:30:20.266088-05:00,1222891-20512900896,87640.0,PEN,Soles,2026-07-24T00:00:00-05:00
ocds-dgv273-seacev3-1222700,ocds-dgv273-seacev3-1222700-2026-08-21T10:30:20.211878-05:00,1222700-1802871,175000.0,PEN,Nuevos Soles,2026-06-18T00:00:00-05:00
ocds-dgv273-seacev3-1227309,ocds-dgv273-seacev3-1227309-2026-08-21T10:30:20.113992-05:00,1227309-20608715593,136800.0,PEN,Soles,2026-07-08T00:00:00-05:00
ocds-dgv273-seacev3-1224996,ocds-dgv273-seacev3-1224996-2026-08-21T10:30:19.601127-05:00,1224996-1805634,93642.15,PEN,Soles,2026-06-30T00:00:00-05:00
ocds-dgv273-seacev3-1226552,ocds-dgv273-seacev3-1226552-2026-08-21T10:30:19.397023-05:00,1226552-10462833721,72000.0,PEN,Soles,2026-07-08T00:00:00-05:00
ocds-dgv273-seacev3-1227647,ocds-dgv273-seacev3-1227647-2026-08-21T10:30:19.337916-05:00,1227647-1806087,566069.17,PEN,Soles,2026-06-26T00:00:00-05:00
ocds-dgv273-seacev3-1221098,ocds-dgv273-seacev3-1221098-2026-08-21T10:30:19.277333-05:00,1221098-1797951,998918.78,PEN,Soles,2026-06-03T00:00:00-05:00
ocds-dgv273-seacev3-1228349,ocds-dgv273-seacev3-1228349-2026-08-21T10:30:19.265442-05:00,1228349-20605334203,90288.0,PEN,Soles,2026-08-11T00:00:00-05:00
ocds-dgv273-seacev3-1223518,ocds-dgv273-seacev3-1223518-2026-08-21T10:30:12.159666-05:00,1223518-20542014432,55500.0,PEN,Soles,2026-07-21T00:00:00-05:00
ocds-dgv273-seacev3-1229350,ocds-dgv273-seacev3-1229350-2026-08-21T10:30:11.175485-05:00,1229350-20603357672,188500.0,PEN,Soles,2026-07-31T00:00:00-05:00
ocds-dgv273-seacev3-1223815,ocds-dgv273-seacev3-1223815-2026-08-21T10:30:08.970358-05:00,1223815-10710618530,435000.0,PEN,Soles,2026-07-10T00:00:00-05:00
ocds-dgv273-seacev3-1224879,ocds-dgv273-seacev3-1224879-2026-08-21T10:30:08.369416-05:00,1224879-1806412,541491.66,PEN,Soles,2026-07-01T00:00:00-05:00
ocds-dgv273-seacev3-1228961,ocds-dgv273-seacev3-1228961-2026-08-21T10:30:08.253306-05:00,1228961-20606948507,387000.0,PEN,Soles,2026-07-13T00:00:00-05:00
ocds-dgv273-seacev3-2026-2379-26,ocds-dgv273-seacev3-2026-2379-26-2026-08-21T10:30:08.235703-05:00,1224756-20535515728,164558.8,PEN,Soles,2026-08-11T00:00:00-05:00
ocds-dgv273-seacev3-1224744,ocds-dgv273-seacev3-1224744-2026-08-21T10:30:08.221321-05:00,1224744-20605292616,244083.0,PEN,Soles,2026-08-12T00:00:00-05:00
ocds-dgv273-seacev3-1229140,ocds-dgv273-seacev3-1229140-2026-08-21T10:30:07.977111-05:00,1229140-20600832566,323098.83,PEN,Soles,2026-07-07T00:00:00-05:00
ocds-dgv273-seacev3-1228112,ocds-dgv273-seacev3-1228112-2026-08-21T10:30:07.931175-05:00,1228112-20602711278,234000.0,PEN,Soles,2026-07-20T00:00:00-05:00
ocds-dgv273-seacev3-1223798,ocds-dgv273-seacev3-1223798-2026-08-21T10:30:07.910039-05:00,1223798-10012889220,249840.0,PEN,Soles,2026-08-19T00:00:00-05:00
ocds-dgv273-seacev3-1228103,ocds-dgv273-seacev3-1228103-2026-08-21T10:30:07.796703-05:00,1228103-10404301638,294537.0,PEN,Soles,2026-07-10T00:00:00-05:00
ocds-dgv273-seacev3-1226578,ocds-dgv273-seacev3-1226578-2026-08-21T10:30:07.642503-05:00,1226578-20532400628,71100.0,PEN,Soles,2026-07-01T00:00:00-05:00
ocds-dgv273-seacev3-2026-1003000933-2,ocds-dgv273-seacev3-2026-1003000933-2-2026-08-21T10:30:07.626662-05:00,1199324-20606823976,70698.6,PEN,Soles,2026-07-02T00:00:00-05:00
ocds-dgv273-seacev3-2026-2543-70,ocds-dgv273-seacev3-2026-2543-70-2026-08-21T10:30:07.535635-05:00,1218644-20555901179,1092000.0,PEN,Soles,2026-07-17T00:00:00-05:00
ocds-dgv273-seacev3-2026-2543-70,ocds-dgv273-seacev3-2026-2543-70-2026-08-21T10:30:07.535635-05:00,1226222-20555901179,554400.0,PEN,Soles,2026-08-05T00:00:00-05:00
ocds-dgv273-seacev3-1222718,ocds-dgv273-seacev3-1222718-2026-08-21T10:30:07.519410-05:00,1222718-1806979,1654285.75,PEN,Soles,2026-07-08T00:00:00-05:00
ocds-dgv273-seacev3-1229724,ocds-dgv273-seacev3-1229724-2026-08-21T10:29:58.483719-05:00,1229724-20101704352,392803.92,PEN,Soles,2026-07-22T00:00:00-05:00
ocds-dgv273-seacev3-1229166,ocds-dgv273-seacev3-1229166-2026-08-21T10:29:56.960170-05:00,1229166-20155695901,777920.0,PEN,Soles,2026-07-20T00:00:00-05:00
ocds-dgv273-seacev3-2026-2373-6,ocds-dgv273-seacev3-2026-2373-6-2026-08-21T10:29:55.872997-05:00,1226769-20603636776,42119.0,PEN,Soles,2026-07-15T00:00:00-05:00
ocds-dgv273-seacev3-1227548,ocds-dgv273-seacev3-1227548-2026-08-21T10:29:55.828820-05:00,1227548-1808160,712082.35,PEN,Soles,2026-07-10T00:00:00-05:00
ocds-dgv273-seacev3-2026-200191-32,ocds-dgv273-seacev3-2026-200191-32-2026-08-21T10:29:55.676348-05:00,1227501-20600472411,289450.0,PEN,Soles,2026-07-21T00:00:00-05:00
ocds-dgv273-seacev3-2026-787-5,ocds-dgv273-seacev3-2026-787-5-2026-08-21T10:29:55.647083-05:00,1222246-20564454126,93002.4,PEN,Soles,2026-07-06T00:00:00-05:00
ocds-dgv273-seacev3-1223356,ocds-dgv273-seacev3-1223356-2026-08-21T10:29:55.266925-05:00,1223356-10703152282,2685186.0,PEN,Soles,2026-07-07T00:00:00-05:00
ocds-dgv273-seacev3-1228918,ocds-dgv273-seacev3-1228918-2026-08-20T10:31:21.085218-05:00,1228918-20574706409,152000.0,PEN,Soles,2026-07-08T18:37:17-05:00
ocds-dgv273-seacev3-1228918,ocds-dgv273-seacev3-1228918-2026-08-20T10:31:21.085218-05:00,1228918-20509860981,153950.0,PEN,Soles,2026-07-30T00:00:00-05:00
ocds-dgv273-seacev3-2026-200209-4,ocds-dgv273-seacev3-2026-200209-4-2026-08-20T10:31:18.335834-05:00,1229422-10425171912,97200.0,PEN,Soles,2026-07-14T00:00:00-05:00
ocds-dgv273-seacev3-1224805,ocds-dgv273-seacev3-1224805-2026-08-20T10:31:17.564451-05:00,1224805-1812854,691008.12,PEN,Soles,2026-08-05T00:00:00-05:00
ocds-dgv273-seacev3-1229516,ocds-dgv273-seacev3-1229516-2026-08-20T10:31:17.460225-05:00,1229516-10704658279,111244.0,PEN,Soles,2026-07-14T00:00:00-05:00
ocds-dgv273-seacev3-1226388,ocds-dgv273-seacev3-1226388-2026-08-20T10:31:17.229303-05:00,1226388-20124272123,425000.0,PEN,Soles,2026-07-07T00:00:00-05:00
ocds-dgv273-seacev3-1222082,ocds-dgv273-seacev3-1222082-2026-08-20T10:31:16.982253-05:00,1222082-10443500842,250643.0,PEN,Soles,2026-06-17T00:00:00-05:00
ocds-dgv273-seacev3-1227555,ocds-dgv273-seacev3-1227555-2026-08-20T10:31:16.972181-05:00,1227555-1813122,242500.0,PEN,Soles,2026-08-05T00:00:00-05:00
ocds-dgv273-seacev3-1241503,ocds-dgv273-seacev3-1241503-2026-08-20T10:31:12.256193-05:00,1241503-20608701223,1652.0,PEN,Soles,2026-08-17T00:00:00-05:00
ocds-dgv273-seacev3-1229551,ocds-dgv273-seacev3-1229551-2026-08-20T10:31:07.572677-05:00,1229551-1811352,5797885.64,PEN,Soles,2026-07-13T00:00:00-05:00
ocds-dgv273-seacev3-1223879,ocds-dgv273-seacev3-1223879-2026-08-20T10:31:07.503034-05:00,1223879-20600190301,199637.55,PEN,Soles,2026-07-22T00:00:00-05:00
ocds-dgv273-seacev3-2026-32-14,ocds-dgv273-seacev3-2026-32-14-2026-08-20T10:31:07.456854-05:00,1228400-1811214,359757.32,PEN,Soles,2026-07-16T00:00:00-05:00
ocds-dgv273-seacev3-1226545,ocds-dgv273-seacev3-1226545-2026-08-20T10:31:07.119335-05:00,1226545-20607625540,59650.5,PEN,Soles,2026-06-26T00:00:00-05:00
ocds-dgv273-seacev3-1229813,ocds-dgv273-seacev3-1229813-2026-08-20T10:31:06.800916-05:00,1229813-10409790432,85722.41,PEN,Soles,2026-07-16T00:00:00-05:00
ocds-dgv273-seacev3-1222942,ocds-dgv273-seacev3-1222942-2026-08-20T10:31:06.686210-05:00,1222942-10026903608,564273.21,PEN,Soles,2026-07-30T00:00:00-05:00
ocds-dgv273-seacev3-1226450,ocds-dgv273-seacev3-1226450-2026-08-20T10:31:06.602858-05:00,1226450-1813796,277000.0,PEN,Soles,2026-07-22T00:00:00-05:00
ocds-dgv273-seacev3-1228434,ocds-dgv273-seacev3-1228434-2026-08-20T10:31:06.587624-05:00,1228434-20601658713,1050000.0,PEN,Soles,2026-07-17T00:00:00-05:00
ocds-dgv273-seacev3-1227314,ocds-dgv273-seacev3-1227314-2026-08-20T10:31:06.483546-05:00,1227314-1807385,244625.0,PEN,Nuevos Soles,2026-07-03T00:00:00-05:00
ocds-dgv273-seacev3-1222803,ocds-dgv273-seacev3-1222803-2026-08-20T10:31:06.150213-05:00,1222803-1804935,1644175.4,PEN,Soles,2026-06-26T00:00:00-05:00
ocds-dgv273-seacev3-1229365,ocds-dgv273-seacev3-1229365-2026-08-20T10:31:01.101426-05:00,1229365-1809951,451798.4,PEN,Soles,2026-08-10T00:00:00-05:00
ocds-dgv273-seacev3-1229928,ocds-dgv273-seacev3-1229928-2026-08-20T10:30:56.920973-05:00,1229928-10246721691,162000.0,PEN,Soles,2026-07-03T00:00:00-05:00
ocds-dgv273-seacev3-2026-2397-41,ocds-dgv273-seacev3-2026-2397-41-2026-08-20T10:30:55.865942-05:00,1229783-20601709849,87780.1,PEN,Soles,2026-07-16T00:00:00-05:00
ocds-dgv273-seacev3-1227933,ocds-dgv273-seacev3-1227933-2026-08-20T10:30:55.809040-05:00,1227933-1812943,936154.72,PEN,Soles,2026-07-17T00:00:00-05:00
ocds-dgv273-seacev3-1229513,ocds-dgv273-seacev3-1229513-2026-08-20T10:30:55.648001-05:00,1229513-10704331342,52500.0,PEN,Soles,2026-07-14T00:00:00-05:00
ocds-dgv273-seacev3-1228660,ocds-dgv273-seacev3-1228660-2026-08-20T10:30:55.624224-05:00,1228660-20515422154,817955.34,PEN,Soles,2026-07-13T00:00:00-05:00
ocds-dgv273-seacev3-1225197,ocds-dgv273-seacev3-1225197-2026-08-20T10:30:55.609598-05:00,1225197-1808479,18237054.11,PEN,Soles,2026-07-21T00:00:00-05:00
ocds-dgv273-seacev3-1221906,ocds-dgv273-seacev3-1221906-2026-08-20T10:30:55.595170-05:00,1221906-20600939140,230400.0,PEN,Soles,2026-07-16T00:00:00-05:00
ocds-dgv273-seacev3-1227726,ocds-dgv273-seacev3-1227726-2026-08-20T10:30:55.485531-05:00,1227726-20487064280,109366.0,PEN,Soles,2026-07-20T00:00:00-05:00
ocds-dgv273-seacev3-1230339,ocds-dgv273-seacev3-1230339-2026-08-20T10:30:55.441459-05:00,1230339-20603058152,79800.0,PEN,Soles,2026-07-15T00:00:00-05:00
ocds-dgv273-seacev3-1228497,ocds-dgv273-seacev3-1228497-2026-08-20T10:30:55.264560-05:00,1228497-1811256,315700.0,PEN,Soles,2026-07-16T00:00:00-05:00
ocds-dgv273-seacev3-1222631,ocds-dgv273-seacev3-1222631-2026-08-20T10:30:55.086205-05:00,1222631-20172606777,199500.0,PEN,Soles,2026-07-10T00:00:00-05:00
ocds-dgv273-seacev3-1222631,ocds-dgv273-seacev3-1222631-2026-08-20T10:30:55.086205-05:00,1222631-20305840158,484775.0,PEN,Soles,2026-07-10T00:00:00-05:00
ocds-dgv273-seacev3-1224220,ocds-dgv273-seacev3-1224220-2026-08-20T10:30:54.750365-05:00,1224220-20101337261,1379828.76,PEN,Soles,2026-07-30T00:00:00-05:00
ocds-dgv273-seacev3-1226637,ocds-dgv273-seacev3-1226637-2026-08-20T10:30:54.653528-05:00,1226637-20604035873,694367.7,PEN,Soles,2026-08-04T00:00:00-05:00
ocds-dgv273-seacev3-1238708,ocds-dgv273-seacev3-1238708-2026-08-20T10:30:49.584452-05:00,1238708-10702028863,4000.0,PEN,Soles,2026-08-04T00:00:00-05:00
ocds-dgv273-seacev3-1237156,ocds-dgv273-seacev3-1237156-2026-08-20T10:30:49.264449-05:00,1237156-20600616235,396341.4,PEN,Soles,2026-08-04T00:00:00-05:00
ocds-dgv273-seacev3-1238647,ocds-dgv273-seacev3-1238647-2026-08-20T10:30:48.463987-05:00,1238647-10760272880,6000.0,PEN,Soles,2026-08-04T00:00:00-05:00
ocds-dgv273-seacev3-1228945,ocds-dgv273-seacev3-1228945-2026-08-20T10:30:48.223064-05:00,1228945-10224168182,165600.0,PEN,Soles,2026-07-07T00:00:00-05:00
ocds-dgv273-seacev3-1228543,ocds-dgv273-seacev3-1228543-2026-08-20T10:30:45.961841-05:00,1228543-1811605,1194729.99,PEN,Soles,2026-07-20T00:00:00-05:00
ocds-dgv273-seacev3-1226751,ocds-dgv273-seacev3-1226751-2026-08-20T10:30:45.727527-05:00,1226751-1804636,1684833.51,PEN,Soles,2026-06-22T00:00:00-05:00
ocds-dgv273-seacev3-1219328,ocds-dgv273-seacev3-1219328-2026-08-20T10:30:45.711633-05:00,1219328-1801794,104000.0,PEN,Soles,2026-07-09T00:00:00-05:00
ocds-dgv273-seacev3-1225044,ocds-dgv273-seacev3-1225044-2026-08-20T10:30:45.641091-05:00,1225044-1807903,276430.0,PEN,Soles,2026-07-08T00:00:00-05:00
ocds-dgv273-seacev3-1224761,ocds-dgv273-seacev3-1224761-2026-08-20T10:30:45.624012-05:00,1224761-10463394151,1940000.0,PEN,Soles,2026-07-14T00:00:00-05:00
ocds-dgv273-seacev3-1222463,ocds-dgv273-seacev3-1222463-2026-08-20T10:30:45.462544-05:00,1222463-20601726174,519400.0,PEN,Soles,2026-07-15T00:00:00-05:00
ocds-dgv273-seacev3-1225476,ocds-dgv273-seacev3-1225476-2026-08-20T10:30:45.378860-05:00,1225476-1805789,6134530.84,PEN,Soles,2026-06-25T00:00:00-05:00
ocds-dgv273-seacev3-2026-1003013319-22,ocds-dgv273-seacev3-2026-1003013319-22-2026-08-20T10:30:45.252860-05:00,1227226-20136492277,78274.0,PEN,Soles,2026-07-21T00:00:00-05:00
ocds-dgv273-seacev3-2026-1003013319-22,ocds-dgv273-seacev3-2026-1003013319-22-2026-08-20T10:30:45.252860-05:00,1227226-20609717697,101869.9,PEN,Soles,2026-07-21T00:00:00-05:00
ocds-dgv273-seacev3-2026-2384-13,ocds-dgv273-seacev3-2026-2384-13-2026-08-20T10:30:45.231442-05:00,1220758-20600010701,163288.4,PEN,Soles,2026-06-23T00:00:00-05:00
ocds-dgv273-seacev3-1224051,ocds-dgv273-seacev3-1224051-2026-08-20T10:30:45.112442-05:00,1224051-20568812809,153000.0,PEN,Soles,2026-06-25T00:00:00-05:00
ocds-dgv273-seacev3-1222734,ocds-dgv273-seacev3-1222734-2026-08-20T10:30:44.889039-05:00,1222734-20601049237,643188.4,PEN,Soles,2026-07-31T00:00:00-05:00
ocds-dgv273-seacev3-1227057,ocds-dgv273-seacev3-1227057-2026-08-20T10:30:44.813339-05:00,1227057-20208568826,66675.2,PEN,Soles,2026-07-17T00:00:00-05:00
ocds-dgv273-seacev3-1226590,ocds-dgv273-seacev3-1226590-2026-08-20T10:30:44.797392-05:00,1226590-1809248,1664449.02,PEN,Soles,2026-07-08T00:00:00-05:00
ocds-dgv273-seacev3-2026-200022-20,ocds-dgv273-seacev3-2026-200022-20-2026-08-20T10:30:44.728331-05:00,1224032-10462974472,134400.0,PEN,Soles,2026-07-09T00:00:00-05:00
ocds-dgv273-seacev3-1226385,ocds-dgv273-seacev3-1226385-2026-08-20T10:30:44.637850-05:00,1226385-20534576146,1626473.34,PEN,Soles,2026-07-08T00:00:00-05:00
ocds-dgv273-seacev3-1229404,ocds-dgv273-seacev3-1229404-2026-08-20T10:30:44.599484-05:00,1229404-1819169,1030477.5,PEN,Soles,2026-08-12T00:00:00-05:00
ocds-dgv273-seacev3-1224518,ocds-dgv273-seacev3-1224518-2026-08-20T10:30:44.534021-05:00,1224518-20393554003,61319.4,PEN,Soles,2026-07-22T20:27:36-05:00
ocds-dgv273-seacev3-1224001,ocds-dgv273-seacev3-1224001-2026-08-20T10:30:44.498857-05:00,1224001-20512636854,236660.0,PEN,Soles,2026-07-02T00:00:00-05:00
ocds-dgv273-seacev3-1225056,ocds-dgv273-seacev3-1225056-2026-08-20T10:30:44.483970-05:00,1225056-1809168,21091130.43,PEN,Soles,2026-07-20T00:00:00-05:00
ocds-dgv273-seacev3-1228192,ocds-dgv273-seacev3-1228192-2026-08-20T10:30:44.244802-05:00,1228192-20607160938,125000.0,PEN,Soles,2026-07-14T00:00:00-05:00
ocds-dgv273-seacev3-1224590,ocds-dgv273-seacev3-1224590-2026-08-20T10:30:44.208794-05:00,1224590-20608560689,208500.0,PEN,Soles,2026-08-10T00:00:00-05:00
ocds-dgv273-seacev3-1227326,ocds-dgv273-seacev3-1227326-2026-08-20T10:30:44.097537-05:00,1227326-20600628144,199000.0,PEN,Soles,2026-07-06T00:00:00-05:00
ocds-dgv273-seacev3-1227398,ocds-dgv273-seacev3-1227398-2026-08-20T10:30:44.078423-05:00,1227398-20602390633,63038.0,PEN,Soles,2026-07-07T00:00:00-05:00
ocds-dgv273-seacev3-2026-846-1,ocds-dgv273-seacev3-2026-846-1-2026-08-20T10:30:43.819907-05:00,1228365-1811081,2996714.04,PEN,Soles,2026-07-13T00:00:00-05:00
ocds-dgv273-seacev3-1221757,ocds-dgv273-seacev3-1221757-2026-08-20T10:30:43.694483-05:00,1221757-20491683571,158448.6,PEN,Soles,2026-06-15T00:00:00-05:00
ocds-dgv273-seacev3-1221984,ocds-dgv273-seacev3-1221984-2026-08-20T10:30:43.597681-05:00,1221984-20501887286,1656720.0,PEN,Soles,2026-07-09T00:00:00-05:00
ocds-dgv273-seacev3-1228744,ocds-dgv273-seacev3-1228744-2026-08-20T10:30:39.339397-05:00,1228744-20504312403,123580.0,PEN,Soles,2026-07-21T00:00:00-05:00
ocds-dgv273-seacev3-1228744,ocds-dgv273-seacev3-1228744-2026-08-20T10:30:39.339397-05:00,1228744-20545696372,58970.0,PEN,Soles,2026-07-21T00:00:00-05:00
ocds-dgv273-seacev3-1229262,ocds-dgv273-seacev3-1229262-2026-08-20T10:30:38.454804-05:00,1229262-10028332551,52885.04,PEN,Soles,2026-06-26T00:00:00-05:00
ocds-dgv273-seacev3-1229262,ocds-dgv273-seacev3-1229262-2026-08-20T10:30:38.454804-05:00,1229262-20600513347,128761.0,PEN,Soles,2026-06-26T00:00:00-05:00
ocds-dgv273-seacev3-1229262,ocds-dgv273-seacev3-1229262-2026-08-20T10:30:38.454804-05:00,1229262-20604708843,166113.32,PEN,Soles,2026-06-26T00:00:00-05:00
ocds-dgv273-seacev3-1224136,ocds-dgv273-seacev3-1224136-2026-08-20T10:30:34.121418-05:00,1224136-20603678991,149500.0,PEN,Soles,2026-06-24T00:00:00-05:00
ocds-dgv273-seacev3-1226608,ocds-dgv273-seacev3-1226608-2026-08-20T10:30:33.885939-05:00,1226608-1808314,175994.66,PEN,Soles,2026-07-06T00:00:00-05:00
ocds-dgv273-seacev3-1229526,ocds-dgv273-seacev3-1229526-2026-08-20T10:30:33.809361-05:00,1229526-20323094617,288386.14,PEN,Soles,2026-07-17T00:00:00-05:00
ocds-dgv273-seacev3-1223473,ocds-dgv273-seacev3-1223473-2026-08-20T10:30:33.754595-05:00,1223473-1804468,5100432.0,PEN,Soles,2026-06-25T00:00:00-05:00
ocds-dgv273-seacev3-1227858,ocds-dgv273-seacev3-1227858-2026-08-20T10:30:33.654926-05:00,1227858-20600104358,51894.95,PEN,Soles,2026-07-20T00:00:00-05:00
ocds-dgv273-seacev3-1223711,ocds-dgv273-seacev3-1223711-2026-08-20T10:30:33.594016-05:00,1223711-1811310,390916.63,PEN,Soles,2026-07-15T00:00:00-05:00
ocds-dgv273-seacev3-1224724,ocds-dgv273-seacev3-1224724-2026-08-20T10:30:33.243624-05:00,1224724-1810733,1240513.28,PEN,Soles,2026-07-15T00:00:00-05:00
ocds-dgv273-seacev3-1221111,ocds-dgv273-seacev3-1221111-2026-08-20T10:30:33.188551-05:00,1221111-20552504641,350000.0,PEN,Soles,2026-07-15T00:00:00-05:00
ocds-dgv273-seacev3-1228117,ocds-dgv273-seacev3-1228117-2026-08-20T10:30:33.043016-05:00,1228117-20608030035,394251.0,PEN,Soles,2026-07-13T00:00:00-05:00
ocds-dgv273-seacev3-1225882,ocds-dgv273-seacev3-1225882-2026-08-20T10:30:33.019208-05:00,1225882-1811247,106736.27,PEN,Soles,2026-07-17T00:00:00-05:00
ocds-dgv273-seacev3-1223260,ocds-dgv273-seacev3-1223260-2026-08-20T10:30:32.973859-05:00,1223260-20521691191,3145000.0,PEN,Soles,2026-06-18T00:00:00-05:00
ocds-dgv273-seacev3-2026-1003013319-24,ocds-dgv273-seacev3-2026-1003013319-24-2026-08-20T10:30:32.881989-05:00,1223026-20605220488,224224.0,PEN,Soles,2026-07-17T00:00:00-05:00
ocds-dgv273-seacev3-1226496,ocds-dgv273-seacev3-1226496-2026-08-20T10:30:32.858608-05:00,1226496-20603251637,76380.0,PEN,Soles,2026-07-06T00:00:00-05:00
ocds-dgv273-seacev3-1226496,ocds-dgv273-seacev3-1226496-2026-08-20T10:30:32.858608-05:00,1226496-10275679521,77485.8,PEN,Soles,2026-08-10T00:00:00-05:00
ocds-dgv273-seacev3-1222856,ocds-dgv273-seacev3-1222856-2026-08-20T10:30:32.804393-05:00,1222856-20604415862,80000.0,PEN,Soles,2026-06-18T00:00:00-05:00
ocds-dgv273-seacev3-1227181,ocds-dgv273-seacev3-1227181-2026-08-20T10:30:32.739641-05:00,1227181-20564013260,328000.0,PEN,Soles,2026-07-07T00:00:00-05:00
ocds-dgv273-seacev3-1228960,ocds-dgv273-seacev3-1228960-2026-08-20T10:30:25.185092-05:00,1228960-1810169,929250.77,PEN,Soles,2026-07-13T00:00:00-05:00
ocds-dgv273-seacev3-1221169,ocds-dgv273-seacev3-1221169-2026-08-20T10:30:22.478962-05:00,1221169-20602638902,322000.0,PEN,Soles,2026-07-24T00:00:00-05:00
ocds-dgv273-seacev3-1223554,ocds-dgv273-seacev3-1223554-2026-08-20T10:30:22.435792-05:00,1223554-20602378404,129530.42,PEN,Soles,2026-07-20T00:00:00-05:00
ocds-dgv273-seacev3-1221977,ocds-dgv273-seacev3-1221977-2026-08-20T10:30:22.056226-05:00,1221977-1813256,993573.6000000001,PEN,Soles,2026-07-30T00:00:00-05:00
ocds-dgv273-seacev3-1224924,ocds-dgv273-seacev3-1224924-2026-08-20T10:30:21.930304-05:00,1224924-20608993909,272500.0,PEN,Soles,2026-07-17T00:00:00-05:00
ocds-dgv273-seacev3-2026-10547-3,ocds-dgv273-seacev3-2026-10547-3-2026-08-20T10:30:21.507912-05:00,1225637-1804465,93960.0,PEN,Soles,2026-07-07T00:00:00-05:00
ocds-dgv273-seacev3-1224395,ocds-dgv273-seacev3-1224395-2026-08-20T10:30:21.323800-05:00,1224395-10024370386,191700.0,PEN,Soles,2026-07-07T00:00:00-05:00
ocds-dgv273-seacev3-1224395,ocds-dgv273-seacev3-1224395-2026-08-20T10:30:21.323800-05:00,1224395-10419531923,115500.0,PEN,Soles,2026-07-07T00:00:00-05:00
ocds-dgv273-seacev3-1222952,ocds-dgv273-seacev3-1222952-2026-08-20T10:30:21.236428-05:00,1222952-20609717697,225757.59,PEN,Soles,2026-06-25T00:00:00-05:00
ocds-dgv273-seacev3-1222952,ocds-dgv273-seacev3-1222952-2026-08-20T10:30:21.236428-05:00,1222952-20136492277,239823.7,PEN,Soles,2026-07-30T00:00:00-05:00
ocds-dgv273-seacev3-1228268,ocds-dgv273-seacev3-1228268-2026-08-20T10:30:09.961037-05:00,1228268-20600639812,184971.0,PEN,Soles,2026-07-20T00:00:00-05:00
ocds-dgv273-seacev3-1222951,ocds-dgv273-seacev3-1222951-2026-08-20T10:30:09.946371-05:00,1222951-20610035541,1100000.0,PEN,Soles,2026-07-06T00:00:00-05:00
ocds-dgv273-seacev3-1227764,ocds-dgv273-seacev3-1227764-2026-08-20T10:30:09.844651-05:00,1227764-20608350391,76034.92,PEN,Soles,2026-07-03T00:00:00-05:00
ocds-dgv273-seacev3-1229922,ocds-dgv273-seacev3-1229922-2026-08-20T10:30:09.648056-05:00,1229922-20525159125,72000.0,PEN,Soles,2026-07-20T00:00:00-05:00
ocds-dgv273-seacev3-1222278,ocds-dgv273-seacev3-1222278-2026-08-20T10:30:09.490407-05:00,1222278-10167380820,348500.0,PEN,Soles,2026-06-25T00:00:00-05:00
ocds-dgv273-seacev3-1225086,ocds-dgv273-seacev3-1225086-2026-08-20T10:30:09.124461-05:00,1225086-20512636854,169660.0,PEN,Soles,2026-07-01T00:00:00-05:00
ocds-dgv273-seacev3-1225763,ocds-dgv273-seacev3-1225763-2026-08-20T10:30:09.100338-05:00,1225763-20613270796,310464.0,PEN,Soles,2026-07-31T00:00:00-05:00
ocds-dgv273-seacev3-1226387,ocds-dgv273-seacev3-1226387-2026-08-20T10:30:09.085911-05:00,1226387-20542218356,244536.0,PEN,Soles,2026-07-14T00:00:00-05:00
ocds-dgv273-seacev3-2026-2413-10,ocds-dgv273-seacev3-2026-2413-10-2026-08-20T10:30:08.900625-05:00,1227507-20604554846,97437.48,PEN,Soles,2026-07-13T00:00:00-05:00
ocds-dgv273-seacev3-1229443,ocds-dgv273-seacev3-1229443-2026-08-19T10:31:53.601479-05:00,1229443-1811202,6902543.61,PEN,Soles,2026-07-13T00:00:00-05:00
ocds-dgv273-seacev3-1230340,ocds-dgv273-seacev3-1230340-2026-08-19T10:31:49.451859-05:00,1230340-20610916385,48612.0,PEN,Soles,2026-07-15T00:00:00-05:00
ocds-dgv273-seacev3-1227777,ocds-dgv273-seacev3-1227777-2026-08-19T10:31:48.558257-05:00,1227777-20533943706,2420946.92,PEN,Soles,2026-07-10T00:00:00-05:00
ocds-dgv273-seacev3-1221214,ocds-dgv273-seacev3-1221214-2026-08-19T10:31:48.471839-05:00,1221214-1801822,468376.96,PEN,Soles,2026-06-15T00:00:00-05:00
ocds-dgv273-seacev3-1229734,ocds-dgv273-seacev3-1229734-2026-08-19T10:31:48.179012-05:00,1229734-20569125767,198000.0,PEN,Soles,2026-07-21T00:00:00-05:00
ocds-dgv273-seacev3-1222165,ocds-dgv273-seacev3-1222165-2026-08-19T10:31:48.095756-05:00,1222165-20612130346,200000.0,PEN,Soles,2026-06-17T00:00:00-05:00
ocds-dgv273-seacev3-1222165,ocds-dgv273-seacev3-1222165-2026-08-19T10:31:48.095756-05:00,1222165-20612119784,208000.0,PEN,Soles,2026-07-07T00:00:00-05:00
ocds-dgv273-seacev3-1222165,ocds-dgv273-seacev3-1222165-2026-08-19T10:31:48.095756-05:00,1222165-20534967684,208000.0,PEN,Soles,2026-07-30T00:00:00-05:00
ocds-dgv273-seacev3-1227075,ocds-dgv273-seacev3-1227075-2026-08-19T10:31:47.481819-05:00,1227075-20600915097,550000.0,PEN,Soles,2026-07-09T12:29:12-05:00
ocds-dgv273-seacev3-1227202,ocds-dgv273-seacev3-1227202-2026-08-19T10:31:47.403721-05:00,1227202-20610589333,120000.0,PEN,Soles,2026-07-16T00:00:00-05:00
ocds-dgv273-seacev3-2026-2385-10,ocds-dgv273-seacev3-2026-2385-10-2026-08-19T10:31:47.209061-05:00,1226221-20606236175,318000.0,PEN,Soles,2026-08-14T00:00:00-05:00
ocds-dgv273-seacev3-1229941,ocds-dgv273-seacev3-1229941-2026-08-19T10:31:41.483953-05:00,1229941-20525159125,355000.0,PEN,Soles,2026-07-17T00:00:00-05:00
ocds-dgv273-seacev3-1240048,ocds-dgv273-seacev3-1240048-2026-08-19T10:31:39.022448-05:00,1240048-10085921776,80000.0,PEN,Soles,2026-08-10T00:00:00-05:00
ocds-dgv273-seacev3-1228876,ocds-dgv273-seacev3-1228876-2026-08-19T10:31:37.629411-05:00,1228876-20600771338,165960.0,PEN,Soles,2026-07-21T00:00:00-05:00
ocds-dgv273-seacev3-2026-1926-140,ocds-dgv273-seacev3-2026-1926-140-2026-08-19T10:31:37.106102-05:00,1227438-10422981620,41880.0,PEN,Soles,2026-07-16T00:00:00-05:00
ocds-dgv273-seacev3-1232431,ocds-dgv273-seacev3-1232431-2026-08-19T10:31:36.775928-05:00,1232431-1812317,124112.24,PEN,Soles,2026-07-15T00:00:00-05:00
ocds-dgv273-seacev3-1227941,ocds-dgv273-seacev3-1227941-2026-08-19T10:31:36.555430-05:00,1227941-20511037001,138000.0,PEN,Soles,2026-07-17T15:05:56-05:00
ocds-dgv273-seacev3-1228145,ocds-dgv273-seacev3-1228145-2026-08-19T10:31:36.412505-05:00,1228145-20525855032,1756368.6,PEN,Soles,2026-07-30T00:00:00-05:00
ocds-dgv273-seacev3-1241228,ocds-dgv273-seacev3-1241228-2026-08-19T10:31:27.509212-05:00,1241228-10438537801,30000.0,PEN,Soles,2026-08-13T00:00:00-05:00
ocds-dgv273-seacev3-1226115,ocds-dgv273-seacev3-1226115-2026-08-19T10:31:26.542445-05:00,1226115-20610416897,335000.0,PEN,Soles,2026-07-08T00:00:00-05:00
ocds-dgv273-seacev3-1230654,ocds-dgv273-seacev3-1230654-2026-08-19T10:31:26.448728-05:00,1230654-1809692,1989066.55,PEN,Soles,2026-07-10T00:00:00-05:00
ocds-dgv273-seacev3-1224743,ocds-dgv273-seacev3-1224743-2026-08-19T10:31:26.298945-05:00,1224743-1805621,682445.78,PEN,Soles,2026-07-03T00:00:00-05:00
ocds-dgv273-seacev3-1223358,ocds-dgv273-seacev3-1223358-2026-08-19T10:31:25.690229-05:00,1223358-20511037001,576433.0,PEN,Soles,2026-06-25T00:00:00-05:00
ocds-dgv273-seacev3-1229886,ocds-dgv273-seacev3-1229886-2026-08-19T10:31:25.563321-05:00,1229886-10250082113,60442.0,PEN,Soles,2026-07-21T00:00:00-05:00
ocds-dgv273-seacev3-1222275,ocds-dgv273-seacev3-1222275-2026-08-19T10:31:25.540302-05:00,1222275-20603373490,260000.0,PEN,Soles,2026-07-14T00:00:00-05:00
ocds-dgv273-seacev3-1229640,ocds-dgv273-seacev3-1229640-2026-08-19T10:31:25.525745-05:00,1229640-20212980774,17808.56,PEN,Soles,2026-08-05T00:00:00-05:00
ocds-dgv273-seacev3-1227661,ocds-dgv273-seacev3-1227661-2026-08-19T10:31:25.398602-05:00,1227661-20602078109,82000.0,PEN,Soles,2026-08-03T00:00:00-05:00
ocds-dgv273-seacev3-1226911,ocds-dgv273-seacev3-1226911-2026-08-19T10:31:25.323613-05:00,1226911-20505871775,14190000.0,PEN,Soles,2026-08-03T00:00:00-05:00
ocds-dgv273-seacev3-1224329,ocds-dgv273-seacev3-1224329-2026-08-19T10:31:25.220271-05:00,1224329-10412725765,189946.82,PEN,Soles,2026-07-08T00:00:00-05:00
ocds-dgv273-seacev3-1224919,ocds-dgv273-seacev3-1224919-2026-08-19T10:31:25.036770-05:00,1224919-1805591,306675.0,PEN,Soles,2026-08-07T00:00:00-05:00
ocds-dgv273-seacev3-1221279,ocds-dgv273-seacev3-1221279-2026-08-19T10:31:25.002530-05:00,1221279-1808028,1198449.81,PEN,Soles,2026-07-03T00:00:00-05:00
ocds-dgv273-seacev3-1225694,ocds-dgv273-seacev3-1225694-2026-08-19T10:31:24.965995-05:00,1225694-20610931821,1711000.0,PEN,Soles,2026-08-03T00:00:00-05:00
ocds-dgv273-seacev3-1228386,ocds-dgv273-seacev3-1228386-2026-08-19T10:31:24.917556-05:00,1228386-20349784841,46489.05,PEN,Soles,2026-08-11T00:00:00-05:00
ocds-dgv273-seacev3-1225341,ocds-dgv273-seacev3-1225341-2026-08-19T10:31:24.903106-05:00,1225341-20610599347,125903.0,PEN,Soles,2026-07-08T00:00:00-05:00
ocds-dgv273-seacev3-1226268,ocds-dgv273-seacev3-1226268-2026-08-19T10:31:24.826924-05:00,1226268-1809091,101000.0,PEN,Soles,2026-07-13T00:00:00-05:00
ocds-dgv273-seacev3-1226973,ocds-dgv273-seacev3-1226973-2026-08-19T10:31:24.761368-05:00,1226973-20511037001,60800.0,PEN,Soles,2026-07-22T00:00:00-05:00
ocds-dgv273-seacev3-1223544,ocds-dgv273-seacev3-1223544-2026-08-19T10:31:24.631322-05:00,1223544-1802048,103000.0,PEN,Soles,2026-06-15T00:00:00-05:00
ocds-dgv273-seacev3-1225113,ocds-dgv273-seacev3-1225113-2026-08-19T10:31:24.593729-05:00,1225113-20601782163,1230000.0,PEN,Soles,2026-07-16T00:00:00-05:00
ocds-dgv273-seacev3-1219548,ocds-dgv273-seacev3-1219548-2026-08-19T10:31:24.461743-05:00,1219548-1803124,527329.82,PEN,Soles,2026-06-22T00:00:00-05:00
ocds-dgv273-seacev3-1225879,ocds-dgv273-seacev3-1225879-2026-08-19T10:31:24.395658-05:00,1225879-20449386346,162360.0,PEN,Soles,2026-08-03T00:00:00-05:00
ocds-dgv273-seacev3-1223671,ocds-dgv273-seacev3-1223671-2026-08-19T10:31:24.379107-05:00,1223671-1809820,149890.46,PEN,Soles,2026-07-14T00:00:00-05:00
ocds-dgv273-seacev3-1224662,ocds-dgv273-seacev3-1224662-2026-08-19T10:31:24.324684-05:00,1224662-10282707069,15752655.36,PEN,Soles,2026-07-24T00:00:00-05:00
ocds-dgv273-seacev3-1221639,ocds-dgv273-seacev3-1221639-2026-08-19T10:31:24.116321-05:00,1221639-20452235316,205000.0,PEN,Soles,2026-07-09T00:00:00-05:00
ocds-dgv273-seacev3-1226363,ocds-dgv273-seacev3-1226363-2026-08-19T10:31:24.093205-05:00,1226363-10407718483,266668.73,PEN,Soles,2026-07-10T00:00:00-05:00
ocds-dgv273-seacev3-1226044,ocds-dgv273-seacev3-1226044-2026-08-19T10:31:24.029154-05:00,1226044-20490028316,219950.0,PEN,Soles,2026-07-13T00:00:00-05:00
ocds-dgv273-seacev3-1221820,ocds-dgv273-seacev3-1221820-2026-08-19T10:31:15.593475-05:00,1221820-1801426,116230.71,PEN,Soles,2026-06-22T00:00:00-05:00
ocds-dgv273-seacev3-1226380,ocds-dgv273-seacev3-1226380-2026-08-19T10:31:15.436896-05:00,1226380-20552504641,107843.0,PEN,Soles,2026-07-24T00:00:00-05:00
ocds-dgv273-seacev3-1229055,ocds-dgv273-seacev3-1229055-2026-08-19T10:31:15.185174-05:00,1229055-20607728471,70000.0,PEN,Soles,2026-07-20T00:00:00-05:00
ocds-dgv273-seacev3-1223006,ocds-dgv273-seacev3-1223006-2026-08-19T10:31:14.785295-05:00,1223006-20604178704,1588420.5,PEN,Soles,2026-06-19T00:00:00-05:00
ocds-dgv273-seacev3-2026-200195-13,ocds-dgv273-seacev3-2026-200195-13-2026-08-19T10:31:14.607883-05:00,1222786-1811119,730620.0,PEN,Soles,2026-08-03T00:00:00-05:00
ocds-dgv273-seacev3-1226864,ocds-dgv273-seacev3-1226864-2026-08-19T10:31:14.562512-05:00,1226864-20604487090,98458.44,PEN,Soles,2026-07-16T00:00:00-05:00
ocds-dgv273-seacev3-1224389,ocds-dgv273-seacev3-1224389-2026-08-19T10:31:14.523363-05:00,1224389-10411518324,150000.0,PEN,Soles,2026-06-16T00:00:00-05:00
ocds-dgv273-seacev3-2026-1324-7,ocds-dgv273-seacev3-2026-1324-7-2026-08-19T10:31:14.446552-05:00,1227982-20608215949,1329188.0,PEN,Soles,2026-07-13T00:00:00-05:00
ocds-dgv273-seacev3-2026-32-17,ocds-dgv273-seacev3-2026-32-17-2026-08-19T10:31:14.213052-05:00,1225346-20601446741,111999.0,PEN,Soles,2026-06-25T00:00:00-05:00
ocds-dgv273-seacev3-2026-32-17,ocds-dgv273-seacev3-2026-32-17-2026-08-19T10:31:14.213052-05:00,1225346-20609817250,124222.0,PEN,Soles,2026-08-03T00:00:00-05:00
ocds-dgv273-seacev3-1221756,ocds-dgv273-seacev3-1221756-2026-08-19T10:31:14.019888-05:00,1221756-10402370799,198000.0,PEN,Soles,2026-07-13T00:00:00-05:00
ocds-dgv273-seacev3-2026-2379-25,ocds-dgv273-seacev3-2026-2379-25-2026-08-19T10:31:03.563419-05:00,1227344-1816939,180620.24,PEN,Soles,2026-08-07T00:00:00-05:00
ocds-dgv273-seacev3-1228874,ocds-dgv273-seacev3-1228874-2026-08-19T10:31:03.540256-05:00,1228874-10413291459,99453.33,PEN,Soles,2026-07-10T00:00:00-05:00
ocds-dgv273-seacev3-1229576,ocds-dgv273-seacev3-1229576-2026-08-19T10:31:03.345829-05:00,1229576-1813219,1499177.98,PEN,Soles,2026-07-21T00:00:00-05:00
ocds-dgv273-seacev3-1228420,ocds-dgv273-seacev3-1228420-2026-08-19T10:31:02.953489-05:00,1228420-20546970826,111271.05,PEN,Soles,2026-07-10T00:00:00-05:00
ocds-dgv273-seacev3-1228700,ocds-dgv273-seacev3-1228700-2026-08-19T10:31:02.868179-05:00,1228700-1809624,418824.37,PEN,Soles,2026-07-10T00:00:00-05:00
ocds-dgv273-seacev3-1224166,ocds-dgv273-seacev3-1224166-2026-08-19T10:31:02.479274-05:00,1224166-20454568207,547458.34,PEN,Soles,2026-08-14T00:00:00-05:00
ocds-dgv273-seacev3-1223399,ocds-dgv273-seacev3-1223399-2026-08-19T10:31:02.336740-05:00,1223399-20452580927,349900.0,PEN,Soles,2026-07-20T00:00:00-05:00
ocds-dgv273-seacev3-1224556,ocds-dgv273-seacev3-1224556-2026-08-19T10:31:02.214985-05:00,1224556-10414102641,86120.0,PEN,Soles,2026-07-21T00:00:00-05:00
ocds-dgv273-seacev3-1217421,ocds-dgv273-seacev3-1217421-2026-08-19T10:31:02.201181-05:00,1217421-20608086740,156000.0,PEN,Soles,2026-08-07T00:00:00-05:00
ocds-dgv273-seacev3-1224635,ocds-dgv273-seacev3-1224635-2026-08-19T10:31:02.146471-05:00,1224635-20611069759,700000.0,PEN,Soles,2026-06-26T00:00:00-05:00
ocds-dgv273-seacev3-1225382,ocds-dgv273-seacev3-1225382-2026-08-19T10:30:54.604733-05:00,1225382-20600010701,154402.41,PEN,Soles,2026-08-05T00:00:00-05:00
ocds-dgv273-seacev3-1221306,ocds-dgv273-seacev3-1221306-2026-08-19T10:30:52.962088-05:00,1221306-20552933339,222000.0,PEN,Soles,2026-07-13T00:00:00-05:00
ocds-dgv273-seacev3-1228762,ocds-dgv273-seacev3-1228762-2026-08-19T10:30:52.849822-05:00,1228762-20492677206,44500.0,PEN,Soles,2026-07-07T00:00:00-05:00
ocds-dgv273-seacev3-1228762,ocds-dgv273-seacev3-1228762-2026-08-19T10:30:52.849822-05:00,1228762-20603365403,44820.0,PEN,Soles,2026-07-31T00:00:00-05:00
ocds-dgv273-seacev3-1228130,ocds-dgv273-seacev3-1228130-2026-08-19T10:30:52.791253-05:00,1228130-1809241,79500.0,PEN,Soles,2026-07-14T00:00:00-05:00
ocds-dgv273-seacev3-1221086,ocds-dgv273-seacev3-1221086-2026-08-19T10:30:52.573552-05:00,1221086-1801145,930686.09,PEN,Soles,2026-06-15T00:00:00-05:00
ocds-dgv273-seacev3-1221836,ocds-dgv273-seacev3-1221836-2026-08-19T10:30:52.213658-05:00,1221836-1805015,887187.94,PEN,Soles,2026-07-20T00:00:00-05:00
ocds-dgv273-seacev3-1229375,ocds-dgv273-seacev3-1229375-2026-08-19T10:30:52.182750-05:00,1229375-20607684422,180000.0,PEN,Soles,2026-07-24T00:00:00-05:00
ocds-dgv273-seacev3-1221250,ocds-dgv273-seacev3-1221250-2026-08-19T10:30:51.921763-05:00,1221250-20608979175,320454.0,PEN,Soles,2026-07-03T00:00:00-05:00
ocds-dgv273-seacev3-1226208,ocds-dgv273-seacev3-1226208-2026-08-19T10:30:51.889059-05:00,1226208-20604625883,167400.0,PEN,Soles,2026-07-21T00:00:00-05:00
ocds-dgv273-seacev3-1224545,ocds-dgv273-seacev3-1224545-2026-08-19T10:30:51.870912-05:00,1224545-1807672,134500.0,PEN,Soles,2026-07-16T00:00:00-05:00
ocds-dgv273-seacev3-1239933,ocds-dgv273-seacev3-1239933-2026-08-19T10:30:51.771981-05:00,1239933-20467534026,312175.8,PEN,Soles,2026-08-14T00:00:00-05:00
ocds-dgv273-seacev3-2026-42-12,ocds-dgv273-seacev3-2026-42-12-2026-08-19T10:30:51.581818-05:00,1228370-1817659,7345301.51,PEN,Soles,2026-08-17T00:00:00-05:00
ocds-dgv273-seacev3-1229017,ocds-dgv273-seacev3-1229017-2026-08-19T10:30:44.686741-05:00,1229017-20603282681,357289.32,PEN,Soles,2026-07-15T00:00:00-05:00
ocds-dgv273-seacev3-1222606,ocds-dgv273-seacev3-1222606-2026-08-19T10:30:40.313185-05:00,1222606-1810894,423728.81,PEN,Soles,2026-07-16T00:00:00-05:00
ocds-dgv273-seacev3-1226817,ocds-dgv273-seacev3-1226817-2026-08-19T10:30:40.004992-05:00,1226817-1811473,700616.35,PEN,Soles,2026-07-16T00:00:00-05:00
ocds-dgv273-seacev3-1229602,ocds-dgv273-seacev3-1229602-2026-08-19T10:30:39.896784-05:00,1229602-20556510190,73500.0,PEN,Soles,2026-08-04T00:00:00-05:00
ocds-dgv273-seacev3-1229646,ocds-dgv273-seacev3-1229646-2026-08-19T10:30:39.676923-05:00,1229646-20511037001,52324.58,PEN,Soles,2026-07-17T00:00:00-05:00
ocds-dgv273-seacev3-1215692,ocds-dgv273-seacev3-1215692-2026-08-19T10:30:39.654011-05:00,1215692-20614654687,977742.51,PEN,Soles,2026-06-30T00:00:00-05:00
ocds-dgv273-seacev3-1226909,ocds-dgv273-seacev3-1226909-2026-08-19T10:30:39.605361-05:00,1226909-1808111,129422.4,PEN,Soles,2026-07-10T00:00:00-05:00
ocds-dgv273-seacev3-1226790,ocds-dgv273-seacev3-1226790-2026-08-19T10:30:39.589174-05:00,1226790-1814555,1050000.0,PEN,Soles,2026-07-30T00:00:00-05:00
ocds-dgv273-seacev3-1223088,ocds-dgv273-seacev3-1223088-2026-08-19T10:30:39.538912-05:00,1223088-20111864595,11295.26,USD,Dólar Norteamericano,2026-08-10T00:00:00-05:00
ocds-dgv273-seacev3-1224436,ocds-dgv273-seacev3-1224436-2026-08-19T10:30:39.308469-05:00,1224436-1804872,100854.6,PEN,Soles,2026-07-06T00:00:00-05:00
ocds-dgv273-seacev3-1223963,ocds-dgv273-seacev3-1223963-2026-08-19T10:30:39.294344-05:00,1223963-1801646,723267.49,PEN,Soles,2026-06-12T00:00:00-05:00
ocds-dgv273-seacev3-1226986,ocds-dgv273-seacev3-1226986-2026-08-19T10:30:39.159481-05:00,1226986-20615367274,62478.32,PEN,Soles,2026-07-01T00:00:00-05:00
ocds-dgv273-seacev3-1226986,ocds-dgv273-seacev3-1226986-2026-08-19T10:30:39.159481-05:00,1226986-20614037378,62519.0,PEN,Soles,2026-07-01T00:00:00-05:00
ocds-dgv273-seacev3-1225311,ocds-dgv273-seacev3-1225311-2026-08-19T10:30:38.953152-05:00,1225311-20605921192,92000.0,PEN,Soles,2026-07-03T00:00:00-05:00
ocds-dgv273-seacev3-1227660,ocds-dgv273-seacev3-1227660-2026-08-18T10:20:45.751650-05:00,1227660-20601858879,122200.0,PEN,Soles,2026-07-09T00:00:00-05:00
ocds-dgv273-seacev3-1228981,ocds-dgv273-seacev3-1228981-2026-08-18T10:20:41.855941-05:00,1228981-20338570041,64192.0,PEN,Soles,2026-07-17T00:00:00-05:00
ocds-dgv273-seacev3-1227564,ocds-dgv273-seacev3-1227564-2026-08-17T10:04:10.493556-05:00,1227564-20100111838,436929.81,PEN,Soles,2026-07-06T00:00:00-05:00
ocds-dgv273-seacev3-1225365,ocds-dgv273-seacev3-1225365-2026-08-17T10:04:04.306383-05:00,1225365-1806232,128520.0,PEN,Soles,2026-07-01T00:00:00-05:00
ocds-dgv273-seacev3-1240785,ocds-dgv273-seacev3-1240785-2026-08-16T10:08:17.971849-05:00,1240785-10096567931,24000.0,PEN,Soles,2026-08-13T00:00:00-05:00
ocds-dgv273-seacev3-1229744,ocds-dgv273-seacev3-1229744-2026-08-16T10:08:15.614066-05:00,1229744-20254356051,86376.0,PEN,Soles,2026-07-20T00:00:00-05:00
ocds-dgv273-seacev3-1229719,ocds-dgv273-seacev3-1229719-2026-08-16T10:08:15.596132-05:00,1229719-10406675233,241286.05,PEN,Soles,2026-07-24T00:00:00-05:00
ocds-dgv273-seacev3-2026-1807-17,ocds-dgv273-seacev3-2026-1807-17-2026-08-16T10:08:15.531316-05:00,1229086-1811157,407870.35,PEN,Soles,2026-07-13T00:00:00-05:00
ocds-dgv273-seacev3-1228387,ocds-dgv273-seacev3-1228387-2026-08-16T10:08:15.476898-05:00,1228387-1810935,626084.94,PEN,Soles,2026-07-14T00:00:00-05:00
ocds-dgv273-seacev3-1226717,ocds-dgv273-seacev3-1226717-2026-08-16T10:08:15.440688-05:00,1226717-20515802658,128880.93,PEN,Soles,2026-07-06T00:00:00-05:00
ocds-dgv273-seacev3-1226465,ocds-dgv273-seacev3-1226465-2026-08-16T10:08:15.392955-05:00,1226465-1807602,384500.0,PEN,Soles,2026-07-02T00:00:00-05:00
ocds-dgv273-seacev3-1226262,ocds-dgv273-seacev3-1226262-2026-08-16T10:08:15.376874-05:00,1226262-10739591258,127800.0,PEN,Soles,2026-07-20T00:00:00-05:00
ocds-dgv273-seacev3-1226127,ocds-dgv273-seacev3-1226127-2026-08-16T10:08:15.347374-05:00,1226127-1809441,1741698.08,PEN,Soles,2026-07-16T00:00:00-05:00
ocds-dgv273-seacev3-2026-1937-7,ocds-dgv273-seacev3-2026-1937-7-2026-08-16T10:08:15.270258-05:00,1224909-20605994530,82689.2,PEN,Soles,2026-07-24T00:00:00-05:00
ocds-dgv273-seacev3-1224214,ocds-dgv273-seacev3-1224214-2026-08-16T10:08:15.230454-05:00,1224214-1804274,116784.0,PEN,Soles,2026-06-30T00:00:00-05:00
ocds-dgv273-seacev3-2026-2380-21,ocds-dgv273-seacev3-2026-2380-21-2026-08-16T10:08:15.191502-05:00,1223696-20100295891,2628000.0,PEN,Soles,2026-08-14T00:00:00-05:00
ocds-dgv273-seacev3-1221455,ocds-dgv273-seacev3-1221455-2026-08-16T10:08:15.157203-05:00,1221455-20568752393,354817.39,PEN,Soles,2026-06-16T00:00:00-05:00
ocds-dgv273-seacev3-1229382,ocds-dgv273-seacev3-1229382-2026-08-16T10:08:13.897319-05:00,1229382-20506813191,1216332.0,PEN,Soles,2026-07-14T00:00:00-05:00
ocds-dgv273-seacev3-1229203,ocds-dgv273-seacev3-1229203-2026-08-16T10:08:11.404022-05:00,1229203-20503464129,111990.0,PEN,Soles,2026-07-03T00:00:00-05:00
ocds-dgv273-seacev3-2026-2543-519,ocds-dgv273-seacev3-2026-2543-519-2026-08-16T10:08:09.261009-05:00,1227642-20231627171,149000.0,PEN,Soles,2026-07-09T00:00:00-05:00
ocds-dgv273-seacev3-2026-2373-42,ocds-dgv273-seacev3-2026-2373-42-2026-08-16T10:08:09.073852-05:00,1224194-20543225933,54000.0,PEN,Soles,2026-07-15T00:00:00-05:00
ocds-dgv273-seacev3-1220925,ocds-dgv273-seacev3-1220925-2026-08-16T10:08:09.007547-05:00,1220925-1805845,333576.35,PEN,Nuevos Soles,2026-07-09T00:00:00-05:00
ocds-dgv273-seacev3-1224333,ocds-dgv273-seacev3-1224333-2026-08-16T10:08:08.774915-05:00,1224333-1803972,350000.0,PEN,Soles,2026-06-22T00:00:00-05:00
ocds-dgv273-seacev3-1223733,ocds-dgv273-seacev3-1223733-2026-08-16T10:08:08.735729-05:00,1223733-1810642,350998.2,PEN,Soles,2026-07-14T00:00:00-05:00
ocds-dgv273-seacev3-1222122,ocds-dgv273-seacev3-1222122-2026-08-16T10:08:08.715037-05:00,1222122-20574646589,75000.0,PEN,Soles,2026-06-12T00:00:00-05:00
ocds-dgv273-seacev3-1241280,ocds-dgv273-seacev3-1241280-2026-08-16T10:08:04.854184-05:00,1241280-20492631800,1655.14,PEN,Soles,2026-08-14T00:00:00-05:00
ocds-dgv273-seacev3-1233185,ocds-dgv273-seacev3-1233185-2026-08-16T10:08:03.304521-05:00,1233185-10181337341,344961.18,PEN,Soles,2026-07-21T00:00:00-05:00
ocds-dgv273-seacev3-1236228,ocds-dgv273-seacev3-1236228-2026-08-16T10:08:02.826202-05:00,1236228-20529425351,40992.0,PEN,Soles,2026-07-22T00:00:00-05:00
ocds-dgv273-seacev3-1241143,ocds-dgv273-seacev3-1241143-2026-08-16T10:08:01.692742-05:00,1241143-10067816612,22750.0,PEN,Soles,2026-08-13T00:00:00-05:00
ocds-dgv273-seacev3-1228570,ocds-dgv273-seacev3-1228570-2026-08-16T10:08:01.437227-05:00,1228570-20531068549,175321.51,PEN,Soles,2026-07-01T00:00:00-05:00
ocds-dgv273-seacev3-1228780,ocds-dgv273-seacev3-1228780-2026-08-16T10:08:01.321603-05:00,1228780-1811551,1087917.65,PEN,Soles,2026-07-14T00:00:00-05:00
ocds-dgv273-seacev3-2026-1921-34,ocds-dgv273-seacev3-2026-1921-34-2026-08-16T10:08:00.646130-05:00,1221638-1809390,1810013.4,PEN,Soles,2026-07-31T00:00:00-05:00
ocds-dgv273-seacev3-1228637,ocds-dgv273-seacev3-1228637-2026-08-16T10:08:00.591261-05:00,1228637-10700072351,49998.0,PEN,Soles,2026-07-08T00:00:00-05:00
ocds-dgv273-seacev3-1227592,ocds-dgv273-seacev3-1227592-2026-08-16T10:08:00.276514-05:00,1227592-20601642183,139128.0,PEN,Soles,2026-07-10T10:00:45-05:00
ocds-dgv273-seacev3-1225867,ocds-dgv273-seacev3-1225867-2026-08-16T10:08:00.235770-05:00,1225867-20603724519,87800.0,PEN,Soles,2026-07-09T00:00:00-05:00
ocds-dgv273-seacev3-1223760,ocds-dgv273-seacev3-1223760-2026-08-16T10:08:00.195003-05:00,1223760-1811335,513489.24,PEN,Soles,2026-07-15T00:00:00-05:00
ocds-dgv273-seacev3-1224943,ocds-dgv273-seacev3-1224943-2026-08-16T10:08:00.171411-05:00,1224943-20100018625,63000.0,PEN,Soles,2026-07-01T00:00:00-05:00
ocds-dgv273-seacev3-1224943,ocds-dgv273-seacev3-1224943-2026-08-16T10:08:00.171411-05:00,1224943-20606948507,49664.0,PEN,Soles,2026-07-01T00:00:00-05:00
ocds-dgv273-seacev3-1222130,ocds-dgv273-seacev3-1222130-2026-08-16T10:08:00.105989-05:00,1222130-20100061474,1811221.02,PEN,Soles,2026-07-21T00:00:00-05:00
ocds-dgv273-seacev3-1224223,ocds-dgv273-seacev3-1224223-2026-08-16T10:07:59.978276-05:00,1224223-1804238,152167.84,PEN,Nuevos Soles,2026-06-30T00:00:00-05:00
ocds-dgv273-seacev3-1223183,ocds-dgv273-seacev3-1223183-2026-08-16T10:07:59.879328-05:00,1223183-20566444586,90254.84,PEN,Soles,2026-06-30T00:00:00-05:00
ocds-dgv273-seacev3-1223183,ocds-dgv273-seacev3-1223183-2026-08-16T10:07:59.879328-05:00,1223183-20603282681,109269.0,PEN,Soles,2026-06-30T00:00:00-05:00
ocds-dgv273-seacev3-1223183,ocds-dgv273-seacev3-1223183-2026-08-16T10:07:59.879328-05:00,1223183-20610379363,60129.38,PEN,Soles,2026-06-30T00:00:00-05:00
ocds-dgv273-seacev3-1223767,ocds-dgv273-seacev3-1223767-2026-08-16T10:07:59.864749-05:00,1223767-20605819371,237375.0,PEN,Soles,2026-08-05T00:00:00-05:00
ocds-dgv273-seacev3-1223212,ocds-dgv273-seacev3-1223212-2026-08-16T10:07:59.656326-05:00,1223212-1806101,124761.4,PEN,Soles,2026-07-01T00:00:00-05:00
ocds-dgv273-seacev3-1222565,ocds-dgv273-seacev3-1222565-2026-08-16T10:07:59.513575-05:00,1222565-20604046450,74882.42,PEN,Soles,2026-07-13T00:00:00-05:00
ocds-dgv273-seacev3-1226252,ocds-dgv273-seacev3-1226252-2026-08-16T10:07:59.455329-05:00,1226252-20347268683,102000.0,PEN,Soles,2026-07-01T00:00:00-05:00
ocds-dgv273-seacev3-1222441,ocds-dgv273-seacev3-1222441-2026-08-16T10:07:59.402871-05:00,1222441-20544637747,413400.0,PEN,Soles,2026-07-03T00:00:00-05:00
ocds-dgv273-seacev3-1227965,ocds-dgv273-seacev3-1227965-2026-08-16T10:07:59.373591-05:00,1227965-20611540800,354964.6,PEN,Soles,2026-07-13T00:00:00-05:00
ocds-dgv273-seacev3-1226738,ocds-dgv273-seacev3-1226738-2026-08-16T10:07:59.345729-05:00,1226738-10106213823,135879.0,PEN,Soles,2026-07-09T00:00:00-05:00
ocds-dgv273-seacev3-1223985,ocds-dgv273-seacev3-1223985-2026-08-16T10:07:59.292915-05:00,1223985-10803866606,295000.0,PEN,Soles,2026-07-09T00:00:00-05:00
ocds-dgv273-seacev3-1225950,ocds-dgv273-seacev3-1225950-2026-08-16T10:07:59.280052-05:00,1225950-20605819371,222148.84,PEN,Soles,2026-08-05T00:00:00-05:00
ocds-dgv273-seacev3-1226926,ocds-dgv273-seacev3-1226926-2026-08-16T10:07:59.264045-05:00,1226926-20611006838,195000.0,PEN,Soles,2026-07-13T00:00:00-05:00
ocds-dgv273-seacev3-1221318,ocds-dgv273-seacev3-1221318-2026-08-16T10:07:59.215458-05:00,1221318-10722371254,109000.0,PEN,Soles,2026-06-10T00:00:00-05:00
ocds-dgv273-seacev3-1221318,ocds-dgv273-seacev3-1221318-2026-08-16T10:07:59.215458-05:00,1221318-20612575607,110000.0,PEN,Soles,2026-07-13T00:00:00-05:00
ocds-dgv273-seacev3-1226301,ocds-dgv273-seacev3-1226301-2026-08-16T10:07:59.086054-05:00,1226301-20612125806,800029.2,PEN,Soles,2026-07-22T00:00:00-05:00
ocds-dgv273-seacev3-1227869,ocds-dgv273-seacev3-1227869-2026-08-16T10:07:59.058528-05:00,1227869-20568731396,123000.0,PEN,Soles,2026-07-15T17:55:03-05:00
ocds-dgv273-seacev3-1222282,ocds-dgv273-seacev3-1222282-2026-08-16T10:07:58.977402-05:00,1222282-1803048,458548.0,PEN,Soles,2026-07-02T00:00:00-05:00
ocds-dgv273-seacev3-1227699,ocds-dgv273-seacev3-1227699-2026-08-16T10:07:58.895700-05:00,1227699-20600760611,178925.0,PEN,Soles,2026-07-10T00:00:00-05:00
ocds-dgv273-seacev3-1225786,ocds-dgv273-seacev3-1225786-2026-08-16T10:07:58.878741-05:00,1225786-1806487,87443.3,PEN,Soles,2026-07-24T00:00:00-05:00
ocds-dgv273-seacev3-1227882,ocds-dgv273-seacev3-1227882-2026-08-16T10:07:58.839494-05:00,1227882-20609332710,80600.0,PEN,Soles,2026-07-22T00:00:00-05:00
ocds-dgv273-seacev3-1229811,ocds-dgv273-seacev3-1229811-2026-08-16T10:07:54.589949-05:00,1229811-20564446701,83000.0,PEN,Soles,2026-07-06T00:00:00-05:00
ocds-dgv273-seacev3-1235264,ocds-dgv273-seacev3-1235264-2026-08-16T10:07:51.385262-05:00,1235264-20527571856,206000.0,PEN,Soles,2026-07-20T00:00:00-05:00
ocds-dgv273-seacev3-1227247,ocds-dgv273-seacev3-1227247-2026-08-16T10:07:50.174568-05:00,1227247-L0609015565,336950.0,USD,Dólar Norteamericano,2026-07-31T00:00:00-05:00
ocds-dgv273-seacev3-1225639,ocds-dgv273-seacev3-1225639-2026-08-16T10:07:49.961044-05:00,1225639-20477883312,305576.46,PEN,Soles,2026-08-13T00:00:00-05:00
ocds-dgv273-seacev3-1222155,ocds-dgv273-seacev3-1222155-2026-08-16T10:07:49.891339-05:00,1222155-20122177816,796791.37,PEN,Soles,2026-07-13T00:00:00-05:00
ocds-dgv273-seacev3-1225590,ocds-dgv273-seacev3-1225590-2026-08-16T10:07:49.657063-05:00,1225590-1805685,205000.0,PEN,Soles,2026-07-01T00:00:00-05:00
ocds-dgv273-seacev3-2026-1003003812-4,ocds-dgv273-seacev3-2026-1003003812-4-2026-08-16T10:07:49.416483-05:00,1221241-20565412257,282000.0,PEN,Soles,2026-06-19T00:00:00-05:00
ocds-dgv273-seacev3-2026-45-12,ocds-dgv273-seacev3-2026-45-12-2026-08-16T10:07:49.382744-05:00,1227947-20611006838,94500.0,PEN,Soles,2026-07-13T00:00:00-05:00
ocds-dgv273-seacev3-1227009,ocds-dgv273-seacev3-1227009-2026-08-16T10:07:49.215938-05:00,1227009-10093691364,82550.0,PEN,Soles,2026-07-31T00:00:00-05:00
ocds-dgv273-seacev3-1225482,ocds-dgv273-seacev3-1225482-2026-08-16T10:07:49.180242-05:00,1225482-20604700109,166140.0,PEN,Soles,2026-07-31T00:00:00-05:00
ocds-dgv273-seacev3-1226226,ocds-dgv273-seacev3-1226226-2026-08-16T10:07:49.137537-05:00,1226226-1817101,753378.89,PEN,Soles,2026-08-12T00:00:00-05:00
ocds-dgv273-seacev3-1226829,ocds-dgv273-seacev3-1226829-2026-08-16T10:07:49.107039-05:00,1226829-20100084172,207650.0,PEN,Soles,2026-07-10T00:00:00-05:00
ocds-dgv273-seacev3-2026-505-4,ocds-dgv273-seacev3-2026-505-4-2026-08-16T10:07:49.091866-05:00,1222917-1805171,696240.28,PEN,Soles,2026-07-09T00:00:00-05:00
ocds-dgv273-seacev3-1221432,ocds-dgv273-seacev3-1221432-2026-08-16T10:07:49.075701-05:00,1221432-20570757084,690474.8400000001,PEN,Soles,2026-07-08T00:00:00-05:00
ocds-dgv273-seacev3-1222701,ocds-dgv273-seacev3-1222701-2026-08-16T10:07:49.030391-05:00,1222701-20613294172,79999.0,PEN,Soles,2026-06-16T15:52:56-05:00
ocds-dgv273-seacev3-1222701,ocds-dgv273-seacev3-1222701-2026-08-16T10:07:49.030391-05:00,1222701-20607662305,90000.0,PEN,Soles,2026-07-17T00:00:00-05:00
ocds-dgv273-seacev3-1222496,ocds-dgv273-seacev3-1222496-2026-08-16T10:07:48.942738-05:00,1222496-20447677831,173625.0,PEN,Soles,2026-07-14T00:00:00-05:00
ocds-dgv273-seacev3-1221164,ocds-dgv273-seacev3-1221164-2026-08-16T10:07:48.928076-05:00,1221164-1800846,769230.75,PEN,Soles,2026-06-11T00:00:00-05:00
ocds-dgv273-seacev3-1223824,ocds-dgv273-seacev3-1223824-2026-08-16T10:07:48.880278-05:00,1223824-1804296,151940.0,PEN,Soles,2026-07-07T00:00:00-05:00
ocds-dgv273-seacev3-1226932,ocds-dgv273-seacev3-1226932-2026-08-16T10:07:48.863656-05:00,1226932-1807055,919042.48,PEN,Soles,2026-07-07T00:00:00-05:00
ocds-dgv273-seacev3-1228980,ocds-dgv273-seacev3-1228980-2026-08-16T10:07:44.885355-05:00,1228980-20610917594,77720.0,PEN,Soles,2026-07-31T00:00:00-05:00
ocds-dgv273-seacev3-1228820,ocds-dgv273-seacev3-1228820-2026-08-16T10:07:44.875946-05:00,1228820-20564091813,83160.0,PEN,Soles,2026-07-15T00:00:00-05:00
ocds-dgv273-seacev3-1240268,ocds-dgv273-seacev3-1240268-2026-08-16T10:07:42.761834-05:00,1240268-10468848665,24000.0,PEN,Nuevos Soles,2026-08-11T00:00:00-05:00
ocds-dgv273-seacev3-1210062,ocds-dgv273-seacev3-1210062-2026-08-16T10:07:42.256865-05:00,1210062-1819884,27129563.15,PEN,Soles,2026-08-14T00:00:00-05:00
ocds-dgv273-seacev3-1229554,ocds-dgv273-seacev3-1229554-2026-08-16T10:07:40.952103-05:00,1229554-20613452355,345000.0,PEN,Soles,2026-07-22T00:00:00-05:00
ocds-dgv273-seacev3-2026-2383-51,ocds-dgv273-seacev3-2026-2383-51-2026-08-16T10:07:40.877274-05:00,1228732-20546067531,160000.0,PEN,Soles,2026-07-22T00:00:00-05:00
ocds-dgv273-seacev3-1232751,ocds-dgv273-seacev3-1232751-2026-08-16T10:07:40.231572-05:00,1232751-1812451,787694.01,PEN,Soles,2026-07-21T00:00:00-05:00
ocds-dgv273-seacev3-1229889,ocds-dgv273-seacev3-1229889-2026-08-16T10:07:40.218210-05:00,1229889-10164387840,252000.0,PEN,Soles,2026-07-03T00:00:00-05:00
ocds-dgv273-seacev3-1224700,ocds-dgv273-seacev3-1224700-2026-08-16T10:07:39.957153-05:00,1224700-10424038917,136700.0,PEN,Soles,2026-07-01T00:00:00-05:00
ocds-dgv273-seacev3-1228696,ocds-dgv273-seacev3-1228696-2026-08-16T10:07:39.895052-05:00,1228696-20100162238,47500.0,PEN,Soles,2026-07-08T00:00:00-05:00
ocds-dgv273-seacev3-1226448,ocds-dgv273-seacev3-1226448-2026-08-16T10:07:39.880384-05:00,1226448-10464446465,476800.0,PEN,Soles,2026-07-02T00:00:00-05:00
ocds-dgv273-seacev3-1224477,ocds-dgv273-seacev3-1224477-2026-08-16T10:07:39.663529-05:00,1224477-20501887286,801240.0,PEN,Soles,2026-07-31T00:00:00-05:00
ocds-dgv273-seacev3-1221037,ocds-dgv273-seacev3-1221037-2026-08-16T10:07:39.587824-05:00,1221037-10403349513,55000.0,PEN,Soles,2026-07-22T00:00:00-05:00
ocds-dgv273-seacev3-2026-711-4,ocds-dgv273-seacev3-2026-711-4-2026-08-16T10:07:39.472924-05:00,1225249-1807935,2056130.01,PEN,Soles,2026-07-03T00:00:00-05:00
ocds-dgv273-seacev3-1222264,ocds-dgv273-seacev3-1222264-2026-08-16T10:07:39.436355-05:00,1222264-1802891,444860.0,PEN,Soles,2026-07-02T00:00:00-05:00
ocds-dgv273-seacev3-1223977,ocds-dgv273-seacev3-1223977-2026-08-16T10:07:39.410677-05:00,1223977-10450152841,160928.0,PEN,Soles,2026-06-24T18:34:10-05:00
ocds-dgv273-seacev3-1223977,ocds-dgv273-seacev3-1223977-2026-08-16T10:07:39.410677-05:00,1223977-20490676407,91540.0,PEN,Soles,2026-06-24T00:00:00-05:00
ocds-dgv273-seacev3-1223977,ocds-dgv273-seacev3-1223977-2026-08-16T10:07:39.410677-05:00,1223977-20606539844,79650.0,PEN,Soles,2026-06-24T00:00:00-05:00
ocds-dgv273-seacev3-1224260,ocds-dgv273-seacev3-1224260-2026-08-16T10:07:39.233758-05:00,1224260-20601832870,236998.0,PEN,Soles,2026-06-19T00:00:00-05:00
ocds-dgv273-seacev3-1224260,ocds-dgv273-seacev3-1224260-2026-08-16T10:07:39.233758-05:00,1224260-20600111150,237591.0,PEN,Soles,2026-07-14T00:00:00-05:00
ocds-dgv273-seacev3-1232524,ocds-dgv273-seacev3-1232524-2026-08-16T10:07:39.125499-05:00,1232524-20613736761,97923.39,PEN,Soles,2026-07-15T00:00:00-05:00
ocds-dgv273-seacev3-1228501,ocds-dgv273-seacev3-1228501-2026-08-16T10:07:39.089341-05:00,1228501-20571155649,74900.0,PEN,Soles,2026-07-13T00:00:00-05:00
ocds-dgv273-seacev3-1222203,ocds-dgv273-seacev3-1222203-2026-08-16T10:07:39.055810-05:00,1222203-10709872015,145141.0,PEN,Soles,2026-07-15T00:00:00-05:00
ocds-dgv273-seacev3-1229042,ocds-dgv273-seacev3-1229042-2026-08-16T10:07:38.937953-05:00,1229042-20613554247,90000.0,PEN,Soles,2026-07-10T00:00:00-05:00
ocds-dgv273-seacev3-1224347,ocds-dgv273-seacev3-1224347-2026-08-16T10:07:38.889101-05:00,1224347-10400026934,144000.0,PEN,Nuevos Soles,2026-06-17T00:00:00-05:00
ocds-dgv273-seacev3-1222640,ocds-dgv273-seacev3-1222640-2026-08-16T10:07:38.860920-05:00,1222640-20555387785,849633.28,PEN,Soles,2026-06-26T00:00:00-05:00
ocds-dgv273-seacev3-1222260,ocds-dgv273-seacev3-1222260-2026-08-16T10:07:38.731232-05:00,1222260-20611336285,444860.0,PEN,Soles,2026-07-02T00:00:00-05:00
ocds-dgv273-seacev3-1227285,ocds-dgv273-seacev3-1227285-2026-08-16T10:07:38.583239-05:00,1227285-10291684900,223200.0,PEN,Soles,2026-07-13T00:00:00-05:00
ocds-dgv273-seacev3-1226013,ocds-dgv273-seacev3-1226013-2026-08-16T10:07:38.523699-05:00,1226013-1804648,5680311.19,PEN,Soles,2026-07-02T00:00:00-05:00
ocds-dgv273-seacev3-2026-10527-5,ocds-dgv273-seacev3-2026-10527-5-2026-08-16T10:07:38.355423-05:00,1222471-20507634479,626398.6,PEN,Soles,2026-07-09T00:00:00-05:00
ocds-dgv273-seacev3-1229209,ocds-dgv273-seacev3-1229209-2026-08-15T10:17:52.896626-05:00,1229209-1819231,684672.51,PEN,Soles,2026-08-12T00:00:00-05:00
ocds-dgv273-seacev3-1228068,ocds-dgv273-seacev3-1228068-2026-08-15T10:17:49.637372-05:00,1228068-1810068,67826.36,PEN,Soles,2026-07-14T00:00:00-05:00
ocds-dgv273-seacev3-2026-435-2,ocds-dgv273-seacev3-2026-435-2-2026-08-15T10:17:49.599506-05:00,1226862-1807561,715005.51,PEN,Soles,2026-07-08T00:00:00-05:00
ocds-dgv273-seacev3-1229890,ocds-dgv273-seacev3-1229890-2026-08-15T10:17:49.126049-05:00,1229890-20538736695,225000.0,PEN,Soles,2026-07-24T00:00:00-05:00
ocds-dgv273-seacev3-1228477,ocds-dgv273-seacev3-1228477-2026-08-15T10:17:49.109959-05:00,1228477-20608480278,70375.0,PEN,Soles,2026-07-16T00:00:00-05:00
ocds-dgv273-seacev3-1226914,ocds-dgv273-seacev3-1226914-2026-08-15T10:17:49.040398-05:00,1226914-1808784,1971114.78,PEN,Soles,2026-07-10T00:00:00-05:00
ocds-dgv273-seacev3-2026-42-9,ocds-dgv273-seacev3-2026-42-9-2026-08-15T10:17:48.838458-05:00,1228340-20600601467,455201.45,PEN,Soles,2026-07-22T00:00:00-05:00
ocds-dgv273-seacev3-1222832,ocds-dgv273-seacev3-1222832-2026-08-15T10:17:47.974990-05:00,1222832-1804520,3372225.02,PEN,Soles,2026-06-30T00:00:00-05:00
ocds-dgv273-seacev3-1223373,ocds-dgv273-seacev3-1223373-2026-08-15T10:17:47.928531-05:00,1223373-20612216747,69216.0,PEN,Soles,2026-06-25T00:00:00-05:00
ocds-dgv273-seacev3-2026-1995-17,ocds-dgv273-seacev3-2026-1995-17-2026-08-15T10:17:47.870086-05:00,1226633-20612701904,179000.0,PEN,Soles,2026-07-13T00:00:00-05:00
ocds-dgv273-seacev3-1239308,ocds-dgv273-seacev3-1239308-2026-08-15T10:17:43.060806-05:00,1239308-20601113083,64952.68,PEN,Soles,2026-08-05T00:00:00-05:00
ocds-dgv273-seacev3-1223196,ocds-dgv273-seacev3-1223196-2026-08-15T10:17:39.620887-05:00,1223196-1802893,33150.0,PEN,Soles,2026-06-30T00:00:00-05:00
ocds-dgv273-seacev3-1222688,ocds-dgv273-seacev3-1222688-2026-08-15T10:17:39.343475-05:00,1222688-1807932,3421726.88,PEN,Soles,2026-07-09T00:00:00-05:00
ocds-dgv273-seacev3-1222633,ocds-dgv273-seacev3-1222633-2026-08-15T10:17:39.076151-05:00,1222633-1803916,1047154.35,PEN,Soles,2026-06-24T00:00:00-05:00
ocds-dgv273-seacev3-1226834,ocds-dgv273-seacev3-1226834-2026-08-15T10:17:38.684944-05:00,1226834-20100061474,200000.0,PEN,Soles,2026-07-15T00:00:00-05:00
ocds-dgv273-seacev3-1226250,ocds-dgv273-seacev3-1226250-2026-08-15T10:17:38.550341-05:00,1226250-10103726862,36000.0,PEN,Nuevos Soles,2026-06-17T00:00:00-05:00
ocds-dgv273-seacev3-2026-1841-7,ocds-dgv273-seacev3-2026-1841-7-2026-08-15T10:17:38.528060-05:00,1227323-20609186985,84017.18,PEN,Soles,2026-07-17T00:00:00-05:00
ocds-dgv273-seacev3-1227129,ocds-dgv273-seacev3-1227129-2026-08-15T10:17:38.434117-05:00,1227129-20514535222,960000.0,PEN,Soles,2026-07-30T00:00:00-05:00
ocds-dgv273-seacev3-1223931,ocds-dgv273-seacev3-1223931-2026-08-15T10:17:38.293653-05:00,1223931-20100096936,758560.0,PEN,Soles,2026-07-22T00:00:00-05:00
ocds-dgv273-seacev3-1228107,ocds-dgv273-seacev3-1228107-2026-08-15T10:17:33.616956-05:00,1228107-10800878191,86424.0,PEN,Soles,2026-07-14T00:00:00-05:00
ocds-dgv273-seacev3-2026-6-85,ocds-dgv273-seacev3-2026-6-85-2026-08-15T10:17:30.883523-05:00,1227218-20601476291,455779.27,PEN,Soles,2026-07-10T00:00:00-05:00
ocds-dgv273-seacev3-1225094,ocds-dgv273-seacev3-1225094-2026-08-15T10:17:29.358003-05:00,1225094-1807928,160826.6,PEN,Soles,2026-07-07T00:00:00-05:00
ocds-dgv273-seacev3-1225594,ocds-dgv273-seacev3-1225594-2026-08-15T10:17:28.305081-05:00,1225594-20448771475,2025278.55,PEN,Soles,2026-06-30T00:00:00-05:00
ocds-dgv273-seacev3-2026-2383-127,ocds-dgv273-seacev3-2026-2383-127-2026-08-15T10:17:28.236568-05:00,1222407-20600234596,185500.0,PEN,Soles,2026-07-07T00:00:00-05:00
ocds-dgv273-seacev3-1228533,ocds-dgv273-seacev3-1228533-2026-08-15T10:17:28.167875-05:00,1228533-1808939,1616074.59,PEN,Soles,2026-07-09T00:00:00-05:00
ocds-dgv273-seacev3-1225312,ocds-dgv273-seacev3-1225312-2026-08-15T10:17:28.088696-05:00,1225312-20501887286,113925.7,PEN,Soles,2026-07-16T00:00:00-05:00
ocds-dgv273-seacev3-1227362,ocds-dgv273-seacev3-1227362-2026-08-15T10:17:28.003168-05:00,1227362-20608814770,137250.0,PEN,Soles,2026-07-09T00:00:00-05:00
ocds-dgv273-seacev3-1222482,ocds-dgv273-seacev3-1222482-2026-08-15T10:17:27.993897-05:00,1222482-10086869514,46473.24,PEN,Soles,2026-06-30T00:00:00-05:00
ocds-dgv273-seacev3-1227173,ocds-dgv273-seacev3-1227173-2026-08-15T10:17:27.951097-05:00,1227173-10805651933,71520.0,PEN,Soles,2026-07-17T00:00:00-05:00
ocds-dgv273-seacev3-1226457,ocds-dgv273-seacev3-1226457-2026-08-15T10:17:27.929009-05:00,1226457-20529380586,363841.45,PEN,Soles,2026-07-02T00:00:00-05:00
ocds-dgv273-seacev3-2026-32-32,ocds-dgv273-seacev3-2026-32-32-2026-08-15T10:17:27.836640-05:00,1223568-20607095567,129000.0,PEN,Soles,2026-06-23T00:00:00-05:00
ocds-dgv273-seacev3-1223265,ocds-dgv273-seacev3-1223265-2026-08-15T10:17:27.637946-05:00,1223265-20526312628,219775.0,PEN,Soles,2026-06-25T00:00:00-05:00
ocds-dgv273-seacev3-1227416,ocds-dgv273-seacev3-1227416-2026-08-15T10:17:27.477949-05:00,1227416-20604079030,155000.0,PEN,Nuevos Soles,2026-07-16T00:00:00-05:00
ocds-dgv273-seacev3-1228821,ocds-dgv273-seacev3-1228821-2026-08-15T10:17:22.202813-05:00,1228821-20172606777,66300.0,PEN,Soles,2026-07-14T00:00:00-05:00
ocds-dgv273-seacev3-1226116,ocds-dgv273-seacev3-1226116-2026-08-15T10:17:17.805862-05:00,1226116-20602011055,215000.0,PEN,Soles,2026-07-20T00:00:00-05:00
ocds-dgv273-seacev3-1224835,ocds-dgv273-seacev3-1224835-2026-08-15T10:17:17.441576-05:00,1224835-20608557190,190608.0,PEN,Soles,2026-07-09T16:47:47-05:00
ocds-dgv273-seacev3-1223582,ocds-dgv273-seacev3-1223582-2026-08-15T10:17:17.373582-05:00,1223582-20203348780,203694.2,PEN,Soles,2026-07-07T00:00:00-05:00
ocds-dgv273-seacev3-1230729,ocds-dgv273-seacev3-1230729-2026-08-15T10:17:16.876774-05:00,1230729-1810309,490000.0,PEN,Soles,2026-07-16T00:00:00-05:00
ocds-dgv273-seacev3-1227731,ocds-dgv273-seacev3-1227731-2026-08-15T10:17:16.799827-05:00,1227731-10611268675,94606.5,PEN,Soles,2026-07-08T00:00:00-05:00
ocds-dgv273-seacev3-1228579,ocds-dgv273-seacev3-1228579-2026-08-15T10:17:16.548866-05:00,1228579-20610726331,72314.27,PEN,Soles,2026-06-26T00:00:00-05:00
ocds-dgv273-seacev3-1229285,ocds-dgv273-seacev3-1229285-2026-08-15T10:17:11.685159-05:00,1229285-1811717,100000.0,PEN,Soles,2026-07-16T00:00:00-05:00
ocds-dgv273-seacev3-1229114,ocds-dgv273-seacev3-1229114-2026-08-15T10:17:10.685268-05:00,1229114-20507634479,276648.37,PEN,Soles,2026-07-15T00:00:00-05:00
ocds-dgv273-seacev3-1229927,ocds-dgv273-seacev3-1229927-2026-08-15T10:17:06.677412-05:00,1229927-20511037001,76996.92,PEN,Soles,2026-07-14T00:00:00-05:00
ocds-dgv273-seacev3-1224379,ocds-dgv273-seacev3-1224379-2026-08-15T10:17:05.789313-05:00,1224379-1805586,2102584.24,PEN,Soles,2026-07-13T00:00:00-05:00
ocds-dgv273-seacev3-2026-1003000933-5,ocds-dgv273-seacev3-2026-1003000933-5-2026-08-15T10:17:05.720449-05:00,1223324-20262996329,207500.0,PEN,Soles,2026-07-15T00:00:00-05:00
ocds-dgv273-seacev3-2026-1003000933-5,ocds-dgv273-seacev3-2026-1003000933-5-2026-08-15T10:17:05.720449-05:00,1223324-20601283353,716000.0,PEN,Soles,2026-07-15T00:00:00-05:00
ocds-dgv273-seacev3-2026-10568-4,ocds-dgv273-seacev3-2026-10568-4-2026-08-15T10:17:05.465346-05:00,1221338-1808131,979071.91,PEN,Soles,2026-07-24T00:00:00-05:00
ocds-dgv273-seacev3-1222847,ocds-dgv273-seacev3-1222847-2026-08-15T10:17:05.159836-05:00,1222847-1810290,630000.02,PEN,Soles,2026-07-15T00:00:00-05:00
ocds-dgv273-seacev3-2026-200195-66,ocds-dgv273-seacev3-2026-200195-66-2026-08-15T10:17:05.087026-05:00,1225603-20544665287,59800.0,PEN,Soles,2026-07-09T00:00:00-05:00
ocds-dgv273-seacev3-1223303,ocds-dgv273-seacev3-1223303-2026-08-15T10:17:04.978830-05:00,1223303-20503794692,59400.0,PEN,Soles,2026-07-09T16:29:22-05:00
ocds-dgv273-seacev3-1222427,ocds-dgv273-seacev3-1222427-2026-08-15T10:17:04.963012-05:00,1222427-1803028,200000.0,PEN,Soles,2026-06-19T00:00:00-05:00
ocds-dgv273-seacev3-1233112,ocds-dgv273-seacev3-1233112-2026-08-15T10:17:04.868816-05:00,1233112-20600944810,100802.0,PEN,Soles,2026-07-22T00:00:00-05:00
ocds-dgv273-seacev3-1227347,ocds-dgv273-seacev3-1227347-2026-08-15T10:17:04.799266-05:00,1227347-20600114337,217305.63,PEN,Soles,2026-07-09T00:00:00-05:00
ocds-dgv273-seacev3-1227347,ocds-dgv273-seacev3-1227347-2026-08-15T10:17:04.799266-05:00,1227347-1808138,229379.0,PEN,Soles,2026-07-24T00:00:00-05:00
ocds-dgv273-seacev3-1225863,ocds-dgv273-seacev3-1225863-2026-08-15T10:17:04.728882-05:00,1225863-1807531,3842706.26,PEN,Soles,2026-07-03T00:00:00-05:00
ocds-dgv273-seacev3-1225399,ocds-dgv273-seacev3-1225399-2026-08-15T10:17:04.485438-05:00,1225399-20607866377,114000.0,PEN,Soles,2026-07-08T00:00:00-05:00
ocds-dgv273-seacev3-1228806,ocds-dgv273-seacev3-1228806-2026-08-15T10:17:01.184031-05:00,1228806-20532587191,78700.0,PEN,Soles,2026-07-14T00:00:00-05:00
ocds-dgv273-seacev3-1228873,ocds-dgv273-seacev3-1228873-2026-08-15T10:16:57.798057-05:00,1228873-20527960917,604003.12,PEN,Soles,2026-07-20T00:00:00-05:00
ocds-dgv273-seacev3-1223699,ocds-dgv273-seacev3-1223699-2026-08-15T10:16:56.540673-05:00,1223699-20471476898,142500.0,PEN,Soles,2026-07-03T00:00:00-05:00
ocds-dgv273-seacev3-1224174,ocds-dgv273-seacev3-1224174-2026-08-15T10:16:56.472111-05:00,1224174-20531628781,856711.99,PEN,Soles,2026-06-23T00:00:00-05:00
ocds-dgv273-seacev3-2026-200095-7,ocds-dgv273-seacev3-2026-200095-7-2026-08-15T10:16:56.345593-05:00,1225827-20518777646,60666.72,PEN,Soles,2026-07-21T00:00:00-05:00
ocds-dgv273-seacev3-1220200,ocds-dgv273-seacev3-1220200-2026-08-15T10:16:56.218098-05:00,1220200-1806299,3229585.62,PEN,Soles,2026-07-03T00:00:00-05:00
ocds-dgv273-seacev3-1225571,ocds-dgv273-seacev3-1225571-2026-08-15T10:16:56.187901-05:00,1225571-1815004,64361.27,PEN,Soles,2026-07-24T00:00:00-05:00
ocds-dgv273-seacev3-1221447,ocds-dgv273-seacev3-1221447-2026-08-15T10:16:56.135049-05:00,1221447-20100177341,141600.0,PEN,Soles,2026-07-21T00:00:00-05:00
ocds-dgv273-seacev3-1228074,ocds-dgv273-seacev3-1228074-2026-08-15T10:16:55.963071-05:00,1228074-20600601467,115093.27,PEN,Soles,2026-07-14T00:00:00-05:00
ocds-dgv273-seacev3-1224192,ocds-dgv273-seacev3-1224192-2026-08-15T10:16:55.752277-05:00,1224192-20509860981,391550.0,PEN,Soles,2026-06-26T00:00:00-05:00
ocds-dgv273-seacev3-2026-1032-4,ocds-dgv273-seacev3-2026-1032-4-2026-08-15T10:16:55.538159-05:00,1225298-1812245,1298577.32,PEN,Soles,2026-07-17T00:00:00-05:00
ocds-dgv273-seacev3-1226346,ocds-dgv273-seacev3-1226346-2026-08-15T10:16:54.639679-05:00,1226346-20600453221,72324.18,PEN,Soles,2026-07-07T00:00:00-05:00
ocds-dgv273-seacev3-1227354,ocds-dgv273-seacev3-1227354-2026-08-15T10:16:54.552024-05:00,1227354-20546876722,377658.0,PEN,Soles,2026-07-08T00:00:00-05:00
ocds-dgv273-seacev3-1222222,ocds-dgv273-seacev3-1222222-2026-08-15T10:16:54.320958-05:00,1222222-20613139584,195344.1,PEN,Soles,2026-07-08T00:00:00-05:00
ocds-dgv273-seacev3-1225031,ocds-dgv273-seacev3-1225031-2026-08-15T10:16:54.263410-05:00,1225031-20600852346,324500.0,PEN,Soles,2026-07-02T00:00:00-05:00
ocds-dgv273-seacev3-1226050,ocds-dgv273-seacev3-1226050-2026-08-15T10:16:54.129971-05:00,1226050-10253285937,216000.0,PEN,Soles,2026-07-14T00:00:00-05:00
ocds-dgv273-seacev3-1227104,ocds-dgv273-seacev3-1227104-2026-08-15T10:16:53.939107-05:00,1227104-20547258925,210240.0,PEN,Soles,2026-07-20T00:00:00-05:00
ocds-dgv273-seacev3-1226680,ocds-dgv273-seacev3-1226680-2026-08-15T10:16:53.841815-05:00,1226680-1818860,5655599.83,PEN,Soles,2026-08-12T00:00:00-05:00
ocds-dgv273-seacev3-1229535,ocds-dgv273-seacev3-1229535-2026-08-15T10:16:45.925068-05:00,1229535-20100096936,172608.0,PEN,Soles,2026-07-10T00:00:00-05:00
ocds-dgv273-seacev3-1223782,ocds-dgv273-seacev3-1223782-2026-08-15T10:16:43.891632-05:00,1223782-10108172431,179800.0,PEN,Soles,2026-06-18T00:00:00-05:00
ocds-dgv273-seacev3-1223782,ocds-dgv273-seacev3-1223782-2026-08-15T10:16:43.891632-05:00,1223782-20490040952,181540.0,PEN,Soles,2026-07-14T00:00:00-05:00
ocds-dgv273-seacev3-1224422,ocds-dgv273-seacev3-1224422-2026-08-15T10:16:43.710860-05:00,1224422-1810810,1588367.74,PEN,Soles,2026-07-15T00:00:00-05:00
ocds-dgv273-seacev3-1224145,ocds-dgv273-seacev3-1224145-2026-08-15T10:16:43.649803-05:00,1224145-20612772526,318577.53,PEN,Soles,2026-07-13T00:00:00-05:00
ocds-dgv273-seacev3-1225745,ocds-dgv273-seacev3-1225745-2026-08-15T10:16:43.591371-05:00,1225745-10421308271,537095.49,PEN,Soles,2026-07-13T00:00:00-05:00
ocds-dgv273-seacev3-1219309,ocds-dgv273-seacev3-1219309-2026-08-15T10:16:43.380409-05:00,1219309-1804637,128100.0,PEN,Soles,2026-07-01T00:00:00-05:00
ocds-dgv273-seacev3-1227602,ocds-dgv273-seacev3-1227602-2026-08-15T10:16:43.209098-05:00,1227602-20601100593,272000.0,PEN,Soles,2026-07-24T00:00:00-05:00
ocds-dgv273-seacev3-1229473,ocds-dgv273-seacev3-1229473-2026-08-15T10:16:43.028190-05:00,1229473-20125960066,180000.0,PEN,Soles,2026-08-04T00:00:00-05:00
ocds-dgv273-seacev3-1221403,ocds-dgv273-seacev3-1221403-2026-08-15T10:16:43.011796-05:00,1221403-20604235783,52117.0,PEN,Soles,2026-06-30T00:00:00-05:00
ocds-dgv273-seacev3-1223168,ocds-dgv273-seacev3-1223168-2026-08-15T10:16:42.816289-05:00,1223168-20490871285,80000.0,PEN,Soles,2026-07-02T00:00:00-05:00
ocds-dgv273-seacev3-1227620,ocds-dgv273-seacev3-1227620-2026-08-15T10:16:42.527887-05:00,1227620-20554329617,315399.42,PEN,Soles,2026-07-10T00:00:00-05:00
ocds-dgv273-seacev3-1225158,ocds-dgv273-seacev3-1225158-2026-08-15T10:16:42.391436-05:00,1225158-20452611407,52140.0,PEN,Soles,2026-06-26T00:00:00-05:00
ocds-dgv273-seacev3-1221798,ocds-dgv273-seacev3-1221798-2026-08-15T10:16:42.371325-05:00,1221798-10404715351,140229.0,PEN,Soles,2026-07-01T00:00:00-05:00
ocds-dgv273-seacev3-1223593,ocds-dgv273-seacev3-1223593-2026-08-15T10:16:42.347329-05:00,1223593-1804883,312036.66,PEN,Soles,2026-06-25T00:00:00-05:00
ocds-dgv273-seacev3-1222782,ocds-dgv273-seacev3-1222782-2026-08-15T10:16:42.277154-05:00,1222782-1799647,1996474.31,PEN,Soles,2026-07-14T00:00:00-05:00
ocds-dgv273-seacev3-2026-1926-6,ocds-dgv273-seacev3-2026-1926-6-2026-08-15T10:16:42.171911-05:00,1226841-20550126959,585000.0,PEN,Soles,2026-07-30T00:00:00-05:00
ocds-dgv273-seacev3-1225854,ocds-dgv273-seacev3-1225854-2026-08-15T10:16:42.158227-05:00,1225854-1815894,3405335.6,PEN,Soles,2026-08-04T00:00:00-05:00
ocds-dgv273-seacev3-1225217,ocds-dgv273-seacev3-1225217-2026-08-15T10:16:42.075188-05:00,1225217-20293774308,2995000.0,PEN,Soles,2026-07-06T00:00:00-05:00
ocds-dgv273-seacev3-1229946,ocds-dgv273-seacev3-1229946-2026-08-14T10:33:30.756541-05:00,1229946-20605126813,135000.0,PEN,Soles,2026-07-14T00:00:00-05:00
ocds-dgv273-seacev3-1223350,ocds-dgv273-seacev3-1223350-2026-08-14T10:33:25.497432-05:00,1223350-10453754427,70000.0,PEN,Soles,2026-06-30T00:00:00-05:00
ocds-dgv273-seacev3-1227651,ocds-dgv273-seacev3-1227651-2026-08-14T10:33:25.339361-05:00,1227651-10715822682,206000.0,PEN,Soles,2026-07-30T00:00:00-05:00
ocds-dgv273-seacev3-1226290,ocds-dgv273-seacev3-1226290-2026-08-14T10:33:25.196121-05:00,1226290-20551047602,248680.0,PEN,Soles,2026-07-03T00:00:00-05:00
ocds-dgv273-seacev3-1229178,ocds-dgv273-seacev3-1229178-2026-08-14T10:33:25.100166-05:00,1229178-20600137094,76956.0,PEN,Soles,2026-08-03T00:00:00-05:00
ocds-dgv273-seacev3-1228489,ocds-dgv273-seacev3-1228489-2026-08-14T10:33:24.781987-05:00,1228489-20490687271,348000.0,PEN,Soles,2026-07-10T00:00:00-05:00
ocds-dgv273-seacev3-1229671,ocds-dgv273-seacev3-1229671-2026-08-14T10:33:24.404700-05:00,1229671-20491985071,188160.0,PEN,Soles,2026-07-13T00:00:00-05:00
ocds-dgv273-seacev3-1227400,ocds-dgv273-seacev3-1227400-2026-08-14T10:33:24.224566-05:00,1227400-10100919520,269000.0,PEN,Soles,2026-07-03T00:00:00-05:00
ocds-dgv273-seacev3-1227400,ocds-dgv273-seacev3-1227400-2026-08-14T10:33:24.224566-05:00,1227400-20613851888,273990.0,PEN,Soles,2026-07-03T00:00:00-05:00
ocds-dgv273-seacev3-1223848,ocds-dgv273-seacev3-1223848-2026-08-14T10:33:23.445734-05:00,1223848-1806159,1218742.02,PEN,Soles,2026-06-26T00:00:00-05:00
ocds-dgv273-seacev3-1226187,ocds-dgv273-seacev3-1226187-2026-08-14T10:33:23.400750-05:00,1226187-1806584,281536.35,PEN,Soles,2026-07-13T00:00:00-05:00
ocds-dgv273-seacev3-2026-200302-56,ocds-dgv273-seacev3-2026-200302-56-2026-08-14T10:33:23.351800-05:00,1224156-1805472,124862.42,PEN,Soles,2026-07-14T00:00:00-05:00
ocds-dgv273-seacev3-1226009,ocds-dgv273-seacev3-1226009-2026-08-14T10:33:23.209085-05:00,1226009-1806282,427586.63,PEN,Soles,2026-07-02T00:00:00-05:00
ocds-dgv273-seacev3-1223737,ocds-dgv273-seacev3-1223737-2026-08-14T10:33:23.114944-05:00,1223737-20612262587,97500.0,PEN,Soles,2026-07-15T00:00:00-05:00
ocds-dgv273-seacev3-1221490,ocds-dgv273-seacev3-1221490-2026-08-14T10:33:23.068496-05:00,1221490-1802667,660140.59,PEN,Soles,2026-06-26T00:00:00-05:00
ocds-dgv273-seacev3-1226782,ocds-dgv273-seacev3-1226782-2026-08-14T10:33:23.039790-05:00,1226782-20608636146,110880.0,PEN,Soles,2026-07-22T00:00:00-05:00
ocds-dgv273-seacev3-2026-6-69,ocds-dgv273-seacev3-2026-6-69-2026-08-14T10:33:19.390676-05:00,1229425-20603471955,174300.0,PEN,Soles,2026-07-15T00:00:00-05:00
ocds-dgv273-seacev3-1229777,ocds-dgv273-seacev3-1229777-2026-08-14T10:33:17.617623-05:00,1229777-20600852346,198992.4,PEN,Soles,2026-07-09T00:00:00-05:00
ocds-dgv273-seacev3-1236885,ocds-dgv273-seacev3-1236885-2026-08-14T10:33:16.499943-05:00,1236885-20529078961,457708.8,PEN,Soles,2026-07-24T00:00:00-05:00
ocds-dgv273-seacev3-1228641,ocds-dgv273-seacev3-1228641-2026-08-14T10:33:15.328005-05:00,1228641-20600078314,79500.0,PEN,Soles,2026-07-15T00:00:00-05:00
ocds-dgv273-seacev3-1229092,ocds-dgv273-seacev3-1229092-2026-08-14T10:33:15.206332-05:00,1229092-10402463622,82550.0,PEN,Soles,2026-07-08T00:00:00-05:00
ocds-dgv273-seacev3-1224332,ocds-dgv273-seacev3-1224332-2026-08-14T10:33:14.542257-05:00,1224332-20606090936,450038.1,PEN,Soles,2026-06-25T00:00:00-05:00
ocds-dgv273-seacev3-1224474,ocds-dgv273-seacev3-1224474-2026-08-14T10:33:14.508787-05:00,1224474-1806761,443500.0,PEN,Soles,2026-07-07T00:00:00-05:00
ocds-dgv273-seacev3-1227252,ocds-dgv273-seacev3-1227252-2026-08-14T10:33:14.246793-05:00,1227252-10767370925,100000.0,PEN,Soles,2026-07-03T11:25:50-05:00
ocds-dgv273-seacev3-1224396,ocds-dgv273-seacev3-1224396-2026-08-14T10:33:14.198064-05:00,1224396-20494793521,456570.0,PEN,Soles,2026-06-30T00:00:00-05:00
ocds-dgv273-seacev3-1228759,ocds-dgv273-seacev3-1228759-2026-08-14T10:33:13.873544-05:00,1228759-20600386167,141560.64,PEN,Soles,2026-07-17T00:00:00-05:00
ocds-dgv273-seacev3-1223964,ocds-dgv273-seacev3-1223964-2026-08-14T10:33:13.323969-05:00,1223964-20612265829,2125457.84,PEN,Soles,2026-07-24T00:00:00-05:00
ocds-dgv273-seacev3-2026-1003057621-14,ocds-dgv273-seacev3-2026-1003057621-14-2026-08-14T10:33:08.183701-05:00,1232105-20611128801,68376.0,PEN,Soles,2026-07-13T00:00:00-05:00
ocds-dgv273-seacev3-1229483,ocds-dgv273-seacev3-1229483-2026-08-14T10:33:04.929858-05:00,1229483-1810814,196586.41,PEN,Soles,2026-07-16T00:00:00-05:00
ocds-dgv273-seacev3-1227328,ocds-dgv273-seacev3-1227328-2026-08-14T10:33:03.874256-05:00,1227328-1807999,109990.0,PEN,Soles,2026-07-06T00:00:00-05:00
ocds-dgv273-seacev3-1226273,ocds-dgv273-seacev3-1226273-2026-08-14T10:33:03.784874-05:00,1226273-20511037001,410550.0,PEN,Soles,2026-07-01T13:57:16-05:00
ocds-dgv273-seacev3-1229294,ocds-dgv273-seacev3-1229294-2026-08-14T10:33:03.680445-05:00,1229294-20392963228,232800.0,PEN,Soles,2026-07-17T00:00:00-05:00
ocds-dgv273-seacev3-1224102,ocds-dgv273-seacev3-1224102-2026-08-14T10:33:03.618676-05:00,1224102-20131376503,4270672.8,PEN,Soles,2026-07-09T00:00:00-05:00
ocds-dgv273-seacev3-1220076,ocds-dgv273-seacev3-1220076-2026-08-14T10:33:03.288193-05:00,1220076-1805894,486966.58,PEN,Soles,2026-06-26T00:00:00-05:00
ocds-dgv273-seacev3-1222069,ocds-dgv273-seacev3-1222069-2026-08-14T10:33:03.133484-05:00,1222069-20606267241,94933.88,PEN,Soles,2026-06-11T00:00:00-05:00
ocds-dgv273-seacev3-1224628,ocds-dgv273-seacev3-1224628-2026-08-14T10:33:02.322926-05:00,1224628-20454568207,348222.0,PEN,Soles,2026-07-30T00:00:00-05:00
ocds-dgv273-seacev3-1224628,ocds-dgv273-seacev3-1224628-2026-08-14T10:33:02.322926-05:00,1224628-20600145763,103584.0,PEN,Soles,2026-07-30T00:00:00-05:00
ocds-dgv273-seacev3-1236159,ocds-dgv273-seacev3-1236159-2026-08-14T10:32:57.860124-05:00,1236159-10283065508,95793.48,PEN,Soles,2026-07-22T00:00:00-05:00
ocds-dgv273-seacev3-1228956,ocds-dgv273-seacev3-1228956-2026-08-14T10:32:57.261283-05:00,1228956-20512510320,468760.0,PEN,Soles,2026-07-10T00:00:00-05:00
ocds-dgv273-seacev3-1228956,ocds-dgv273-seacev3-1228956-2026-08-14T10:32:57.261283-05:00,1228956-20613330845,514460.0,PEN,Soles,2026-07-10T00:00:00-05:00
ocds-dgv273-seacev3-1230765,ocds-dgv273-seacev3-1230765-2026-08-14T10:32:56.808804-05:00,1230765-1808041,358605.68,PEN,Soles,2026-07-02T00:00:00-05:00
ocds-dgv273-seacev3-1228866,ocds-dgv273-seacev3-1228866-2026-08-14T10:32:54.414069-05:00,1228866-10789851242,90000.0,PEN,Soles,2026-07-13T00:00:00-05:00
ocds-dgv273-seacev3-1227575,ocds-dgv273-seacev3-1227575-2026-08-14T10:32:54.175744-05:00,1227575-20521453843,480260.0,PEN,Soles,2026-07-16T00:00:00-05:00
ocds-dgv273-seacev3-1228632,ocds-dgv273-seacev3-1228632-2026-08-14T10:32:53.977993-05:00,1228632-20347268683,59100.0,PEN,Soles,2026-07-14T00:00:00-05:00
ocds-dgv273-seacev3-1229229,ocds-dgv273-seacev3-1229229-2026-08-14T10:32:53.434444-05:00,1229229-20608463063,344000.0,PEN,Soles,2026-07-09T00:00:00-05:00
ocds-dgv273-seacev3-1229923,ocds-dgv273-seacev3-1229923-2026-08-14T10:32:52.970551-05:00,1229923-20615558592,48000.0,PEN,Soles,2026-07-06T00:00:00-05:00
ocds-dgv273-seacev3-1225412,ocds-dgv273-seacev3-1225412-2026-08-14T10:32:52.808086-05:00,1225412-1805801,248000.0,PEN,Soles,2026-07-06T00:00:00-05:00
ocds-dgv273-seacev3-1229346,ocds-dgv273-seacev3-1229346-2026-08-14T10:32:52.493666-05:00,1229346-20100018625,235600.0,PEN,Soles,2026-07-17T00:00:00-05:00
ocds-dgv273-seacev3-1227752,ocds-dgv273-seacev3-1227752-2026-08-14T10:32:52.433878-05:00,1227752-20526309597,1388541.21,PEN,Soles,2026-07-07T00:00:00-05:00
ocds-dgv273-seacev3-1228336,ocds-dgv273-seacev3-1228336-2026-08-14T10:32:52.366966-05:00,1228336-20600767101,95845.0,PEN,Soles,2026-07-01T00:00:00-05:00
ocds-dgv273-seacev3-1226493,ocds-dgv273-seacev3-1226493-2026-08-14T10:32:52.334468-05:00,1226493-10245834727,88515.0,PEN,Soles,2026-07-02T00:00:00-05:00
ocds-dgv273-seacev3-1229412,ocds-dgv273-seacev3-1229412-2026-08-14T10:32:51.738237-05:00,1229412-20381450377,438000.0,PEN,Soles,2026-07-22T00:00:00-05:00
ocds-dgv273-seacev3-1228805,ocds-dgv273-seacev3-1228805-2026-08-14T10:32:51.673293-05:00,1228805-20428698569,98742.86,PEN,Soles,2026-07-30T00:00:00-05:00
ocds-dgv273-seacev3-1226269,ocds-dgv273-seacev3-1226269-2026-08-14T10:32:51.232216-05:00,1226269-1806528,76040.03,PEN,Soles,2026-07-31T00:00:00-05:00
ocds-dgv273-seacev3-1226280,ocds-dgv273-seacev3-1226280-2026-08-14T10:32:51.084922-05:00,1226280-20523674413,58056.0,PEN,Soles,2026-07-07T00:00:00-05:00
ocds-dgv273-seacev3-1227779,ocds-dgv273-seacev3-1227779-2026-08-14T10:32:51.024062-05:00,1227779-20605446150,125000.0,PEN,Soles,2026-07-17T00:00:00-05:00
ocds-dgv273-seacev3-1225219,ocds-dgv273-seacev3-1225219-2026-08-14T10:32:50.583025-05:00,1225219-10024275235,195921.3,PEN,Soles,2026-06-30T00:00:00-05:00
ocds-dgv273-seacev3-2026-1963-7,ocds-dgv273-seacev3-2026-1963-7-2026-08-14T10:32:50.522988-05:00,1225777-20418896915,112352.22,PEN,Soles,2026-07-15T00:00:00-05:00
ocds-dgv273-seacev3-1229933,ocds-dgv273-seacev3-1229933-2026-08-14T10:32:46.173342-05:00,1229933-20509797766,85000.0,PEN,Soles,2026-07-21T00:00:00-05:00
ocds-dgv273-seacev3-1223784,ocds-dgv273-seacev3-1223784-2026-08-14T10:32:41.823783-05:00,1223784-20533678018,447175.21,PEN,Soles,2026-07-03T00:00:00-05:00
ocds-dgv273-seacev3-1223784,ocds-dgv273-seacev3-1223784-2026-08-14T10:32:41.823783-05:00,1223784-20408122962,447175.21,PEN,Soles,2026-07-03T00:00:00-05:00
ocds-dgv273-seacev3-1228990,ocds-dgv273-seacev3-1228990-2026-08-14T10:32:41.703870-05:00,1228990-1810050,910878.38,PEN,Soles,2026-07-13T00:00:00-05:00
ocds-dgv273-seacev3-1228406,ocds-dgv273-seacev3-1228406-2026-08-14T10:32:41.688617-05:00,1228406-1812219,202711.99,PEN,Soles,2026-08-04T00:00:00-05:00
ocds-dgv273-seacev3-1228911,ocds-dgv273-seacev3-1228911-2026-08-14T10:32:41.579559-05:00,1228911-20608283979,454749.5,PEN,Soles,2026-07-21T00:00:00-05:00
ocds-dgv273-seacev3-2026-10222-2,ocds-dgv273-seacev3-2026-10222-2-2026-08-14T10:32:41.546393-05:00,1228671-20604554846,164969.52,PEN,Soles,2026-07-14T00:00:00-05:00
ocds-dgv273-seacev3-1224880,ocds-dgv273-seacev3-1224880-2026-08-14T10:32:41.327585-05:00,1224880-20607883557,80500.0,PEN,Soles,2026-07-09T17:08:37-05:00
ocds-dgv273-seacev3-1229172,ocds-dgv273-seacev3-1229172-2026-08-14T10:32:41.136696-05:00,1229172-10239141761,272900.0,PEN,Soles,2026-07-10T00:00:00-05:00
ocds-dgv273-seacev3-1227284,ocds-dgv273-seacev3-1227284-2026-08-14T10:32:40.882961-05:00,1227284-1810412,100000.0,PEN,Soles,2026-07-20T00:00:00-05:00
ocds-dgv273-seacev3-1225411,ocds-dgv273-seacev3-1225411-2026-08-14T10:32:40.743934-05:00,1225411-99999999999,64500.0,PEN,Soles,2026-07-09T00:00:00-05:00
ocds-dgv273-seacev3-1225411,ocds-dgv273-seacev3-1225411-2026-08-14T10:32:40.743934-05:00,1225411-20545102766,236300.0,PEN,Soles,2026-07-09T00:00:00-05:00
ocds-dgv273-seacev3-1232021,ocds-dgv273-seacev3-1232021-2026-08-14T10:32:40.693019-05:00,1232021-1810861,1272918.38,PEN,Soles,2026-07-13T00:00:00-05:00
ocds-dgv273-seacev3-1226309,ocds-dgv273-seacev3-1226309-2026-08-14T10:32:40.646847-05:00,1226309-1806786,246006.28,PEN,Soles,2026-07-03T00:00:00-05:00
ocds-dgv273-seacev3-1224822,ocds-dgv273-seacev3-1224822-2026-08-14T10:32:40.429202-05:00,1224822-20100287791,90000.0,PEN,Soles,2026-06-24T00:00:00-05:00
ocds-dgv273-seacev3-1227551,ocds-dgv273-seacev3-1227551-2026-08-14T10:32:40.303964-05:00,1227551-20600661125,76000.0,PEN,Soles,2026-07-20T00:00:00-05:00
ocds-dgv273-seacev3-1228517,ocds-dgv273-seacev3-1228517-2026-08-14T10:32:40.257737-05:00,1228517-20601107105,99800.0,PEN,Soles,2026-07-09T00:00:00-05:00
ocds-dgv273-seacev3-1226223,ocds-dgv273-seacev3-1226223-2026-08-14T10:32:40.200878-05:00,1226223-10198923872,51800.0,PEN,Soles,2026-07-10T00:00:00-05:00
ocds-dgv273-seacev3-1218857,ocds-dgv273-seacev3-1218857-2026-08-14T10:32:40.178142-05:00,1218857-20571399351,129167.97,PEN,Soles,2026-06-19T00:00:00-05:00
ocds-dgv273-seacev3-2026-1902-33,ocds-dgv273-seacev3-2026-1902-33-2026-08-14T10:32:40.023584-05:00,1227311-20604427291,210079.4,PEN,Soles,2026-07-10T00:00:00-05:00
ocds-dgv273-seacev3-1223044,ocds-dgv273-seacev3-1223044-2026-08-14T10:32:39.909869-05:00,1223044-20601381860,62370.0,PEN,Soles,2026-06-16T00:00:00-05:00
ocds-dgv273-seacev3-1222604,ocds-dgv273-seacev3-1222604-2026-08-14T10:32:39.847699-05:00,1222604-20501552691,21104.3,PEN,Soles,2026-08-07T00:00:00-05:00
ocds-dgv273-seacev3-1222604,ocds-dgv273-seacev3-1222604-2026-08-14T10:32:39.847699-05:00,1222604-20516225964,15600.0,PEN,Soles,2026-08-07T00:00:00-05:00
ocds-dgv273-seacev3-1221344,ocds-dgv273-seacev3-1221344-2026-08-14T10:32:39.826470-05:00,1221344-20601777763,423419.4,PEN,Soles,2026-08-03T00:00:00-05:00
ocds-dgv273-seacev3-1223039,ocds-dgv273-seacev3-1223039-2026-08-14T10:32:39.647661-05:00,1223039-20558376946,109900.0,PEN,Soles,2026-06-18T00:00:00-05:00
ocds-dgv273-seacev3-1227155,ocds-dgv273-seacev3-1227155-2026-08-14T10:32:39.374882-05:00,1227155-20600584155,161963.94,PEN,Soles,2026-07-17T00:00:00-05:00
ocds-dgv273-seacev3-1229321,ocds-dgv273-seacev3-1229321-2026-08-14T10:32:31.145190-05:00,1229321-20509860981,100918.85,PEN,Soles,2026-07-08T00:00:00-05:00
ocds-dgv273-seacev3-1228392,ocds-dgv273-seacev3-1228392-2026-08-14T10:32:30.788632-05:00,1228392-20522545741,102600.0,PEN,Soles,2026-06-26T00:00:00-05:00
ocds-dgv273-seacev3-1224059,ocds-dgv273-seacev3-1224059-2026-08-14T10:32:30.771513-05:00,1224059-20610743898,204770.0,PEN,Soles,2026-06-30T00:00:00-05:00
ocds-dgv273-seacev3-2026-200515-1,ocds-dgv273-seacev3-2026-200515-1-2026-08-14T10:32:30.222493-05:00,1225150-1814620,1984000.0,PEN,Soles,2026-07-30T00:00:00-05:00
ocds-dgv273-seacev3-1223184,ocds-dgv273-seacev3-1223184-2026-08-14T10:32:30.187209-05:00,1223184-20505958111,5990000.0,PEN,Soles,2026-07-24T00:00:00-05:00
ocds-dgv273-seacev3-1222370,ocds-dgv273-seacev3-1222370-2026-08-14T10:32:29.289518-05:00,1222370-1803762,860146.21,PEN,Soles,2026-07-06T00:00:00-05:00
ocds-dgv273-seacev3-1228710,ocds-dgv273-seacev3-1228710-2026-08-14T10:32:22.302957-05:00,1228710-20610950290,140778.0,PEN,Soles,2026-07-13T00:00:00-05:00
ocds-dgv273-seacev3-1228581,ocds-dgv273-seacev3-1228581-2026-08-14T10:32:20.645158-05:00,1228581-10454769959,148500.0,PEN,Soles,2026-07-17T00:00:00-05:00
ocds-dgv273-seacev3-1226976,ocds-dgv273-seacev3-1226976-2026-08-14T10:32:18.065819-05:00,1226976-1807955,730182.48,PEN,Soles,2026-07-03T00:00:00-05:00
ocds-dgv273-seacev3-1225525,ocds-dgv273-seacev3-1225525-2026-08-14T10:32:17.978611-05:00,1225525-1805932,168481.79,PEN,Soles,2026-07-10T00:00:00-05:00
ocds-dgv273-seacev3-1224124,ocds-dgv273-seacev3-1224124-2026-08-14T10:32:17.933530-05:00,1224124-20522678547,145000.0,PEN,Soles,2026-06-26T00:00:00-05:00
ocds-dgv273-seacev3-1220446,ocds-dgv273-seacev3-1220446-2026-08-14T10:32:17.682852-05:00,1220446-1804442,246482.54,PEN,Soles,2026-07-03T00:00:00-05:00
ocds-dgv273-seacev3-1222935,ocds-dgv273-seacev3-1222935-2026-08-14T10:32:16.928482-05:00,1222935-20612632619,125000.0,PEN,Soles,2026-07-03T00:00:00-05:00
ocds-dgv273-seacev3-2026-1926-86,ocds-dgv273-seacev3-2026-1926-86-2026-08-14T10:32:16.750143-05:00,1225540-1813013,590000.0,PEN,Soles,2026-08-11T00:00:00-05:00
ocds-dgv273-seacev3-1228953,ocds-dgv273-seacev3-1228953-2026-08-13T10:28:34.279870-05:00,1228953-1811700,1420688.88,PEN,Soles,2026-07-15T00:00:00-05:00
ocds-dgv273-seacev3-1222876,ocds-dgv273-seacev3-1222876-2026-08-13T10:28:34.148567-05:00,1222876-10238934694,335000.0,PEN,Soles,2026-06-16T00:00:00-05:00
ocds-dgv273-seacev3-1224715,ocds-dgv273-seacev3-1224715-2026-08-13T10:28:33.795645-05:00,1224715-20600772024,563855.73,PEN,Soles,2026-07-02T00:00:00-05:00
ocds-dgv273-seacev3-1224732,ocds-dgv273-seacev3-1224732-2026-08-13T10:28:33.718620-05:00,1224732-1805663,1045821.08,PEN,Soles,2026-07-10T00:00:00-05:00
ocds-dgv273-seacev3-1223942,ocds-dgv273-seacev3-1223942-2026-08-13T10:28:33.325867-05:00,1223942-20603282681,134200.0,PEN,Soles,2026-07-13T00:00:00-05:00
ocds-dgv273-seacev3-1226598,ocds-dgv273-seacev3-1226598-2026-08-13T10:28:32.936819-05:00,1226598-1811193,1086739.16,PEN,Soles,2026-07-15T00:00:00-05:00
ocds-dgv273-seacev3-1220452,ocds-dgv273-seacev3-1220452-2026-08-13T10:28:32.882738-05:00,1220452-20101400990,533929.35,PEN,Soles,2026-06-16T00:00:00-05:00
ocds-dgv273-seacev3-1226539,ocds-dgv273-seacev3-1226539-2026-08-13T10:28:32.801563-05:00,1226539-10468296964,94990.0,PEN,Soles,2026-06-23T00:00:00-05:00
ocds-dgv273-seacev3-1222478,ocds-dgv273-seacev3-1222478-2026-08-13T10:28:32.023911-05:00,1222478-20519131243,62400.0,PEN,Soles,2026-07-15T00:00:00-05:00
ocds-dgv273-seacev3-1224227,ocds-dgv273-seacev3-1224227-2026-08-13T10:28:31.854112-05:00,1224227-10467226521,61922.5,PEN,Soles,2026-07-20T00:00:00-05:00
ocds-dgv273-seacev3-1233630,ocds-dgv273-seacev3-1233630-2026-08-13T10:28:27.776071-05:00,1233630-10422169071,18000.0,PEN,Soles,2026-07-14T00:00:00-05:00
ocds-dgv273-seacev3-1221363,ocds-dgv273-seacev3-1221363-2026-08-13T10:28:23.353598-05:00,1221363-20601857759,97900.0,PEN,Soles,2026-07-16T00:00:00-05:00
ocds-dgv273-seacev3-1226198,ocds-dgv273-seacev3-1226198-2026-08-13T10:28:23.202081-05:00,1226198-20487976360,1179450.0,PEN,Nuevos Soles,2026-07-01T00:00:00-05:00
ocds-dgv273-seacev3-1221275,ocds-dgv273-seacev3-1221275-2026-08-13T10:28:23.178449-05:00,1221275-20604700109,265360.0,PEN,Soles,2026-07-08T00:00:00-05:00
ocds-dgv273-seacev3-1231069,ocds-dgv273-seacev3-1231069-2026-08-13T10:28:22.885376-05:00,1231069-1810274,116100.0,PEN,Soles,2026-07-16T00:00:00-05:00
ocds-dgv273-seacev3-1227144,ocds-dgv273-seacev3-1227144-2026-08-13T10:28:22.759296-05:00,1227144-1809019,58749.8,PEN,Soles,2026-07-08T00:00:00-05:00
ocds-dgv273-seacev3-1229340,ocds-dgv273-seacev3-1229340-2026-08-13T10:28:22.672591-05:00,1229340-20611540800,99936.0,PEN,Soles,2026-07-24T00:00:00-05:00
ocds-dgv273-seacev3-1229678,ocds-dgv273-seacev3-1229678-2026-08-13T10:28:22.596927-05:00,1229678-20564173895,97665.0,PEN,Soles,2026-07-10T00:00:00-05:00
ocds-dgv273-seacev3-1225255,ocds-dgv273-seacev3-1225255-2026-08-13T10:28:22.572199-05:00,1225255-20613043871,387600.0,PEN,Soles,2026-06-26T00:00:00-05:00
ocds-dgv273-seacev3-1227089,ocds-dgv273-seacev3-1227089-2026-08-13T10:28:22.464566-05:00,1227089-20602284442,800289.4,PEN,Soles,2026-07-06T00:00:00-05:00
ocds-dgv273-seacev3-1225866,ocds-dgv273-seacev3-1225866-2026-08-13T10:28:22.423437-05:00,1225866-20601619947,120216.04,PEN,Soles,2026-07-14T00:00:00-05:00
ocds-dgv273-seacev3-1227694,ocds-dgv273-seacev3-1227694-2026-08-13T10:28:22.392272-05:00,1227694-20574690219,636750.0,PEN,Soles,2026-07-02T17:13:54-05:00
ocds-dgv273-seacev3-1223304,ocds-dgv273-seacev3-1223304-2026-08-13T10:28:22.104134-05:00,1223304-20532492051,1801250.0,PEN,Soles,2026-06-23T00:00:00-05:00
ocds-dgv273-seacev3-1222749,ocds-dgv273-seacev3-1222749-2026-08-13T10:28:21.900234-05:00,1222749-10413420054,253150.0,PEN,Soles,2026-06-25T00:00:00-05:00
ocds-dgv273-seacev3-1225127,ocds-dgv273-seacev3-1225127-2026-08-13T10:28:21.860353-05:00,1225127-1806728,329760.0,PEN,Soles,2026-07-03T00:00:00-05:00
ocds-dgv273-seacev3-1225066,ocds-dgv273-seacev3-1225066-2026-08-13T10:28:21.843932-05:00,1225066-10424038917,78660.0,PEN,Soles,2026-07-15T00:00:00-05:00
ocds-dgv273-seacev3-2026-397-6,ocds-dgv273-seacev3-2026-397-6-2026-08-13T10:28:21.454875-05:00,1222526-20124794413,685886.0,PEN,Soles,2026-07-17T00:00:00-05:00
ocds-dgv273-seacev3-1227322,ocds-dgv273-seacev3-1227322-2026-08-13T10:28:21.424391-05:00,1227322-20519753830,218500.0,PEN,Soles,2026-07-17T00:00:00-05:00
ocds-dgv273-seacev3-1227652,ocds-dgv273-seacev3-1227652-2026-08-13T10:28:21.392049-05:00,1227652-20511037001,494810.0,PEN,Soles,2026-07-02T00:00:00-05:00
ocds-dgv273-seacev3-1226975,ocds-dgv273-seacev3-1226975-2026-08-13T10:28:21.377224-05:00,1226975-20602284442,1749010.0,PEN,Soles,2026-07-06T00:00:00-05:00
ocds-dgv273-seacev3-1226554,ocds-dgv273-seacev3-1226554-2026-08-13T10:28:21.078037-05:00,1226554-1806752,100000.0,PEN,Soles,2026-07-06T00:00:00-05:00
ocds-dgv273-seacev3-1229401,ocds-dgv273-seacev3-1229401-2026-08-13T10:28:16.676682-05:00,1229401-10449720925,55864.0,PEN,Soles,2026-07-21T00:00:00-05:00
ocds-dgv273-seacev3-1229623,ocds-dgv273-seacev3-1229623-2026-08-13T10:28:15.479026-05:00,1229623-1810347,806928.1,PEN,Soles,2026-07-10T00:00:00-05:00
ocds-dgv273-seacev3-1228976,ocds-dgv273-seacev3-1228976-2026-08-13T10:28:15.391749-05:00,1228976-20486024446,89715.0,PEN,Soles,2026-07-15T23:08:51-05:00
ocds-dgv273-seacev3-2026-31-7,ocds-dgv273-seacev3-2026-31-7-2026-08-13T10:28:14.158492-05:00,1228753-20565643496,98476.8,PEN,Soles,2026-07-08T00:00:00-05:00
ocds-dgv273-seacev3-1229051,ocds-dgv273-seacev3-1229051-2026-08-13T10:28:13.836791-05:00,1229051-10238934694,132000.0,PEN,Soles,2026-07-09T19:52:56-05:00
ocds-dgv273-seacev3-1229331,ocds-dgv273-seacev3-1229331-2026-08-13T10:28:12.838081-05:00,1229331-10044088512,223200.0,PEN,Soles,2026-07-02T00:00:00-05:00
ocds-dgv273-seacev3-1221335,ocds-dgv273-seacev3-1221335-2026-08-13T10:28:12.373823-05:00,1221335-20601857759,459000.0,PEN,Soles,2026-07-15T00:00:00-05:00
ocds-dgv273-seacev3-1226008,ocds-dgv273-seacev3-1226008-2026-08-13T10:28:12.084328-05:00,1226008-10106213823,322718.0,PEN,Soles,2026-07-09T00:00:00-05:00
ocds-dgv273-seacev3-1221720,ocds-dgv273-seacev3-1221720-2026-08-13T10:28:11.695199-05:00,1221720-20608979175,132444.25,PEN,Nuevos Soles,2026-07-10T00:00:00-05:00
ocds-dgv273-seacev3-1226691,ocds-dgv273-seacev3-1226691-2026-08-13T10:28:11.287775-05:00,1226691-20605019995,248000.0,PEN,Soles,2026-07-09T00:00:00-05:00
ocds-dgv273-seacev3-1222683,ocds-dgv273-seacev3-1222683-2026-08-13T10:28:11.016837-05:00,1222683-1803376,521280.34,PEN,Soles,2026-06-25T00:00:00-05:00
ocds-dgv273-seacev3-1224720,ocds-dgv273-seacev3-1224720-2026-08-13T10:28:10.817073-05:00,1224720-20610498630,140780.0,PEN,Soles,2026-07-07T00:00:00-05:00
ocds-dgv273-seacev3-1226881,ocds-dgv273-seacev3-1226881-2026-08-13T10:28:10.691813-05:00,1226881-20564428478,277777.0,PEN,Soles,2026-07-08T00:00:00-05:00
ocds-dgv273-seacev3-2026-10455-2,ocds-dgv273-seacev3-2026-10455-2-2026-08-13T10:28:10.584069-05:00,1222918-20605515607,153099.0,PEN,Soles,2026-06-25T00:00:00-05:00
ocds-dgv273-seacev3-1222423,ocds-dgv273-seacev3-1222423-2026-08-13T10:28:10.494243-05:00,1222423-1812921,497353.04,PEN,Soles,2026-07-20T00:00:00-05:00
ocds-dgv273-seacev3-1228357,ocds-dgv273-seacev3-1228357-2026-08-13T10:28:10.050980-05:00,1228357-1810100,230101.22,PEN,Soles,2026-07-14T00:00:00-05:00
ocds-dgv273-seacev3-1229768,ocds-dgv273-seacev3-1229768-2026-08-13T10:28:06.070148-05:00,1229768-20612899747,99449.35,PEN,Soles,2026-07-06T00:00:00-05:00
ocds-dgv273-seacev3-1239909,ocds-dgv273-seacev3-1239909-2026-08-13T10:28:05.220728-05:00,1239909-10470212140,15000.0,PEN,Nuevos Soles,2026-08-10T00:00:00-05:00
ocds-dgv273-seacev3-1229253,ocds-dgv273-seacev3-1229253-2026-08-13T10:28:05.170286-05:00,1229253-L0556212138,26455.0,USD,Dólar Norteamericano,2026-06-26T00:00:00-05:00
ocds-dgv273-seacev3-1224052,ocds-dgv273-seacev3-1224052-2026-08-13T10:28:01.630182-05:00,1224052-10465940242,84000.0,PEN,Soles,2026-07-01T00:00:00-05:00
ocds-dgv273-seacev3-1228779,ocds-dgv273-seacev3-1228779-2026-08-13T10:28:01.325316-05:00,1228779-20600616235,59400.0,PEN,Soles,2026-07-09T10:00:33-05:00
ocds-dgv273-seacev3-1227847,ocds-dgv273-seacev3-1227847-2026-08-13T10:28:01.311552-05:00,1227847-20603728271,788894.75,PEN,Soles,2026-06-30T00:00:00-05:00
ocds-dgv273-seacev3-1227079,ocds-dgv273-seacev3-1227079-2026-08-13T10:28:01.296693-05:00,1227079-20609994992,65367.0,PEN,Soles,2026-07-01T00:00:00-05:00
ocds-dgv273-seacev3-1225167,ocds-dgv273-seacev3-1225167-2026-08-13T10:28:01.129035-05:00,1225167-1806671,196050.0,PEN,Soles,2026-07-02T00:00:00-05:00
ocds-dgv273-seacev3-1221317,ocds-dgv273-seacev3-1221317-2026-08-13T10:28:01.114843-05:00,1221317-1799622,739066.95,PEN,Soles,2026-06-08T00:00:00-05:00
ocds-dgv273-seacev3-1229161,ocds-dgv273-seacev3-1229161-2026-08-13T10:28:00.761959-05:00,1229161-10459628431,95500.0,PEN,Soles,2026-07-16T00:00:00-05:00
ocds-dgv273-seacev3-2026-1977-13,ocds-dgv273-seacev3-2026-1977-13-2026-08-13T10:28:00.748428-05:00,1228776-20522047555,156704.0,PEN,Soles,2026-07-15T00:00:00-05:00
ocds-dgv273-seacev3-1228631,ocds-dgv273-seacev3-1228631-2026-08-13T10:28:00.526068-05:00,1228631-20606863544,94527.6,PEN,Soles,2026-07-08T00:00:00-05:00
ocds-dgv273-seacev3-1226170,ocds-dgv273-seacev3-1226170-2026-08-13T10:28:00.418617-05:00,1226170-20510139560,252990.0,PEN,Soles,2026-07-20T00:00:00-05:00
ocds-dgv273-seacev3-1227184,ocds-dgv273-seacev3-1227184-2026-08-13T10:28:00.360388-05:00,1227184-20549960121,31801.0,USD,Dólar Norteamericano,2026-07-16T00:00:00-05:00
ocds-dgv273-seacev3-1229900,ocds-dgv273-seacev3-1229900-2026-08-13T10:28:00.260751-05:00,1229900-20219344709,72000.0,PEN,Soles,2026-07-03T00:00:00-05:00
ocds-dgv273-seacev3-1222084,ocds-dgv273-seacev3-1222084-2026-08-13T10:28:00.228421-05:00,1222084-L0609014147,25739.9,PEN,Soles,2026-08-11T00:00:00-05:00
ocds-dgv273-seacev3-1222149,ocds-dgv273-seacev3-1222149-2026-08-13T10:28:00.102083-05:00,1222149-20608867776,253032.64,PEN,Soles,2026-06-22T00:00:00-05:00
ocds-dgv273-seacev3-1227832,ocds-dgv273-seacev3-1227832-2026-08-13T10:28:00.052094-05:00,1227832-20600852346,67792.5,PEN,Soles,2026-07-06T00:00:00-05:00
ocds-dgv273-seacev3-2026-755-4,ocds-dgv273-seacev3-2026-755-4-2026-08-13T10:27:59.889505-05:00,1228093-1808443,276881.73,PEN,Soles,2026-07-06T00:00:00-05:00
ocds-dgv273-seacev3-1221231,ocds-dgv273-seacev3-1221231-2026-08-13T10:27:59.866381-05:00,1221231-20537185661,660284.62,PEN,Soles,2026-06-12T00:00:00-05:00
ocds-dgv273-seacev3-1227851,ocds-dgv273-seacev3-1227851-2026-08-13T10:27:59.814064-05:00,1227851-20606765712,85327.2,PEN,Soles,2026-06-23T00:00:00-05:00
ocds-dgv273-seacev3-1224652,ocds-dgv273-seacev3-1224652-2026-08-13T10:27:59.757696-05:00,1224652-10017826111,150280.0,PEN,Soles,2026-07-15T00:00:00-05:00
ocds-dgv273-seacev3-1221340,ocds-dgv273-seacev3-1221340-2026-08-13T10:27:59.740899-05:00,1221340-1811622,393485.69,PEN,Soles,2026-07-17T00:00:00-05:00
ocds-dgv273-seacev3-1220653,ocds-dgv273-seacev3-1220653-2026-08-13T10:27:59.417417-05:00,1220653-1801996,1103227.31,PEN,Soles,2026-06-19T00:00:00-05:00
ocds-dgv273-seacev3-1225040,ocds-dgv273-seacev3-1225040-2026-08-13T10:27:59.119961-05:00,1225040-20612631574,159100.0,PEN,Soles,2026-07-15T00:00:00-05:00
ocds-dgv273-seacev3-1224334,ocds-dgv273-seacev3-1224334-2026-08-13T10:27:59.103667-05:00,1224334-1804617,252105.37,PEN,Soles,2026-06-24T00:00:00-05:00
ocds-dgv273-seacev3-1224692,ocds-dgv273-seacev3-1224692-2026-08-13T10:27:59.036184-05:00,1224692-10424038917,99740.0,PEN,Soles,2026-07-15T00:00:00-05:00
ocds-dgv273-seacev3-1223756,ocds-dgv273-seacev3-1223756-2026-08-13T10:27:58.990911-05:00,1223756-1811029,743650.0,PEN,Soles,2026-07-13T00:00:00-05:00
ocds-dgv273-seacev3-1222102,ocds-dgv273-seacev3-1222102-2026-08-13T10:27:58.755089-05:00,1222102-L9000032870,800428.35,USD,Dólar Norteamericano,2026-06-15T00:00:00-05:00
ocds-dgv273-seacev3-1228573,ocds-dgv273-seacev3-1228573-2026-08-13T10:27:53.892703-05:00,1228573-10075066509,84200.0,PEN,Soles,2026-07-15T00:00:00-05:00
ocds-dgv273-seacev3-1228886,ocds-dgv273-seacev3-1228886-2026-08-13T10:27:49.579167-05:00,1228886-1817184,3149372.54,PEN,Soles,2026-08-10T00:00:00-05:00
ocds-dgv273-seacev3-1223318,ocds-dgv273-seacev3-1223318-2026-08-13T10:27:49.434210-05:00,1223318-1803729,82950.0,PEN,Soles,2026-06-22T00:00:00-05:00
ocds-dgv273-seacev3-1228124,ocds-dgv273-seacev3-1228124-2026-08-13T10:27:48.776448-05:00,1228124-1816210,1026264.41,PEN,Soles,2026-08-03T00:00:00-05:00
ocds-dgv273-seacev3-1225145,ocds-dgv273-seacev3-1225145-2026-08-13T10:27:48.687020-05:00,1225145-10253285937,203005.0,PEN,Soles,2026-07-09T12:22:10-05:00
ocds-dgv273-seacev3-1227499,ocds-dgv273-seacev3-1227499-2026-08-13T10:27:48.495909-05:00,1227499-1811066,336500.0,PEN,Soles,2026-07-17T00:00:00-05:00
ocds-dgv273-seacev3-1225174,ocds-dgv273-seacev3-1225174-2026-08-13T10:27:48.360938-05:00,1225174-10412307963,91950.0,PEN,Soles,2026-07-09T00:00:00-05:00
ocds-dgv273-seacev3-2026-200190-119,ocds-dgv273-seacev3-2026-200190-119-2026-08-13T10:27:48.285663-05:00,1227638-20612867781,191520.0,PEN,Soles,2026-07-14T00:00:00-05:00
ocds-dgv273-seacev3-1225737,ocds-dgv273-seacev3-1225737-2026-08-13T10:27:48.083080-05:00,1225737-20601505321,200000.0,PEN,Soles,2026-07-06T00:00:00-05:00
ocds-dgv273-seacev3-1221931,ocds-dgv273-seacev3-1221931-2026-08-13T10:27:47.950210-05:00,1221931-20100018625,111500.0,PEN,Soles,2026-07-01T00:00:00-05:00
ocds-dgv273-seacev3-1226541,ocds-dgv273-seacev3-1226541-2026-08-13T10:27:47.795170-05:00,1226541-20533847901,169666.76,PEN,Soles,2026-07-24T00:00:00-05:00
ocds-dgv273-seacev3-2026-200038-24,ocds-dgv273-seacev3-2026-200038-24-2026-08-13T10:27:38.202739-05:00,1227177-20300795821,463760.0,PEN,Soles,2026-07-15T00:00:00-05:00
ocds-dgv273-seacev3-1223625,ocds-dgv273-seacev3-1223625-2026-08-13T10:27:38.131874-05:00,1223625-20600096207,149624.0,PEN,Soles,2026-07-21T00:00:00-05:00
ocds-dgv273-seacev3-1229263,ocds-dgv273-seacev3-1229263-2026-08-13T10:27:38.075174-05:00,1229263-1810306,1127839.27,PEN,Soles,2026-07-15T00:00:00-05:00
ocds-dgv273-seacev3-1223735,ocds-dgv273-seacev3-1223735-2026-08-13T10:27:37.816227-05:00,1223735-20602837735,197400.0,PEN,Soles,2026-06-19T00:00:00-05:00
ocds-dgv273-seacev3-1221264,ocds-dgv273-seacev3-1221264-2026-08-13T10:27:37.800186-05:00,1221264-10316783487,122076.9,PEN,Soles,2026-06-16T00:00:00-05:00
ocds-dgv273-seacev3-1224803,ocds-dgv273-seacev3-1224803-2026-08-13T10:27:37.663195-05:00,1224803-1805796,1630000.0,PEN,Soles,2026-07-02T00:00:00-05:00
ocds-dgv273-seacev3-1223728,ocds-dgv273-seacev3-1223728-2026-08-13T10:27:36.933540-05:00,1223728-20610375708,410102.4,PEN,Soles,2026-06-23T00:00:00-05:00
ocds-dgv273-seacev3-1227803,ocds-dgv273-seacev3-1227803-2026-08-13T10:27:36.784942-05:00,1227803-20512636854,396660.0,PEN,Soles,2026-07-10T00:00:00-05:00
ocds-dgv273-seacev3-1221970,ocds-dgv273-seacev3-1221970-2026-08-13T10:27:36.691600-05:00,1221970-10166567535,168209.1,PEN,Soles,2026-07-09T00:00:00-05:00
ocds-dgv273-seacev3-1224491,ocds-dgv273-seacev3-1224491-2026-08-13T10:27:36.584597-05:00,1224491-20606090936,336455.88,PEN,Soles,2026-06-30T00:00:00-05:00
ocds-dgv273-seacev3-1225206,ocds-dgv273-seacev3-1225206-2026-08-13T10:27:26.284702-05:00,1225206-20604481997,389000.0,PEN,Soles,2026-06-26T00:00:00-05:00
ocds-dgv273-seacev3-1222012,ocds-dgv273-seacev3-1222012-2026-08-13T10:27:26.054740-05:00,1222012-20607779695,140700.0,PEN,Soles,2026-06-26T00:00:00-05:00
ocds-dgv273-seacev3-1227635,ocds-dgv273-seacev3-1227635-2026-08-13T10:27:25.957577-05:00,1227635-1808306,649268.95,PEN,Soles,2026-07-07T00:00:00-05:00
ocds-dgv273-seacev3-1229290,ocds-dgv273-seacev3-1229290-2026-08-13T10:27:25.567761-05:00,1229290-20611686103,60950.61,PEN,Soles,2026-08-03T00:00:00-05:00
ocds-dgv273-seacev3-1228395,ocds-dgv273-seacev3-1228395-2026-08-13T10:27:25.357947-05:00,1228395-20608407996,68819.7,PEN,Soles,2026-07-02T00:00:00-05:00
ocds-dgv273-seacev3-1222767,ocds-dgv273-seacev3-1222767-2026-08-13T10:27:25.254400-05:00,1222767-20605389521,119999.0,PEN,Soles,2026-07-07T00:00:00-05:00
ocds-dgv273-seacev3-1223230,ocds-dgv273-seacev3-1223230-2026-08-13T10:27:24.791158-05:00,1223230-10238934694,710000.0,PEN,Soles,2026-06-18T00:00:00-05:00
ocds-dgv273-seacev3-1221847,ocds-dgv273-seacev3-1221847-2026-08-13T10:27:24.758771-05:00,1221847-20611813113,49476.0,PEN,Soles,2026-06-15T00:00:00-05:00
ocds-dgv273-seacev3-1226181,ocds-dgv273-seacev3-1226181-2026-08-13T10:27:24.633756-05:00,1226181-20507883266,1027800.0,PEN,Soles,2026-07-22T00:00:00-05:00
ocds-dgv273-seacev3-1227369,ocds-dgv273-seacev3-1227369-2026-08-13T10:27:24.596906-05:00,1227369-20513679875,1006024.5,PEN,Soles,2026-07-10T00:00:00-05:00
ocds-dgv273-seacev3-1223277,ocds-dgv273-seacev3-1223277-2026-08-13T10:27:24.530586-05:00,1223277-1803621,666325.0,PEN,Soles,2026-06-23T00:00:00-05:00
ocds-dgv273-seacev3-1225214,ocds-dgv273-seacev3-1225214-2026-08-13T10:27:24.475312-05:00,1225214-1806498,430220.0,PEN,Soles,2026-07-01T00:00:00-05:00
ocds-dgv273-seacev3-1227302,ocds-dgv273-seacev3-1227302-2026-08-13T10:27:24.430895-05:00,1227302-1815375,499000.0,PEN,Soles,2026-08-10T00:00:00-05:00
ocds-dgv273-seacev3-1208287,ocds-dgv273-seacev3-1208287-2026-08-13T10:27:24.369050-05:00,1208287-1811720,18486985.28,PEN,Soles,2026-07-24T00:00:00-05:00
ocds-dgv273-seacev3-1229553,ocds-dgv273-seacev3-1229553-2026-08-12T10:30:46.061786-05:00,1229553-20203348780,75000.0,PEN,Soles,2026-07-15T00:00:00-05:00
ocds-dgv273-seacev3-1239077,ocds-dgv273-seacev3-1239077-2026-08-12T10:30:41.397484-05:00,1239077-1818218,7838808.58,PEN,Soles,2026-08-07T00:00:00-05:00
ocds-dgv273-seacev3-1227710,ocds-dgv273-seacev3-1227710-2026-08-12T10:30:41.008149-05:00,1227710-20607159026,62400.0,PEN,Soles,2026-07-15T00:00:00-05:00
ocds-dgv273-seacev3-2026-20-13,ocds-dgv273-seacev3-2026-20-13-2026-08-12T10:30:40.846748-05:00,1222094-20607713121,346320.0,PEN,Soles,2026-07-01T00:00:00-05:00
ocds-dgv273-seacev3-1222890,ocds-dgv273-seacev3-1222890-2026-08-12T10:30:40.773137-05:00,1222890-20601838088,829000.0,PEN,Soles,2026-06-18T00:00:00-05:00
ocds-dgv273-seacev3-1226225,ocds-dgv273-seacev3-1226225-2026-08-12T10:30:40.675350-05:00,1226225-20477817107,88990.0,PEN,Soles,2026-07-14T00:00:00-05:00
ocds-dgv273-seacev3-1221662,ocds-dgv273-seacev3-1221662-2026-08-12T10:30:40.632857-05:00,1221662-20607728471,139000.0,PEN,Soles,2026-06-18T00:00:00-05:00
ocds-dgv273-seacev3-1221662,ocds-dgv273-seacev3-1221662-2026-08-12T10:30:40.632857-05:00,1221662-20602522998,188664.1,PEN,Soles,2026-07-13T00:00:00-05:00
ocds-dgv273-seacev3-1226775,ocds-dgv273-seacev3-1226775-2026-08-12T10:30:40.611183-05:00,1226775-20600616235,287263.65,PEN,Soles,2026-07-03T00:00:00-05:00
ocds-dgv273-seacev3-1225335,ocds-dgv273-seacev3-1225335-2026-08-12T10:30:40.399481-05:00,1225335-20481144231,86512.0,PEN,Soles,2026-07-09T00:00:00-05:00
ocds-dgv273-seacev3-1224238,ocds-dgv273-seacev3-1224238-2026-08-12T10:30:40.336697-05:00,1224238-20505120451,320000.0,PEN,Soles,2026-07-13T00:00:00-05:00
ocds-dgv273-seacev3-1226062,ocds-dgv273-seacev3-1226062-2026-08-12T10:30:39.954685-05:00,1226062-1806107,278401.0,PEN,Soles,2026-06-26T00:00:00-05:00
ocds-dgv273-seacev3-1223689,ocds-dgv273-seacev3-1223689-2026-08-12T10:30:39.938621-05:00,1223689-1804254,3880861.77,PEN,Soles,2026-06-30T00:00:00-05:00
ocds-dgv273-seacev3-2026-754-3,ocds-dgv273-seacev3-2026-754-3-2026-08-12T10:30:39.844693-05:00,1227487-10414271711,80796.3,PEN,Soles,2026-07-06T00:00:00-05:00
ocds-dgv273-seacev3-1226355,ocds-dgv273-seacev3-1226355-2026-08-12T10:30:39.762938-05:00,1226355-20546461433,89100.0,PEN,Soles,2026-07-03T00:00:00-05:00
ocds-dgv273-seacev3-1223046,ocds-dgv273-seacev3-1223046-2026-08-12T10:30:39.608736-05:00,1223046-20614037378,90947.0,PEN,Soles,2026-06-19T00:00:00-05:00
ocds-dgv273-seacev3-1222961,ocds-dgv273-seacev3-1222961-2026-08-12T10:30:39.554612-05:00,1222961-20568427301,396826.0,PEN,Soles,2026-07-06T00:00:00-05:00
ocds-dgv273-seacev3-1224884,ocds-dgv273-seacev3-1224884-2026-08-12T10:30:39.415082-05:00,1224884-1805812,105620.4,PEN,Soles,2026-07-02T00:00:00-05:00
ocds-dgv273-seacev3-1222410,ocds-dgv273-seacev3-1222410-2026-08-12T10:30:39.351084-05:00,1222410-1802252,457991.62,PEN,Soles,2026-06-18T00:00:00-05:00
ocds-dgv273-seacev3-1229173,ocds-dgv273-seacev3-1229173-2026-08-12T10:30:33.336949-05:00,1229173-10239403226,230212.74,PEN,Soles,2026-07-09T00:00:00-05:00
ocds-dgv273-seacev3-1229249,ocds-dgv273-seacev3-1229249-2026-08-12T10:30:30.578180-05:00,1229249-1810670,57348.69,PEN,Soles,2026-07-14T00:00:00-05:00
ocds-dgv273-seacev3-1229642,ocds-dgv273-seacev3-1229642-2026-08-12T10:30:29.709038-05:00,1229642-20550683645,213560.0,PEN,Soles,2026-07-14T00:00:00-05:00
ocds-dgv273-seacev3-1229844,ocds-dgv273-seacev3-1229844-2026-08-12T10:30:29.464170-05:00,1229844-20502257987,60480.0,PEN,Soles,2026-07-15T00:00:00-05:00
ocds-dgv273-seacev3-1226070,ocds-dgv273-seacev3-1226070-2026-08-12T10:30:28.966215-05:00,1226070-1811207,313913.91,PEN,Soles,2026-07-15T00:00:00-05:00
ocds-dgv273-seacev3-1227703,ocds-dgv273-seacev3-1227703-2026-08-12T10:30:28.781564-05:00,1227703-20600852346,314673.24,PEN,Soles,2026-07-02T00:00:00-05:00
ocds-dgv273-seacev3-2026-2409-134,ocds-dgv273-seacev3-2026-2409-134-2026-08-12T10:30:28.674761-05:00,1227345-20601439582,134178.83,PEN,Soles,2026-07-31T00:00:00-05:00
ocds-dgv273-seacev3-1228175,ocds-dgv273-seacev3-1228175-2026-08-12T10:30:28.629277-05:00,1228175-20605475541,131800.0,PEN,Soles,2026-07-08T00:00:00-05:00
ocds-dgv273-seacev3-1227329,ocds-dgv273-seacev3-1227329-2026-08-12T10:30:28.607042-05:00,1227329-20602002285,694453.8,PEN,Soles,2026-07-17T00:00:00-05:00
ocds-dgv273-seacev3-1226175,ocds-dgv273-seacev3-1226175-2026-08-12T10:30:28.338425-05:00,1226175-1808565,2109572.98,PEN,Soles,2026-07-21T00:00:00-05:00
ocds-dgv273-seacev3-1239989,ocds-dgv273-seacev3-1239989-2026-08-12T10:30:23.616573-05:00,1239989-10419380828,510192.37,PEN,Soles,2026-08-10T00:00:00-05:00
ocds-dgv273-seacev3-1226320,ocds-dgv273-seacev3-1226320-2026-08-12T10:30:18.016505-05:00,1226320-1809908,308807.23,PEN,Soles,2026-07-22T00:00:00-05:00
ocds-dgv273-seacev3-2026-200260-1,ocds-dgv273-seacev3-2026-200260-1-2026-08-12T10:30:17.884689-05:00,1224440-20568398794,117399.39,PEN,Soles,2026-07-06T00:00:00-05:00
ocds-dgv273-seacev3-1226395,ocds-dgv273-seacev3-1226395-2026-08-12T10:30:17.557163-05:00,1226395-10437873360,2577190.0,PEN,Soles,2026-07-01T00:00:00-05:00
ocds-dgv273-seacev3-1226395,ocds-dgv273-seacev3-1226395-2026-08-12T10:30:17.557163-05:00,1226395-10440757176,558000.0,PEN,Soles,2026-07-01T00:00:00-05:00
ocds-dgv273-seacev3-1226205,ocds-dgv273-seacev3-1226205-2026-08-12T10:30:17.334868-05:00,1226205-1808604,1721683.21,PEN,Soles,2026-07-21T00:00:00-05:00
ocds-dgv273-seacev3-1227563,ocds-dgv273-seacev3-1227563-2026-08-12T10:30:17.288947-05:00,1227563-20612993972,51750.0,PEN,Soles,2026-07-13T00:00:00-05:00
ocds-dgv273-seacev3-1226588,ocds-dgv273-seacev3-1226588-2026-08-12T10:30:17.154644-05:00,1226588-10052833197,411380.0,PEN,Soles,2026-07-10T00:00:00-05:00
ocds-dgv273-seacev3-2026-200030-32,ocds-dgv273-seacev3-2026-200030-32-2026-08-12T10:30:17.072060-05:00,1199807-1783467,166207.25,PEN,Soles,2026-05-06T00:00:00-05:00
ocds-dgv273-seacev3-2026-200030-32,ocds-dgv273-seacev3-2026-200030-32-2026-08-12T10:30:17.072060-05:00,1227485-1809858,184674.72,PEN,Soles,2026-07-15T00:00:00-05:00
ocds-dgv273-seacev3-1226259,ocds-dgv273-seacev3-1226259-2026-08-12T10:30:16.981914-05:00,1226259-20511037001,374194.0,PEN,Soles,2026-07-01T00:00:00-05:00
ocds-dgv273-seacev3-1226513,ocds-dgv273-seacev3-1226513-2026-08-12T10:30:16.914797-05:00,1226513-1809072,555065.27,PEN,Soles,2026-07-08T00:00:00-05:00
ocds-dgv273-seacev3-1221474,ocds-dgv273-seacev3-1221474-2026-08-12T10:30:16.816074-05:00,1221474-20607713651,57402.0,PEN,Nuevos Soles,2026-06-24T00:00:00-05:00
ocds-dgv273-seacev3-1221016,ocds-dgv273-seacev3-1221016-2026-08-12T10:30:16.564828-05:00,1221016-1808312,314797.33,PEN,Soles,2026-07-09T00:00:00-05:00
ocds-dgv273-seacev3-1221573,ocds-dgv273-seacev3-1221573-2026-08-12T10:30:16.550505-05:00,1221573-20559644243,45900.0,PEN,Soles,2026-06-17T00:00:00-05:00
ocds-dgv273-seacev3-1228482,ocds-dgv273-seacev3-1228482-2026-08-12T10:30:07.730170-05:00,1228482-20605408631,180071.0,PEN,Soles,2026-07-08T00:00:00-05:00
ocds-dgv273-seacev3-1228491,ocds-dgv273-seacev3-1228491-2026-08-12T10:30:07.629173-05:00,1228491-1816689,509814.48,PEN,Soles,2026-08-10T00:00:00-05:00
ocds-dgv273-seacev3-1227196,ocds-dgv273-seacev3-1227196-2026-08-12T10:30:07.311934-05:00,1227196-1807786,754432.98,PEN,Soles,2026-07-14T00:00:00-05:00
ocds-dgv273-seacev3-1227514,ocds-dgv273-seacev3-1227514-2026-08-12T10:30:07.136662-05:00,1227514-20553853355,303400.0,PEN,Soles,2026-07-14T00:00:00-05:00
ocds-dgv273-seacev3-1229596,ocds-dgv273-seacev3-1229596-2026-08-12T10:30:06.946155-05:00,1229596-10338160378,108000.0,PEN,Soles,2026-07-08T00:00:00-05:00
ocds-dgv273-seacev3-1227649,ocds-dgv273-seacev3-1227649-2026-08-12T10:30:06.412965-05:00,1227649-20498179674,355500.0,PEN,Soles,2026-07-06T00:00:00-05:00
ocds-dgv273-seacev3-1227531,ocds-dgv273-seacev3-1227531-2026-08-12T10:30:06.280115-05:00,1227531-10079977344,55000.0,PEN,Soles,2026-06-25T00:00:00-05:00
ocds-dgv273-seacev3-1226434,ocds-dgv273-seacev3-1226434-2026-08-12T10:30:06.124732-05:00,1226434-10421960823,81900.0,PEN,Soles,2026-06-25T00:00:00-05:00
ocds-dgv273-seacev3-1224494,ocds-dgv273-seacev3-1224494-2026-08-12T10:30:06.058753-05:00,1224494-20611965649,306850.0,PEN,Soles,2026-06-26T00:00:00-05:00
ocds-dgv273-seacev3-1227520,ocds-dgv273-seacev3-1227520-2026-08-12T10:30:05.820915-05:00,1227520-1809849,524490.23,PEN,Soles,2026-07-10T00:00:00-05:00
ocds-dgv273-seacev3-1225394,ocds-dgv273-seacev3-1225394-2026-08-12T10:30:05.766521-05:00,1225394-20601495423,123000.0,PEN,Soles,2026-07-14T00:00:00-05:00
ocds-dgv273-seacev3-1224301,ocds-dgv273-seacev3-1224301-2026-08-12T10:30:05.579078-05:00,1224301-20532400628,67500.0,PEN,Soles,2026-06-17T00:00:00-05:00
ocds-dgv273-seacev3-1228467,ocds-dgv273-seacev3-1228467-2026-08-12T10:30:05.489644-05:00,1228467-20612747475,59900.0,PEN,Soles,2026-07-06T00:00:00-05:00
ocds-dgv273-seacev3-1223346,ocds-dgv273-seacev3-1223346-2026-08-12T10:30:05.285202-05:00,1223346-20615041786,16900.0,PEN,Soles,2026-06-22T00:00:00-05:00
ocds-dgv273-seacev3-1223346,ocds-dgv273-seacev3-1223346-2026-08-12T10:30:05.285202-05:00,1223346-20559644243,81664.0,PEN,Soles,2026-07-13T00:00:00-05:00
ocds-dgv273-seacev3-1227412,ocds-dgv273-seacev3-1227412-2026-08-12T10:30:05.167534-05:00,1227412-1808044,743852.26,PEN,Soles,2026-07-06T00:00:00-05:00
ocds-dgv273-seacev3-1226490,ocds-dgv273-seacev3-1226490-2026-08-12T10:30:05.121063-05:00,1226490-10429505921,169613.02,PEN,Soles,2026-07-17T00:00:00-05:00
ocds-dgv273-seacev3-2026-2341-36,ocds-dgv273-seacev3-2026-2341-36-2026-08-12T10:30:05.089844-05:00,1221440-20514781851,132374.0,USD,Dólar Norteamericano,2026-06-15T00:00:00-05:00
ocds-dgv273-seacev3-1222337,ocds-dgv273-seacev3-1222337-2026-08-12T10:30:05.059474-05:00,1222337-20608837630,123222.99,PEN,Soles,2026-07-13T00:00:00-05:00
ocds-dgv273-seacev3-1234497,ocds-dgv273-seacev3-1234497-2026-08-12T10:30:01.593857-05:00,1234497-20610919759,99932.0,PEN,Soles,2026-07-16T00:00:00-05:00
ocds-dgv273-seacev3-1227004,ocds-dgv273-seacev3-1227004-2026-08-12T10:29:56.536186-05:00,1227004-20604130680,65895.24,PEN,Soles,2026-07-03T00:00:00-05:00
ocds-dgv273-seacev3-1225788,ocds-dgv273-seacev3-1225788-2026-08-12T10:29:56.428374-05:00,1225788-1807767,199999.99,PEN,Soles,2026-07-24T00:00:00-05:00
ocds-dgv273-seacev3-1223723,ocds-dgv273-seacev3-1223723-2026-08-12T10:29:55.712654-05:00,1223723-10425227195,69000.0,PEN,Soles,2026-06-18T15:52:51-05:00
ocds-dgv273-seacev3-1223723,ocds-dgv273-seacev3-1223723-2026-08-12T10:29:55.712654-05:00,1223723-10252184851,71000.0,PEN,Soles,2026-07-13T00:00:00-05:00
ocds-dgv273-seacev3-2026-1993-6,ocds-dgv273-seacev3-2026-1993-6-2026-08-12T10:29:55.667319-05:00,1223561-20100210909,304636.59,PEN,Soles,2026-07-14T00:00:00-05:00
ocds-dgv273-seacev3-1226167,ocds-dgv273-seacev3-1226167-2026-08-12T10:29:55.268062-05:00,1226167-20203348780,45000.0,PEN,Soles,2026-07-07T00:00:00-05:00
ocds-dgv273-seacev3-1227076,ocds-dgv273-seacev3-1227076-2026-08-12T10:29:55.162083-05:00,1227076-20101279635,98799.0,PEN,Soles,2026-07-13T00:00:00-05:00
ocds-dgv273-seacev3-1227729,ocds-dgv273-seacev3-1227729-2026-08-12T10:29:55.147548-05:00,1227729-20614925648,201500.0,PEN,Soles,2026-07-07T00:00:00-05:00
ocds-dgv273-seacev3-1226345,ocds-dgv273-seacev3-1226345-2026-08-12T10:29:55.085692-05:00,1226345-20526380381,303860.0,PEN,Soles,2026-06-26T00:00:00-05:00
ocds-dgv273-seacev3-1227210,ocds-dgv273-seacev3-1227210-2026-08-12T10:29:55.061913-05:00,1227210-20603690240,129990.0,PEN,Soles,2026-06-23T00:00:00-05:00
ocds-dgv273-seacev3-1222539,ocds-dgv273-seacev3-1222539-2026-08-12T10:29:54.838846-05:00,1222539-20601135141,126000.0,PEN,Soles,2026-07-07T00:00:00-05:00
ocds-dgv273-seacev3-1227838,ocds-dgv273-seacev3-1227838-2026-08-12T10:29:54.731119-05:00,1227838-20563576295,58800.0,PEN,Soles,2026-07-24T00:00:00-05:00
ocds-dgv273-seacev3-1221631,ocds-dgv273-seacev3-1221631-2026-08-12T10:29:54.617087-05:00,1221631-1804805,338074.2,PEN,Soles,2026-07-07T00:00:00-05:00
ocds-dgv273-seacev3-2026-1841-6,ocds-dgv273-seacev3-2026-1841-6-2026-08-12T10:29:54.563860-05:00,1222887-1803033,933524.21,PEN,Soles,2026-06-30T00:00:00-05:00
ocds-dgv273-seacev3-1226292,ocds-dgv273-seacev3-1226292-2026-08-12T10:29:54.487139-05:00,1226292-20526380381,91600.11,PEN,Soles,2026-06-26T00:00:00-05:00
ocds-dgv273-seacev3-1222311,ocds-dgv273-seacev3-1222311-2026-08-12T10:29:54.426404-05:00,1222311-1805571,1218531.29,PEN,Soles,2026-07-01T00:00:00-05:00
ocds-dgv273-seacev3-1225933,ocds-dgv273-seacev3-1225933-2026-08-12T10:29:54.183722-05:00,1225933-20600397789,479363.2,PEN,Soles,2026-07-03T00:00:00-05:00
ocds-dgv273-seacev3-1222321,ocds-dgv273-seacev3-1222321-2026-08-12T10:29:54.051555-05:00,1222321-20100287791,154800.0,PEN,Soles,2026-07-13T00:00:00-05:00
ocds-dgv273-seacev3-1222321,ocds-dgv273-seacev3-1222321-2026-08-12T10:29:54.051555-05:00,1222321-20603713703,88630.0,PEN,Soles,2026-07-13T00:00:00-05:00
ocds-dgv273-seacev3-1222321,ocds-dgv273-seacev3-1222321-2026-08-12T10:29:54.051555-05:00,1222321-20608924320,152100.0,PEN,Soles,2026-07-13T00:00:00-05:00
ocds-dgv273-seacev3-1224682,ocds-dgv273-seacev3-1224682-2026-08-12T10:29:45.447821-05:00,1224682-1811448,185000.0,PEN,Soles,2026-07-30T00:00:00-05:00
ocds-dgv273-seacev3-1224337,ocds-dgv273-seacev3-1224337-2026-08-12T10:29:45.311459-05:00,1224337-20604097941,296053.8,PEN,Soles,2026-07-08T00:00:00-05:00
ocds-dgv273-seacev3-1223512,ocds-dgv273-seacev3-1223512-2026-08-12T10:29:45.278539-05:00,1223512-1804367,483000.0,PEN,Soles,2026-06-23T00:00:00-05:00
ocds-dgv273-seacev3-1222900,ocds-dgv273-seacev3-1222900-2026-08-12T10:29:45.183578-05:00,1222900-20601926998,58996.0,PEN,Soles,2026-07-07T00:00:00-05:00
ocds-dgv273-seacev3-1222923,ocds-dgv273-seacev3-1222923-2026-08-12T10:29:44.973031-05:00,1222923-20480471220,334140.0,PEN,Soles,2026-07-02T00:00:00-05:00
ocds-dgv273-seacev3-1227149,ocds-dgv273-seacev3-1227149-2026-08-12T10:29:44.675993-05:00,1227149-20604007624,152280.0,PEN,Soles,2026-07-15T00:00:00-05:00
ocds-dgv273-seacev3-1227350,ocds-dgv273-seacev3-1227350-2026-08-12T10:29:44.642019-05:00,1227350-20608715593,122000.0,PEN,Soles,2026-07-09T00:00:00-05:00
ocds-dgv273-seacev3-1228028,ocds-dgv273-seacev3-1228028-2026-08-12T10:29:44.464818-05:00,1228028-20480833822,599832.63,PEN,Soles,2026-07-10T00:00:00-05:00
ocds-dgv273-seacev3-1226315,ocds-dgv273-seacev3-1226315-2026-08-12T10:29:44.248414-05:00,1226315-20607089265,268953.28,PEN,Soles,2026-06-19T00:00:00-05:00
ocds-dgv273-seacev3-1223832,ocds-dgv273-seacev3-1223832-2026-08-12T10:29:44.161368-05:00,1223832-1807133,333553.55,PEN,Soles,2026-07-07T00:00:00-05:00
ocds-dgv273-seacev3-1229119,ocds-dgv273-seacev3-1229119-2026-08-12T10:29:33.865328-05:00,1229119-20600111150,45630.0,PEN,Soles,2026-07-10T00:00:00-05:00
ocds-dgv273-seacev3-1221678,ocds-dgv273-seacev3-1221678-2026-08-12T10:29:33.836165-05:00,1221678-1803732,201203.81,PEN,Soles,2026-07-03T00:00:00-05:00
ocds-dgv273-seacev3-1223276,ocds-dgv273-seacev3-1223276-2026-08-12T10:29:33.733056-05:00,1223276-1803755,175000.0,PEN,Soles,2026-07-01T00:00:00-05:00
ocds-dgv273-seacev3-1224936,ocds-dgv273-seacev3-1224936-2026-08-12T10:29:33.447034-05:00,1224936-1805276,94808.7,PEN,Soles,2026-07-02T00:00:00-05:00
ocds-dgv273-seacev3-1225767,ocds-dgv273-seacev3-1225767-2026-08-12T10:29:33.316116-05:00,1225767-1807421,226891.11,PEN,Soles,2026-07-03T00:00:00-05:00
ocds-dgv273-seacev3-1224907,ocds-dgv273-seacev3-1224907-2026-08-12T10:29:33.079647-05:00,1224907-20611355824,182830.0,PEN,Soles,2026-06-26T00:00:00-05:00
ocds-dgv273-seacev3-1224907,ocds-dgv273-seacev3-1224907-2026-08-12T10:29:33.079647-05:00,1224907-20604625883,184775.0,PEN,Soles,2026-07-20T00:00:00-05:00
ocds-dgv273-seacev3-1227935,ocds-dgv273-seacev3-1227935-2026-08-12T10:29:32.958184-05:00,1227935-20601809061,77738.4,PEN,Soles,2026-07-16T00:00:00-05:00
ocds-dgv273-seacev3-1225362,ocds-dgv273-seacev3-1225362-2026-08-12T10:29:32.896563-05:00,1225362-10702931261,189000.0,PEN,Soles,2026-06-25T00:00:00-05:00
ocds-dgv273-seacev3-2026-10408-1,ocds-dgv273-seacev3-2026-10408-1-2026-08-12T10:29:32.767884-05:00,1222208-20612150631,160850.0,PEN,Soles,2026-06-18T00:00:00-05:00
ocds-dgv273-seacev3-1226930,ocds-dgv273-seacev3-1226930-2026-08-12T10:29:32.568358-05:00,1226930-20602078109,80176.0,PEN,Nuevos Soles,2026-07-31T00:00:00-05:00
ocds-dgv273-seacev3-2026-2382-20,ocds-dgv273-seacev3-2026-2382-20-2026-08-12T10:29:32.448095-05:00,1225239-20604777870,524599.0,PEN,Soles,2026-08-05T00:00:00-05:00
ocds-dgv273-seacev3-1226043,ocds-dgv273-seacev3-1226043-2026-08-12T10:29:32.383186-05:00,1226043-20605282271,201600.0,PEN,Soles,2026-07-14T00:00:00-05:00
ocds-dgv273-seacev3-1224418,ocds-dgv273-seacev3-1224418-2026-08-12T10:29:32.366062-05:00,1224418-20603946066,71800.0,PEN,Soles,2026-06-25T00:00:00-05:00
ocds-dgv273-seacev3-1225943,ocds-dgv273-seacev3-1225943-2026-08-12T10:29:32.128364-05:00,1225943-20608590405,308000.0,PEN,Soles,2026-07-15T00:00:00-05:00
ocds-dgv273-seacev3-1225414,ocds-dgv273-seacev3-1225414-2026-08-12T10:29:31.740867-05:00,1225414-20526312628,373914.0,PEN,Soles,2026-07-02T00:00:00-05:00
ocds-dgv273-seacev3-1223874,ocds-dgv273-seacev3-1223874-2026-08-11T10:16:21.561541-05:00,1223874-20100295891,2429308.8,PEN,Soles,2026-07-15T00:00:00-05:00
ocds-dgv273-seacev3-1229177,ocds-dgv273-seacev3-1229177-2026-08-11T10:16:15.637762-05:00,1229177-20507852549,139254.0,PEN,Nuevos Soles,2026-07-17T00:00:00-05:00
ocds-dgv273-seacev3-1227938,ocds-dgv273-seacev3-1227938-2026-08-11T10:15:43.457818-05:00,1227938-20605451021,283630.4,PEN,Soles,2026-07-10T00:00:00-05:00
ocds-dgv273-seacev3-1226701,ocds-dgv273-seacev3-1226701-2026-08-10T10:05:39.291465-05:00,1226701-20511037001,619344.0,PEN,Soles,2026-06-30T00:00:00-05:00
ocds-dgv273-seacev3-1226632,ocds-dgv273-seacev3-1226632-2026-08-10T10:05:39.274416-05:00,1226632-1809115,152852.71,PEN,Soles,2026-07-10T00:00:00-05:00
ocds-dgv273-seacev3-1225705,ocds-dgv273-seacev3-1225705-2026-08-10T10:05:39.253773-05:00,1225705-1806166,133574.65,PEN,Soles,2026-06-30T00:00:00-05:00
ocds-dgv273-seacev3-1223321,ocds-dgv273-seacev3-1223321-2026-08-10T10:05:33.193321-05:00,1223321-20602771246,785000.0,PEN,Soles,2026-07-02T00:00:00-05:00
ocds-dgv273-seacev3-1226037,ocds-dgv273-seacev3-1226037-2026-08-10T10:05:32.905602-05:00,1226037-20608030035,363300.0,PEN,Soles,2026-07-01T00:00:00-05:00
ocds-dgv273-seacev3-1223966,ocds-dgv273-seacev3-1223966-2026-08-10T10:05:32.603323-05:00,1223966-20610899847,90000.0,PEN,Nuevos Soles,2026-07-22T00:00:00-05:00
ocds-dgv273-seacev3-1228658,ocds-dgv273-seacev3-1228658-2026-08-07T10:22:36.447116-05:00,1228658-20601397553,59395.5,PEN,Soles,2026-07-14T14:37:12-05:00
ocds-dgv273-seacev3-1222635,ocds-dgv273-seacev3-1222635-2026-08-07T10:22:35.150662-05:00,1222635-20605134557,350900.0,PEN,Soles,2026-07-03T00:00:00-05:00
ocds-dgv273-seacev3-1224630,ocds-dgv273-seacev3-1224630-2026-08-07T10:22:35.096054-05:00,1224630-20609290928,245432.0,PEN,Soles,2026-06-23T00:00:00-05:00
ocds-dgv273-seacev3-1229118,ocds-dgv273-seacev3-1229118-2026-08-07T10:22:34.998544-05:00,1229118-20295006570,87960.0,PEN,Soles,2026-07-15T00:00:00-05:00
ocds-dgv273-seacev3-1225466,ocds-dgv273-seacev3-1225466-2026-08-07T10:22:34.925639-05:00,1225466-1806793,709833.94,PEN,Soles,2026-07-01T00:00:00-05:00
ocds-dgv273-seacev3-1226479,ocds-dgv273-seacev3-1226479-2026-08-07T10:22:34.884838-05:00,1226479-20529643773,84486.35,PEN,Soles,2026-07-03T00:00:00-05:00
ocds-dgv273-seacev3-1221553,ocds-dgv273-seacev3-1221553-2026-08-07T10:22:34.792452-05:00,1221553-1805473,261412.6,PEN,Soles,2026-06-25T00:00:00-05:00
ocds-dgv273-seacev3-1223730,ocds-dgv273-seacev3-1223730-2026-08-07T10:22:34.777071-05:00,1223730-10427695358,285778.56,PEN,Soles,2026-07-09T00:00:00-05:00
ocds-dgv273-seacev3-2026-680-6,ocds-dgv273-seacev3-2026-680-6-2026-08-07T10:22:34.091003-05:00,1190276-1772494,336628.08,PEN,Soles,2026-03-23T00:00:00-05:00
ocds-dgv273-seacev3-2026-680-6,ocds-dgv273-seacev3-2026-680-6-2026-08-07T10:22:34.091003-05:00,1227569-1808706,336627.24,PEN,Soles,2026-07-06T00:00:00-05:00
ocds-dgv273-seacev3-1227124,ocds-dgv273-seacev3-1227124-2026-08-07T10:22:34.061227-05:00,1227124-1807863,589957.73,PEN,Soles,2026-07-09T00:00:00-05:00
ocds-dgv273-seacev3-1225978,ocds-dgv273-seacev3-1225978-2026-08-07T10:22:33.905191-05:00,1225978-10106595807,251961.89,PEN,Soles,2026-07-22T00:00:00-05:00
ocds-dgv273-seacev3-1224027,ocds-dgv273-seacev3-1224027-2026-08-07T10:22:33.752269-05:00,1224027-20610020292,2785200.0,PEN,Soles,2026-07-06T00:00:00-05:00
ocds-dgv273-seacev3-1229326,ocds-dgv273-seacev3-1229326-2026-08-07T10:22:31.009160-05:00,1229326-10772181511,105000.0,PEN,Soles,2026-07-09T00:00:00-05:00
ocds-dgv273-seacev3-1228609,ocds-dgv273-seacev3-1228609-2026-08-07T10:22:27.330905-05:00,1228609-20568975422,110300.0,PEN,Soles,2026-07-10T00:00:00-05:00
ocds-dgv273-seacev3-1226621,ocds-dgv273-seacev3-1226621-2026-08-07T10:22:27.116243-05:00,1226621-1809610,404523.59,PEN,Soles,2026-07-09T00:00:00-05:00
ocds-dgv273-seacev3-1229612,ocds-dgv273-seacev3-1229612-2026-08-07T10:22:26.683209-05:00,1229612-20606359218,93880.0,PEN,Soles,2026-07-17T00:00:00-05:00
ocds-dgv273-seacev3-1226596,ocds-dgv273-seacev3-1226596-2026-08-07T10:22:26.660877-05:00,1226596-20601062853,99895.0,PEN,Soles,2026-07-21T00:00:00-05:00
ocds-dgv273-seacev3-1221971,ocds-dgv273-seacev3-1221971-2026-08-07T10:22:26.602700-05:00,1221971-1815060,160000.0,PEN,Soles,2026-08-05T00:00:00-05:00
ocds-dgv273-seacev3-1226372,ocds-dgv273-seacev3-1226372-2026-08-07T10:22:26.319304-05:00,1226372-20600962796,1191680.0,PEN,Soles,2026-06-26T00:00:00-05:00
ocds-dgv273-seacev3-1223936,ocds-dgv273-seacev3-1223936-2026-08-07T10:22:26.233405-05:00,1223936-20604178704,224730.0,PEN,Soles,2026-06-22T00:00:00-05:00
ocds-dgv273-seacev3-1225524,ocds-dgv273-seacev3-1225524-2026-08-07T10:22:26.206940-05:00,1225524-20601319676,4884820.0,PEN,Soles,2026-06-19T00:00:00-05:00
ocds-dgv273-seacev3-2026-1324-10,ocds-dgv273-seacev3-2026-1324-10-2026-08-07T10:22:26.176065-05:00,1228726-10107985978,108885.0,PEN,Soles,2026-07-09T00:00:00-05:00
ocds-dgv273-seacev3-1224555,ocds-dgv273-seacev3-1224555-2026-08-07T10:22:26.132130-05:00,1224555-1804597,262054.95,PEN,Soles,2026-06-26T00:00:00-05:00
ocds-dgv273-seacev3-1223752,ocds-dgv273-seacev3-1223752-2026-08-07T10:22:26.102469-05:00,1223752-20604954895,106350.0,PEN,Soles,2026-07-08T00:00:00-05:00
ocds-dgv273-seacev3-1228995,ocds-dgv273-seacev3-1228995-2026-08-07T10:22:26.080177-05:00,1228995-1811554,186788.0,PEN,Soles,2026-07-24T00:00:00-05:00
ocds-dgv273-seacev3-1223396,ocds-dgv273-seacev3-1223396-2026-08-07T10:22:25.887443-05:00,1223396-20603333137,168000.0,PEN,Soles,2026-07-10T00:00:00-05:00
ocds-dgv273-seacev3-1229833,ocds-dgv273-seacev3-1229833-2026-08-07T10:22:25.747703-05:00,1229833-10410890653,73440.0,PEN,Soles,2026-07-06T00:00:00-05:00
ocds-dgv273-seacev3-1226085,ocds-dgv273-seacev3-1226085-2026-08-07T10:22:25.726781-05:00,1226085-10322760359,257715.0,PEN,Soles,2026-06-25T23:14:29-05:00
ocds-dgv273-seacev3-1225032,ocds-dgv273-seacev3-1225032-2026-08-07T10:22:25.505521-05:00,1225032-1807199,343939.12,PEN,Soles,2026-07-07T00:00:00-05:00
ocds-dgv273-seacev3-1225464,ocds-dgv273-seacev3-1225464-2026-08-07T10:22:25.456727-05:00,1225464-1806767,1760979.73,PEN,Soles,2026-07-20T00:00:00-05:00
ocds-dgv273-seacev3-2026-200333-9,ocds-dgv273-seacev3-2026-200333-9-2026-08-07T10:22:25.426422-05:00,1223991-20486277069,124437.75,PEN,Soles,2026-07-01T00:00:00-05:00
ocds-dgv273-seacev3-1224134,ocds-dgv273-seacev3-1224134-2026-08-07T10:22:25.411474-05:00,1224134-20506719331,297000.0,PEN,Soles,2026-07-07T00:00:00-05:00
ocds-dgv273-seacev3-1227994,ocds-dgv273-seacev3-1227994-2026-08-07T10:22:25.238083-05:00,1227994-20277897734,115664.0,PEN,Soles,2026-07-08T00:00:00-05:00
ocds-dgv273-seacev3-1227732,ocds-dgv273-seacev3-1227732-2026-08-07T10:22:25.215143-05:00,1227732-20534500590,1054874.1,PEN,Soles,2026-07-21T00:00:00-05:00
ocds-dgv273-seacev3-1221990,ocds-dgv273-seacev3-1221990-2026-08-07T10:22:25.042214-05:00,1221990-20390932864,237000.0,PEN,Soles,2026-06-18T00:00:00-05:00
ocds-dgv273-seacev3-1224837,ocds-dgv273-seacev3-1224837-2026-08-07T10:22:24.963459-05:00,1224837-20405982782,629700.0,PEN,Soles,2026-07-01T00:00:00-05:00
ocds-dgv273-seacev3-1224516,ocds-dgv273-seacev3-1224516-2026-08-07T10:22:24.882614-05:00,1224516-1805920,1939828.73,PEN,Soles,2026-06-30T00:00:00-05:00
ocds-dgv273-seacev3-1221128,ocds-dgv273-seacev3-1221128-2026-08-07T10:22:24.740210-05:00,1221128-20600067592,84899.2,PEN,Soles,2026-06-12T00:00:00-05:00
ocds-dgv273-seacev3-1226971,ocds-dgv273-seacev3-1226971-2026-08-07T10:22:24.684973-05:00,1226971-1808234,1876963.35,PEN,Soles,2026-07-09T00:00:00-05:00
ocds-dgv273-seacev3-1227804,ocds-dgv273-seacev3-1227804-2026-08-07T10:22:24.667499-05:00,1227804-20614652978,146740.0,PEN,Soles,2026-07-14T00:00:00-05:00
ocds-dgv273-seacev3-1227854,ocds-dgv273-seacev3-1227854-2026-08-07T10:22:24.549939-05:00,1227854-20498475052,71780.0,PEN,Soles,2026-07-09T00:00:00-05:00
ocds-dgv273-seacev3-1232264,ocds-dgv273-seacev3-1232264-2026-08-07T10:22:15.636239-05:00,1232264-20611574046,76065.55,PEN,Soles,2026-07-22T00:00:00-05:00
ocds-dgv273-seacev3-2026-200283-14,ocds-dgv273-seacev3-2026-200283-14-2026-08-07T10:22:15.620817-05:00,1229893-20553404631,135531.0,PEN,Soles,2026-07-15T00:00:00-05:00
ocds-dgv273-seacev3-1238663,ocds-dgv273-seacev3-1238663-2026-08-07T10:22:15.349402-05:00,1238663-10765469762,16500.0,PEN,Soles,2026-08-04T00:00:00-05:00
ocds-dgv273-seacev3-1221467,ocds-dgv273-seacev3-1221467-2026-08-07T10:22:15.167110-05:00,1221467-1798056,832688.5,PEN,Soles,2026-06-03T00:00:00-05:00
ocds-dgv273-seacev3-2026-2380-23,ocds-dgv273-seacev3-2026-2380-23-2026-08-07T10:22:15.112979-05:00,1224259-20440302689,1434647.25,PEN,Soles,2026-08-05T00:00:00-05:00
ocds-dgv273-seacev3-1229087,ocds-dgv273-seacev3-1229087-2026-08-07T10:22:14.984199-05:00,1229087-1811481,53200.0,PEN,Soles,2026-07-21T00:00:00-05:00
ocds-dgv273-seacev3-1223979,ocds-dgv273-seacev3-1223979-2026-08-07T10:22:14.960950-05:00,1223979-10436207081,84900.0,PEN,Soles,2026-08-04T00:00:00-05:00
ocds-dgv273-seacev3-1223941,ocds-dgv273-seacev3-1223941-2026-08-07T10:22:14.871247-05:00,1223941-1804132,914297.37,PEN,Soles,2026-07-03T00:00:00-05:00
ocds-dgv273-seacev3-2026-200501-8,ocds-dgv273-seacev3-2026-200501-8-2026-08-07T10:22:14.550180-05:00,1222382-20477911111,80000.0,PEN,Soles,2026-07-07T00:00:00-05:00
ocds-dgv273-seacev3-1227287,ocds-dgv273-seacev3-1227287-2026-08-07T10:22:14.389099-05:00,1227287-20490764446,252735.0,PEN,Soles,2026-07-06T00:00:00-05:00
ocds-dgv273-seacev3-2026-1339-33,ocds-dgv273-seacev3-2026-1339-33-2026-08-07T10:22:14.320539-05:00,1227546-20605622080,294009.46,PEN,Soles,2026-07-06T00:00:00-05:00
ocds-dgv273-seacev3-1223323,ocds-dgv273-seacev3-1223323-2026-08-07T10:22:14.305004-05:00,1223323-10206910220,460000.0,PEN,Soles,2026-07-08T00:00:00-05:00
ocds-dgv273-seacev3-1222560,ocds-dgv273-seacev3-1222560-2026-08-07T10:22:14.198675-05:00,1222560-20606831391,123000.0,PEN,Soles,2026-06-26T00:00:00-05:00
ocds-dgv273-seacev3-1226364,ocds-dgv273-seacev3-1226364-2026-08-07T10:22:14.177847-05:00,1226364-20452622948,199990.0,PEN,Soles,2026-07-03T00:00:00-05:00
ocds-dgv273-seacev3-2026-1807-13,ocds-dgv273-seacev3-2026-1807-13-2026-08-07T10:22:09.844404-05:00,1229123-1810075,748000.0,PEN,Soles,2026-07-09T00:00:00-05:00
ocds-dgv273-seacev3-1228165,ocds-dgv273-seacev3-1228165-2026-08-07T10:22:06.597295-05:00,1228165-10443981395,68000.0,PEN,Soles,2026-07-22T00:00:00-05:00
ocds-dgv273-seacev3-1225917,ocds-dgv273-seacev3-1225917-2026-08-07T10:22:06.551459-05:00,1225917-1807912,139884.26,PEN,Soles,2026-07-14T00:00:00-05:00
ocds-dgv273-seacev3-2026-200560-4,ocds-dgv273-seacev3-2026-200560-4-2026-08-07T10:22:06.523261-05:00,1218326-20507634479,429882.4,PEN,Soles,2026-07-06T00:00:00-05:00
ocds-dgv273-seacev3-1225063,ocds-dgv273-seacev3-1225063-2026-08-07T10:22:06.474659-05:00,1225063-20603482027,190000.0,PEN,Soles,2026-07-09T00:00:00-05:00
ocds-dgv273-seacev3-1228403,ocds-dgv273-seacev3-1228403-2026-08-07T10:22:06.434968-05:00,1228403-1816747,7939349.58,PEN,Soles,2026-08-05T00:00:00-05:00
ocds-dgv273-seacev3-1227880,ocds-dgv273-seacev3-1227880-2026-08-07T10:22:06.364667-05:00,1227880-20607962601,224550.0,PEN,Soles,2026-07-13T00:00:00-05:00
ocds-dgv273-seacev3-1227621,ocds-dgv273-seacev3-1227621-2026-08-07T10:22:06.257944-05:00,1227621-10018633634,75141.0,PEN,Soles,2026-07-03T10:41:33-05:00
ocds-dgv273-seacev3-1225296,ocds-dgv273-seacev3-1225296-2026-08-07T10:22:06.159513-05:00,1225296-20606880767,115000.0,PEN,Soles,2026-06-30T00:00:00-05:00
ocds-dgv273-seacev3-1229785,ocds-dgv273-seacev3-1229785-2026-08-07T10:22:06.104439-05:00,1229785-20511037001,59696.0,PEN,Soles,2026-07-09T00:00:00-05:00
ocds-dgv273-seacev3-1227330,ocds-dgv273-seacev3-1227330-2026-08-07T10:22:06.060247-05:00,1227330-20563862972,76925.0,PEN,Soles,2026-07-09T00:00:00-05:00
ocds-dgv273-seacev3-2026-2380-22,ocds-dgv273-seacev3-2026-2380-22-2026-08-07T10:22:05.932838-05:00,1226425-20440302689,249696.0,PEN,Soles,2026-08-05T00:00:00-05:00
ocds-dgv273-seacev3-2026-200363-31,ocds-dgv273-seacev3-2026-200363-31-2026-08-07T10:22:05.838128-05:00,1228084-20347268683,190000.0,PEN,Soles,2026-07-07T00:00:00-05:00
ocds-dgv273-seacev3-2026-2528-15,ocds-dgv273-seacev3-2026-2528-15-2026-08-07T10:22:05.752151-05:00,1229193-20509654141,84216.13,PEN,Soles,2026-08-05T00:00:00-05:00
ocds-dgv273-seacev3-1223793,ocds-dgv273-seacev3-1223793-2026-08-07T10:22:05.126247-05:00,1223793-10775336001,123400.0,PEN,Soles,2026-06-26T00:00:00-05:00
ocds-dgv273-seacev3-2026-1980-7,ocds-dgv273-seacev3-2026-1980-7-2026-08-07T10:22:05.103291-05:00,1227298-20256136865,64598.64,PEN,Soles,2026-07-10T00:00:00-05:00
ocds-dgv273-seacev3-2026-321-2,ocds-dgv273-seacev3-2026-321-2-2026-08-07T10:22:04.984970-05:00,1227754-10735779104,151900.0,PEN,Soles,2026-07-07T00:00:00-05:00
ocds-dgv273-seacev3-1228045,ocds-dgv273-seacev3-1228045-2026-08-07T10:22:04.868359-05:00,1228045-20604625883,292755.0,PEN,Soles,2026-07-08T00:00:00-05:00
ocds-dgv273-seacev3-1228656,ocds-dgv273-seacev3-1228656-2026-08-07T10:21:59.313782-05:00,1228656-20516728958,78907.0,PEN,Soles,2026-07-15T00:00:00-05:00
ocds-dgv273-seacev3-1229930,ocds-dgv273-seacev3-1229930-2026-08-07T10:21:58.456909-05:00,1229930-10404742103,200000.0,PEN,Soles,2026-07-24T00:00:00-05:00
ocds-dgv273-seacev3-1229637,ocds-dgv273-seacev3-1229637-2026-08-07T10:21:57.872550-05:00,1229637-20547899475,91267.2,PEN,Soles,2026-07-17T00:00:00-05:00
ocds-dgv273-seacev3-1228619,ocds-dgv273-seacev3-1228619-2026-08-07T10:21:56.121117-05:00,1228619-20605305645,206834.0,PEN,Soles,2026-07-13T00:00:00-05:00
ocds-dgv273-seacev3-1228673,ocds-dgv273-seacev3-1228673-2026-08-07T10:21:55.554316-05:00,1228673-20533945075,117681.0,PEN,Soles,2026-07-10T00:00:00-05:00
ocds-dgv273-seacev3-1221939,ocds-dgv273-seacev3-1221939-2026-08-07T10:21:55.540646-05:00,1221939-1815034,170000.0,PEN,Soles,2026-08-05T00:00:00-05:00
ocds-dgv273-seacev3-1225653,ocds-dgv273-seacev3-1225653-2026-08-07T10:21:55.492304-05:00,1225653-10444256279,1549800.0,PEN,Soles,2026-06-26T00:00:00-05:00
ocds-dgv273-seacev3-1228955,ocds-dgv273-seacev3-1228955-2026-08-07T10:21:55.378747-05:00,1228955-20606823976,115299.0,PEN,Soles,2026-07-14T00:00:00-05:00
ocds-dgv273-seacev3-1228688,ocds-dgv273-seacev3-1228688-2026-08-07T10:21:55.186769-05:00,1228688-20527868271,87625.0,PEN,Soles,2026-07-02T00:00:00-05:00
ocds-dgv273-seacev3-1224572,ocds-dgv273-seacev3-1224572-2026-08-07T10:21:55.108719-05:00,1224572-20560102977,80000.0,PEN,Soles,2026-06-30T00:00:00-05:00
ocds-dgv273-seacev3-1224955,ocds-dgv273-seacev3-1224955-2026-08-07T10:21:54.996147-05:00,1224955-1805295,72180.43,PEN,Soles,2026-07-07T00:00:00-05:00
ocds-dgv273-seacev3-1222357,ocds-dgv273-seacev3-1222357-2026-08-07T10:21:54.935252-05:00,1222357-1811415,13381788.5,PEN,Soles,2026-07-14T00:00:00-05:00
ocds-dgv273-seacev3-1225282,ocds-dgv273-seacev3-1225282-2026-08-07T10:21:54.888573-05:00,1225282-20600098633,202315.37,PEN,Soles,2026-07-13T00:00:00-05:00
ocds-dgv273-seacev3-1226378,ocds-dgv273-seacev3-1226378-2026-08-07T10:21:54.737457-05:00,1226378-20347268683,157500.0,PEN,Soles,2026-07-16T00:00:00-05:00
ocds-dgv273-seacev3-1227061,ocds-dgv273-seacev3-1227061-2026-08-07T10:21:54.552859-05:00,1227061-1806922,460960.91,PEN,Soles,2026-07-01T00:00:00-05:00
ocds-dgv273-seacev3-1229295,ocds-dgv273-seacev3-1229295-2026-08-07T10:21:54.394726-05:00,1229295-20563978091,186000.0,PEN,Soles,2026-07-08T00:00:00-05:00
ocds-dgv273-seacev3-1232286,ocds-dgv273-seacev3-1232286-2026-08-07T10:21:54.372934-05:00,1232286-1811355,154901.3,PEN,Soles,2026-07-22T00:00:00-05:00
ocds-dgv273-seacev3-2026-1899-2,ocds-dgv273-seacev3-2026-1899-2-2026-08-07T10:21:54.335070-05:00,1224883-20601136342,84890.0,PEN,Soles,2026-07-07T00:00:00-05:00
ocds-dgv273-seacev3-1226318,ocds-dgv273-seacev3-1226318-2026-08-07T10:21:54.235003-05:00,1226318-20605973907,490000.0,PEN,Soles,2026-07-13T17:02:57-05:00
ocds-dgv273-seacev3-1231391,ocds-dgv273-seacev3-1231391-2026-08-07T10:21:54.212701-05:00,1231391-20611574046,144290.75,PEN,Soles,2026-07-22T00:00:00-05:00
ocds-dgv273-seacev3-1227434,ocds-dgv273-seacev3-1227434-2026-08-07T10:21:54.191301-05:00,1227434-20407835558,425000.0,PEN,Soles,2026-07-16T00:00:00-05:00
ocds-dgv273-seacev3-1225614,ocds-dgv273-seacev3-1225614-2026-08-07T10:21:54.174022-05:00,1225614-20605678646,67000.0,PEN,Soles,2026-07-02T00:00:00-05:00
ocds-dgv273-seacev3-1227785,ocds-dgv273-seacev3-1227785-2026-08-07T10:21:53.746683-05:00,1227785-1805761,1581750.99,PEN,Soles,2026-06-30T00:00:00-05:00
ocds-dgv273-seacev3-1227108,ocds-dgv273-seacev3-1227108-2026-08-07T10:21:53.730332-05:00,1227108-20499358114,767192.8,PEN,Soles,2026-07-20T00:00:00-05:00
ocds-dgv273-seacev3-2026-2373-16,ocds-dgv273-seacev3-2026-2373-16-2026-08-07T10:21:53.596287-05:00,1224973-10407433756,134753.5,PEN,Soles,2026-07-17T00:00:00-05:00
ocds-dgv273-seacev3-1225968,ocds-dgv273-seacev3-1225968-2026-08-07T10:21:53.563767-05:00,1225968-1805826,245571.33,PEN,Soles,2026-06-26T00:00:00-05:00
ocds-dgv273-seacev3-2026-10461-13,ocds-dgv273-seacev3-2026-10461-13-2026-08-07T10:21:53.556190-05:00,1223400-1803444,67129.11,PEN,Soles,2026-07-03T00:00:00-05:00
ocds-dgv273-seacev3-1226454,ocds-dgv273-seacev3-1226454-2026-08-07T10:21:53.475745-05:00,1226454-20529643773,134038.35,PEN,Soles,2026-07-02T00:00:00-05:00
ocds-dgv273-seacev3-1227388,ocds-dgv273-seacev3-1227388-2026-08-07T10:21:53.431427-05:00,1227388-10001653399,274740.0,PEN,Soles,2026-07-03T00:00:00-05:00
ocds-dgv273-seacev3-1221488,ocds-dgv273-seacev3-1221488-2026-08-07T10:21:53.415275-05:00,1221488-20612176630,87000.0,PEN,Soles,2026-07-08T00:00:00-05:00
ocds-dgv273-seacev3-1227238,ocds-dgv273-seacev3-1227238-2026-08-06T10:27:42.108010-05:00,1227238-20490028316,143500.0,PEN,Soles,2026-07-08T00:00:00-05:00
ocds-dgv273-seacev3-1226566,ocds-dgv273-seacev3-1226566-2026-08-06T10:27:41.890800-05:00,1226566-20523996615,113900.0,PEN,Soles,2026-07-09T00:00:00-05:00
ocds-dgv273-seacev3-1226404,ocds-dgv273-seacev3-1226404-2026-08-06T10:27:41.751655-05:00,1226404-20615818802,97952.0,PEN,Soles,2026-07-08T00:00:00-05:00
ocds-dgv273-seacev3-1225704,ocds-dgv273-seacev3-1225704-2026-08-06T10:27:41.682732-05:00,1225704-1804618,216201.7,PEN,Soles,2026-06-22T00:00:00-05:00
ocds-dgv273-seacev3-1225947,ocds-dgv273-seacev3-1225947-2026-08-06T10:27:41.665700-05:00,1225947-20601462002,145900.0,PEN,Soles,2026-07-08T00:00:00-05:00
ocds-dgv273-seacev3-1226477,ocds-dgv273-seacev3-1226477-2026-08-06T10:27:41.575596-05:00,1226477-20448497047,1899544.7,PEN,Soles,2026-07-01T00:00:00-05:00
ocds-dgv273-seacev3-1225708,ocds-dgv273-seacev3-1225708-2026-08-06T10:27:41.480050-05:00,1225708-1805816,100381.95,PEN,Soles,2026-06-30T00:00:00-05:00
ocds-dgv273-seacev3-2026-1982-8,ocds-dgv273-seacev3-2026-1982-8-2026-08-06T10:27:41.177767-05:00,1224408-20601992931,1819798.26,PEN,Soles,2026-06-30T00:00:00-05:00
ocds-dgv273-seacev3-1224567,ocds-dgv273-seacev3-1224567-2026-08-06T10:27:41.065808-05:00,1224567-10251852184,638400.0,PEN,Soles,2026-07-01T00:00:00-05:00
ocds-dgv273-seacev3-1226802,ocds-dgv273-seacev3-1226802-2026-08-06T10:27:41.051964-05:00,1226802-20494399386,90871.0,PEN,Soles,2026-07-01T00:00:00-05:00
ocds-dgv273-seacev3-1220572,ocds-dgv273-seacev3-1220572-2026-08-06T10:27:40.970175-05:00,1220572-10719336235,46100.0,PEN,Soles,2026-06-11T00:00:00-05:00
ocds-dgv273-seacev3-1224729,ocds-dgv273-seacev3-1224729-2026-08-06T10:27:40.896735-05:00,1224729-20601217300,100000.0,PEN,Soles,2026-06-25T00:00:00-05:00
ocds-dgv273-seacev3-1222929,ocds-dgv273-seacev3-1222929-2026-08-06T10:27:40.772026-05:00,1222929-1803155,170000.0,PEN,Soles,2026-07-01T00:00:00-05:00
ocds-dgv273-seacev3-1226597,ocds-dgv273-seacev3-1226597-2026-08-06T10:27:40.714532-05:00,1226597-1809003,96458.22,PEN,Soles,2026-07-07T00:00:00-05:00
ocds-dgv273-seacev3-1229020,ocds-dgv273-seacev3-1229020-2026-08-06T10:27:35.712723-05:00,1229020-20602144462,119500.0,PEN,Soles,2026-07-13T00:00:00-05:00
ocds-dgv273-seacev3-1229247,ocds-dgv273-seacev3-1229247-2026-08-06T10:27:35.363545-05:00,1229247-10439425241,125666.16,PEN,Soles,2026-07-13T00:00:00-05:00
ocds-dgv273-seacev3-1227719,ocds-dgv273-seacev3-1227719-2026-08-06T10:27:31.406348-05:00,1227719-20557719874,115232.0,PEN,Soles,2026-07-16T00:00:00-05:00
ocds-dgv273-seacev3-1228310,ocds-dgv273-seacev3-1228310-2026-08-06T10:27:31.378538-05:00,1228310-20605844139,183804.6,PEN,Soles,2026-07-07T00:00:00-05:00
ocds-dgv273-seacev3-1226718,ocds-dgv273-seacev3-1226718-2026-08-06T10:27:30.896234-05:00,1226718-20600093399,149962.2,PEN,Soles,2026-06-30T00:00:00-05:00
ocds-dgv273-seacev3-1222723,ocds-dgv273-seacev3-1222723-2026-08-06T10:27:30.827759-05:00,1222723-1809839,224572.5,PEN,Soles,2026-07-09T00:00:00-05:00
ocds-dgv273-seacev3-2026-10543-5,ocds-dgv273-seacev3-2026-10543-5-2026-08-06T10:27:30.293922-05:00,1227568-20602641164,146042.0,PEN,Soles,2026-07-13T00:00:00-05:00
ocds-dgv273-seacev3-1225905,ocds-dgv273-seacev3-1225905-2026-08-06T10:27:30.184419-05:00,1225905-1806024,506604.99,PEN,Soles,2026-06-26T00:00:00-05:00
ocds-dgv273-seacev3-1221148,ocds-dgv273-seacev3-1221148-2026-08-06T10:27:30.136297-05:00,1221148-20481537470,2918102.56,PEN,Soles,2026-07-01T00:00:00-05:00
ocds-dgv273-seacev3-1222213,ocds-dgv273-seacev3-1222213-2026-08-06T10:27:29.957011-05:00,1222213-20545390966,78470.0,PEN,Soles,2026-06-25T00:00:00-05:00
ocds-dgv273-seacev3-1227857,ocds-dgv273-seacev3-1227857-2026-08-06T10:27:21.046735-05:00,1227857-20563531356,573000.0,PEN,Soles,2026-07-24T00:00:00-05:00
ocds-dgv273-seacev3-1229557,ocds-dgv273-seacev3-1229557-2026-08-06T10:27:20.949051-05:00,1229557-20608651382,203389.54,PEN,Nuevos Soles,2026-07-15T00:00:00-05:00
ocds-dgv273-seacev3-1227233,ocds-dgv273-seacev3-1227233-2026-08-06T10:27:20.486999-05:00,1227233-1808021,261624.17,PEN,Soles,2026-07-03T00:00:00-05:00
ocds-dgv273-seacev3-1227448,ocds-dgv273-seacev3-1227448-2026-08-06T10:27:20.109993-05:00,1227448-20613970381,349000.0,PEN,Soles,2026-07-09T00:00:00-05:00
ocds-dgv273-seacev3-1224834,ocds-dgv273-seacev3-1224834-2026-08-06T10:27:20.025551-05:00,1224834-20604342148,164000.0,PEN,Soles,2026-07-06T00:00:00-05:00
ocds-dgv273-seacev3-1222602,ocds-dgv273-seacev3-1222602-2026-08-06T10:27:19.696108-05:00,1222602-20448685714,1614111.36,PEN,Soles,2026-07-02T00:00:00-05:00
ocds-dgv273-seacev3-2026-1508-2,ocds-dgv273-seacev3-2026-1508-2-2026-08-06T10:27:19.540704-05:00,1223935-20541165275,1839900.0,PEN,Soles,2026-06-22T00:00:00-05:00
ocds-dgv273-seacev3-1225771,ocds-dgv273-seacev3-1225771-2026-08-06T10:27:19.207162-05:00,1225771-20493132416,178998.0,PEN,Soles,2026-07-13T00:00:00-05:00
ocds-dgv273-seacev3-1226626,ocds-dgv273-seacev3-1226626-2026-08-06T10:27:19.090946-05:00,1226626-20602300707,303608.51,PEN,Soles,2026-06-22T00:00:00-05:00
ocds-dgv273-seacev3-2026-1918-10,ocds-dgv273-seacev3-2026-1918-10-2026-08-06T10:27:14.381448-05:00,1229079-20600708067,70000.0,PEN,Soles,2026-07-17T00:00:00-05:00
ocds-dgv273-seacev3-1228812,ocds-dgv273-seacev3-1228812-2026-08-06T10:27:13.965046-05:00,1228812-1806447,938000.0,PEN,Soles,2026-06-30T00:00:00-05:00
ocds-dgv273-seacev3-1228561,ocds-dgv273-seacev3-1228561-2026-08-06T10:27:12.176871-05:00,1228561-1805910,3224205.0,PEN,Soles,2026-06-26T00:00:00-05:00
ocds-dgv273-seacev3-1228561,ocds-dgv273-seacev3-1228561-2026-08-06T10:27:12.176871-05:00,1228561-1805939,1522196.0,PEN,Soles,2026-06-26T00:00:00-05:00
ocds-dgv273-seacev3-1228561,ocds-dgv273-seacev3-1228561-2026-08-06T10:27:12.176871-05:00,1228561-1805950,1571556.5,PEN,Soles,2026-06-26T00:00:00-05:00
ocds-dgv273-seacev3-1228561,ocds-dgv273-seacev3-1228561-2026-08-06T10:27:12.176871-05:00,1228561-1805978,1383200.0,PEN,Soles,2026-06-26T00:00:00-05:00
ocds-dgv273-seacev3-1228561,ocds-dgv273-seacev3-1228561-2026-08-06T10:27:12.176871-05:00,1228561-1806030,4338080.0,PEN,Soles,2026-06-26T00:00:00-05:00
ocds-dgv273-seacev3-1228561,ocds-dgv273-seacev3-1228561-2026-08-06T10:27:12.176871-05:00,1228561-20231627171,3240155.5,PEN,Soles,2026-06-26T00:00:00-05:00
ocds-dgv273-seacev3-1224933,ocds-dgv273-seacev3-1224933-2026-08-06T10:27:10.240950-05:00,1224933-20601592020,58055.7,PEN,Soles,2026-06-25T00:00:00-05:00
ocds-dgv273-seacev3-1230923,ocds-dgv273-seacev3-1230923-2026-08-06T10:27:09.810400-05:00,1230923-20612296163,403500.01,PEN,Soles,2026-07-09T00:00:00-05:00
ocds-dgv273-seacev3-1225149,ocds-dgv273-seacev3-1225149-2026-08-06T10:27:09.793341-05:00,1225149-20604234035,173880.0,PEN,Soles,2026-06-26T00:00:00-05:00
ocds-dgv273-seacev3-2026-2528-10,ocds-dgv273-seacev3-2026-2528-10-2026-08-06T10:27:09.553564-05:00,1229617-20603667574,162941.83,PEN,Soles,2026-08-03T00:00:00-05:00
ocds-dgv273-seacev3-1231932,ocds-dgv273-seacev3-1231932-2026-08-06T10:27:09.533743-05:00,1231932-20448135561,131367.02,PEN,Soles,2026-07-16T00:00:00-05:00
ocds-dgv273-seacev3-1224377,ocds-dgv273-seacev3-1224377-2026-08-06T10:27:09.519822-05:00,1224377-20541165275,178198.0,PEN,Soles,2026-06-23T00:00:00-05:00
ocds-dgv273-seacev3-1221751,ocds-dgv273-seacev3-1221751-2026-08-06T10:27:09.198223-05:00,1221751-1805928,140160.0,PEN,Soles,2026-06-26T00:00:00-05:00
ocds-dgv273-seacev3-1226405,ocds-dgv273-seacev3-1226405-2026-08-06T10:27:08.722593-05:00,1226405-1809073,170966.1,PEN,Soles,2026-07-08T00:00:00-05:00
ocds-dgv273-seacev3-2026-1524-4,ocds-dgv273-seacev3-2026-1524-4-2026-08-06T10:27:08.623391-05:00,1224069-1804632,63742.41,PEN,Soles,2026-06-30T00:00:00-05:00
ocds-dgv273-seacev3-1228072,ocds-dgv273-seacev3-1228072-2026-08-06T10:27:07.802278-05:00,1228072-20604097941,73416.6,PEN,Soles,2026-07-09T00:00:00-05:00
ocds-dgv273-seacev3-1225616,ocds-dgv273-seacev3-1225616-2026-08-06T10:27:07.733104-05:00,1225616-1807033,726886.88,PEN,Soles,2026-07-03T00:00:00-05:00
ocds-dgv273-seacev3-1238589,ocds-dgv273-seacev3-1238589-2026-08-06T10:27:03.173264-05:00,1238589-10094365207,36000.0,PEN,Soles,2026-08-04T00:00:00-05:00
ocds-dgv273-seacev3-2026-2406-93,ocds-dgv273-seacev3-2026-2406-93-2026-08-06T10:27:02.447075-05:00,1228119-20604224919,238803.41,PEN,Soles,2026-07-21T00:00:00-05:00
ocds-dgv273-seacev3-1228643,ocds-dgv273-seacev3-1228643-2026-08-06T10:27:02.438950-05:00,1228643-20602284442,192600.0,PEN,Soles,2026-07-09T00:00:00-05:00
ocds-dgv273-seacev3-1228899,ocds-dgv273-seacev3-1228899-2026-08-06T10:27:00.752571-05:00,1228899-20101639275,839044.56,PEN,Soles,2026-07-14T00:00:00-05:00
ocds-dgv273-seacev3-1228907,ocds-dgv273-seacev3-1228907-2026-08-06T10:26:59.674285-05:00,1228907-10412179418,45000.0,PEN,Soles,2026-07-09T00:00:00-05:00
ocds-dgv273-seacev3-1223154,ocds-dgv273-seacev3-1223154-2026-08-06T10:26:59.601988-05:00,1223154-20604178704,2669272.0,PEN,Soles,2026-06-19T00:00:00-05:00
ocds-dgv273-seacev3-1226872,ocds-dgv273-seacev3-1226872-2026-08-06T10:26:59.524659-05:00,1226872-10416679261,99185.0,PEN,Soles,2026-07-02T00:00:00-05:00
ocds-dgv273-seacev3-1228934,ocds-dgv273-seacev3-1228934-2026-08-06T10:26:59.304997-05:00,1228934-20601431697,451987.2,PEN,Soles,2026-08-04T00:00:00-05:00
ocds-dgv273-seacev3-1229076,ocds-dgv273-seacev3-1229076-2026-08-06T10:26:59.067163-05:00,1229076-1810969,2080005.68,PEN,Soles,2026-07-15T00:00:00-05:00
ocds-dgv273-seacev3-1226377,ocds-dgv273-seacev3-1226377-2026-08-06T10:26:58.590833-05:00,1226377-10766208288,84400.0,PEN,Soles,2026-07-02T00:00:00-05:00
ocds-dgv273-seacev3-1228655,ocds-dgv273-seacev3-1228655-2026-08-06T10:26:58.193237-05:00,1228655-20607510092,215674.68,PEN,Soles,2026-07-08T00:00:00-05:00
ocds-dgv273-seacev3-1225962,ocds-dgv273-seacev3-1225962-2026-08-06T10:26:57.929126-05:00,1225962-1806211,649713.27,PEN,Soles,2026-06-26T00:00:00-05:00
ocds-dgv273-seacev3-1228050,ocds-dgv273-seacev3-1228050-2026-08-06T10:26:57.534285-05:00,1228050-10026801414,45000.0,PEN,Soles,2026-07-21T00:00:00-05:00
ocds-dgv273-seacev3-1229699,ocds-dgv273-seacev3-1229699-2026-08-06T10:26:57.418789-05:00,1229699-1808218,309314.84,PEN,Soles,2026-07-06T00:00:00-05:00
ocds-dgv273-seacev3-1224709,ocds-dgv273-seacev3-1224709-2026-08-06T10:26:57.347788-05:00,1224709-10456182149,83860.0,PEN,Soles,2026-06-26T00:00:00-05:00
ocds-dgv273-seacev3-2026-1257-3,ocds-dgv273-seacev3-2026-1257-3-2026-08-06T10:26:57.326260-05:00,1224663-20604434484,286000.0,PEN,Soles,2026-07-01T00:00:00-05:00
ocds-dgv273-seacev3-2026-965-1,ocds-dgv273-seacev3-2026-965-1-2026-08-06T10:26:57.218908-05:00,1225481-20602605184,73410.11,PEN,Soles,2026-07-02T00:00:00-05:00
ocds-dgv273-seacev3-1227112,ocds-dgv273-seacev3-1227112-2026-08-06T10:26:57.151617-05:00,1227112-20615367274,94500.0,PEN,Soles,2026-07-08T00:00:00-05:00
ocds-dgv273-seacev3-1227263,ocds-dgv273-seacev3-1227263-2026-08-06T10:26:57.091651-05:00,1227263-20606189711,209457.0,PEN,Soles,2026-07-10T00:00:00-05:00
ocds-dgv273-seacev3-1222493,ocds-dgv273-seacev3-1222493-2026-08-06T10:26:57.072474-05:00,1222493-20605567470,300000.0,PEN,Soles,2026-07-13T00:00:00-05:00
ocds-dgv273-seacev3-1223972,ocds-dgv273-seacev3-1223972-2026-08-06T10:26:56.905002-05:00,1223972-20489438705,220416.0,PEN,Soles,2026-07-21T00:00:00-05:00
ocds-dgv273-seacev3-2026-1026-2,ocds-dgv273-seacev3-2026-1026-2-2026-08-06T10:26:56.795088-05:00,1226856-20600351762,679871.28,PEN,Soles,2026-07-16T00:00:00-05:00
ocds-dgv273-seacev3-1223886,ocds-dgv273-seacev3-1223886-2026-08-06T10:26:56.740386-05:00,1223886-1806253,206095.74,PEN,Soles,2026-07-02T00:00:00-05:00
ocds-dgv273-seacev3-1225486,ocds-dgv273-seacev3-1225486-2026-08-06T10:26:56.540189-05:00,1225486-1807917,119984.0,PEN,Nuevos Soles,2026-07-06T00:00:00-05:00
ocds-dgv273-seacev3-1229736,ocds-dgv273-seacev3-1229736-2026-08-06T10:26:51.670269-05:00,1229736-20612619710,51583.0,PEN,Soles,2026-07-06T00:00:00-05:00
ocds-dgv273-seacev3-1228941,ocds-dgv273-seacev3-1228941-2026-08-06T10:26:49.127318-05:00,1228941-1809969,77753.21,PEN,Soles,2026-07-10T00:00:00-05:00
ocds-dgv273-seacev3-1229683,ocds-dgv273-seacev3-1229683-2026-08-06T10:26:48.714426-05:00,1229683-20606170930,177800.0,PEN,Soles,2026-07-13T00:00:00-05:00
ocds-dgv273-seacev3-1225283,ocds-dgv273-seacev3-1225283-2026-08-06T10:26:47.557333-05:00,1225283-1809165,3826395.15,PEN,Soles,2026-07-10T00:00:00-05:00
ocds-dgv273-seacev3-2026-2362-9,ocds-dgv273-seacev3-2026-2362-9-2026-08-06T10:26:47.437256-05:00,1222393-20100295891,885007.44,PEN,Soles,2026-07-09T00:00:00-05:00
ocds-dgv273-seacev3-1228499,ocds-dgv273-seacev3-1228499-2026-08-06T10:26:47.314126-05:00,1228499-1809606,229300.54,PEN,Soles,2026-07-10T00:00:00-05:00
ocds-dgv273-seacev3-2026-1339-26,ocds-dgv273-seacev3-2026-1339-26-2026-08-06T10:26:46.868111-05:00,1225361-20554329617,298606.49,PEN,Soles,2026-07-01T00:00:00-05:00
ocds-dgv273-seacev3-1222996,ocds-dgv273-seacev3-1222996-2026-08-06T10:26:46.606134-05:00,1222996-20611485281,62950.0,PEN,Soles,2026-06-24T00:00:00-05:00
ocds-dgv273-seacev3-1229570,ocds-dgv273-seacev3-1229570-2026-08-06T10:26:46.406973-05:00,1229570-20601829607,169900.0,PEN,Soles,2026-07-13T00:00:00-05:00
ocds-dgv273-seacev3-1226486,ocds-dgv273-seacev3-1226486-2026-08-06T10:26:46.319090-05:00,1226486-20536598708,157290.0,PEN,Soles,2026-07-13T00:00:00-05:00
ocds-dgv273-seacev3-1226670,ocds-dgv273-seacev3-1226670-2026-08-06T10:26:46.160224-05:00,1226670-1810010,1190216.27,PEN,Soles,2026-07-20T00:00:00-05:00
ocds-dgv273-seacev3-1226359,ocds-dgv273-seacev3-1226359-2026-08-06T10:26:46.012742-05:00,1226359-1809129,67796.61,PEN,Soles,2026-07-09T00:00:00-05:00
ocds-dgv273-seacev3-1222567,ocds-dgv273-seacev3-1222567-2026-08-06T10:26:45.972885-05:00,1222567-1810420,2097700.0,PEN,Soles,2026-07-14T00:00:00-05:00
ocds-dgv273-seacev3-1224480,ocds-dgv273-seacev3-1224480-2026-08-06T10:26:45.819576-05:00,1224480-1806648,299484.0,PEN,Soles,2026-07-03T00:00:00-05:00
ocds-dgv273-seacev3-1222810,ocds-dgv273-seacev3-1222810-2026-08-06T10:26:45.779976-05:00,1222810-1807050,1718085.59,PEN,Soles,2026-07-03T00:00:00-05:00
ocds-dgv273-seacev3-1221307,ocds-dgv273-seacev3-1221307-2026-08-06T10:26:45.695238-05:00,1221307-20605641939,249900.0,PEN,Nuevos Soles,2026-07-01T00:00:00-05:00
ocds-dgv273-seacev3-1229436,ocds-dgv273-seacev3-1229436-2026-08-06T10:26:45.656380-05:00,1229436-20108983583,68400.0,PEN,Soles,2026-07-21T00:00:00-05:00
ocds-dgv273-seacev3-1228425,ocds-dgv273-seacev3-1228425-2026-08-06T10:26:45.603452-05:00,1228425-20606893508,108539.0,PEN,Soles,2026-07-09T20:31:45-05:00
ocds-dgv273-seacev3-1229648,ocds-dgv273-seacev3-1229648-2026-08-06T10:26:40.435412-05:00,1229648-20452349915,57996.4,PEN,Soles,2026-07-10T00:00:00-05:00
ocds-dgv273-seacev3-1229939,ocds-dgv273-seacev3-1229939-2026-08-06T10:26:39.803802-05:00,1229939-1808251,54324.0,PEN,Soles,2026-07-08T00:00:00-05:00
ocds-dgv273-seacev3-1229094,ocds-dgv273-seacev3-1229094-2026-08-06T10:26:37.585130-05:00,1229094-20609291321,261060.0,PEN,Soles,2026-07-08T00:00:00-05:00
ocds-dgv273-seacev3-1230343,ocds-dgv273-seacev3-1230343-2026-08-06T10:26:37.532352-05:00,1230343-1808847,758879.5,PEN,Soles,2026-07-07T00:00:00-05:00
ocds-dgv273-seacev3-1224186,ocds-dgv273-seacev3-1224186-2026-08-06T10:26:35.511628-05:00,1224186-1809493,72770.0,PEN,Soles,2026-07-08T00:00:00-05:00
ocds-dgv273-seacev3-1229948,ocds-dgv273-seacev3-1229948-2026-08-06T10:26:35.328828-05:00,1229948-20490593293,403507.5,PEN,Soles,2026-07-10T00:00:00-05:00
ocds-dgv273-seacev3-1224498,ocds-dgv273-seacev3-1224498-2026-08-06T10:26:35.278401-05:00,1224498-1804858,937763.3,PEN,Soles,2026-06-23T00:00:00-05:00
ocds-dgv273-seacev3-1228521,ocds-dgv273-seacev3-1228521-2026-08-06T10:26:35.128574-05:00,1228521-20608508059,70432.0,PEN,Soles,2026-07-07T00:00:00-05:00
ocds-dgv273-seacev3-1223497,ocds-dgv273-seacev3-1223497-2026-08-06T10:26:34.751384-05:00,1223497-20451400241,92702.0,PEN,Soles,2026-06-25T00:00:00-05:00
ocds-dgv273-seacev3-1225688,ocds-dgv273-seacev3-1225688-2026-08-06T10:26:34.638464-05:00,1225688-20601516064,62114.0,PEN,Soles,2026-07-06T00:00:00-05:00
ocds-dgv273-seacev3-1229480,ocds-dgv273-seacev3-1229480-2026-08-06T10:26:34.608853-05:00,1229480-20604924813,104125.0,PEN,Soles,2026-07-14T00:00:00-05:00
ocds-dgv273-seacev3-1229156,ocds-dgv273-seacev3-1229156-2026-08-06T10:26:34.544367-05:00,1229156-1810833,3232113.42,PEN,Soles,2026-07-13T00:00:00-05:00
ocds-dgv273-seacev3-1224528,ocds-dgv273-seacev3-1224528-2026-08-06T10:26:34.473687-05:00,1224528-20155695901,80000.0,PEN,Soles,2026-07-15T00:00:00-05:00
ocds-dgv273-seacev3-1225171,ocds-dgv273-seacev3-1225171-2026-08-06T10:26:34.457227-05:00,1225171-20574649090,124000.0,PEN,Soles,2026-06-26T00:00:00-05:00
ocds-dgv273-seacev3-1228327,ocds-dgv273-seacev3-1228327-2026-08-06T10:26:34.173022-05:00,1228327-20559592855,64152.0,PEN,Soles,2026-07-14T00:00:00-05:00
ocds-dgv273-seacev3-1226446,ocds-dgv273-seacev3-1226446-2026-08-06T10:26:33.986168-05:00,1226446-10429524577,69200.0,PEN,Soles,2026-07-09T00:00:00-05:00
ocds-dgv273-seacev3-1224196,ocds-dgv273-seacev3-1224196-2026-08-06T10:26:33.928638-05:00,1224196-10436391957,140370.99,PEN,Soles,2026-07-07T00:00:00-05:00
ocds-dgv273-seacev3-1226480,ocds-dgv273-seacev3-1226480-2026-08-06T10:26:33.778765-05:00,1226480-10411669667,203000.0,PEN,Soles,2026-07-10T00:00:00-05:00
ocds-dgv273-seacev3-1228783,ocds-dgv273-seacev3-1228783-2026-08-05T10:26:21.858217-05:00,1228783-1811223,250304.94,PEN,Soles,2026-07-24T00:00:00-05:00
ocds-dgv273-seacev3-1228209,ocds-dgv273-seacev3-1228209-2026-08-05T10:26:21.197241-05:00,1228209-20615740111,71100.0,PEN,Soles,2026-07-08T00:00:00-05:00
ocds-dgv273-seacev3-1226443,ocds-dgv273-seacev3-1226443-2026-08-05T10:26:21.120074-05:00,1226443-10432568101,80000.0,PEN,Soles,2026-07-09T00:00:00-05:00
ocds-dgv273-seacev3-1225195,ocds-dgv273-seacev3-1225195-2026-08-05T10:26:20.583661-05:00,1225195-1807518,161700.0,PEN,Soles,2026-07-02T00:00:00-05:00
ocds-dgv273-seacev3-1229714,ocds-dgv273-seacev3-1229714-2026-08-05T10:26:20.510539-05:00,1229714-10441790762,143000.0,PEN,Soles,2026-07-14T00:00:00-05:00
ocds-dgv273-seacev3-1225433,ocds-dgv273-seacev3-1225433-2026-08-05T10:26:20.448382-05:00,1225433-20501887286,474000.0,PEN,Soles,2026-07-10T00:00:00-05:00
ocds-dgv273-seacev3-1228560,ocds-dgv273-seacev3-1228560-2026-08-05T10:26:20.424911-05:00,1228560-20530047335,797118.92,PEN,Soles,2026-07-09T00:00:00-05:00
ocds-dgv273-seacev3-1222364,ocds-dgv273-seacev3-1222364-2026-08-05T10:26:20.290160-05:00,1222364-20377339461,82000.0,PEN,Soles,2026-06-18T00:00:00-05:00
ocds-dgv273-seacev3-1222364,ocds-dgv273-seacev3-1222364-2026-08-05T10:26:20.290160-05:00,1222364-20603713703,122817.0,PEN,Soles,2026-06-18T00:00:00-05:00
ocds-dgv273-seacev3-1228087,ocds-dgv273-seacev3-1228087-2026-08-05T10:26:20.234213-05:00,1228087-20614979322,64960.0,PEN,Soles,2026-06-30T00:00:00-05:00
ocds-dgv273-seacev3-1225553,ocds-dgv273-seacev3-1225553-2026-08-05T10:26:20.018561-05:00,1225553-10238934694,126250.0,PEN,Soles,2026-06-25T00:00:00-05:00
ocds-dgv273-seacev3-1226823,ocds-dgv273-seacev3-1226823-2026-08-05T10:26:19.943570-05:00,1226823-20606106867,84975.0,PEN,Soles,2026-07-07T00:00:00-05:00
ocds-dgv273-seacev3-1223507,ocds-dgv273-seacev3-1223507-2026-08-05T10:26:19.734227-05:00,1223507-20603301952,230644.8,PEN,Soles,2026-07-02T00:00:00-05:00
ocds-dgv273-seacev3-1227254,ocds-dgv273-seacev3-1227254-2026-08-05T10:26:19.601602-05:00,1227254-20608757709,447916.53,PEN,Soles,2026-07-08T00:00:00-05:00
ocds-dgv273-seacev3-1226458,ocds-dgv273-seacev3-1226458-2026-08-05T10:26:19.576370-05:00,1226458-1804869,12159686.33,PEN,Soles,2026-06-26T00:00:00-05:00
ocds-dgv273-seacev3-1223944,ocds-dgv273-seacev3-1223944-2026-08-05T10:26:19.420576-05:00,1223944-20448140645,450000.0,PEN,Soles,2026-07-03T00:00:00-05:00
ocds-dgv273-seacev3-1226132,ocds-dgv273-seacev3-1226132-2026-08-05T10:26:18.709924-05:00,1226132-20486103079,54900.0,PEN,Soles,2026-07-09T00:00:00-05:00
ocds-dgv273-seacev3-1226484,ocds-dgv273-seacev3-1226484-2026-08-05T10:26:18.662817-05:00,1226484-10764449032,352440.0,PEN,Soles,2026-06-23T00:00:00-05:00
ocds-dgv273-seacev3-1235424,ocds-dgv273-seacev3-1235424-2026-08-05T10:26:14.921682-05:00,1235424-10424409851,25500.0,PEN,Soles,2026-07-20T00:00:00-05:00
ocds-dgv273-seacev3-1229299,ocds-dgv273-seacev3-1229299-2026-08-05T10:26:14.093807-05:00,1229299-10803342411,108790.0,PEN,Soles,2026-07-09T00:00:00-05:00
ocds-dgv273-seacev3-1233709,ocds-dgv273-seacev3-1233709-2026-08-05T10:26:13.800543-05:00,1233709-10469607122,54000.0,PEN,Soles,2026-07-14T00:00:00-05:00
ocds-dgv273-seacev3-1230003,ocds-dgv273-seacev3-1230003-2026-08-05T10:26:12.067827-05:00,1230003-20511037001,37530.0,PEN,Soles,2026-07-10T00:00:00-05:00
ocds-dgv273-seacev3-2026-1003000667-6,ocds-dgv273-seacev3-2026-1003000667-6-2026-08-05T10:26:10.732152-05:00,1226150-20347237028,211161.6,PEN,Soles,2026-07-02T00:00:00-05:00
ocds-dgv273-seacev3-1224307,ocds-dgv273-seacev3-1224307-2026-08-05T10:26:10.212612-05:00,1224307-20614144859,150000.0,PEN,Soles,2026-07-03T00:00:00-05:00
ocds-dgv273-seacev3-1221492,ocds-dgv273-seacev3-1221492-2026-08-05T10:26:09.421940-05:00,1221492-1802451,950000.0,PEN,Soles,2026-06-19T00:00:00-05:00
ocds-dgv273-seacev3-1226433,ocds-dgv273-seacev3-1226433-2026-08-05T10:26:09.397198-05:00,1226433-1814050,2346802.92,PEN,Soles,2026-07-22T00:00:00-05:00
ocds-dgv273-seacev3-1227025,ocds-dgv273-seacev3-1227025-2026-08-05T10:26:09.075474-05:00,1227025-1807219,85000.0,PEN,Soles,2026-07-03T00:00:00-05:00
ocds-dgv273-seacev3-1224900,ocds-dgv273-seacev3-1224900-2026-08-05T10:26:08.971197-05:00,1224900-20539061501,48302.4,PEN,Soles,2026-07-15T00:00:00-05:00
ocds-dgv273-seacev3-1222620,ocds-dgv273-seacev3-1222620-2026-08-05T10:26:08.842020-05:00,1222620-1802589,198000.0,PEN,Soles,2026-06-22T00:00:00-05:00
ocds-dgv273-seacev3-1223632,ocds-dgv273-seacev3-1223632-2026-08-05T10:26:08.727374-05:00,1223632-L0609016880,107630.0,USD,Dólar Norteamericano,2026-07-01T00:00:00-05:00
ocds-dgv273-seacev3-1223049,ocds-dgv273-seacev3-1223049-2026-08-05T10:26:08.710439-05:00,1223049-10437823851,124590.0,PEN,Soles,2026-07-06T00:00:00-05:00
ocds-dgv273-seacev3-1223213,ocds-dgv273-seacev3-1223213-2026-08-05T10:26:08.671044-05:00,1223213-20522333051,67170.9,PEN,Soles,2026-06-30T00:00:00-05:00
ocds-dgv273-seacev3-1229061,ocds-dgv273-seacev3-1229061-2026-08-05T10:26:03.168046-05:00,1229061-20604809674,52500.0,PEN,Soles,2026-07-20T00:00:00-05:00
ocds-dgv273-seacev3-1230570,ocds-dgv273-seacev3-1230570-2026-08-05T10:25:59.979309-05:00,1230570-1807846,636474.57,PEN,Soles,2026-07-02T00:00:00-05:00
ocds-dgv273-seacev3-1228536,ocds-dgv273-seacev3-1228536-2026-08-05T10:25:59.226433-05:00,1228536-20606053569,59340.0,PEN,Soles,2026-07-01T00:00:00-05:00
ocds-dgv273-seacev3-2026-1331-5,ocds-dgv273-seacev3-2026-1331-5-2026-08-05T10:25:58.983534-05:00,1229824-20606083379,96000.0,PEN,Soles,2026-07-06T00:00:00-05:00
ocds-dgv273-seacev3-1224782,ocds-dgv273-seacev3-1224782-2026-08-05T10:25:58.298688-05:00,1224782-20600896777,59300.0,PEN,Soles,2026-07-14T00:00:00-05:00
ocds-dgv273-seacev3-1228191,ocds-dgv273-seacev3-1228191-2026-08-05T10:25:57.890267-05:00,1228191-1808491,928639.56,PEN,Soles,2026-07-06T00:00:00-05:00
ocds-dgv273-seacev3-1225544,ocds-dgv273-seacev3-1225544-2026-08-05T10:25:57.688204-05:00,1225544-1806341,409910.1,PEN,Soles,2026-07-01T00:00:00-05:00
ocds-dgv273-seacev3-2026-1952-36,ocds-dgv273-seacev3-2026-1952-36-2026-08-05T10:25:50.204587-05:00,1195185-10417862523,60000.0,PEN,Soles,2026-03-26T00:00:00-05:00
ocds-dgv273-seacev3-2026-1952-36,ocds-dgv273-seacev3-2026-1952-36-2026-08-05T10:25:50.204587-05:00,1233292-10088751600,30000.0,PEN,Soles,2026-07-13T00:00:00-05:00
ocds-dgv273-seacev3-1229782,ocds-dgv273-seacev3-1229782-2026-08-05T10:25:49.759014-05:00,1229782-10456643898,65000.0,PEN,Soles,2026-07-09T00:00:00-05:00
ocds-dgv273-seacev3-1229503,ocds-dgv273-seacev3-1229503-2026-08-05T10:25:49.689385-05:00,1229503-20486136830,766147.64,PEN,Soles,2026-07-14T00:00:00-05:00
ocds-dgv273-seacev3-1228774,ocds-dgv273-seacev3-1228774-2026-08-05T10:25:48.702105-05:00,1228774-1809625,3015082.7,PEN,Soles,2026-07-09T00:00:00-05:00
ocds-dgv273-seacev3-2026-200145-0,ocds-dgv273-seacev3-2026-200145-0-2026-08-05T10:25:47.868072-05:00,1206617-1785945,11667721.89,PEN,Soles,2026-05-07T00:00:00-05:00
ocds-dgv273-seacev3-2026-200145-0,ocds-dgv273-seacev3-2026-200145-0-2026-08-05T10:25:47.868072-05:00,1222105-1804258,11667721.89,PEN,Soles,2026-06-25T00:00:00-05:00
ocds-dgv273-seacev3-1226049,ocds-dgv273-seacev3-1226049-2026-08-05T10:25:47.837426-05:00,1226049-1806362,685784.23,PEN,Soles,2026-07-02T00:00:00-05:00
ocds-dgv273-seacev3-2026-1952-96,ocds-dgv273-seacev3-2026-1952-96-2026-08-05T10:25:47.769626-05:00,1230854-10455897195,27000.0,PEN,Soles,2026-07-08T00:00:00-05:00
ocds-dgv273-seacev3-2026-1952-96,ocds-dgv273-seacev3-2026-1952-96-2026-08-05T10:25:47.769626-05:00,1230854-10462862011,27000.0,PEN,Soles,2026-07-08T00:00:00-05:00
ocds-dgv273-seacev3-2026-1952-96,ocds-dgv273-seacev3-2026-1952-96-2026-08-05T10:25:47.769626-05:00,1230854-10763119195,27000.0,PEN,Soles,2026-07-08T00:00:00-05:00
ocds-dgv273-seacev3-2026-10247-36,ocds-dgv273-seacev3-2026-10247-36-2026-08-05T10:25:47.517615-05:00,1229149-20558376946,47422.0,PEN,Soles,2026-07-15T00:00:00-05:00
ocds-dgv273-seacev3-1225831,ocds-dgv273-seacev3-1225831-2026-08-05T10:25:47.296748-05:00,1225831-20611499371,77628.0,PEN,Soles,2026-07-03T00:00:00-05:00
ocds-dgv273-seacev3-1228211,ocds-dgv273-seacev3-1228211-2026-08-05T10:25:46.994577-05:00,1228211-1808225,272000.0,PEN,Soles,2026-07-15T00:00:00-05:00
ocds-dgv273-seacev3-1224912,ocds-dgv273-seacev3-1224912-2026-08-05T10:25:46.967940-05:00,1224912-10251852184,49830.0,PEN,Soles,2026-06-23T00:00:00-05:00
ocds-dgv273-seacev3-1227051,ocds-dgv273-seacev3-1227051-2026-08-05T10:25:46.895743-05:00,1227051-20487236081,115000.0,PEN,Soles,2026-07-20T00:00:00-05:00
ocds-dgv273-seacev3-1227466,ocds-dgv273-seacev3-1227466-2026-08-05T10:25:46.391881-05:00,1227466-20604062447,82059.61,PEN,Soles,2026-07-08T00:00:00-05:00
ocds-dgv273-seacev3-1227001,ocds-dgv273-seacev3-1227001-2026-08-05T10:25:39.012246-05:00,1227001-1807183,2005587.12,PEN,Soles,2026-07-01T00:00:00-05:00
ocds-dgv273-seacev3-2026-1998-24,ocds-dgv273-seacev3-2026-1998-24-2026-08-05T10:25:38.904900-05:00,1229328-20524858518,99860.6,PEN,Soles,2026-07-16T00:00:00-05:00
ocds-dgv273-seacev3-1227736,ocds-dgv273-seacev3-1227736-2026-08-05T10:25:38.656359-05:00,1227736-1808596,288622.0,PEN,Soles,2026-07-15T00:00:00-05:00
ocds-dgv273-seacev3-1227979,ocds-dgv273-seacev3-1227979-2026-08-05T10:25:38.558168-05:00,1227979-1808236,656520.19,PEN,Soles,2026-07-09T00:00:00-05:00
ocds-dgv273-seacev3-1228393,ocds-dgv273-seacev3-1228393-2026-08-05T10:25:38.397869-05:00,1228393-10415288820,45000.0,PEN,Soles,2026-07-07T00:00:00-05:00
ocds-dgv273-seacev3-1225532,ocds-dgv273-seacev3-1225532-2026-08-05T10:25:38.259775-05:00,1225532-1806131,159960.0,PEN,Soles,2026-06-26T00:00:00-05:00
ocds-dgv273-seacev3-2026-10450-2,ocds-dgv273-seacev3-2026-10450-2-2026-08-05T10:25:38.145625-05:00,1228101-20612150631,160000.0,PEN,Soles,2026-07-08T00:00:00-05:00
ocds-dgv273-seacev3-1222846,ocds-dgv273-seacev3-1222846-2026-08-05T10:25:37.840192-05:00,1222846-1803434,88916.8,PEN,Soles,2026-06-22T00:00:00-05:00
ocds-dgv273-seacev3-2026-2543-330,ocds-dgv273-seacev3-2026-2543-330-2026-08-05T10:25:37.744577-05:00,1229566-20573178760,188787.6,PEN,Soles,2026-07-21T00:00:00-05:00
ocds-dgv273-seacev3-1226667,ocds-dgv273-seacev3-1226667-2026-08-05T10:25:37.647211-05:00,1226667-20606275961,471000.0,PEN,Soles,2026-07-02T00:00:00-05:00
ocds-dgv273-seacev3-1225677,ocds-dgv273-seacev3-1225677-2026-08-05T10:25:37.557594-05:00,1225677-20448752411,68160.0,PEN,Soles,2026-07-06T00:00:00-05:00
ocds-dgv273-seacev3-1224736,ocds-dgv273-seacev3-1224736-2026-08-05T10:25:37.399767-05:00,1224736-10290832964,296281.89,PEN,Soles,2026-07-01T00:00:00-05:00
ocds-dgv273-seacev3-1225001,ocds-dgv273-seacev3-1225001-2026-08-05T10:25:37.283910-05:00,1225001-20544537521,99100.0,PEN,Soles,2026-06-22T00:00:00-05:00
ocds-dgv273-seacev3-1223234,ocds-dgv273-seacev3-1223234-2026-08-05T10:25:37.266174-05:00,1223234-1811093,633250.81,PEN,Soles,2026-07-13T00:00:00-05:00
ocds-dgv273-seacev3-1225287,ocds-dgv273-seacev3-1225287-2026-08-05T10:25:37.236226-05:00,1225287-20612044598,118000.0,PEN,Soles,2026-07-06T00:00:00-05:00
ocds-dgv273-seacev3-1224741,ocds-dgv273-seacev3-1224741-2026-08-05T10:25:37.063553-05:00,1224741-20477911111,984946.04,PEN,Soles,2026-07-08T00:00:00-05:00
ocds-dgv273-seacev3-1228255,ocds-dgv273-seacev3-1228255-2026-08-05T10:25:36.831598-05:00,1228255-20604100608,69840.0,PEN,Soles,2026-07-08T00:00:00-05:00
ocds-dgv273-seacev3-1228116,ocds-dgv273-seacev3-1228116-2026-08-05T10:25:36.817517-05:00,1228116-20523933028,63000.0,PEN,Soles,2026-06-26T00:00:00-05:00
ocds-dgv273-seacev3-1223264,ocds-dgv273-seacev3-1223264-2026-08-05T10:25:36.695179-05:00,1223264-20611011181,52500.0,PEN,Soles,2026-07-01T00:00:00-05:00
ocds-dgv273-seacev3-1227387,ocds-dgv273-seacev3-1227387-2026-08-05T10:25:36.673176-05:00,1227387-20607483907,62600.0,PEN,Nuevos Soles,2026-07-03T00:00:00-05:00
ocds-dgv273-seacev3-1224806,ocds-dgv273-seacev3-1224806-2026-08-05T10:25:36.628468-05:00,1224806-1806298,146000.0,PEN,Soles,2026-07-07T00:00:00-05:00
ocds-dgv273-seacev3-1228476,ocds-dgv273-seacev3-1228476-2026-08-05T10:25:36.396439-05:00,1228476-10464887429,48000.0,PEN,Soles,2026-07-07T00:00:00-05:00
ocds-dgv273-seacev3-1221293,ocds-dgv273-seacev3-1221293-2026-08-05T10:25:36.382141-05:00,1221293-10765615092,76775.0,PEN,Soles,2026-07-02T00:00:00-05:00
ocds-dgv273-seacev3-1227206,ocds-dgv273-seacev3-1227206-2026-08-05T10:25:36.319020-05:00,1227206-1807477,249007.8,PEN,Soles,2026-07-02T00:00:00-05:00
ocds-dgv273-seacev3-1224207,ocds-dgv273-seacev3-1224207-2026-08-05T10:25:36.252220-05:00,1224207-20606887222,57675.0,PEN,Soles,2026-06-24T00:00:00-05:00
ocds-dgv273-seacev3-1224733,ocds-dgv273-seacev3-1224733-2026-08-05T10:25:36.096934-05:00,1224733-10006829347,78500.0,PEN,Soles,2026-06-30T21:06:05-05:00
ocds-dgv273-seacev3-1222274,ocds-dgv273-seacev3-1222274-2026-08-05T10:25:35.968202-05:00,1222274-1810424,2075700.0,PEN,Soles,2026-07-14T00:00:00-05:00
ocds-dgv273-seacev3-1221793,ocds-dgv273-seacev3-1221793-2026-08-05T10:25:35.843247-05:00,1221793-1805107,138000.0,PEN,Soles,2026-07-02T00:00:00-05:00
ocds-dgv273-seacev3-1223435,ocds-dgv273-seacev3-1223435-2026-08-05T10:25:35.754225-05:00,1223435-20448592970,103550.0,PEN,Soles,2026-07-03T00:00:00-05:00
ocds-dgv273-seacev3-1223486,ocds-dgv273-seacev3-1223486-2026-08-05T10:25:35.697579-05:00,1223486-20202578145,76976.05,PEN,Soles,2026-06-26T00:00:00-05:00
ocds-dgv273-seacev3-1233366,ocds-dgv273-seacev3-1233366-2026-08-05T10:25:31.830432-05:00,1233366-10166878743,27000.0,PEN,Soles,2026-07-13T00:00:00-05:00
ocds-dgv273-seacev3-1233366,ocds-dgv273-seacev3-1233366-2026-08-05T10:25:31.830432-05:00,1233366-10316649829,27000.0,PEN,Soles,2026-07-13T00:00:00-05:00
ocds-dgv273-seacev3-1228862,ocds-dgv273-seacev3-1228862-2026-08-05T10:25:31.667755-05:00,1228862-20609536129,822500.0,PEN,Soles,2026-07-13T00:00:00-05:00
ocds-dgv273-seacev3-1229311,ocds-dgv273-seacev3-1229311-2026-08-05T10:25:29.345426-05:00,1229311-20609578701,108000.0,PEN,Soles,2026-07-08T00:00:00-05:00
ocds-dgv273-seacev3-1222956,ocds-dgv273-seacev3-1222956-2026-08-05T10:25:28.428594-05:00,1222956-1810248,5548181.98,PEN,Soles,2026-07-14T00:00:00-05:00
ocds-dgv273-seacev3-1228275,ocds-dgv273-seacev3-1228275-2026-08-05T10:25:27.390368-05:00,1228275-20611033665,60000.0,PEN,Soles,2026-07-21T00:00:00-05:00
ocds-dgv273-seacev3-2026-265151-1,ocds-dgv273-seacev3-2026-265151-1-2026-08-05T10:25:27.217172-05:00,1224515-1806414,342127.51,PEN,Soles,2026-07-09T00:00:00-05:00
ocds-dgv273-seacev3-1221781,ocds-dgv273-seacev3-1221781-2026-08-05T10:25:27.087299-05:00,1221781-20609275252,86000.0,PEN,Soles,2026-06-18T00:00:00-05:00
ocds-dgv273-seacev3-1225760,ocds-dgv273-seacev3-1225760-2026-08-05T10:25:26.773028-05:00,1225760-10053608383,108000.0,PEN,Soles,2026-07-02T00:00:00-05:00
ocds-dgv273-seacev3-1227630,ocds-dgv273-seacev3-1227630-2026-08-05T10:25:26.167134-05:00,1227630-20511037001,95844.0,PEN,Soles,2026-07-02T00:00:00-05:00
ocds-dgv273-seacev3-1228284,ocds-dgv273-seacev3-1228284-2026-08-05T10:25:26.086911-05:00,1228284-20603482027,83681.0,PEN,Soles,2026-07-02T00:00:00-05:00
ocds-dgv273-seacev3-1227256,ocds-dgv273-seacev3-1227256-2026-08-05T10:25:25.923656-05:00,1227256-20103854661,70000.0,PEN,Soles,2026-07-08T00:00:00-05:00
ocds-dgv273-seacev3-1227256,ocds-dgv273-seacev3-1227256-2026-08-05T10:25:25.923656-05:00,1227256-20493200942,58800.0,PEN,Soles,2026-07-08T00:00:00-05:00
ocds-dgv273-seacev3-1227256,ocds-dgv273-seacev3-1227256-2026-08-05T10:25:25.923656-05:00,1227256-20609987872,47040.0,PEN,Soles,2026-07-08T00:00:00-05:00
ocds-dgv273-seacev3-1220327,ocds-dgv273-seacev3-1220327-2026-08-05T10:25:25.803179-05:00,1220327-1803816,1530579.06,PEN,Soles,2026-06-22T00:00:00-05:00
ocds-dgv273-seacev3-1226398,ocds-dgv273-seacev3-1226398-2026-08-05T10:25:25.696464-05:00,1226398-20511037001,489160.0,PEN,Soles,2026-06-26T00:00:00-05:00
ocds-dgv273-seacev3-1221186,ocds-dgv273-seacev3-1221186-2026-08-05T10:25:25.581818-05:00,1221186-20602561284,59508.0,PEN,Soles,2026-07-08T00:00:00-05:00
ocds-dgv273-seacev3-2026-1952-90,ocds-dgv273-seacev3-2026-1952-90-2026-08-05T10:25:22.439669-05:00,1232636-10738870285,30000.0,PEN,Soles,2026-07-13T00:00:00-05:00
ocds-dgv273-seacev3-2026-1952-120,ocds-dgv273-seacev3-2026-1952-120-2026-08-05T10:25:19.207995-05:00,1232616-10726786751,27000.0,PEN,Soles,2026-07-13T00:00:00-05:00
ocds-dgv273-seacev3-2026-1952-120,ocds-dgv273-seacev3-2026-1952-120-2026-08-05T10:25:19.207995-05:00,1232616-10742118792,27000.0,PEN,Soles,2026-07-13T00:00:00-05:00
ocds-dgv273-seacev3-2026-1952-120,ocds-dgv273-seacev3-2026-1952-120-2026-08-05T10:25:19.207995-05:00,1232616-10755326475,18000.0,PEN,Soles,2026-07-13T00:00:00-05:00
ocds-dgv273-seacev3-1231084,ocds-dgv273-seacev3-1231084-2026-08-05T10:25:19.148578-05:00,1231084-10446800278,25500.0,PEN,Soles,2026-07-08T00:00:00-05:00
ocds-dgv273-seacev3-1233751,ocds-dgv273-seacev3-1233751-2026-08-05T10:25:19.089083-05:00,1233751-10105488853,72000.0,PEN,Soles,2026-07-14T00:00:00-05:00
ocds-dgv273-seacev3-1237647,ocds-dgv273-seacev3-1237647-2026-08-05T10:25:17.807571-05:00,1237647-10445017014,21000.0,PEN,Nuevos Soles,2026-07-31T00:00:00-05:00
ocds-dgv273-seacev3-1228738,ocds-dgv273-seacev3-1228738-2026-08-05T10:25:17.691780-05:00,1228738-20511037001,115944.22,PEN,Soles,2026-07-08T00:00:00-05:00
ocds-dgv273-seacev3-1220658,ocds-dgv273-seacev3-1220658-2026-08-05T10:25:16.528037-05:00,1220658-1806677,3047467.26,PEN,Soles,2026-06-30T00:00:00-05:00
ocds-dgv273-seacev3-1223558,ocds-dgv273-seacev3-1223558-2026-08-05T10:25:15.202130-05:00,1223558-20565824440,214800.0,PEN,Soles,2026-07-03T00:00:00-05:00
ocds-dgv273-seacev3-1226962,ocds-dgv273-seacev3-1226962-2026-08-05T10:25:15.173350-05:00,1226962-1807738,371940.06,PEN,Soles,2026-07-03T00:00:00-05:00
ocds-dgv273-seacev3-2026-1952-124,ocds-dgv273-seacev3-2026-1952-124-2026-08-05T10:25:15.115778-05:00,1230830-10422643937,27000.0,PEN,Soles,2026-07-06T00:00:00-05:00
ocds-dgv273-seacev3-2026-1952-124,ocds-dgv273-seacev3-2026-1952-124-2026-08-05T10:25:15.115778-05:00,1230830-10705251580,27000.0,PEN,Soles,2026-07-06T00:00:00-05:00
ocds-dgv273-seacev3-1226288,ocds-dgv273-seacev3-1226288-2026-08-05T10:25:15.071183-05:00,1226288-20603680333,480000.0,PEN,Soles,2026-07-21T00:00:00-05:00
ocds-dgv273-seacev3-1224926,ocds-dgv273-seacev3-1224926-2026-08-05T10:25:14.887091-05:00,1224926-20613128019,270000.0,PEN,Soles,2026-06-25T00:00:00-05:00
ocds-dgv273-seacev3-1232658,ocds-dgv273-seacev3-1232658-2026-08-05T10:25:14.809284-05:00,1232658-10102002526,27000.0,PEN,Soles,2026-07-09T00:00:00-05:00
ocds-dgv273-seacev3-1224532,ocds-dgv273-seacev3-1224532-2026-08-05T10:25:14.361776-05:00,1224532-20452714125,51000.0,PEN,Soles,2026-07-03T00:00:00-05:00
ocds-dgv273-seacev3-1227567,ocds-dgv273-seacev3-1227567-2026-08-05T10:25:14.317984-05:00,1227567-20608218921,289229.84,PEN,Soles,2026-07-10T00:00:00-05:00
ocds-dgv273-seacev3-1221768,ocds-dgv273-seacev3-1221768-2026-08-05T10:25:14.049223-05:00,1221768-20602922660,60800.0,PEN,Soles,2026-06-12T00:00:00-05:00
ocds-dgv273-seacev3-1228080,ocds-dgv273-seacev3-1228080-2026-08-05T10:25:14.013201-05:00,1228080-10438752825,80100.0,PEN,Soles,2026-07-08T00:00:00-05:00
ocds-dgv273-seacev3-1220953,ocds-dgv273-seacev3-1220953-2026-08-05T10:25:13.669072-05:00,1220953-1810390,1278200.0,PEN,Soles,2026-07-30T00:00:00-05:00
ocds-dgv273-seacev3-2026-1926-203,ocds-dgv273-seacev3-2026-1926-203-2026-08-04T10:21:44.701279-05:00,1225691-L9000032905,15491.16,USD,Dólar Norteamericano,2026-06-16T00:00:00-05:00
ocds-dgv273-seacev3-1228049,ocds-dgv273-seacev3-1228049-2026-08-04T10:21:28.941467-05:00,1228049-20601165946,169000.0,PEN,Soles,2026-07-17T00:00:00-05:00
ocds-dgv273-seacev3-2026-1926-17,ocds-dgv273-seacev3-2026-1926-17-2026-08-04T10:21:27.615678-05:00,1221578-20518257723,241134.0,PEN,Soles,2026-06-26T00:00:00-05:00
ocds-dgv273-seacev3-2026-1926-156,ocds-dgv273-seacev3-2026-1926-156-2026-08-04T10:21:18.263483-05:00,1225364-L9000032903,328579.19999999995,USD,Dólar Norteamericano,2026-06-15T00:00:00-05:00
ocds-dgv273-seacev3-1230904,ocds-dgv273-seacev3-1230904-2026-08-02T10:09:31.457691-05:00,1230904-10405820191,30000.0,PEN,Soles,2026-07-06T00:00:00-05:00
ocds-dgv273-seacev3-1229338,ocds-dgv273-seacev3-1229338-2026-08-02T10:09:28.935439-05:00,1229338-20604194572,392007.57,PEN,Soles,2026-07-14T00:00:00-05:00
ocds-dgv273-seacev3-1228622,ocds-dgv273-seacev3-1228622-2026-08-02T10:09:26.950308-05:00,1228622-1809779,450847.11,PEN,Soles,2026-07-09T00:00:00-05:00
ocds-dgv273-seacev3-1228952,ocds-dgv273-seacev3-1228952-2026-08-02T10:09:26.936396-05:00,1228952-20610262547,77082.0,PEN,Soles,2026-07-08T00:00:00-05:00
ocds-dgv273-seacev3-1223359,ocds-dgv273-seacev3-1223359-2026-08-02T10:09:26.840316-05:00,1223359-20611112646,101745.0,PEN,Soles,2026-06-12T00:00:00-05:00
ocds-dgv273-seacev3-1229937,ocds-dgv273-seacev3-1229937-2026-08-02T10:09:26.771148-05:00,1229937-1810546,2165480.21,PEN,Soles,2026-07-14T00:00:00-05:00
ocds-dgv273-seacev3-1227099,ocds-dgv273-seacev3-1227099-2026-08-02T10:09:26.755623-05:00,1227099-1810086,2345537.7,PEN,Soles,2026-07-15T00:00:00-05:00
ocds-dgv273-seacev3-1218456,ocds-dgv273-seacev3-1218456-2026-08-02T10:09:26.733855-05:00,1218456-20611309512,78000.0,PEN,Soles,2026-07-03T00:00:00-05:00
ocds-dgv273-seacev3-1229395,ocds-dgv273-seacev3-1229395-2026-08-02T10:09:26.671649-05:00,1229395-1810996,1684658.42,PEN,Soles,2026-07-14T00:00:00-05:00
ocds-dgv273-seacev3-1229383,ocds-dgv273-seacev3-1229383-2026-08-02T10:09:26.292167-05:00,1229383-20444179288,98000.1,PEN,Soles,2026-07-17T00:00:00-05:00
ocds-dgv273-seacev3-1227868,ocds-dgv273-seacev3-1227868-2026-08-02T10:09:26.159425-05:00,1227868-1808427,674117.01,PEN,Soles,2026-07-06T00:00:00-05:00
ocds-dgv273-seacev3-1223440,ocds-dgv273-seacev3-1223440-2026-08-02T10:09:25.990133-05:00,1223440-20447760658,249000.0,PEN,Soles,2026-06-26T00:00:00-05:00
ocds-dgv273-seacev3-1231367,ocds-dgv273-seacev3-1231367-2026-08-02T10:09:25.945268-05:00,1231367-10405304908,30000.0,PEN,Soles,2026-07-06T00:00:00-05:00
ocds-dgv273-seacev3-1231367,ocds-dgv273-seacev3-1231367-2026-08-02T10:09:25.945268-05:00,1231367-10415442608,30000.0,PEN,Soles,2026-07-06T00:00:00-05:00
ocds-dgv273-seacev3-1226561,ocds-dgv273-seacev3-1226561-2026-08-02T10:09:25.720509-05:00,1226561-1808627,940690.0,PEN,Soles,2026-07-10T00:00:00-05:00
ocds-dgv273-seacev3-1223517,ocds-dgv273-seacev3-1223517-2026-08-02T10:09:25.652270-05:00,1223517-20602534350,465738.72,PEN,Soles,2026-06-25T00:00:00-05:00
ocds-dgv273-seacev3-1225970,ocds-dgv273-seacev3-1225970-2026-08-02T10:09:25.637390-05:00,1225970-20450193730,418109.0,PEN,Soles,2026-07-07T00:00:00-05:00
ocds-dgv273-seacev3-1227436,ocds-dgv273-seacev3-1227436-2026-08-02T10:09:25.593694-05:00,1227436-20102306598,70142.2,PEN,Soles,2026-07-13T00:00:00-05:00
ocds-dgv273-seacev3-2026-1959-25,ocds-dgv273-seacev3-2026-1959-25-2026-08-02T10:09:25.579290-05:00,1227100-20100862132,67000.0,PEN,Soles,2026-07-13T00:00:00-05:00
ocds-dgv273-seacev3-1225461,ocds-dgv273-seacev3-1225461-2026-08-02T10:09:25.558264-05:00,1225461-20602391427,201120.0,PEN,Soles,2026-07-03T00:00:00-05:00
ocds-dgv273-seacev3-1222252,ocds-dgv273-seacev3-1222252-2026-08-02T10:09:25.544815-05:00,1222252-1810912,18697078.81,PEN,Soles,2026-07-22T00:00:00-05:00
ocds-dgv273-seacev3-2026-36828-3,ocds-dgv273-seacev3-2026-36828-3-2026-08-02T10:09:25.529571-05:00,1227389-1808093,78204.0,PEN,Soles,2026-07-03T00:00:00-05:00
ocds-dgv273-seacev3-1226843,ocds-dgv273-seacev3-1226843-2026-08-02T10:09:25.491559-05:00,1226843-10801279941,82868.0,PEN,Soles,2026-06-26T00:00:00-05:00
ocds-dgv273-seacev3-1221653,ocds-dgv273-seacev3-1221653-2026-08-02T10:09:25.447391-05:00,1221653-1803115,83100.0,PEN,Soles,2026-06-25T00:00:00-05:00
ocds-dgv273-seacev3-1225931,ocds-dgv273-seacev3-1225931-2026-08-02T10:09:25.424987-05:00,1225931-10413082400,90000.0,PEN,Soles,2026-07-10T00:00:00-05:00
ocds-dgv273-seacev3-2026-1151-1,ocds-dgv273-seacev3-2026-1151-1-2026-08-02T10:09:25.382747-05:00,1227139-20605133437,222170.8,PEN,Soles,2026-07-08T00:00:00-05:00
ocds-dgv273-seacev3-1225387,ocds-dgv273-seacev3-1225387-2026-08-02T10:09:25.367331-05:00,1225387-1807532,1070879.51,PEN,Soles,2026-07-07T00:00:00-05:00
ocds-dgv273-seacev3-1221091,ocds-dgv273-seacev3-1221091-2026-08-02T10:09:25.286311-05:00,1221091-1805087,289564.09,PEN,Soles,2026-06-30T00:00:00-05:00
ocds-dgv273-seacev3-1225432,ocds-dgv273-seacev3-1225432-2026-08-02T10:09:25.239825-05:00,1225432-20600712617,46802.7,PEN,Soles,2026-07-01T00:00:00-05:00
ocds-dgv273-seacev3-2026-739-3,ocds-dgv273-seacev3-2026-739-3-2026-08-02T10:09:25.223930-05:00,1226647-1807970,4143070.19,PEN,Soles,2026-07-07T00:00:00-05:00
ocds-dgv273-seacev3-1229510,ocds-dgv273-seacev3-1229510-2026-08-02T10:09:22.280491-05:00,1229510-1811878,1039577.97,PEN,Soles,2026-07-16T00:00:00-05:00
ocds-dgv273-seacev3-1232568,ocds-dgv273-seacev3-1232568-2026-08-02T10:09:21.304393-05:00,1232568-10443098912,36000.0,PEN,Soles,2026-07-09T00:00:00-05:00
ocds-dgv273-seacev3-1227995,ocds-dgv273-seacev3-1227995-2026-08-02T10:09:19.325287-05:00,1227995-20536685261,227004.0,PEN,Soles,2026-07-07T00:00:00-05:00
ocds-dgv273-seacev3-1222754,ocds-dgv273-seacev3-1222754-2026-08-02T10:09:19.306252-05:00,1222754-20607340502,78900.0,PEN,Soles,2026-07-03T00:00:00-05:00
ocds-dgv273-seacev3-1225516,ocds-dgv273-seacev3-1225516-2026-08-02T10:09:19.272703-05:00,1225516-20612399418,80000.0,PEN,Soles,2026-07-06T00:00:00-05:00
ocds-dgv273-seacev3-1216512,ocds-dgv273-seacev3-1216512-2026-08-02T10:09:19.258042-05:00,1216512-20613833901,247601.13,PEN,Soles,2026-06-17T00:00:00-05:00
ocds-dgv273-seacev3-1225601,ocds-dgv273-seacev3-1225601-2026-08-02T10:09:19.220518-05:00,1225601-20407759517,89000.0,PEN,Soles,2026-07-02T00:00:00-05:00
ocds-dgv273-seacev3-2026-326-9,ocds-dgv273-seacev3-2026-326-9-2026-08-02T10:09:19.131315-05:00,1229005-10709066086,14100.0,PEN,Soles,2026-07-13T00:00:00-05:00
ocds-dgv273-seacev3-1225964,ocds-dgv273-seacev3-1225964-2026-08-02T10:09:19.108343-05:00,1225964-20600104358,168800.78,PEN,Soles,2026-07-09T00:00:00-05:00
ocds-dgv273-seacev3-1229883,ocds-dgv273-seacev3-1229883-2026-08-02T10:09:18.987875-05:00,1229883-20600571592,87000.0,PEN,Soles,2026-07-16T00:00:00-05:00
ocds-dgv273-seacev3-1228187,ocds-dgv273-seacev3-1228187-2026-08-02T10:09:18.906865-05:00,1228187-20538729648,274950.0,PEN,Soles,2026-07-07T00:00:00-05:00
ocds-dgv273-seacev3-1225087,ocds-dgv273-seacev3-1225087-2026-08-02T10:09:18.741573-05:00,1225087-1805486,96160.0,PEN,Soles,2026-06-25T00:00:00-05:00
ocds-dgv273-seacev3-2026-176869-10,ocds-dgv273-seacev3-2026-176869-10-2026-08-02T10:09:18.719436-05:00,1227222-20600268920,159400.0,PEN,Soles,2026-07-13T00:00:00-05:00
ocds-dgv273-seacev3-2026-176869-10,ocds-dgv273-seacev3-2026-176869-10-2026-08-02T10:09:18.719436-05:00,1227222-20601796997,78600.0,PEN,Soles,2026-07-13T00:00:00-05:00
ocds-dgv273-seacev3-1228169,ocds-dgv273-seacev3-1228169-2026-08-02T10:09:18.698739-05:00,1228169-20448771475,668294.82,PEN,Soles,2026-07-10T00:00:00-05:00
ocds-dgv273-seacev3-1226413,ocds-dgv273-seacev3-1226413-2026-08-02T10:09:18.677957-05:00,1226413-10160250548,96975.0,PEN,Soles,2026-07-02T00:00:00-05:00
ocds-dgv273-seacev3-1228970,ocds-dgv273-seacev3-1228970-2026-08-02T10:09:18.627867-05:00,1228970-10419531923,143800.0,PEN,Soles,2026-07-14T00:00:00-05:00
ocds-dgv273-seacev3-1229804,ocds-dgv273-seacev3-1229804-2026-08-02T10:09:18.614222-05:00,1229804-15608263222,62630.4,PEN,Soles,2026-07-06T00:00:00-05:00
ocds-dgv273-seacev3-1222863,ocds-dgv273-seacev3-1222863-2026-08-02T10:09:18.517963-05:00,1222863-20522173933,125580.0,PEN,Soles,2026-06-18T00:00:00-05:00
ocds-dgv273-seacev3-1222725,ocds-dgv273-seacev3-1222725-2026-08-02T10:09:18.504008-05:00,1222725-20608030035,793051.0,PEN,Soles,2026-06-18T00:00:00-05:00
ocds-dgv273-seacev3-1224968,ocds-dgv273-seacev3-1224968-2026-08-02T10:09:18.490081-05:00,1224968-20509860981,71457.0,PEN,Soles,2026-06-24T16:44:02-05:00
ocds-dgv273-seacev3-1223748,ocds-dgv273-seacev3-1223748-2026-08-02T10:09:18.475908-05:00,1223748-20101313833,24.98,PEN,Soles,2026-06-19T00:00:00-05:00
ocds-dgv273-seacev3-1223748,ocds-dgv273-seacev3-1223748-2026-08-02T10:09:18.475908-05:00,1223748-20100032458,172000.0,PEN,Soles,2026-07-08T00:00:00-05:00
ocds-dgv273-seacev3-1229065,ocds-dgv273-seacev3-1229065-2026-08-02T10:09:18.442364-05:00,1229065-20494662001,261000.0,PEN,Soles,2026-07-14T00:00:00-05:00
ocds-dgv273-seacev3-1223534,ocds-dgv273-seacev3-1223534-2026-08-02T10:09:18.352294-05:00,1223534-20547563485,824530.0,PEN,Soles,2026-07-07T00:00:00-05:00
ocds-dgv273-seacev3-1224299,ocds-dgv273-seacev3-1224299-2026-08-02T10:09:18.253134-05:00,1224299-20614041651,99900.0,PEN,Soles,2026-06-22T00:00:00-05:00
ocds-dgv273-seacev3-1223129,ocds-dgv273-seacev3-1223129-2026-08-02T10:09:18.222968-05:00,1223129-1803438,704425.79,PEN,Soles,2026-06-18T00:00:00-05:00
ocds-dgv273-seacev3-2026-643-6,ocds-dgv273-seacev3-2026-643-6-2026-08-02T10:09:18.161703-05:00,1222375-10266367061,233400.0,PEN,Soles,2026-07-07T00:00:00-05:00
ocds-dgv273-seacev3-1228920,ocds-dgv273-seacev3-1228920-2026-08-02T10:09:18.128215-05:00,1228920-20609536129,94000.0,PEN,Soles,2026-07-13T00:00:00-05:00
ocds-dgv273-seacev3-2026-200191-63,ocds-dgv273-seacev3-2026-200191-63-2026-08-02T10:09:17.881184-05:00,1222462-1806346,105000.0,PEN,Soles,2026-07-06T00:00:00-05:00
ocds-dgv273-seacev3-1221368,ocds-dgv273-seacev3-1221368-2026-08-02T10:09:17.684181-05:00,1221368-20511037001,257666.4,PEN,Soles,2026-06-19T00:00:00-05:00
ocds-dgv273-seacev3-1229376,ocds-dgv273-seacev3-1229376-2026-08-02T10:09:17.607938-05:00,1229376-10013116054,144000.0,PEN,Soles,2026-07-08T00:00:00-05:00
ocds-dgv273-seacev3-1228246,ocds-dgv273-seacev3-1228246-2026-08-02T10:09:17.578601-05:00,1228246-1808713,15594255.32,PEN,Soles,2026-07-24T00:00:00-05:00
ocds-dgv273-seacev3-1222998,ocds-dgv273-seacev3-1222998-2026-08-02T10:09:17.492387-05:00,1222998-1803166,1133370.73,PEN,Soles,2026-07-07T00:00:00-05:00
ocds-dgv273-seacev3-1222206,ocds-dgv273-seacev3-1222206-2026-08-02T10:09:17.447131-05:00,1222206-20603419678,382194.0,PEN,Soles,2026-06-22T00:00:00-05:00
ocds-dgv273-seacev3-1222621,ocds-dgv273-seacev3-1222621-2026-08-02T10:09:17.423787-05:00,1222621-1798626,1856966.14,PEN,Soles,2026-06-04T00:00:00-05:00
ocds-dgv273-seacev3-1222062,ocds-dgv273-seacev3-1222062-2026-08-02T10:09:17.396451-05:00,1222062-20612094137,155000.0,PEN,Soles,2026-06-19T00:00:00-05:00
ocds-dgv273-seacev3-1224757,ocds-dgv273-seacev3-1224757-2026-08-02T10:09:17.248824-05:00,1224757-1805566,1463739.98,PEN,Soles,2026-07-02T00:00:00-05:00
ocds-dgv273-seacev3-1225019,ocds-dgv273-seacev3-1225019-2026-08-02T10:09:17.173890-05:00,1225019-1805256,82737.61,PEN,Soles,2026-07-17T00:00:00-05:00
ocds-dgv273-seacev3-1228147,ocds-dgv273-seacev3-1228147-2026-08-02T10:09:17.137409-05:00,1228147-10267071352,62400.0,PEN,Soles,2026-07-06T00:00:00-05:00
ocds-dgv273-seacev3-1224603,ocds-dgv273-seacev3-1224603-2026-08-02T10:09:17.058458-05:00,1224603-20600198522,90133.0,PEN,Soles,2026-07-03T00:00:00-05:00
ocds-dgv273-seacev3-1227913,ocds-dgv273-seacev3-1227913-2026-08-02T10:09:17.043071-05:00,1227913-10277215689,157500.0,PEN,Soles,2026-07-07T00:00:00-05:00
ocds-dgv273-seacev3-1225709,ocds-dgv273-seacev3-1225709-2026-08-02T10:09:17.027787-05:00,1225709-1806233,109012.2,PEN,Soles,2026-07-01T00:00:00-05:00
ocds-dgv273-seacev3-1227361,ocds-dgv273-seacev3-1227361-2026-08-02T10:09:16.966553-05:00,1227361-20494329922,125000.0,PEN,Soles,2026-07-06T00:00:00-05:00
ocds-dgv273-seacev3-1227304,ocds-dgv273-seacev3-1227304-2026-08-02T10:09:16.951159-05:00,1227304-10282916563,180000.0,PEN,Soles,2026-07-02T00:00:00-05:00
ocds-dgv273-seacev3-1226529,ocds-dgv273-seacev3-1226529-2026-08-02T10:09:16.908494-05:00,1226529-20101704352,106248.0,PEN,Soles,2026-07-14T00:00:00-05:00
ocds-dgv273-seacev3-1222897,ocds-dgv273-seacev3-1222897-2026-08-02T10:09:16.880857-05:00,1222897-20100210909,279189.13,PEN,Soles,2026-07-15T00:00:00-05:00
ocds-dgv273-seacev3-2026-1921-70,ocds-dgv273-seacev3-2026-1921-70-2026-08-02T10:09:16.824933-05:00,1223574-20536124153,221598.1,PEN,Soles,2026-07-03T00:00:00-05:00
ocds-dgv273-seacev3-1221637,ocds-dgv273-seacev3-1221637-2026-08-02T10:09:16.764603-05:00,1221637-20602082700,223491.0,PEN,Soles,2026-06-11T17:33:43-05:00
ocds-dgv273-seacev3-1223680,ocds-dgv273-seacev3-1223680-2026-08-02T10:09:16.735522-05:00,1223680-1804621,3332027.19,PEN,Soles,2026-07-07T00:00:00-05:00
ocds-dgv273-seacev3-1223016,ocds-dgv273-seacev3-1223016-2026-08-02T10:09:16.719947-05:00,1223016-1803706,1249035.81,PEN,Soles,2026-06-19T00:00:00-05:00
ocds-dgv273-seacev3-2026-705-15,ocds-dgv273-seacev3-2026-705-15-2026-08-02T10:09:16.689195-05:00,1223424-1803842,186472.15,PEN,Soles,2026-06-22T00:00:00-05:00
ocds-dgv273-seacev3-1222280,ocds-dgv273-seacev3-1222280-2026-08-02T10:09:16.673623-05:00,1222280-10433726362,94993.7,PEN,Soles,2026-07-14T00:00:00-05:00
ocds-dgv273-seacev3-2026-1952-6,ocds-dgv273-seacev3-2026-1952-6-2026-08-02T10:09:16.603662-05:00,1222422-20392661647,89494.5,PEN,Soles,2026-07-07T00:00:00-05:00
ocds-dgv273-seacev3-1225474,ocds-dgv273-seacev3-1225474-2026-08-02T10:09:16.571371-05:00,1225474-10702535510,101500.0,PEN,Soles,2026-07-14T00:00:00-05:00
ocds-dgv273-seacev3-1222484,ocds-dgv273-seacev3-1222484-2026-08-02T10:09:16.507525-05:00,1222484-20536685261,180502.8,PEN,Soles,2026-07-08T00:00:00-05:00
ocds-dgv273-seacev3-1222960,ocds-dgv273-seacev3-1222960-2026-08-02T10:09:16.482342-05:00,1222960-20287233851,337071.28,PEN,Soles,2026-06-30T00:00:00-05:00
ocds-dgv273-seacev3-2026-261929-3,ocds-dgv273-seacev3-2026-261929-3-2026-08-02T10:09:16.433486-05:00,1226919-20602314058,223000.0,PEN,Soles,2026-07-08T00:00:00-05:00
ocds-dgv273-seacev3-2026-1926-62,ocds-dgv273-seacev3-2026-1926-62-2026-08-02T10:09:16.395011-05:00,1225902-20613521951,122720.0,PEN,Soles,2026-07-03T00:00:00-05:00
ocds-dgv273-seacev3-1222554,ocds-dgv273-seacev3-1222554-2026-08-02T10:09:16.364436-05:00,1222554-1811824,5136959.86,PEN,Soles,2026-07-24T00:00:00-05:00
ocds-dgv273-seacev3-1226860,ocds-dgv273-seacev3-1226860-2026-08-02T10:09:16.279834-05:00,1226860-10418013732,103834.5,PEN,Soles,2026-07-08T00:00:00-05:00
ocds-dgv273-seacev3-1227294,ocds-dgv273-seacev3-1227294-2026-08-02T10:09:16.263271-05:00,1227294-20610512543,67500.0,PEN,Soles,2026-07-06T00:00:00-05:00
ocds-dgv273-seacev3-1222674,ocds-dgv273-seacev3-1222674-2026-08-02T10:09:16.242301-05:00,1222674-20600852346,100740.0,PEN,Soles,2026-06-16T00:00:00-05:00
ocds-dgv273-seacev3-1225517,ocds-dgv273-seacev3-1225517-2026-08-02T10:09:16.227688-05:00,1225517-10721443430,55000.0,PEN,Soles,2026-07-03T00:00:00-05:00
ocds-dgv273-seacev3-1225360,ocds-dgv273-seacev3-1225360-2026-08-02T10:09:16.177611-05:00,1225360-20600712617,50504.85,PEN,Soles,2026-07-02T00:00:00-05:00
ocds-dgv273-seacev3-1224839,ocds-dgv273-seacev3-1224839-2026-08-02T10:09:16.160895-05:00,1224839-10469553740,137600.0,PEN,Soles,2026-07-02T00:00:00-05:00
ocds-dgv273-seacev3-1224839,ocds-dgv273-seacev3-1224839-2026-08-02T10:09:16.160895-05:00,1224839-10474162422,60800.0,PEN,Soles,2026-07-02T00:00:00-05:00
ocds-dgv273-seacev3-1222369,ocds-dgv273-seacev3-1222369-2026-08-02T10:09:16.024346-05:00,1222369-20508879441,187200.0,PEN,Soles,2026-07-08T00:00:00-05:00
ocds-dgv273-seacev3-1228343,ocds-dgv273-seacev3-1228343-2026-08-02T10:09:16.010144-05:00,1228343-20601248647,199915.6,PEN,Soles,2026-07-13T00:00:00-05:00
ocds-dgv273-seacev3-1228880,ocds-dgv273-seacev3-1228880-2026-08-02T10:09:10.675653-05:00,1228880-20482503862,1935782.92,PEN,Soles,2026-07-09T00:00:00-05:00
ocds-dgv273-seacev3-1232200,ocds-dgv273-seacev3-1232200-2026-08-02T10:09:10.550544-05:00,1232200-10463126777,16000.0,PEN,Soles,2026-07-09T00:00:00-05:00
ocds-dgv273-seacev3-1228968,ocds-dgv273-seacev3-1228968-2026-08-02T10:09:10.281424-05:00,1228968-20511037001,58120.0,PEN,Soles,2026-07-09T00:00:00-05:00
ocds-dgv273-seacev3-1229222,ocds-dgv273-seacev3-1229222-2026-08-02T10:09:09.887429-05:00,1229222-1811664,2124408.17,PEN,Soles,2026-07-14T00:00:00-05:00
ocds-dgv273-seacev3-1233573,ocds-dgv273-seacev3-1233573-2026-08-02T10:09:09.755540-05:00,1233573-1811524,2271111.17,PEN,Soles,2026-07-14T00:00:00-05:00
ocds-dgv273-seacev3-1229367,ocds-dgv273-seacev3-1229367-2026-08-02T10:09:08.517590-05:00,1229367-1812974,131472.75,PEN,Soles,2026-07-17T00:00:00-05:00
ocds-dgv273-seacev3-1229663,ocds-dgv273-seacev3-1229663-2026-08-02T10:09:07.579796-05:00,1229663-20100018625,45558.4,PEN,Soles,2026-07-13T00:00:00-05:00
ocds-dgv273-seacev3-1228466,ocds-dgv273-seacev3-1228466-2026-08-02T10:09:07.504593-05:00,1228466-20517059472,70200.0,PEN,Soles,2026-07-13T00:00:00-05:00
ocds-dgv273-seacev3-1233938,ocds-dgv273-seacev3-1233938-2026-08-02T10:09:07.262116-05:00,1233938-1813467,2001749.71,PEN,Soles,2026-07-21T00:00:00-05:00
ocds-dgv273-seacev3-1232542,ocds-dgv273-seacev3-1232542-2026-08-02T10:09:06.988938-05:00,1232542-20530880746,288325.69,PEN,Soles,2026-07-15T00:00:00-05:00
ocds-dgv273-seacev3-1232542,ocds-dgv273-seacev3-1232542-2026-08-02T10:09:06.988938-05:00,1232542-20541722735,425150.89,PEN,Soles,2026-07-15T00:00:00-05:00
ocds-dgv273-seacev3-1232542,ocds-dgv273-seacev3-1232542-2026-08-02T10:09:06.988938-05:00,1232542-20602412793,580614.3,PEN,Soles,2026-07-15T00:00:00-05:00
ocds-dgv273-seacev3-1232542,ocds-dgv273-seacev3-1232542-2026-08-02T10:09:06.988938-05:00,1232542-20613304488,322563.5,PEN,Soles,2026-07-15T00:00:00-05:00
ocds-dgv273-seacev3-1223861,ocds-dgv273-seacev3-1223861-2026-08-02T10:09:06.510942-05:00,1223861-20612520349,82000.0,PEN,Soles,2026-07-06T00:00:00-05:00
ocds-dgv273-seacev3-1229681,ocds-dgv273-seacev3-1229681-2026-08-02T10:09:06.481915-05:00,1229681-20318506575,291983.4,PEN,Soles,2026-07-15T00:00:00-05:00
ocds-dgv273-seacev3-1226041,ocds-dgv273-seacev3-1226041-2026-08-02T10:09:06.465084-05:00,1226041-20605475541,103105.0,PEN,Soles,2026-07-09T00:00:00-05:00
ocds-dgv273-seacev3-2026-176869-7,ocds-dgv273-seacev3-2026-176869-7-2026-08-02T10:09:06.420788-05:00,1228775-20558376946,82000.0,PEN,Soles,2026-07-16T00:00:00-05:00
ocds-dgv273-seacev3-1224444,ocds-dgv273-seacev3-1224444-2026-08-02T10:09:06.391076-05:00,1224444-1805497,989048.36,PEN,Soles,2026-06-25T00:00:00-05:00
ocds-dgv273-seacev3-1226565,ocds-dgv273-seacev3-1226565-2026-08-02T10:09:06.304134-05:00,1226565-20526944934,123420.0,PEN,Soles,2026-07-01T15:36:56-05:00
ocds-dgv273-seacev3-1228841,ocds-dgv273-seacev3-1228841-2026-08-02T10:09:06.161929-05:00,1228841-1809759,439371.0,PEN,Soles,2026-07-09T00:00:00-05:00
ocds-dgv273-seacev3-1227888,ocds-dgv273-seacev3-1227888-2026-08-02T10:09:06.146574-05:00,1227888-1808230,1948439.09,PEN,Soles,2026-07-06T00:00:00-05:00
ocds-dgv273-seacev3-1229028,ocds-dgv273-seacev3-1229028-2026-08-02T10:09:06.037160-05:00,1229028-1810373,2575361.74,PEN,Soles,2026-07-10T00:00:00-05:00
ocds-dgv273-seacev3-2026-1735-4,ocds-dgv273-seacev3-2026-1735-4-2026-08-02T10:09:05.759750-05:00,1228455-1809836,268744.75,PEN,Soles,2026-07-14T00:00:00-05:00
ocds-dgv273-seacev3-2026-105388-3,ocds-dgv273-seacev3-2026-105388-3-2026-08-02T10:09:05.745340-05:00,1224777-10758175338,102900.0,PEN,Soles,2026-07-08T00:00:00-05:00
ocds-dgv273-seacev3-1226058,ocds-dgv273-seacev3-1226058-2026-08-02T10:09:05.723194-05:00,1226058-20603282681,549000.0,PEN,Soles,2026-06-26T00:00:00-05:00
ocds-dgv273-seacev3-1222255,ocds-dgv273-seacev3-1222255-2026-08-02T10:09:05.611433-05:00,1222255-10604757849,124782.72,PEN,Soles,2026-07-03T00:00:00-05:00
ocds-dgv273-seacev3-1228380,ocds-dgv273-seacev3-1228380-2026-08-02T10:09:05.426634-05:00,1228380-1809923,252858.98,PEN,Soles,2026-07-09T00:00:00-05:00
ocds-dgv273-seacev3-1226295,ocds-dgv273-seacev3-1226295-2026-08-02T10:09:05.411610-05:00,1226295-20490096745,123340.0,PEN,Soles,2026-07-01T00:00:00-05:00
ocds-dgv273-seacev3-1223322,ocds-dgv273-seacev3-1223322-2026-08-02T10:09:05.328186-05:00,1223322-20608683454,617500.0,PEN,Soles,2026-06-22T00:00:00-05:00
ocds-dgv273-seacev3-1222188,ocds-dgv273-seacev3-1222188-2026-08-02T10:09:05.106769-05:00,1222188-20603346948,82800.0,PEN,Soles,2026-06-17T00:00:00-05:00
ocds-dgv273-seacev3-1229470,ocds-dgv273-seacev3-1229470-2026-08-02T10:09:04.757548-05:00,1229470-20603746610,48900.0,PEN,Soles,2026-07-15T00:00:00-05:00
ocds-dgv273-seacev3-1228824,ocds-dgv273-seacev3-1228824-2026-08-02T10:09:04.715146-05:00,1228824-20610262547,133761.77,PEN,Soles,2026-07-08T00:00:00-05:00
ocds-dgv273-seacev3-1222726,ocds-dgv273-seacev3-1222726-2026-08-02T10:09:04.670426-05:00,1222726-20608308033,90000.0,PEN,Soles,2026-07-07T00:00:00-05:00
ocds-dgv273-seacev3-1227624,ocds-dgv273-seacev3-1227624-2026-08-02T10:09:04.595053-05:00,1227624-1805028,937000.0,PEN,Soles,2026-07-01T00:00:00-05:00
ocds-dgv273-seacev3-1225834,ocds-dgv273-seacev3-1225834-2026-08-02T10:09:04.542606-05:00,1225834-20607527661,158730.0,PEN,Soles,2026-07-16T00:00:00-05:00
ocds-dgv273-seacev3-1224625,ocds-dgv273-seacev3-1224625-2026-08-02T10:09:04.244818-05:00,1224625-10429049518,45000.0,PEN,Soles,2026-07-15T00:00:00-05:00
ocds-dgv273-seacev3-1224419,ocds-dgv273-seacev3-1224419-2026-08-02T10:09:04.139249-05:00,1224419-20604921008,60229.0,PEN,Soles,2026-07-10T00:00:00-05:00
ocds-dgv273-seacev3-1224958,ocds-dgv273-seacev3-1224958-2026-08-02T10:09:04.082636-05:00,1224958-20546461433,47740.0,PEN,Soles,2026-06-30T21:03:28-05:00
ocds-dgv273-seacev3-1226056,ocds-dgv273-seacev3-1226056-2026-08-02T10:09:04.050579-05:00,1226056-20609775921,70000.0,PEN,Soles,2026-07-13T00:00:00-05:00
ocds-dgv273-seacev3-1222426,ocds-dgv273-seacev3-1222426-2026-08-02T10:09:04.034439-05:00,1222426-20608420968,267600.0,PEN,Soles,2026-06-17T00:00:00-05:00
ocds-dgv273-seacev3-1225275,ocds-dgv273-seacev3-1225275-2026-08-02T10:09:03.980454-05:00,1225275-20602412793,950000.0,PEN,Soles,2026-06-17T00:00:00-05:00
ocds-dgv273-seacev3-1224216,ocds-dgv273-seacev3-1224216-2026-08-02T10:09:03.962829-05:00,1224216-20490020099,146605.0,PEN,Soles,2026-07-03T00:00:00-05:00
ocds-dgv273-seacev3-2026-1921-62,ocds-dgv273-seacev3-2026-1921-62-2026-08-02T10:09:03.879428-05:00,1221479-20546970826,305000.0,PEN,Soles,2026-06-23T00:00:00-05:00
ocds-dgv273-seacev3-2026-1039-8,ocds-dgv273-seacev3-2026-1039-8-2026-08-02T10:09:03.851486-05:00,1225750-20600821696,58840.0,PEN,Soles,2026-07-14T00:00:00-05:00
ocds-dgv273-seacev3-1225471,ocds-dgv273-seacev3-1225471-2026-08-02T10:09:03.835303-05:00,1225471-10702535510,137900.0,PEN,Soles,2026-07-14T00:00:00-05:00
ocds-dgv273-seacev3-1223548,ocds-dgv273-seacev3-1223548-2026-08-02T10:09:03.807627-05:00,1223548-20523470761,127992.96,PEN,Soles,2026-07-01T00:00:00-05:00
ocds-dgv273-seacev3-1225276,ocds-dgv273-seacev3-1225276-2026-08-02T10:09:03.735196-05:00,1225276-20567223605,3556135.38,PEN,Soles,2026-07-03T00:00:00-05:00
ocds-dgv273-seacev3-1223050,ocds-dgv273-seacev3-1223050-2026-08-02T10:09:03.720448-05:00,1223050-20602284442,211815.0,PEN,Soles,2026-07-16T00:00:00-05:00
ocds-dgv273-seacev3-1226186,ocds-dgv273-seacev3-1226186-2026-08-02T10:09:03.705027-05:00,1226186-1809509,135000.0,PEN,Soles,2026-07-10T00:00:00-05:00
ocds-dgv273-seacev3-2026-1921-32,ocds-dgv273-seacev3-2026-1921-32-2026-08-02T10:09:03.684397-05:00,1222867-20100999430,35596.96,USD,Dólar Norteamericano,2026-07-02T00:00:00-05:00
ocds-dgv273-seacev3-1225989,ocds-dgv273-seacev3-1225989-2026-08-02T10:09:03.663380-05:00,1225989-1806176,360000.0,PEN,Soles,2026-06-30T00:00:00-05:00
ocds-dgv273-seacev3-1223763,ocds-dgv273-seacev3-1223763-2026-08-02T10:09:03.527691-05:00,1223763-1805700,1060432.68,PEN,Soles,2026-06-26T00:00:00-05:00
ocds-dgv273-seacev3-1227613,ocds-dgv273-seacev3-1227613-2026-08-02T10:09:03.514111-05:00,1227613-20454829876,97999.9,PEN,Soles,2026-06-26T00:00:00-05:00
ocds-dgv273-seacev3-1229509,ocds-dgv273-seacev3-1229509-2026-08-02T10:09:00.796823-05:00,1229509-1811952,1149716.98,PEN,Soles,2026-07-16T00:00:00-05:00
ocds-dgv273-seacev3-1228898,ocds-dgv273-seacev3-1228898-2026-08-02T10:08:56.736255-05:00,1228898-20601783267,127220.0,PEN,Soles,2026-07-13T00:00:00-05:00
ocds-dgv273-seacev3-1226431,ocds-dgv273-seacev3-1226431-2026-08-02T10:08:56.682148-05:00,1226431-20610198253,71750.0,PEN,Soles,2026-07-07T00:00:00-05:00
ocds-dgv273-seacev3-1226032,ocds-dgv273-seacev3-1226032-2026-08-02T10:08:56.632996-05:00,1226032-20486063859,68740.0,PEN,Soles,2026-07-06T00:00:00-05:00
ocds-dgv273-seacev3-1229506,ocds-dgv273-seacev3-1229506-2026-08-02T10:08:56.593182-05:00,1229506-1812085,1015214.52,PEN,Soles,2026-07-16T00:00:00-05:00
ocds-dgv273-seacev3-1226040,ocds-dgv273-seacev3-1226040-2026-08-02T10:08:56.430115-05:00,1226040-20600055284,250160.0,PEN,Soles,2026-07-16T00:00:00-05:00
ocds-dgv273-seacev3-1222488,ocds-dgv273-seacev3-1222488-2026-08-02T10:08:56.401190-05:00,1222488-20539765061,99900.0,PEN,Soles,2026-07-09T00:00:00-05:00
ocds-dgv273-seacev3-2026-45-79,ocds-dgv273-seacev3-2026-45-79-2026-08-02T10:08:56.334655-05:00,1224302-20521700794,120078.0,PEN,Soles,2026-07-14T00:00:00-05:00
ocds-dgv273-seacev3-1223165,ocds-dgv273-seacev3-1223165-2026-08-02T10:08:56.277170-05:00,1223165-1808373,158450.08,PEN,Soles,2026-07-08T00:00:00-05:00
ocds-dgv273-seacev3-1225274,ocds-dgv273-seacev3-1225274-2026-08-02T10:08:56.212540-05:00,1225274-20600712617,86319.85,PEN,Soles,2026-07-01T00:00:00-05:00
ocds-dgv273-seacev3-1225662,ocds-dgv273-seacev3-1225662-2026-08-02T10:08:56.151129-05:00,1225662-1806114,217741.65,PEN,Soles,2026-06-30T00:00:00-05:00
ocds-dgv273-seacev3-1227865,ocds-dgv273-seacev3-1227865-2026-08-02T10:08:56.114876-05:00,1227865-1809013,530000.0,PEN,Soles,2026-07-08T00:00:00-05:00
ocds-dgv273-seacev3-1226267,ocds-dgv273-seacev3-1226267-2026-08-02T10:08:56.091872-05:00,1226267-1815052,7641401.86,PEN,Soles,2026-07-24T00:00:00-05:00
ocds-dgv273-seacev3-1223664,ocds-dgv273-seacev3-1223664-2026-08-02T10:08:55.762541-05:00,1223664-1805435,249478.82,PEN,Soles,2026-07-17T00:00:00-05:00
ocds-dgv273-seacev3-1224176,ocds-dgv273-seacev3-1224176-2026-08-02T10:08:55.721187-05:00,1224176-1805427,250000.0,PEN,Nuevos Soles,2026-07-31T00:00:00-05:00
ocds-dgv273-seacev3-1221748,ocds-dgv273-seacev3-1221748-2026-08-02T10:08:55.601359-05:00,1221748-10102688690,128700.0,PEN,Soles,2026-07-03T00:00:00-05:00
ocds-dgv273-seacev3-1221748,ocds-dgv273-seacev3-1221748-2026-08-02T10:08:55.601359-05:00,1221748-20128232584,145860.0,PEN,Soles,2026-07-03T00:00:00-05:00
ocds-dgv273-seacev3-1223259,ocds-dgv273-seacev3-1223259-2026-08-02T10:08:55.492499-05:00,1223259-20602131549,8346134.0,PEN,Soles,2026-07-17T00:00:00-05:00
ocds-dgv273-seacev3-1228500,ocds-dgv273-seacev3-1228500-2026-08-02T10:08:55.390081-05:00,1228500-1808860,247171.46,PEN,Soles,2026-07-09T00:00:00-05:00
ocds-dgv273-seacev3-1226472,ocds-dgv273-seacev3-1226472-2026-08-02T10:08:55.255493-05:00,1226472-20603236549,63750.0,PEN,Soles,2026-07-17T00:00:00-05:00
ocds-dgv273-seacev3-2026-705-21,ocds-dgv273-seacev3-2026-705-21-2026-08-02T10:08:54.922281-05:00,1223339-1805948,92395.88,PEN,Soles,2026-07-13T00:00:00-05:00
ocds-dgv273-seacev3-2026-10153-16,ocds-dgv273-seacev3-2026-10153-16-2026-08-02T10:08:54.808409-05:00,1221910-20605428780,559787.0,PEN,Soles,2026-06-22T00:00:00-05:00
ocds-dgv273-seacev3-1228992,ocds-dgv273-seacev3-1228992-2026-08-02T10:08:50.107428-05:00,1228992-1810066,619519.13,PEN,Nuevos Soles,2026-07-09T00:00:00-05:00
ocds-dgv273-seacev3-1229814,ocds-dgv273-seacev3-1229814-2026-08-02T10:08:48.513911-05:00,1229814-20602360904,119875.0,PEN,Soles,2026-07-15T00:00:00-05:00
ocds-dgv273-seacev3-2026-2543-213,ocds-dgv273-seacev3-2026-2543-213-2026-08-02T10:08:48.261229-05:00,1229176-20258134568,1137944.98,PEN,Soles,2026-07-14T00:00:00-05:00
ocds-dgv273-seacev3-2026-2543-213,ocds-dgv273-seacev3-2026-2543-213-2026-08-02T10:08:48.261229-05:00,1229176-20606322799,1015712.0,PEN,Soles,2026-07-14T00:00:00-05:00
ocds-dgv273-seacev3-1229634,ocds-dgv273-seacev3-1229634-2026-08-02T10:08:47.398993-05:00,1229634-20393025868,39720.0,PEN,Soles,2026-07-17T00:00:00-05:00
ocds-dgv273-seacev3-1228939,ocds-dgv273-seacev3-1228939-2026-08-02T10:08:47.161631-05:00,1228939-20362841292,55826.48,PEN,Soles,2026-07-08T00:00:00-05:00
ocds-dgv273-seacev3-1222833,ocds-dgv273-seacev3-1222833-2026-08-02T10:08:47.022609-05:00,1222833-20601527457,250119.84,PEN,Soles,2026-06-08T00:00:00-05:00
ocds-dgv273-seacev3-1226255,ocds-dgv273-seacev3-1226255-2026-08-02T10:08:46.968654-05:00,1226255-20392532243,108000.0,PEN,Soles,2026-07-07T00:00:00-05:00
ocds-dgv273-seacev3-2026-10353-14,ocds-dgv273-seacev3-2026-10353-14-2026-08-02T10:08:46.952590-05:00,1225095-20539556909,230000.0,PEN,Soles,2026-07-03T00:00:00-05:00
ocds-dgv273-seacev3-1222791,ocds-dgv273-seacev3-1222791-2026-08-02T10:08:46.910600-05:00,1222791-20606123095,42920.0,PEN,Nuevos Soles,2026-06-18T00:00:00-05:00
ocds-dgv273-seacev3-2026-1517-8,ocds-dgv273-seacev3-2026-1517-8-2026-08-02T10:08:46.795196-05:00,1227385-1815383,4845036.44,PEN,Soles,2026-07-30T00:00:00-05:00
ocds-dgv273-seacev3-1221844,ocds-dgv273-seacev3-1221844-2026-08-02T10:08:46.738297-05:00,1221844-1807629,80013.6,PEN,Soles,2026-07-13T00:00:00-05:00
ocds-dgv273-seacev3-1229063,ocds-dgv273-seacev3-1229063-2026-08-02T10:08:46.594644-05:00,1229063-20573238339,136046.0,PEN,Soles,2026-07-08T00:00:00-05:00
ocds-dgv273-seacev3-2026-705-2,ocds-dgv273-seacev3-2026-705-2-2026-08-02T10:08:46.551575-05:00,1223483-1805903,126278.93,PEN,Soles,2026-07-13T00:00:00-05:00
ocds-dgv273-seacev3-1221692,ocds-dgv273-seacev3-1221692-2026-08-02T10:08:46.473158-05:00,1221692-1804459,128527.96,PEN,Soles,2026-06-25T00:00:00-05:00
ocds-dgv273-seacev3-1227135,ocds-dgv273-seacev3-1227135-2026-08-02T10:08:46.402627-05:00,1227135-20392764373,48000.0,PEN,Soles,2026-07-07T00:00:00-05:00
ocds-dgv273-seacev3-1228136,ocds-dgv273-seacev3-1228136-2026-08-02T10:08:45.264892-05:00,1228136-1808771,716677.0,PEN,Soles,2026-07-09T00:00:00-05:00
ocds-dgv273-seacev3-1225156,ocds-dgv273-seacev3-1225156-2026-08-02T10:08:45.243906-05:00,1225156-10021618131,152880.0,PEN,Soles,2026-07-09T00:00:00-05:00
ocds-dgv273-seacev3-1229700,ocds-dgv273-seacev3-1229700-2026-08-02T10:08:45.172546-05:00,1229700-20100057523,149520.0,PEN,Soles,2026-07-14T00:00:00-05:00
ocds-dgv273-seacev3-1229217,ocds-dgv273-seacev3-1229217-2026-08-02T10:08:45.068478-05:00,1229217-20546950396,118140.0,PEN,Soles,2026-07-17T00:00:00-05:00
ocds-dgv273-seacev3-2026-200363-62,ocds-dgv273-seacev3-2026-200363-62-2026-08-02T10:08:44.989880-05:00,1226788-20522761525,187040.0,PEN,Soles,2026-07-06T00:00:00-05:00
ocds-dgv273-seacev3-1230393,ocds-dgv273-seacev3-1230393-2026-08-02T10:08:44.976432-05:00,1230393-20542650690,79700.0,PEN,Soles,2026-07-02T00:00:00-05:00
ocds-dgv273-seacev3-1221737,ocds-dgv273-seacev3-1221737-2026-08-02T10:08:44.855235-05:00,1221737-1804266,1370838.47,PEN,Soles,2026-06-22T00:00:00-05:00
ocds-dgv273-seacev3-1228530,ocds-dgv273-seacev3-1228530-2026-08-02T10:08:44.658969-05:00,1228530-20571409926,84507.75,PEN,Soles,2026-07-06T00:00:00-05:00
ocds-dgv273-seacev3-1223706,ocds-dgv273-seacev3-1223706-2026-08-02T10:08:44.608622-05:00,1223706-1808274,990121.93,PEN,Soles,2026-07-07T00:00:00-05:00
ocds-dgv273-seacev3-1228834,ocds-dgv273-seacev3-1228834-2026-08-02T10:08:44.548194-05:00,1228834-1809627,1575816.44,PEN,Soles,2026-07-09T00:00:00-05:00
ocds-dgv273-seacev3-1227391,ocds-dgv273-seacev3-1227391-2026-08-02T10:08:44.533020-05:00,1227391-1809804,4975226.47,PEN,Soles,2026-07-15T00:00:00-05:00
ocds-dgv273-seacev3-1226747,ocds-dgv273-seacev3-1226747-2026-08-02T10:08:44.272144-05:00,1226747-20390932864,80280.0,PEN,Soles,2026-07-09T00:00:00-05:00
ocds-dgv273-seacev3-1223413,ocds-dgv273-seacev3-1223413-2026-08-02T10:08:44.203880-05:00,1223413-20448139981,207615.52,PEN,Soles,2026-06-26T18:04:32-05:00
ocds-dgv273-seacev3-1227280,ocds-dgv273-seacev3-1227280-2026-08-02T10:08:43.937294-05:00,1227280-1809197,8151490.17,PEN,Soles,2026-07-09T00:00:00-05:00
ocds-dgv273-seacev3-1225734,ocds-dgv273-seacev3-1225734-2026-08-02T10:08:43.922286-05:00,1225734-1809738,167000.0,PEN,Soles,2026-07-24T00:00:00-05:00
ocds-dgv273-seacev3-1222799,ocds-dgv273-seacev3-1222799-2026-08-02T10:08:43.907007-05:00,1222799-1807740,127280.98,PEN,Soles,2026-07-03T00:00:00-05:00
ocds-dgv273-seacev3-1224840,ocds-dgv273-seacev3-1224840-2026-08-02T10:08:43.845297-05:00,1224840-20511037001,396115.2,PEN,Soles,2026-07-06T00:00:00-05:00
ocds-dgv273-seacev3-1224842,ocds-dgv273-seacev3-1224842-2026-08-02T10:08:43.829963-05:00,1224842-20609312450,139899.85,PEN,Soles,2026-07-01T00:00:00-05:00
ocds-dgv273-seacev3-1224875,ocds-dgv273-seacev3-1224875-2026-08-02T10:08:43.768666-05:00,1224875-20609312450,76430.35,PEN,Soles,2026-07-01T00:00:00-05:00
ocds-dgv273-seacev3-1223452,ocds-dgv273-seacev3-1223452-2026-08-02T10:08:43.712376-05:00,1223452-20610771298,88500.0,PEN,Soles,2026-07-03T00:00:00-05:00
ocds-dgv273-seacev3-2026-657-6,ocds-dgv273-seacev3-2026-657-6-2026-08-02T10:08:43.578326-05:00,1228248-1812915,299030.96,PEN,Soles,2026-07-22T00:00:00-05:00
ocds-dgv273-seacev3-1222083,ocds-dgv273-seacev3-1222083-2026-08-02T10:08:43.526028-05:00,1222083-20601638615,69118.5,PEN,Soles,2026-06-24T00:00:00-05:00
ocds-dgv273-seacev3-1227866,ocds-dgv273-seacev3-1227866-2026-08-02T10:08:43.437594-05:00,1227866-20563874806,65000.0,PEN,Soles,2026-07-10T00:00:00-05:00
ocds-dgv273-seacev3-1224275,ocds-dgv273-seacev3-1224275-2026-08-02T10:08:43.307177-05:00,1224275-1804261,4106347.49,PEN,Soles,2026-06-24T00:00:00-05:00
ocds-dgv273-seacev3-1223588,ocds-dgv273-seacev3-1223588-2026-08-02T10:08:43.292922-05:00,1223588-20609319071,838390.0,PEN,Soles,2026-07-01T00:00:00-05:00
ocds-dgv273-seacev3-1223836,ocds-dgv273-seacev3-1223836-2026-08-02T10:08:43.137922-05:00,1223836-1807015,162881.37,PEN,Soles,2026-07-03T00:00:00-05:00
ocds-dgv273-seacev3-1224251,ocds-dgv273-seacev3-1224251-2026-08-02T10:08:43.045897-05:00,1224251-20609884470,99265.18,PEN,Soles,2026-07-06T00:00:00-05:00
ocds-dgv273-seacev3-1225279,ocds-dgv273-seacev3-1225279-2026-08-02T10:08:43.012316-05:00,1225279-20294789457,1037236.99,PEN,Soles,2026-06-15T00:00:00-05:00
ocds-dgv273-seacev3-1226067,ocds-dgv273-seacev3-1226067-2026-08-02T10:08:42.997240-05:00,1226067-20542434644,292029.69,PEN,Soles,2026-07-02T00:00:00-05:00
ocds-dgv273-seacev3-1224591,ocds-dgv273-seacev3-1224591-2026-08-02T10:08:42.980910-05:00,1224591-20554027106,654942.4,PEN,Soles,2026-07-02T00:00:00-05:00
ocds-dgv273-seacev3-1226033,ocds-dgv273-seacev3-1226033-2026-08-02T10:08:42.742695-05:00,1226033-20546561497,46800.0,PEN,Soles,2026-07-03T00:00:00-05:00
ocds-dgv273-seacev3-1228985,ocds-dgv273-seacev3-1228985-2026-08-01T10:19:33.729697-05:00,1228985-20494626978,100830.0,PEN,Soles,2026-07-13T00:00:00-05:00
ocds-dgv273-seacev3-1232266,ocds-dgv273-seacev3-1232266-2026-08-01T10:19:33.673511-05:00,1232266-20553853355,49170.0,PEN,Soles,2026-07-15T00:00:00-05:00
ocds-dgv273-seacev3-2026-2376-42,ocds-dgv273-seacev3-2026-2376-42-2026-08-01T10:19:31.061563-05:00,1220816-20452669740,689470.24,PEN,Soles,2026-06-11T00:00:00-05:00
ocds-dgv273-seacev3-1228545,ocds-dgv273-seacev3-1228545-2026-08-01T10:19:30.883526-05:00,1228545-20509860981,53606.0,PEN,Nuevos Soles,2026-07-09T00:00:00-05:00
ocds-dgv273-seacev3-1225281,ocds-dgv273-seacev3-1225281-2026-08-01T10:19:30.643594-05:00,1225281-1805834,58907.53,PEN,Soles,2026-06-26T00:00:00-05:00
ocds-dgv273-seacev3-1224847,ocds-dgv273-seacev3-1224847-2026-08-01T10:19:30.613128-05:00,1224847-20610707247,63000.0,PEN,Soles,2026-07-06T16:59:33-05:00
ocds-dgv273-seacev3-1226157,ocds-dgv273-seacev3-1226157-2026-08-01T10:19:29.174082-05:00,1226157-10700072351,39977.0,PEN,Soles,2026-06-30T00:00:00-05:00
ocds-dgv273-seacev3-1221676,ocds-dgv273-seacev3-1221676-2026-08-01T10:19:29.074136-05:00,1221676-10267213513,144092.54,PEN,Soles,2026-06-02T00:00:00-05:00
ocds-dgv273-seacev3-2026-1508-1,ocds-dgv273-seacev3-2026-1508-1-2026-08-01T10:19:29.051026-05:00,1225841-20541137654,288638.0,PEN,Soles,2026-06-30T00:00:00-05:00
ocds-dgv273-seacev3-1225444,ocds-dgv273-seacev3-1225444-2026-08-01T10:19:29.025360-05:00,1225444-20508932350,189290.0,PEN,Soles,2026-07-07T00:00:00-05:00
ocds-dgv273-seacev3-1224606,ocds-dgv273-seacev3-1224606-2026-08-01T10:19:28.759322-05:00,1224606-20449406631,213030.0,PEN,Soles,2026-07-07T00:00:00-05:00
ocds-dgv273-seacev3-1223643,ocds-dgv273-seacev3-1223643-2026-08-01T10:19:28.579811-05:00,1223643-1804164,3170937.24,PEN,Soles,2026-06-25T00:00:00-05:00
ocds-dgv273-seacev3-2026-10211-1,ocds-dgv273-seacev3-2026-10211-1-2026-08-01T10:19:28.526484-05:00,1221065-20155108038,212600.0,PEN,Soles,2026-07-14T00:00:00-05:00
ocds-dgv273-seacev3-1223674,ocds-dgv273-seacev3-1223674-2026-08-01T10:19:28.409969-05:00,1223674-10479395743,277200.0,PEN,Soles,2026-07-01T00:00:00-05:00
ocds-dgv273-seacev3-1221537,ocds-dgv273-seacev3-1221537-2026-08-01T10:19:28.164973-05:00,1221537-L9000032862,275000.0,USD,Dólar Norteamericano,2026-06-25T00:00:00-05:00
ocds-dgv273-seacev3-1224832,ocds-dgv273-seacev3-1224832-2026-08-01T10:19:27.606059-05:00,1224832-20603464258,79540.0,PEN,Soles,2026-06-25T00:00:00-05:00
ocds-dgv273-seacev3-1226815,ocds-dgv273-seacev3-1226815-2026-08-01T10:19:27.572157-05:00,1226815-1808640,131214.57,PEN,Soles,2026-07-14T00:00:00-05:00
ocds-dgv273-seacev3-2026-711-3,ocds-dgv273-seacev3-2026-711-3-2026-08-01T10:19:27.540489-05:00,1225247-1807240,1832706.25,PEN,Soles,2026-07-02T00:00:00-05:00
ocds-dgv273-seacev3-1229655,ocds-dgv273-seacev3-1229655-2026-08-01T10:19:22.135317-05:00,1229655-20510070187,470000.0,PEN,Soles,2026-07-13T00:00:00-05:00
ocds-dgv273-seacev3-1224382,ocds-dgv273-seacev3-1224382-2026-08-01T10:19:19.602179-05:00,1224382-10405717790,48140.0,PEN,Soles,2026-06-17T00:00:00-05:00
ocds-dgv273-seacev3-1225076,ocds-dgv273-seacev3-1225076-2026-08-01T10:19:19.015969-05:00,1225076-20448460127,73834.0,PEN,Soles,2026-06-19T00:00:00-05:00
ocds-dgv273-seacev3-1225076,ocds-dgv273-seacev3-1225076-2026-08-01T10:19:19.015969-05:00,1225076-20609322188,76450.0,PEN,Soles,2026-07-13T00:00:00-05:00
ocds-dgv273-seacev3-1223308,ocds-dgv273-seacev3-1223308-2026-08-01T10:19:18.996439-05:00,1223308-20486277069,43750.0,PEN,Nuevos Soles,2026-07-03T00:00:00-05:00
ocds-dgv273-seacev3-1230620,ocds-dgv273-seacev3-1230620-2026-08-01T10:19:18.833024-05:00,1230620-20612792080,69607.5,PEN,Soles,2026-07-03T00:00:00-05:00
ocds-dgv273-seacev3-1228333,ocds-dgv273-seacev3-1228333-2026-08-01T10:19:18.250407-05:00,1228333-1809020,278649.81,PEN,Soles,2026-07-08T00:00:00-05:00
ocds-dgv273-seacev3-1223695,ocds-dgv273-seacev3-1223695-2026-08-01T10:19:17.868742-05:00,1223695-10416030494,427900.0,PEN,Soles,2026-07-01T00:00:00-05:00
ocds-dgv273-seacev3-1227182,ocds-dgv273-seacev3-1227182-2026-08-01T10:19:17.788501-05:00,1227182-1807555,103850.0,PEN,Soles,2026-07-03T00:00:00-05:00
ocds-dgv273-seacev3-1228029,ocds-dgv273-seacev3-1228029-2026-08-01T10:19:17.182270-05:00,1228029-20607883557,68200.0,PEN,Soles,2026-07-08T00:00:00-05:00
ocds-dgv273-seacev3-1222717,ocds-dgv273-seacev3-1222717-2026-08-01T10:19:16.895540-05:00,1222717-20611646161,83500.0,PEN,Soles,2026-07-08T00:00:00-05:00
ocds-dgv273-seacev3-1227188,ocds-dgv273-seacev3-1227188-2026-08-01T10:19:16.872383-05:00,1227188-20601519489,74000.0,PEN,Soles,2026-07-08T00:00:00-05:00
ocds-dgv273-seacev3-1226955,ocds-dgv273-seacev3-1226955-2026-08-01T10:19:16.724272-05:00,1226955-20487569136,291596.57,PEN,Soles,2026-07-07T00:00:00-05:00
ocds-dgv273-seacev3-1228598,ocds-dgv273-seacev3-1228598-2026-08-01T10:19:09.002544-05:00,1228598-20568298498,167933.0,PEN,Soles,2026-07-09T00:00:00-05:00
ocds-dgv273-seacev3-1224360,ocds-dgv273-seacev3-1224360-2026-08-01T10:19:08.522918-05:00,1224360-10405717790,61869.0,PEN,Soles,2026-06-17T00:00:00-05:00
ocds-dgv273-seacev3-1224416,ocds-dgv273-seacev3-1224416-2026-08-01T10:19:08.340501-05:00,1224416-10468983457,169819.0,PEN,Soles,2026-07-03T00:00:00-05:00
ocds-dgv273-seacev3-1229530,ocds-dgv273-seacev3-1229530-2026-08-01T10:19:08.245746-05:00,1229530-20613452355,482000.0,PEN,Soles,2026-07-14T00:00:00-05:00
ocds-dgv273-seacev3-1221801,ocds-dgv273-seacev3-1221801-2026-08-01T10:19:07.973647-05:00,1221801-20601503094,345000.0,PEN,Soles,2026-06-24T00:00:00-05:00
ocds-dgv273-seacev3-1228317,ocds-dgv273-seacev3-1228317-2026-08-01T10:19:07.802287-05:00,1228317-20133932730,192900.0,PEN,Soles,2026-07-13T00:00:00-05:00
ocds-dgv273-seacev3-2026-2543-474,ocds-dgv273-seacev3-2026-2543-474-2026-08-01T10:19:07.629532-05:00,1229518-20501543277,107440.0,PEN,Soles,2026-07-15T00:00:00-05:00
ocds-dgv273-seacev3-1223245,ocds-dgv273-seacev3-1223245-2026-08-01T10:19:07.516870-05:00,1223245-20562893998,70000.0,PEN,Soles,2026-07-15T00:00:00-05:00
ocds-dgv273-seacev3-2026-10040-9,ocds-dgv273-seacev3-2026-10040-9-2026-08-01T10:19:07.270808-05:00,1228215-20100011884,38789.55,PEN,Soles,2026-07-08T00:00:00-05:00
ocds-dgv273-seacev3-1225479,ocds-dgv273-seacev3-1225479-2026-08-01T10:19:07.256689-05:00,1225479-20611416017,99319.35,PEN,Soles,2026-06-19T00:00:00-05:00
ocds-dgv273-seacev3-1225291,ocds-dgv273-seacev3-1225291-2026-08-01T10:19:07.153105-05:00,1225291-20600445881,222037.5,PEN,Soles,2026-07-14T00:00:00-05:00
ocds-dgv273-seacev3-1223849,ocds-dgv273-seacev3-1223849-2026-08-01T10:19:06.476201-05:00,1223849-20600893573,137935.77,PEN,Soles,2026-06-24T00:00:00-05:00
ocds-dgv273-seacev3-2026-1922-64,ocds-dgv273-seacev3-2026-1922-64-2026-08-01T10:19:06.219762-05:00,1226023-20199144961,131839.04,PEN,Soles,2026-07-03T00:00:00-05:00
ocds-dgv273-seacev3-1225807,ocds-dgv273-seacev3-1225807-2026-08-01T10:19:06.204435-05:00,1225807-20611582537,407475.0,PEN,Soles,2026-07-01T00:00:00-05:00
ocds-dgv273-seacev3-2026-80751-4,ocds-dgv273-seacev3-2026-80751-4-2026-08-01T10:19:06.100374-05:00,1227579-20602574254,121724.55,PEN,Soles,2026-07-13T00:00:00-05:00
ocds-dgv273-seacev3-1228200,ocds-dgv273-seacev3-1228200-2026-08-01T10:19:06.041520-05:00,1228200-20559644243,113946.6,PEN,Soles,2026-07-03T00:00:00-05:00
ocds-dgv273-seacev3-1226324,ocds-dgv273-seacev3-1226324-2026-08-01T10:19:05.717975-05:00,1226324-20613314823,590253.0,PEN,Soles,2026-07-02T00:00:00-05:00
ocds-dgv273-seacev3-1227701,ocds-dgv273-seacev3-1227701-2026-08-01T10:19:05.655437-05:00,1227701-20417494406,60500.0,PEN,Soles,2026-07-08T00:00:00-05:00
ocds-dgv273-seacev3-1227102,ocds-dgv273-seacev3-1227102-2026-08-01T10:19:05.595404-05:00,1227102-1807666,332595.11,PEN,Soles,2026-07-02T00:00:00-05:00
ocds-dgv273-seacev3-1222352,ocds-dgv273-seacev3-1222352-2026-08-01T10:19:05.563841-05:00,1222352-1805563,674189.21,PEN,Soles,2026-06-25T00:00:00-05:00
ocds-dgv273-seacev3-1226675,ocds-dgv273-seacev3-1226675-2026-08-01T10:19:05.369689-05:00,1226675-20600477481,70500.0,PEN,Soles,2026-07-03T00:00:00-05:00
ocds-dgv273-seacev3-1228180,ocds-dgv273-seacev3-1228180-2026-08-01T10:19:05.256398-05:00,1228180-20532310475,57740.0,PEN,Soles,2026-07-02T00:00:00-05:00
ocds-dgv273-seacev3-1223787,ocds-dgv273-seacev3-1223787-2026-08-01T10:19:05.199576-05:00,1223787-20602221688,130531.74,PEN,Soles,2026-07-01T00:00:00-05:00
ocds-dgv273-seacev3-1224691,ocds-dgv273-seacev3-1224691-2026-08-01T10:19:05.017090-05:00,1224691-20490613405,114800.0,PEN,Soles,2026-07-01T00:00:00-05:00
ocds-dgv273-seacev3-1227348,ocds-dgv273-seacev3-1227348-2026-08-01T10:19:04.985963-05:00,1227348-1808047,671967.49,PEN,Soles,2026-07-06T00:00:00-05:00
ocds-dgv273-seacev3-1224183,ocds-dgv273-seacev3-1224183-2026-08-01T10:19:04.944760-05:00,1224183-20563651921,175000.0,PEN,Soles,2026-06-22T00:00:00-05:00
ocds-dgv273-seacev3-1228345,ocds-dgv273-seacev3-1228345-2026-08-01T10:19:04.877915-05:00,1228345-10415960153,92660.0,PEN,Soles,2026-07-01T00:00:00-05:00
ocds-dgv273-seacev3-1229492,ocds-dgv273-seacev3-1229492-2026-08-01T10:18:59.844171-05:00,1229492-20553404631,246642.0,PEN,Soles,2026-07-10T00:00:00-05:00
ocds-dgv273-seacev3-1228975,ocds-dgv273-seacev3-1228975-2026-08-01T10:18:59.412483-05:00,1228975-20554211888,78583.58,PEN,Soles,2026-07-15T00:00:00-05:00
ocds-dgv273-seacev3-1225445,ocds-dgv273-seacev3-1225445-2026-08-01T10:18:57.130882-05:00,1225445-20381197701,198990.0,PEN,Soles,2026-07-09T00:00:00-05:00
ocds-dgv273-seacev3-1226215,ocds-dgv273-seacev3-1226215-2026-08-01T10:18:56.768815-05:00,1226215-1807641,124650.0,PEN,Soles,2026-07-02T00:00:00-05:00
ocds-dgv273-seacev3-1223058,ocds-dgv273-seacev3-1223058-2026-08-01T10:18:56.744099-05:00,1223058-1803526,147000.0,PEN,Soles,2026-06-19T00:00:00-05:00
ocds-dgv273-seacev3-1227496,ocds-dgv273-seacev3-1227496-2026-08-01T10:18:56.581974-05:00,1227496-20332970411,604521.17,PEN,Soles,2026-07-09T00:00:00-05:00
ocds-dgv273-seacev3-1223335,ocds-dgv273-seacev3-1223335-2026-08-01T10:18:56.551282-05:00,1223335-20611646161,97770.0,PEN,Soles,2026-07-07T00:00:00-05:00
ocds-dgv273-seacev3-1226993,ocds-dgv273-seacev3-1226993-2026-08-01T10:18:56.321382-05:00,1226993-1808891,25548191.64,PEN,Soles,2026-07-08T00:00:00-05:00
ocds-dgv273-seacev3-1228699,ocds-dgv273-seacev3-1228699-2026-08-01T10:18:56.228245-05:00,1228699-20101984291,140273.35,PEN,Soles,2026-07-30T00:00:00-05:00
ocds-dgv273-seacev3-1227351,ocds-dgv273-seacev3-1227351-2026-08-01T10:18:56.155391-05:00,1227351-20606152176,99000.0,PEN,Soles,2026-07-20T00:00:00-05:00
ocds-dgv273-seacev3-1228015,ocds-dgv273-seacev3-1228015-2026-08-01T10:18:56.068883-05:00,1228015-1808521,299500.01,PEN,Soles,2026-07-07T00:00:00-05:00
ocds-dgv273-seacev3-1229760,ocds-dgv273-seacev3-1229760-2026-08-01T10:18:55.864332-05:00,1229760-20612792080,58150.0,PEN,Soles,2026-07-09T16:50:54-05:00
ocds-dgv273-seacev3-1223258,ocds-dgv273-seacev3-1223258-2026-08-01T10:18:55.706929-05:00,1223258-L5552918146,89990.0,USD,Dólar Norteamericano,2026-06-26T00:00:00-05:00
ocds-dgv273-seacev3-1227883,ocds-dgv273-seacev3-1227883-2026-08-01T10:18:55.635952-05:00,1227883-20505120451,115200.0,PEN,Soles,2026-07-13T00:00:00-05:00
ocds-dgv273-seacev3-1228046,ocds-dgv273-seacev3-1228046-2026-08-01T10:18:55.347351-05:00,1228046-1809541,3372392.79,PEN,Nuevos Soles,2026-07-08T00:00:00-05:00
ocds-dgv273-seacev3-1221102,ocds-dgv273-seacev3-1221102-2026-08-01T10:18:55.302809-05:00,1221102-1801562,115641.45,PEN,Soles,2026-06-18T00:00:00-05:00
ocds-dgv273-seacev3-1228407,ocds-dgv273-seacev3-1228407-2026-08-01T10:18:55.264622-05:00,1228407-20604893730,290000.0,PEN,Soles,2026-07-10T00:00:00-05:00
ocds-dgv273-seacev3-1224530,ocds-dgv273-seacev3-1224530-2026-08-01T10:18:55.079019-05:00,1224530-20481925135,365799.0,PEN,Soles,2026-06-30T00:00:00-05:00
ocds-dgv273-seacev3-1221454,ocds-dgv273-seacev3-1221454-2026-08-01T10:18:54.847251-05:00,1221454-1805753,1177028.04,PEN,Soles,2026-06-30T00:00:00-05:00
ocds-dgv273-seacev3-1223130,ocds-dgv273-seacev3-1223130-2026-08-01T10:18:54.782359-05:00,1223130-10182252137,124950.46,PEN,Soles,2026-06-22T00:00:00-05:00
ocds-dgv273-seacev3-1226047,ocds-dgv273-seacev3-1226047-2026-08-01T10:18:54.585388-05:00,1226047-10040721172,71896.0,PEN,Soles,2026-07-02T10:13:48-05:00
ocds-dgv273-seacev3-1222968,ocds-dgv273-seacev3-1222968-2026-08-01T10:18:54.501394-05:00,1222968-20100134617,69120.0,PEN,Soles,2026-07-13T00:00:00-05:00
ocds-dgv273-seacev3-1226735,ocds-dgv273-seacev3-1226735-2026-08-01T10:18:54.393416-05:00,1226735-1809928,1726097.16,PEN,Soles,2026-07-10T00:00:00-05:00
ocds-dgv273-seacev3-1227481,ocds-dgv273-seacev3-1227481-2026-08-01T10:18:54.259631-05:00,1227481-20564260356,88000.0,PEN,Soles,2026-07-09T00:00:00-05:00
ocds-dgv273-seacev3-1223391,ocds-dgv273-seacev3-1223391-2026-08-01T10:18:54.057906-05:00,1223391-20609572907,291632.0,PEN,Soles,2026-06-24T00:00:00-05:00
ocds-dgv273-seacev3-1222930,ocds-dgv273-seacev3-1222930-2026-08-01T10:18:54.009641-05:00,1222930-20408044040,423500.0,PEN,Soles,2026-07-01T00:00:00-05:00
ocds-dgv273-seacev3-1227580,ocds-dgv273-seacev3-1227580-2026-08-01T10:18:53.768319-05:00,1227580-20606505613,68220.0,PEN,Soles,2026-07-16T00:00:00-05:00
ocds-dgv273-seacev3-1224998,ocds-dgv273-seacev3-1224998-2026-08-01T10:18:53.730266-05:00,1224998-20606344717,114600.0,PEN,Soles,2026-07-02T00:00:00-05:00
ocds-dgv273-seacev3-1228271,ocds-dgv273-seacev3-1228271-2026-08-01T10:18:53.581254-05:00,1228271-20601371139,44140.0,PEN,Soles,2026-07-10T00:00:00-05:00
ocds-dgv273-seacev3-1224072,ocds-dgv273-seacev3-1224072-2026-08-01T10:18:53.503296-05:00,1224072-1806419,3742421.71,PEN,Soles,2026-07-03T00:00:00-05:00
ocds-dgv273-seacev3-1221210,ocds-dgv273-seacev3-1221210-2026-08-01T10:18:53.236956-05:00,1221210-10469769998,209922.9,PEN,Soles,2026-06-26T00:00:00-05:00
ocds-dgv273-seacev3-1226293,ocds-dgv273-seacev3-1226293-2026-08-01T10:18:53.160970-05:00,1226293-1807662,143000.0,PEN,Soles,2026-07-06T00:00:00-05:00
ocds-dgv273-seacev3-1225911,ocds-dgv273-seacev3-1225911-2026-08-01T10:18:53.140089-05:00,1225911-1814623,410025.0,PEN,Soles,2026-07-24T00:00:00-05:00
ocds-dgv273-seacev3-1222117,ocds-dgv273-seacev3-1222117-2026-08-01T10:18:44.870772-05:00,1222117-10428066559,43080.0,PEN,Soles,2026-06-15T00:00:00-05:00
ocds-dgv273-seacev3-1222117,ocds-dgv273-seacev3-1222117-2026-08-01T10:18:44.870772-05:00,1222117-20600111150,44200.0,PEN,Soles,2026-07-07T00:00:00-05:00
ocds-dgv273-seacev3-1228330,ocds-dgv273-seacev3-1228330-2026-08-01T10:18:44.578084-05:00,1228330-20610691774,55520.0,PEN,Soles,2026-07-01T00:00:00-05:00
ocds-dgv273-seacev3-1221142,ocds-dgv273-seacev3-1221142-2026-08-01T10:18:44.419204-05:00,1221142-10176251293,252990.0,PEN,Soles,2026-06-17T00:00:00-05:00
ocds-dgv273-seacev3-1226258,ocds-dgv273-seacev3-1226258-2026-08-01T10:18:44.309586-05:00,1226258-1807486,1361418.68,PEN,Soles,2026-07-02T00:00:00-05:00
ocds-dgv273-seacev3-1221465,ocds-dgv273-seacev3-1221465-2026-08-01T10:18:44.285612-05:00,1221465-1801927,2735003.36,PEN,Soles,2026-06-15T00:00:00-05:00
ocds-dgv273-seacev3-1229819,ocds-dgv273-seacev3-1229819-2026-08-01T10:18:44.160578-05:00,1229819-1807644,1295173.35,PEN,Soles,2026-07-02T00:00:00-05:00
ocds-dgv273-seacev3-1224385,ocds-dgv273-seacev3-1224385-2026-08-01T10:18:43.690072-05:00,1224385-10405717790,45893.0,PEN,Soles,2026-06-17T00:00:00-05:00
ocds-dgv273-seacev3-1225494,ocds-dgv273-seacev3-1225494-2026-08-01T10:18:43.225979-05:00,1225494-20553008795,94852.75,PEN,Soles,2026-07-03T00:00:00-05:00
ocds-dgv273-seacev3-1222358,ocds-dgv273-seacev3-1222358-2026-08-01T10:18:43.157795-05:00,1222358-20604202842,397761.0,PEN,Soles,2026-06-22T00:00:00-05:00
ocds-dgv273-seacev3-1222819,ocds-dgv273-seacev3-1222819-2026-08-01T10:18:43.038819-05:00,1222819-20602034390,181000.0,PEN,Soles,2026-06-26T00:00:00-05:00
ocds-dgv273-seacev3-1221381,ocds-dgv273-seacev3-1221381-2026-08-01T10:18:42.442080-05:00,1221381-1801886,78300.63,PEN,Soles,2026-06-26T00:00:00-05:00
ocds-dgv273-seacev3-1227386,ocds-dgv273-seacev3-1227386-2026-08-01T10:18:42.396255-05:00,1227386-1809911,95488.16,PEN,Soles,2026-07-09T00:00:00-05:00
ocds-dgv273-seacev3-2026-200049-5,ocds-dgv273-seacev3-2026-200049-5-2026-08-01T10:18:42.269159-05:00,1204933-10429665561,473000.0,PEN,Soles,2026-05-04T00:00:00-05:00
ocds-dgv273-seacev3-2026-200049-5,ocds-dgv273-seacev3-2026-200049-5-2026-08-01T10:18:42.269159-05:00,1225547-10429665561,473000.0,PEN,Soles,2026-07-03T00:00:00-05:00
ocds-dgv273-seacev3-1223418,ocds-dgv273-seacev3-1223418-2026-08-01T10:18:42.034867-05:00,1223418-1804512,44284.0,PEN,Soles,2026-07-13T00:00:00-05:00
ocds-dgv273-seacev3-1223065,ocds-dgv273-seacev3-1223065-2026-08-01T10:18:41.708694-05:00,1223065-20606880767,98823.56,PEN,Soles,2026-06-17T00:00:00-05:00
ocds-dgv273-seacev3-1227208,ocds-dgv273-seacev3-1227208-2026-08-01T10:18:41.635570-05:00,1227208-20503016649,62000.0,PEN,Soles,2026-07-08T00:00:00-05:00
ocds-dgv273-seacev3-1228910,ocds-dgv273-seacev3-1228910-2026-08-01T10:18:36.877055-05:00,1228910-1810033,714301.2,PEN,Soles,2026-07-08T00:00:00-05:00
ocds-dgv273-seacev3-1229363,ocds-dgv273-seacev3-1229363-2026-08-01T10:18:35.734629-05:00,1229363-20300795821,3060000.0,PEN,Soles,2026-07-09T00:00:00-05:00
ocds-dgv273-seacev3-1234295,ocds-dgv273-seacev3-1234295-2026-08-01T10:18:34.359288-05:00,1234295-1812441,380000.0,PEN,Soles,2026-07-15T00:00:00-05:00
ocds-dgv273-seacev3-1229432,ocds-dgv273-seacev3-1229432-2026-08-01T10:18:33.799490-05:00,1229432-20614283433,75000.0,PEN,Soles,2026-07-06T00:00:00-05:00
ocds-dgv273-seacev3-1228867,ocds-dgv273-seacev3-1228867-2026-08-01T10:18:33.693366-05:00,1228867-1809945,521189.88,PEN,Soles,2026-07-09T00:00:00-05:00
ocds-dgv273-seacev3-1221394,ocds-dgv273-seacev3-1221394-2026-08-01T10:18:33.678353-05:00,1221394-20542301172,1483695.72,PEN,Soles,2026-06-22T00:00:00-05:00
ocds-dgv273-seacev3-1228301,ocds-dgv273-seacev3-1228301-2026-08-01T10:18:33.476348-05:00,1228301-20491384159,66835.0,PEN,Soles,2026-07-01T00:00:00-05:00
ocds-dgv273-seacev3-1232785,ocds-dgv273-seacev3-1232785-2026-08-01T10:18:32.562407-05:00,1232785-20492414299,469752.5,PEN,Soles,2026-07-09T00:00:00-05:00
ocds-dgv273-seacev3-1228019,ocds-dgv273-seacev3-1228019-2026-08-01T10:18:31.655809-05:00,1228019-20554211888,64350.56,PEN,Soles,2026-07-15T00:00:00-05:00
ocds-dgv273-seacev3-1225941,ocds-dgv273-seacev3-1225941-2026-08-01T10:18:31.385434-05:00,1225941-10239501279,138460.0,PEN,Soles,2026-06-18T00:00:00-05:00
ocds-dgv273-seacev3-2026-10588-1,ocds-dgv273-seacev3-2026-10588-1-2026-08-01T10:18:31.174725-05:00,1226081-1807906,649146.13,PEN,Soles,2026-07-06T00:00:00-05:00
ocds-dgv273-seacev3-1228496,ocds-dgv273-seacev3-1228496-2026-08-01T10:18:31.141388-05:00,1228496-20602670326,96000.0,PEN,Soles,2026-07-14T00:00:00-05:00
ocds-dgv273-seacev3-1225285,ocds-dgv273-seacev3-1225285-2026-08-01T10:18:31.101240-05:00,1225285-20438509039,249995.1,PEN,Soles,2026-07-16T00:00:00-05:00
ocds-dgv273-seacev3-1226500,ocds-dgv273-seacev3-1226500-2026-08-01T10:18:30.880305-05:00,1226500-20606807202,100000.0,PEN,Soles,2026-07-14T00:00:00-05:00
ocds-dgv273-seacev3-1224320,ocds-dgv273-seacev3-1224320-2026-08-01T10:18:30.865271-05:00,1224320-10209849441,216100.0,PEN,Soles,2026-07-02T00:00:00-05:00
ocds-dgv273-seacev3-1224034,ocds-dgv273-seacev3-1224034-2026-08-01T10:18:30.850876-05:00,1224034-L9000032862,131800.0,USD,Dólar Norteamericano,2026-07-01T00:00:00-05:00
ocds-dgv273-seacev3-1222040,ocds-dgv273-seacev3-1222040-2026-08-01T10:18:30.688638-05:00,1222040-20606811510,381068.35,PEN,Soles,2026-07-10T00:00:00-05:00
ocds-dgv273-seacev3-2026-10588-2,ocds-dgv273-seacev3-2026-10588-2-2026-08-01T10:18:30.545007-05:00,1226088-1808388,62362.5,PEN,Soles,2026-07-07T00:00:00-05:00
ocds-dgv273-seacev3-2026-10181-1,ocds-dgv273-seacev3-2026-10181-1-2026-08-01T10:18:30.514721-05:00,1226112-20507634479,252262.22,PEN,Soles,2026-07-07T00:00:00-05:00
ocds-dgv273-seacev3-1228199,ocds-dgv273-seacev3-1228199-2026-08-01T10:18:30.385072-05:00,1228199-1808967,151800.0,PEN,Soles,2026-07-07T00:00:00-05:00
ocds-dgv273-seacev3-1229271,ocds-dgv273-seacev3-1229271-2026-08-01T10:18:24.759637-05:00,1229271-20487913791,5727335.87,PEN,Soles,2026-07-13T00:00:00-05:00
ocds-dgv273-seacev3-2026-1793-5,ocds-dgv273-seacev3-2026-1793-5-2026-08-01T10:18:22.710160-05:00,1229095-20606842423,77685.0,PEN,Soles,2026-07-06T00:00:00-05:00
ocds-dgv273-seacev3-1229525,ocds-dgv273-seacev3-1229525-2026-08-01T10:18:22.255804-05:00,1229525-20515241877,21092.5,USD,Dólar Norteamericano,2026-07-10T00:00:00-05:00
ocds-dgv273-seacev3-1229002,ocds-dgv273-seacev3-1229002-2026-08-01T10:18:21.400427-05:00,1229002-20393025868,56030.0,PEN,Soles,2026-07-13T00:00:00-05:00
ocds-dgv273-seacev3-1227365,ocds-dgv273-seacev3-1227365-2026-08-01T10:18:19.448914-05:00,1227365-10283152079,198099.99,PEN,Soles,2026-07-14T00:00:00-05:00
ocds-dgv273-seacev3-2026-25-7,ocds-dgv273-seacev3-2026-25-7-2026-08-01T10:18:18.639245-05:00,1200707-20524279160,384192.0,PEN,Soles,2026-04-20T00:00:00-05:00
ocds-dgv273-seacev3-2026-25-7,ocds-dgv273-seacev3-2026-25-7-2026-08-01T10:18:18.639245-05:00,1225974-20522173933,2412854.4,PEN,Soles,2026-06-30T00:00:00-05:00
ocds-dgv273-seacev3-1227459,ocds-dgv273-seacev3-1227459-2026-08-01T10:18:17.942645-05:00,1227459-1808912,951494.12,PEN,Soles,2026-07-08T00:00:00-05:00
ocds-dgv273-seacev3-1228484,ocds-dgv273-seacev3-1228484-2026-08-01T10:18:17.902887-05:00,1228484-1808192,63176.4,PEN,Nuevos Soles,2026-07-07T00:00:00-05:00
ocds-dgv273-seacev3-1221644,ocds-dgv273-seacev3-1221644-2026-08-01T10:18:17.612629-05:00,1221644-1802449,328896.9,PEN,Soles,2026-06-19T00:00:00-05:00
ocds-dgv273-seacev3-1221259,ocds-dgv273-seacev3-1221259-2026-08-01T10:18:17.597916-05:00,1221259-20404553292,204829.7,PEN,Soles,2026-06-12T00:00:00-05:00
ocds-dgv273-seacev3-2026-200217-11,ocds-dgv273-seacev3-2026-200217-11-2026-08-01T10:18:17.582462-05:00,1194567-20603414901,65394.24,PEN,Soles,2026-03-30T00:00:00-05:00
ocds-dgv273-seacev3-2026-200217-11,ocds-dgv273-seacev3-2026-200217-11-2026-08-01T10:18:17.582462-05:00,1222945-20601533775,52858.72,PEN,Soles,2026-06-23T00:00:00-05:00
ocds-dgv273-seacev3-1228362,ocds-dgv273-seacev3-1228362-2026-08-01T10:18:17.498218-05:00,1228362-20537095912,76000.0,PEN,Soles,2026-07-14T00:00:00-05:00
ocds-dgv273-seacev3-1228291,ocds-dgv273-seacev3-1228291-2026-08-01T10:18:17.483504-05:00,1228291-20608913344,90000.0,PEN,Soles,2026-07-07T22:38:50-05:00
ocds-dgv273-seacev3-2026-20-15,ocds-dgv273-seacev3-2026-20-15-2026-08-01T10:18:17.453724-05:00,1221934-20565643496,527203.2,PEN,Soles,2026-06-17T00:00:00-05:00
ocds-dgv273-seacev3-2026-705-23,ocds-dgv273-seacev3-2026-705-23-2026-08-01T10:18:17.330959-05:00,1223469-1804895,150078.15,PEN,Soles,2026-06-25T00:00:00-05:00
ocds-dgv273-seacev3-1227842,ocds-dgv273-seacev3-1227842-2026-08-01T10:18:16.972216-05:00,1227842-1808502,568135.62,PEN,Soles,2026-07-07T00:00:00-05:00
ocds-dgv273-seacev3-1224813,ocds-dgv273-seacev3-1224813-2026-08-01T10:18:16.919853-05:00,1224813-20480786212,99335.16,PEN,Soles,2026-06-26T00:00:00-05:00
ocds-dgv273-seacev3-1224813,ocds-dgv273-seacev3-1224813-2026-08-01T10:18:16.919853-05:00,1224813-20538403378,101574.0,PEN,Soles,2026-06-26T00:00:00-05:00
ocds-dgv273-seacev3-1226063,ocds-dgv273-seacev3-1226063-2026-07-31T10:15:52.242735-05:00,1226063-20605183434,381414.0,PEN,Nuevos Soles,2026-07-02T00:00:00-05:00
ocds-dgv273-seacev3-1224312,ocds-dgv273-seacev3-1224312-2026-07-31T10:15:22.685830-05:00,1224312-1806552,111684.86,PEN,Soles,2026-07-01T00:00:00-05:00
ocds-dgv273-seacev3-2026-1947-174,ocds-dgv273-seacev3-2026-1947-174-2026-07-30T10:06:44.556598-05:00,1228835-L0609017165,55000.0,GBP,Libra Esterlina,2026-06-25T00:00:00-05:00
ocds-dgv273-seacev3-2026-1947-175,ocds-dgv273-seacev3-2026-1947-175-2026-07-30T10:06:41.453698-05:00,1228902-L0609015983,54985.0,GBP,Libra Esterlina,2026-06-25T00:00:00-05:00
ocds-dgv273-seacev3-1224592,ocds-dgv273-seacev3-1224592-2026-07-30T10:06:40.832248-05:00,1224592-20512636854,266660.0,PEN,Soles,2026-06-30T00:00:00-05:00
ocds-dgv273-seacev3-1225029,ocds-dgv273-seacev3-1225029-2026-07-30T10:06:40.430341-05:00,1225029-20610651373,67968.0,PEN,Soles,2026-06-18T00:00:00-05:00
ocds-dgv273-seacev3-2026-1947-171,ocds-dgv273-seacev3-2026-1947-171-2026-07-30T10:06:40.360640-05:00,1228823-L0000002883,74959.0,USD,Dólar Norteamericano,2026-06-25T00:00:00-05:00
ocds-dgv273-seacev3-1228669,ocds-dgv273-seacev3-1228669-2026-07-30T10:06:40.347081-05:00,1228669-20526944934,80385.0,PEN,Soles,2026-07-07T21:04:13-05:00
ocds-dgv273-seacev3-2026-1947-170,ocds-dgv273-seacev3-2026-1947-170-2026-07-30T10:06:40.248108-05:00,1228736-L0000006451,75000.0,USD,Dólar Norteamericano,2026-06-25T00:00:00-05:00
ocds-dgv273-seacev3-2026-2366-16,ocds-dgv273-seacev3-2026-2366-16-2026-07-30T10:06:40.045500-05:00,1223745-20264180971,49914.0,PEN,Soles,2026-06-22T00:00:00-05:00
ocds-dgv273-seacev3-1228507,ocds-dgv273-seacev3-1228507-2026-07-30T10:06:39.906743-05:00,1228507-20107034413,194665.0,PEN,Soles,2026-07-08T00:00:00-05:00
ocds-dgv273-seacev3-1229670,ocds-dgv273-seacev3-1229670-2026-07-29T10:05:00.948165-05:00,1229670-20496162448,85275.8,PEN,Soles,2026-06-30T00:00:00-05:00
ocds-dgv273-seacev3-1229252,ocds-dgv273-seacev3-1229252-2026-07-29T10:05:00.921240-05:00,1229252-20539916379,42940.8,PEN,Soles,2026-07-17T00:00:00-05:00
ocds-dgv273-seacev3-1222505,ocds-dgv273-seacev3-1222505-2026-07-29T10:05:00.709392-05:00,1222505-10447751751,75000.0,PEN,Soles,2026-07-06T00:00:00-05:00
ocds-dgv273-seacev3-1222505,ocds-dgv273-seacev3-1222505-2026-07-29T10:05:00.709392-05:00,1222505-20513578416,66780.0,PEN,Soles,2026-07-06T00:00:00-05:00
ocds-dgv273-seacev3-1221718,ocds-dgv273-seacev3-1221718-2026-07-29T10:05:00.683092-05:00,1221718-20496162448,87231.85,PEN,Soles,2026-06-22T00:00:00-05:00
ocds-dgv273-seacev3-1221707,ocds-dgv273-seacev3-1221707-2026-07-29T10:05:00.668321-05:00,1221707-20570705521,84038.9,PEN,Soles,2026-06-15T00:00:00-05:00
ocds-dgv273-seacev3-1219384,ocds-dgv273-seacev3-1219384-2026-07-29T10:05:00.640100-05:00,1219384-1807515,170360.55,PEN,Soles,2026-07-10T00:00:00-05:00
ocds-dgv273-seacev3-1228013,ocds-dgv273-seacev3-1228013-2026-07-29T10:04:55.947184-05:00,1228013-1811217,4375681.33,PEN,Soles,2026-07-14T00:00:00-05:00
ocds-dgv273-seacev3-1229392,ocds-dgv273-seacev3-1229392-2026-07-29T10:04:55.018031-05:00,1229392-20604035873,699181.2,PEN,Soles,2026-07-13T00:00:00-05:00
ocds-dgv273-seacev3-1227371,ocds-dgv273-seacev3-1227371-2026-07-29T10:04:54.923603-05:00,1227371-20602007970,79750.0,PEN,Soles,2026-07-07T00:00:00-05:00
ocds-dgv273-seacev3-1221675,ocds-dgv273-seacev3-1221675-2026-07-29T10:04:54.902363-05:00,1221675-20491683571,52671.8,PEN,Soles,2026-06-15T00:00:00-05:00
ocds-dgv273-seacev3-1221701,ocds-dgv273-seacev3-1221701-2026-07-29T10:04:54.839023-05:00,1221701-20496162448,163627.05,PEN,Soles,2026-07-01T00:00:00-05:00
ocds-dgv273-seacev3-1221418,ocds-dgv273-seacev3-1221418-2026-07-29T10:04:54.824089-05:00,1221418-20491683571,168892.9,PEN,Soles,2026-06-12T00:00:00-05:00
ocds-dgv273-seacev3-1229697,ocds-dgv273-seacev3-1229697-2026-07-29T10:04:54.779499-05:00,1229697-20528130349,138000.0,PEN,Soles,2026-07-16T00:00:00-05:00
ocds-dgv273-seacev3-1228994,ocds-dgv273-seacev3-1228994-2026-07-29T10:04:54.626559-05:00,1228994-20614246635,63400.0,PEN,Soles,2026-07-09T00:00:00-05:00
ocds-dgv273-seacev3-1223721,ocds-dgv273-seacev3-1223721-2026-07-29T10:04:54.368950-05:00,1223721-1803937,250000.0,PEN,Soles,2026-06-23T00:00:00-05:00
ocds-dgv273-seacev3-1223032,ocds-dgv273-seacev3-1223032-2026-07-29T10:04:54.229891-05:00,1223032-20228541355,165300.0,PEN,Soles,2026-06-25T00:00:00-05:00
ocds-dgv273-seacev3-1230692,ocds-dgv273-seacev3-1230692-2026-07-29T10:04:53.695423-05:00,1230692-20528130349,181080.0,PEN,Soles,2026-07-16T00:00:00-05:00
ocds-dgv273-seacev3-1228278,ocds-dgv273-seacev3-1228278-2026-07-29T10:04:53.623074-05:00,1228278-10746856461,70013.0,PEN,Soles,2026-07-08T00:00:00-05:00
ocds-dgv273-seacev3-1220809,ocds-dgv273-seacev3-1220809-2026-07-29T10:04:53.546056-05:00,1220809-20565869974,293796.0,PEN,Soles,2026-07-06T00:00:00-05:00
ocds-dgv273-seacev3-1224331,ocds-dgv273-seacev3-1224331-2026-07-29T10:04:53.496757-05:00,1224331-1805094,195964.67,PEN,Soles,2026-06-25T00:00:00-05:00
ocds-dgv273-seacev3-1227603,ocds-dgv273-seacev3-1227603-2026-07-29T10:04:53.404117-05:00,1227603-20606206900,132455.0,PEN,Soles,2026-06-30T00:00:00-05:00
ocds-dgv273-seacev3-1227767,ocds-dgv273-seacev3-1227767-2026-07-29T10:04:53.351615-05:00,1227767-1808458,584240.39,PEN,Soles,2026-07-06T00:00:00-05:00
ocds-dgv273-seacev3-1223015,ocds-dgv273-seacev3-1223015-2026-07-29T10:04:53.318641-05:00,1223015-20228541355,184463.5,PEN,Soles,2026-06-22T00:00:00-05:00
ocds-dgv273-seacev3-1233736,ocds-dgv273-seacev3-1233736-2026-07-29T10:04:53.269975-05:00,1233736-20454568207,4014450.0,PEN,Soles,2026-07-22T00:00:00-05:00
ocds-dgv273-seacev3-1226994,ocds-dgv273-seacev3-1226994-2026-07-29T10:04:53.202484-05:00,1226994-10244614332,65150.0,PEN,Soles,2026-06-26T00:00:00-05:00
ocds-dgv273-seacev3-1223186,ocds-dgv273-seacev3-1223186-2026-07-29T10:04:53.186964-05:00,1223186-20603787332,215000.0,PEN,Soles,2026-07-15T00:00:00-05:00
ocds-dgv273-seacev3-1221749,ocds-dgv273-seacev3-1221749-2026-07-29T10:04:53.103917-05:00,1221749-20491683571,67231.5,PEN,Soles,2026-06-15T00:00:00-05:00
ocds-dgv273-seacev3-1221725,ocds-dgv273-seacev3-1221725-2026-07-29T10:04:53.088943-05:00,1221725-20570705521,110690.2,PEN,Soles,2026-06-15T00:00:00-05:00
ocds-dgv273-seacev3-1221715,ocds-dgv273-seacev3-1221715-2026-07-29T10:04:53.073725-05:00,1221715-20600877519,69292.05,PEN,Soles,2026-06-15T00:00:00-05:00
ocds-dgv273-seacev3-1227607,ocds-dgv273-seacev3-1227607-2026-07-29T10:04:53.059961-05:00,1227607-20511037001,175340.39,PEN,Soles,2026-07-03T00:00:00-05:00
ocds-dgv273-seacev3-1227340,ocds-dgv273-seacev3-1227340-2026-07-29T10:04:53.013861-05:00,1227340-10465720412,93000.0,PEN,Soles,2026-07-02T00:00:00-05:00
ocds-dgv273-seacev3-1223738,ocds-dgv273-seacev3-1223738-2026-07-29T10:04:52.998388-05:00,1223738-10455446533,234500.0,PEN,Soles,2026-06-26T00:00:00-05:00
ocds-dgv273-seacev3-1226743,ocds-dgv273-seacev3-1226743-2026-07-29T10:04:52.959015-05:00,1226743-20552534124,212450.0,PEN,Soles,2026-07-08T00:00:00-05:00
ocds-dgv273-seacev3-1223057,ocds-dgv273-seacev3-1223057-2026-07-29T10:04:52.933942-05:00,1223057-20228541355,139578.0,PEN,Soles,2026-06-22T00:00:00-05:00
ocds-dgv273-seacev3-1224446,ocds-dgv273-seacev3-1224446-2026-07-28T10:09:28.910163-05:00,1224446-20552534124,109500.0,PEN,Soles,2026-07-13T00:00:00-05:00
ocds-dgv273-seacev3-1234337,ocds-dgv273-seacev3-1234337-2026-07-28T10:09:23.747832-05:00,1234337-1813942,228963.78,PEN,Soles,2026-07-22T00:00:00-05:00
ocds-dgv273-seacev3-1222894,ocds-dgv273-seacev3-1222894-2026-07-28T10:09:21.718393-05:00,1222894-1802791,2877725.96,PEN,Soles,2026-06-24T00:00:00-05:00
ocds-dgv273-seacev3-2026-200302-57,ocds-dgv273-seacev3-2026-200302-57-2026-07-27T10:03:08.405347-05:00,1224130-1805716,143024.49,PEN,Soles,2026-06-26T00:00:00-05:00
ocds-dgv273-seacev3-1225104,ocds-dgv273-seacev3-1225104-2026-07-27T10:03:07.705961-05:00,1225104-10417166209,100926.45,PEN,Soles,2026-07-06T00:00:00-05:00
ocds-dgv273-seacev3-1221580,ocds-dgv273-seacev3-1221580-2026-07-26T10:08:25.243860-05:00,1221580-20100017491,2899056.0,PEN,Soles,2026-07-07T00:00:00-05:00
ocds-dgv273-seacev3-2026-677-5,ocds-dgv273-seacev3-2026-677-5-2026-07-26T10:08:24.815374-05:00,1224190-1806184,135000.0,PEN,Soles,2026-07-02T00:00:00-05:00
ocds-dgv273-seacev3-1222424,ocds-dgv273-seacev3-1222424-2026-07-26T10:08:24.761479-05:00,1222424-20558351790,905699.28,PEN,Soles,2026-06-25T00:00:00-05:00
ocds-dgv273-seacev3-1222048,ocds-dgv273-seacev3-1222048-2026-07-26T10:08:24.522265-05:00,1222048-1803838,230010.0,PEN,Soles,2026-06-24T00:00:00-05:00
ocds-dgv273-seacev3-1227735,ocds-dgv273-seacev3-1227735-2026-07-26T10:08:24.414631-05:00,1227735-20449488009,54000.0,PEN,Soles,2026-07-10T00:00:00-05:00
ocds-dgv273-seacev3-1228247,ocds-dgv273-seacev3-1228247-2026-07-26T10:08:24.372472-05:00,1228247-10758939028,65250.9,PEN,Soles,2026-07-02T00:00:00-05:00
ocds-dgv273-seacev3-1225410,ocds-dgv273-seacev3-1225410-2026-07-26T10:08:24.169736-05:00,1225410-20605803505,140000.0,PEN,Soles,2026-07-13T00:00:00-05:00
ocds-dgv273-seacev3-1225714,ocds-dgv273-seacev3-1225714-2026-07-26T10:08:24.118430-05:00,1225714-10295791557,79030.0,PEN,Soles,2026-07-08T00:00:00-05:00
ocds-dgv273-seacev3-1225140,ocds-dgv273-seacev3-1225140-2026-07-26T10:08:24.104172-05:00,1225140-1802790,2365000.0,PEN,Soles,2026-06-16T00:00:00-05:00
ocds-dgv273-seacev3-1225766,ocds-dgv273-seacev3-1225766-2026-07-26T10:08:23.566819-05:00,1225766-20612310409,46347.18,PEN,Soles,2026-07-08T00:00:00-05:00
ocds-dgv273-seacev3-1228742,ocds-dgv273-seacev3-1228742-2026-07-26T10:08:19.256588-05:00,1228742-20438509039,178717.76,PEN,Soles,2026-07-14T00:00:00-05:00
ocds-dgv273-seacev3-1229400,ocds-dgv273-seacev3-1229400-2026-07-26T10:08:18.187077-05:00,1229400-10473222898,59000.0,PEN,Soles,2026-07-09T00:00:00-05:00
ocds-dgv273-seacev3-1227700,ocds-dgv273-seacev3-1227700-2026-07-26T10:08:18.173077-05:00,1227700-20613560972,214299.8,PEN,Soles,2026-07-02T00:00:00-05:00
ocds-dgv273-seacev3-1228160,ocds-dgv273-seacev3-1228160-2026-07-26T10:08:17.753770-05:00,1228160-20511037001,139684.0,PEN,Soles,2026-07-03T00:00:00-05:00
ocds-dgv273-seacev3-1227626,ocds-dgv273-seacev3-1227626-2026-07-26T10:08:17.218172-05:00,1227626-1808311,774901.13,PEN,Soles,2026-07-06T00:00:00-05:00
ocds-dgv273-seacev3-1226580,ocds-dgv273-seacev3-1226580-2026-07-26T10:08:16.660511-05:00,1226580-20467305931,83513.32,PEN,Soles,2026-07-01T00:00:00-05:00
ocds-dgv273-seacev3-1226696,ocds-dgv273-seacev3-1226696-2026-07-26T10:08:16.505481-05:00,1226696-1807216,4802741.31,PEN,Soles,2026-07-02T00:00:00-05:00
ocds-dgv273-seacev3-1226455,ocds-dgv273-seacev3-1226455-2026-07-26T10:08:16.491951-05:00,1226455-20509860981,58757.4,PEN,Soles,2026-07-01T00:00:00-05:00
ocds-dgv273-seacev3-2026-1322-4,ocds-dgv273-seacev3-2026-1322-4-2026-07-26T10:08:16.342109-05:00,1225035-20506719331,153800.0,PEN,Soles,2026-07-03T00:00:00-05:00
ocds-dgv273-seacev3-2026-10143-6,ocds-dgv273-seacev3-2026-10143-6-2026-07-26T10:08:16.269054-05:00,1221547-20100041953,114836.0,PEN,Soles,2026-06-12T00:00:00-05:00
ocds-dgv273-seacev3-2026-10143-6,ocds-dgv273-seacev3-2026-10143-6-2026-07-26T10:08:16.269054-05:00,1221547-20418896915,1786610.0,PEN,Soles,2026-06-12T00:00:00-05:00
ocds-dgv273-seacev3-2026-1575-2,ocds-dgv273-seacev3-2026-1575-2-2026-07-26T10:08:16.113045-05:00,1222637-1804452,479537.9,PEN,Soles,2026-06-22T00:00:00-05:00
ocds-dgv273-seacev3-1225785,ocds-dgv273-seacev3-1225785-2026-07-26T10:08:15.956086-05:00,1225785-20612310409,84627.9,PEN,Soles,2026-07-08T00:00:00-05:00
ocds-dgv273-seacev3-2026-1366-2,ocds-dgv273-seacev3-2026-1366-2-2026-07-26T10:08:15.926795-05:00,1221954-20601021642,59779.44,PEN,Soles,2026-06-19T00:00:00-05:00
ocds-dgv273-seacev3-1228256,ocds-dgv273-seacev3-1228256-2026-07-26T10:08:15.781677-05:00,1228256-1806630,122400.05,PEN,Soles,2026-07-01T00:00:00-05:00
ocds-dgv273-seacev3-1221079,ocds-dgv273-seacev3-1221079-2026-07-26T10:08:15.591301-05:00,1221079-20614180693,299800.0,PEN,Soles,2026-06-22T00:00:00-05:00
ocds-dgv273-seacev3-1227010,ocds-dgv273-seacev3-1227010-2026-07-26T10:08:15.491951-05:00,1227010-1808288,228310.29,PEN,Soles,2026-07-09T00:00:00-05:00
ocds-dgv273-seacev3-1223220,ocds-dgv273-seacev3-1223220-2026-07-26T10:08:15.404962-05:00,1223220-20601888514,122888.0,PEN,Soles,2026-06-26T00:00:00-05:00
ocds-dgv273-seacev3-1223327,ocds-dgv273-seacev3-1223327-2026-07-26T10:08:15.209227-05:00,1223327-1803361,8662508.83,PEN,Soles,2026-06-22T00:00:00-05:00
ocds-dgv273-seacev3-1224693,ocds-dgv273-seacev3-1224693-2026-07-26T10:08:15.120230-05:00,1224693-1804878,109800.0,PEN,Soles,2026-06-23T00:00:00-05:00
ocds-dgv273-seacev3-2026-287-7,ocds-dgv273-seacev3-2026-287-7-2026-07-26T10:08:14.988334-05:00,1224340-1805395,193575.0,PEN,Soles,2026-07-01T00:00:00-05:00
ocds-dgv273-seacev3-2026-705-24,ocds-dgv273-seacev3-2026-705-24-2026-07-26T10:08:14.933702-05:00,1221863-1803074,2990716.01,PEN,Soles,2026-06-25T00:00:00-05:00
ocds-dgv273-seacev3-2026-200430-7,ocds-dgv273-seacev3-2026-200430-7-2026-07-26T10:08:14.865031-05:00,1225389-20603021496,6660000.0,PEN,Soles,2026-07-20T00:00:00-05:00
ocds-dgv273-seacev3-1229405,ocds-dgv273-seacev3-1229405-2026-07-26T10:08:09.826160-05:00,1229405-20603728271,78813.35,PEN,Soles,2026-07-14T00:00:00-05:00
ocds-dgv273-seacev3-1234856,ocds-dgv273-seacev3-1234856-2026-07-26T10:08:07.500780-05:00,1234856-10079710844,12000.0,PEN,Soles,2026-07-21T00:00:00-05:00
ocds-dgv273-seacev3-2026-200260-2,ocds-dgv273-seacev3-2026-200260-2-2026-07-26T10:08:05.249887-05:00,1222561-20604499748,118013.56,PEN,Soles,2026-06-26T00:00:00-05:00
ocds-dgv273-seacev3-1219673,ocds-dgv273-seacev3-1219673-2026-07-26T10:08:05.061640-05:00,1219673-1805217,90122.11,PEN,Soles,2026-07-24T00:00:00-05:00
ocds-dgv273-seacev3-1228888,ocds-dgv273-seacev3-1228888-2026-07-26T10:08:05.020486-05:00,1228888-20563136562,82504.08,PEN,Soles,2026-07-08T00:00:00-05:00
ocds-dgv273-seacev3-1229690,ocds-dgv273-seacev3-1229690-2026-07-26T10:08:04.941406-05:00,1229690-20614961814,74162.0,PEN,Soles,2026-07-10T00:00:00-05:00
ocds-dgv273-seacev3-1228423,ocds-dgv273-seacev3-1228423-2026-07-26T10:08:04.864682-05:00,1228423-20542600323,234325.0,PEN,Soles,2026-07-10T00:00:00-05:00
ocds-dgv273-seacev3-1222629,ocds-dgv273-seacev3-1222629-2026-07-26T10:08:04.755982-05:00,1222629-20602670326,308720.0,PEN,Soles,2026-06-17T00:00:00-05:00
ocds-dgv273-seacev3-1224087,ocds-dgv273-seacev3-1224087-2026-07-26T10:08:04.705508-05:00,1224087-20603713703,56603.04,PEN,Soles,2026-06-25T00:00:00-05:00
ocds-dgv273-seacev3-1229307,ocds-dgv273-seacev3-1229307-2026-07-26T10:08:04.449228-05:00,1229307-1808889,2239799.38,PEN,Soles,2026-07-06T00:00:00-05:00
ocds-dgv273-seacev3-2026-10542-21,ocds-dgv273-seacev3-2026-10542-21-2026-07-26T10:08:04.247440-05:00,1226004-20513581476,206628.0,PEN,Soles,2026-07-03T00:00:00-05:00
ocds-dgv273-seacev3-1231514,ocds-dgv273-seacev3-1231514-2026-07-26T10:08:04.008975-05:00,1231514-20567128874,613065.0,PEN,Soles,2026-07-14T00:00:00-05:00
ocds-dgv273-seacev3-1227457,ocds-dgv273-seacev3-1227457-2026-07-26T10:08:03.844530-05:00,1227457-10007970558,80000.0,PEN,Soles,2026-07-07T00:00:00-05:00
ocds-dgv273-seacev3-1226553,ocds-dgv273-seacev3-1226553-2026-07-26T10:08:03.829232-05:00,1226553-10224224783,119404.7,PEN,Soles,2026-07-06T00:00:00-05:00
ocds-dgv273-seacev3-1227757,ocds-dgv273-seacev3-1227757-2026-07-26T10:08:03.538990-05:00,1227757-20610831606,345000.0,PEN,Soles,2026-07-24T00:00:00-05:00
ocds-dgv273-seacev3-1222556,ocds-dgv273-seacev3-1222556-2026-07-26T10:08:03.526058-05:00,1222556-20601527457,809743.9,PEN,Soles,2026-07-15T00:00:00-05:00
ocds-dgv273-seacev3-1227949,ocds-dgv273-seacev3-1227949-2026-07-26T10:08:03.475035-05:00,1227949-20615058921,69566.0,PEN,Soles,2026-07-08T00:00:00-05:00
ocds-dgv273-seacev3-1227915,ocds-dgv273-seacev3-1227915-2026-07-26T10:08:03.460549-05:00,1227915-20605978381,72357.6,PEN,Soles,2026-07-10T00:00:00-05:00
ocds-dgv273-seacev3-1226134,ocds-dgv273-seacev3-1226134-2026-07-26T10:08:03.426702-05:00,1226134-20511037001,144932.48,PEN,Soles,2026-07-06T00:00:00-05:00
ocds-dgv273-seacev3-1228531,ocds-dgv273-seacev3-1228531-2026-07-26T10:08:03.354342-05:00,1228531-20602391052,133133.68,PEN,Soles,2026-07-10T00:00:00-05:00
ocds-dgv273-seacev3-1228062,ocds-dgv273-seacev3-1228062-2026-07-26T10:08:03.295367-05:00,1228062-20611920173,98700.0,PEN,Soles,2026-07-01T00:00:00-05:00
ocds-dgv273-seacev3-1225622,ocds-dgv273-seacev3-1225622-2026-07-26T10:08:03.255847-05:00,1225622-20605670891,7640568.0,PEN,Soles,2026-06-18T00:00:00-05:00
ocds-dgv273-seacev3-1224464,ocds-dgv273-seacev3-1224464-2026-07-26T10:08:03.177560-05:00,1224464-1804048,230300.0,PEN,Soles,2026-06-24T00:00:00-05:00
ocds-dgv273-seacev3-1223831,ocds-dgv273-seacev3-1223831-2026-07-26T10:08:03.052374-05:00,1223831-1803645,117844.95,PEN,Soles,2026-06-24T00:00:00-05:00
ocds-dgv273-seacev3-1222361,ocds-dgv273-seacev3-1222361-2026-07-26T10:08:03.031637-05:00,1222361-20347268683,69550.0,PEN,Soles,2026-06-15T00:00:00-05:00
ocds-dgv273-seacev3-1226141,ocds-dgv273-seacev3-1226141-2026-07-26T10:08:02.766022-05:00,1226141-20568398956,83674.71,PEN,Soles,2026-07-06T00:00:00-05:00
ocds-dgv273-seacev3-1225789,ocds-dgv273-seacev3-1225789-2026-07-26T10:08:02.689060-05:00,1225789-20612310409,108754.1,PEN,Soles,2026-07-08T00:00:00-05:00
ocds-dgv273-seacev3-1228490,ocds-dgv273-seacev3-1228490-2026-07-26T10:08:00.308622-05:00,1228490-10426527320,52500.0,PEN,Soles,2026-07-06T00:00:00-05:00
ocds-dgv273-seacev3-1228801,ocds-dgv273-seacev3-1228801-2026-07-26T10:07:59.946155-05:00,1228801-10278514876,262611.0,PEN,Soles,2026-07-10T00:00:00-05:00
ocds-dgv273-seacev3-1229529,ocds-dgv273-seacev3-1229529-2026-07-26T10:07:59.254911-05:00,1229529-20613901478,79046.0,PEN,Soles,2026-07-07T00:00:00-05:00
ocds-dgv273-seacev3-2026-705-25,ocds-dgv273-seacev3-2026-705-25-2026-07-26T10:07:58.933602-05:00,1228679-1810477,149850.75,PEN,Soles,2026-07-13T00:00:00-05:00
ocds-dgv273-seacev3-1228795,ocds-dgv273-seacev3-1228795-2026-07-26T10:07:58.051881-05:00,1228795-20609321785,54000.0,PEN,Soles,2026-07-02T00:00:00-05:00
ocds-dgv273-seacev3-1228901,ocds-dgv273-seacev3-1228901-2026-07-26T10:07:56.511267-05:00,1228901-1810165,202500.0,PEN,Soles,2026-07-15T00:00:00-05:00
ocds-dgv273-seacev3-1226811,ocds-dgv273-seacev3-1226811-2026-07-26T10:07:56.253511-05:00,1226811-20613764101,89800.0,PEN,Soles,2026-06-26T00:00:00-05:00
ocds-dgv273-seacev3-1223669,ocds-dgv273-seacev3-1223669-2026-07-26T10:07:56.194864-05:00,1223669-20564183009,198000.0,PEN,Soles,2026-06-30T00:00:00-05:00
ocds-dgv273-seacev3-2026-200049-1,ocds-dgv273-seacev3-2026-200049-1-2026-07-26T10:07:55.732020-05:00,1199912-20609050170,99090.0,PEN,Soles,2026-07-08T00:00:00-05:00
ocds-dgv273-seacev3-1225465,ocds-dgv273-seacev3-1225465-2026-07-26T10:07:55.620150-05:00,1225465-20613764918,49927.37,PEN,Soles,2026-07-08T00:00:00-05:00
ocds-dgv273-seacev3-1224578,ocds-dgv273-seacev3-1224578-2026-07-26T10:07:55.548133-05:00,1224578-20511030685,675000.0,PEN,Soles,2026-07-22T00:00:00-05:00
ocds-dgv273-seacev3-2026-1894-4,ocds-dgv273-seacev3-2026-1894-4-2026-07-26T10:07:55.495810-05:00,1227225-20601726174,375834.48,PEN,Soles,2026-07-09T00:00:00-05:00
ocds-dgv273-seacev3-1227650,ocds-dgv273-seacev3-1227650-2026-07-26T10:07:55.420017-05:00,1227650-20610208402,43875.0,PEN,Soles,2026-07-07T00:00:00-05:00
ocds-dgv273-seacev3-1224169,ocds-dgv273-seacev3-1224169-2026-07-26T10:07:55.290312-05:00,1224169-10167504171,60000.0,PEN,Soles,2026-07-07T00:00:00-05:00
ocds-dgv273-seacev3-1230293,ocds-dgv273-seacev3-1230293-2026-07-26T10:07:55.265863-05:00,1230293-20102306598,28249.0,PEN,Soles,2026-07-09T00:00:00-05:00
ocds-dgv273-seacev3-1226516,ocds-dgv273-seacev3-1226516-2026-07-26T10:07:55.109733-05:00,1226516-1806841,475599.6,PEN,Soles,2026-07-03T00:00:00-05:00
ocds-dgv273-seacev3-1222366,ocds-dgv273-seacev3-1222366-2026-07-26T10:07:55.087584-05:00,1222366-1806887,58000.0,PEN,Soles,2026-07-08T00:00:00-05:00
ocds-dgv273-seacev3-1228153,ocds-dgv273-seacev3-1228153-2026-07-26T10:07:55.043949-05:00,1228153-20527589801,65800.0,PEN,Soles,2026-07-13T00:00:00-05:00
ocds-dgv273-seacev3-1212376,ocds-dgv273-seacev3-1212376-2026-07-26T10:07:54.980702-05:00,1212376-10722675652,4.5,PEN,Soles,2026-07-03T00:00:00-05:00
ocds-dgv273-seacev3-1229238,ocds-dgv273-seacev3-1229238-2026-07-26T10:07:54.942311-05:00,1229238-20605701435,221697.0,PEN,Soles,2026-07-06T00:00:00-05:00
ocds-dgv273-seacev3-1227297,ocds-dgv273-seacev3-1227297-2026-07-26T10:07:54.866250-05:00,1227297-20613132300,79001.0,PEN,Soles,2026-07-06T00:00:00-05:00
ocds-dgv273-seacev3-2026-10249-1,ocds-dgv273-seacev3-2026-10249-1-2026-07-26T10:07:54.831481-05:00,1227921-L9000032942,385000.0,USD,Dólar Norteamericano,2026-06-30T00:00:00-05:00
ocds-dgv273-seacev3-1223417,ocds-dgv273-seacev3-1223417-2026-07-26T10:07:54.801783-05:00,1223417-20338570041,214620.0,PEN,Soles,2026-07-06T00:00:00-05:00
ocds-dgv273-seacev3-1227460,ocds-dgv273-seacev3-1227460-2026-07-26T10:07:54.745920-05:00,1227460-1808181,208798.89,PEN,Soles,2026-07-06T00:00:00-05:00
ocds-dgv273-seacev3-1224211,ocds-dgv273-seacev3-1224211-2026-07-26T10:07:54.523280-05:00,1224211-20606011220,77000.0,PEN,Soles,2026-07-07T00:00:00-05:00
ocds-dgv273-seacev3-1221019,ocds-dgv273-seacev3-1221019-2026-07-26T10:07:54.366370-05:00,1221019-20565412257,182000.0,PEN,Soles,2026-06-15T00:00:00-05:00
ocds-dgv273-seacev3-1226332,ocds-dgv273-seacev3-1226332-2026-07-26T10:07:46.896126-05:00,1226332-20611230100,79000.0,PEN,Soles,2026-07-09T00:00:00-05:00
ocds-dgv273-seacev3-1221478,ocds-dgv273-seacev3-1221478-2026-07-26T10:07:46.831164-05:00,1221478-20553853355,378000.0,PEN,Soles,2026-07-02T00:00:00-05:00
ocds-dgv273-seacev3-1229688,ocds-dgv273-seacev3-1229688-2026-07-26T10:07:46.810200-05:00,1229688-20568163304,178997.0,PEN,Soles,2026-07-10T11:37:37-05:00
ocds-dgv273-seacev3-1229297,ocds-dgv273-seacev3-1229297-2026-07-26T10:07:46.769260-05:00,1229297-20610800824,87880.83,PEN,Soles,2026-07-13T00:00:00-05:00
ocds-dgv273-seacev3-1225324,ocds-dgv273-seacev3-1225324-2026-07-26T10:07:46.755543-05:00,1225324-10411986786,83190.0,PEN,Soles,2026-07-02T00:00:00-05:00
ocds-dgv273-seacev3-1222112,ocds-dgv273-seacev3-1222112-2026-07-26T10:07:46.634474-05:00,1222112-20604538301,99744.3,PEN,Soles,2026-06-30T00:00:00-05:00
ocds-dgv273-seacev3-1227262,ocds-dgv273-seacev3-1227262-2026-07-26T10:07:46.583874-05:00,1227262-10106514386,244000.0,PEN,Soles,2026-07-03T00:00:00-05:00
ocds-dgv273-seacev3-1227756,ocds-dgv273-seacev3-1227756-2026-07-26T10:07:46.436681-05:00,1227756-20449488009,110997.0,PEN,Soles,2026-07-10T00:00:00-05:00
ocds-dgv273-seacev3-1222776,ocds-dgv273-seacev3-1222776-2026-07-26T10:07:46.377151-05:00,1222776-1804633,173700.0,PEN,Soles,2026-06-24T00:00:00-05:00
ocds-dgv273-seacev3-2026-1316-2,ocds-dgv273-seacev3-2026-1316-2-2026-07-26T10:07:46.348208-05:00,1223442-20603512422,1922500.0,PEN,Soles,2026-07-16T00:00:00-05:00
ocds-dgv273-seacev3-1224483,ocds-dgv273-seacev3-1224483-2026-07-26T10:07:46.314344-05:00,1224483-20610659871,86163.0,PEN,Soles,2026-06-25T00:00:00-05:00
ocds-dgv273-seacev3-1227574,ocds-dgv273-seacev3-1227574-2026-07-26T10:07:46.212202-05:00,1227574-20607931128,117066.95,PEN,Soles,2026-07-03T00:00:00-05:00
ocds-dgv273-seacev3-1227655,ocds-dgv273-seacev3-1227655-2026-07-26T10:07:45.176015-05:00,1227655-20609202867,95000.0,PEN,Soles,2026-07-16T00:00:00-05:00
ocds-dgv273-seacev3-1229043,ocds-dgv273-seacev3-1229043-2026-07-26T10:07:45.130238-05:00,1229043-20509882101,50000.0,PEN,Soles,2026-07-10T00:00:00-05:00
ocds-dgv273-seacev3-1224718,ocds-dgv273-seacev3-1224718-2026-07-26T10:07:45.045468-05:00,1224718-20534428384,137635.4,PEN,Soles,2026-07-01T00:00:00-05:00
ocds-dgv273-seacev3-1221966,ocds-dgv273-seacev3-1221966-2026-07-26T10:07:44.939450-05:00,1221966-20377339461,225320.0,PEN,Soles,2026-07-20T00:00:00-05:00
ocds-dgv273-seacev3-1220994,ocds-dgv273-seacev3-1220994-2026-07-26T10:07:44.922792-05:00,1220994-20600472411,189859.64,PEN,Soles,2026-07-06T00:00:00-05:00
ocds-dgv273-seacev3-1228374,ocds-dgv273-seacev3-1228374-2026-07-26T10:07:44.615141-05:00,1228374-20611223243,65000.0,PEN,Soles,2026-07-07T00:00:00-05:00
ocds-dgv273-seacev3-1222235,ocds-dgv273-seacev3-1222235-2026-07-26T10:07:44.557545-05:00,1222235-20600409311,2411512.47,PEN,Soles,2026-06-19T00:00:00-05:00
ocds-dgv273-seacev3-2026-677-3,ocds-dgv273-seacev3-2026-677-3-2026-07-26T10:07:44.375588-05:00,1223795-1805747,2149567.96,PEN,Soles,2026-06-30T00:00:00-05:00
ocds-dgv273-seacev3-1222093,ocds-dgv273-seacev3-1222093-2026-07-26T10:07:44.358367-05:00,1222093-1802490,150000.0,PEN,Soles,2026-06-19T00:00:00-05:00
ocds-dgv273-seacev3-1226168,ocds-dgv273-seacev3-1226168-2026-07-26T10:07:44.235395-05:00,1226168-20612791661,70000.0,PEN,Soles,2026-07-07T00:00:00-05:00
ocds-dgv273-seacev3-1227313,ocds-dgv273-seacev3-1227313-2026-07-26T10:07:44.125411-05:00,1227313-20509860981,120500.0,PEN,Soles,2026-07-07T00:00:00-05:00
ocds-dgv273-seacev3-1224208,ocds-dgv273-seacev3-1224208-2026-07-26T10:07:43.991219-05:00,1224208-20610876278,84000.0,PEN,Soles,2026-07-08T00:00:00-05:00
ocds-dgv273-seacev3-1226145,ocds-dgv273-seacev3-1226145-2026-07-26T10:07:43.899776-05:00,1226145-1814281,7193475.44,PEN,Soles,2026-07-21T00:00:00-05:00
ocds-dgv273-seacev3-1223998,ocds-dgv273-seacev3-1223998-2026-07-26T10:07:43.842354-05:00,1223998-20601726174,243481.08,PEN,Soles,2026-07-03T00:00:00-05:00
ocds-dgv273-seacev3-1224920,ocds-dgv273-seacev3-1224920-2026-07-26T10:07:43.713768-05:00,1224920-1805363,4403650.5,PEN,Soles,2026-06-25T00:00:00-05:00
ocds-dgv273-seacev3-1228148,ocds-dgv273-seacev3-1228148-2026-07-26T10:07:43.648054-05:00,1228148-1808868,162155.97,PEN,Soles,2026-07-08T00:00:00-05:00
ocds-dgv273-seacev3-1226156,ocds-dgv273-seacev3-1226156-2026-07-26T10:07:43.586417-05:00,1226156-1806790,448248.0,PEN,Soles,2026-07-02T00:00:00-05:00
ocds-dgv273-seacev3-1227619,ocds-dgv273-seacev3-1227619-2026-07-26T10:07:43.545427-05:00,1227619-20546876722,307939.0,PEN,Soles,2026-07-07T00:00:00-05:00
ocds-dgv273-seacev3-1227356,ocds-dgv273-seacev3-1227356-2026-07-26T10:07:43.502547-05:00,1227356-20449458436,48750.52,PEN,Soles,2026-07-01T00:00:00-05:00
ocds-dgv273-seacev3-1226006,ocds-dgv273-seacev3-1226006-2026-07-26T10:07:43.440414-05:00,1226006-20552534124,114900.0,PEN,Soles,2026-07-03T00:00:00-05:00
ocds-dgv273-seacev3-2026-88-15,ocds-dgv273-seacev3-2026-88-15-2026-07-26T10:07:43.353909-05:00,1223020-1810073,7397876.58,PEN,Soles,2026-07-13T00:00:00-05:00
ocds-dgv273-seacev3-1226546,ocds-dgv273-seacev3-1226546-2026-07-26T10:07:43.209442-05:00,1226546-1808387,382000.0,PEN,Soles,2026-07-07T00:00:00-05:00
ocds-dgv273-seacev3-2026-32-38,ocds-dgv273-seacev3-2026-32-38-2026-07-26T10:07:43.046909-05:00,1221486-20101639275,142000.0,PEN,Soles,2026-07-15T00:00:00-05:00
ocds-dgv273-seacev3-1226158,ocds-dgv273-seacev3-1226158-2026-07-26T10:07:42.810572-05:00,1226158-20568398956,85167.49,PEN,Soles,2026-07-06T00:00:00-05:00
ocds-dgv273-seacev3-1221204,ocds-dgv273-seacev3-1221204-2026-07-26T10:07:42.796993-05:00,1221204-10724153700,90000.0,PEN,Soles,2026-07-07T00:00:00-05:00
ocds-dgv273-seacev3-1225555,ocds-dgv273-seacev3-1225555-2026-07-26T10:07:42.775194-05:00,1225555-1807007,486250.03,PEN,Soles,2026-07-03T00:00:00-05:00
ocds-dgv273-seacev3-1229925,ocds-dgv273-seacev3-1229925-2026-07-25T10:12:53.397865-05:00,1229925-20494883865,61419.16,PEN,Soles,2026-07-06T00:00:00-05:00
ocds-dgv273-seacev3-1228003,ocds-dgv273-seacev3-1228003-2026-07-25T10:12:50.269476-05:00,1228003-1810983,487402.91,PEN,Soles,2026-07-13T00:00:00-05:00
ocds-dgv273-seacev3-1223742,ocds-dgv273-seacev3-1223742-2026-07-25T10:12:49.066985-05:00,1223742-1804365,1518388.99,PEN,Soles,2026-06-30T00:00:00-05:00
ocds-dgv273-seacev3-1229059,ocds-dgv273-seacev3-1229059-2026-07-25T10:12:48.856305-05:00,1229059-1806643,4121969.07,PEN,Soles,2026-07-01T00:00:00-05:00
ocds-dgv273-seacev3-1226988,ocds-dgv273-seacev3-1226988-2026-07-25T10:12:47.589803-05:00,1226988-1808100,193154.0,PEN,Soles,2026-07-07T00:00:00-05:00
ocds-dgv273-seacev3-1223487,ocds-dgv273-seacev3-1223487-2026-07-25T10:12:47.439391-05:00,1223487-20603757794,72200.0,PEN,Soles,2026-06-30T00:00:00-05:00
ocds-dgv273-seacev3-1224778,ocds-dgv273-seacev3-1224778-2026-07-25T10:12:47.006477-05:00,1224778-1812937,19460144.5,PEN,Soles,2026-07-17T00:00:00-05:00
ocds-dgv273-seacev3-2026-10151-1,ocds-dgv273-seacev3-2026-10151-1-2026-07-25T10:12:35.508269-05:00,1226812-10232712410,309948.0,PEN,Soles,2026-07-02T00:00:00-05:00
ocds-dgv273-seacev3-1229450,ocds-dgv273-seacev3-1229450-2026-07-25T10:12:29.928876-05:00,1229450-20604170487,331695.0,PEN,Soles,2026-07-15T00:00:00-05:00
ocds-dgv273-seacev3-1225236,ocds-dgv273-seacev3-1225236-2026-07-25T10:12:27.709165-05:00,1225236-20609312450,75219.1,PEN,Soles,2026-07-01T00:00:00-05:00
ocds-dgv273-seacev3-2026-10547-2,ocds-dgv273-seacev3-2026-10547-2-2026-07-25T10:12:27.695088-05:00,1223459-10433121142,45000.0,PEN,Soles,2026-06-15T00:00:00-05:00
ocds-dgv273-seacev3-1225995,ocds-dgv273-seacev3-1225995-2026-07-25T10:12:27.615551-05:00,1225995-20569043523,140000.0,PEN,Soles,2026-07-01T00:00:00-05:00
ocds-dgv273-seacev3-1227776,ocds-dgv273-seacev3-1227776-2026-07-25T10:12:27.565387-05:00,1227776-20614208610,73080.0,PEN,Soles,2026-07-02T00:00:00-05:00
ocds-dgv273-seacev3-1226601,ocds-dgv273-seacev3-1226601-2026-07-25T10:12:27.239352-05:00,1226601-10101107235,199632.76,PEN,Soles,2026-07-01T00:00:00-05:00
ocds-dgv273-seacev3-1224115,ocds-dgv273-seacev3-1224115-2026-07-25T10:12:26.831334-05:00,1224115-20605908137,275300.0,PEN,Soles,2026-06-24T00:00:00-05:00
ocds-dgv273-seacev3-1228088,ocds-dgv273-seacev3-1228088-2026-07-25T10:12:26.622812-05:00,1228088-20523698193,189287.34,PEN,Soles,2026-07-06T00:00:00-05:00
ocds-dgv273-seacev3-1223859,ocds-dgv273-seacev3-1223859-2026-07-25T10:12:26.113568-05:00,1223859-20600860691,129990.0,PEN,Soles,2026-07-09T00:00:00-05:00
ocds-dgv273-seacev3-1227229,ocds-dgv273-seacev3-1227229-2026-07-25T10:12:25.935632-05:00,1227229-1807578,1905992.47,PEN,Soles,2026-07-02T00:00:00-05:00
ocds-dgv273-seacev3-1221179,ocds-dgv273-seacev3-1221179-2026-07-25T10:12:25.840599-05:00,1221179-20137323967,610011.0,PEN,Soles,2026-06-26T00:00:00-05:00
ocds-dgv273-seacev3-1227349,ocds-dgv273-seacev3-1227349-2026-07-25T10:12:25.468566-05:00,1227349-1805760,326112.25,PEN,Soles,2026-07-06T00:00:00-05:00
ocds-dgv273-seacev3-1223171,ocds-dgv273-seacev3-1223171-2026-07-25T10:12:25.359404-05:00,1223171-1803687,1334772.03,PEN,Soles,2026-06-23T00:00:00-05:00
ocds-dgv273-seacev3-1223080,ocds-dgv273-seacev3-1223080-2026-07-25T10:12:25.094332-05:00,1223080-1803309,775351.9,PEN,Soles,2026-06-18T00:00:00-05:00
ocds-dgv273-seacev3-1225655,ocds-dgv273-seacev3-1225655-2026-07-25T10:12:14.859220-05:00,1225655-10457488926,158000.0,PEN,Soles,2026-07-02T00:00:00-05:00
ocds-dgv273-seacev3-1222267,ocds-dgv273-seacev3-1222267-2026-07-25T10:12:14.477031-05:00,1222267-20600549091,549649.0,PEN,Soles,2026-07-09T00:00:00-05:00
ocds-dgv273-seacev3-1225593,ocds-dgv273-seacev3-1225593-2026-07-25T10:12:13.607651-05:00,1225593-20536510622,366287.18,PEN,Soles,2026-06-18T00:00:00-05:00
ocds-dgv273-seacev3-1225165,ocds-dgv273-seacev3-1225165-2026-07-25T10:12:13.560561-05:00,1225165-20602025781,785000.0,PEN,Soles,2026-06-16T00:00:00-05:00
ocds-dgv273-seacev3-1227691,ocds-dgv273-seacev3-1227691-2026-07-25T10:12:07.309045-05:00,1227691-20603574142,59540.0,PEN,Soles,2026-07-03T00:00:00-05:00
ocds-dgv273-seacev3-1223700,ocds-dgv273-seacev3-1223700-2026-07-25T10:12:06.626010-05:00,1223700-1803602,87797.0,PEN,Soles,2026-06-24T00:00:00-05:00
ocds-dgv273-seacev3-1227550,ocds-dgv273-seacev3-1227550-2026-07-25T10:12:04.440044-05:00,1227550-10239838605,66761.64,PEN,Soles,2026-07-07T00:00:00-05:00
ocds-dgv273-seacev3-1225181,ocds-dgv273-seacev3-1225181-2026-07-25T10:12:03.853209-05:00,1225181-1805050,444447.2,PEN,Soles,2026-06-25T00:00:00-05:00
ocds-dgv273-seacev3-1226053,ocds-dgv273-seacev3-1226053-2026-07-25T10:12:03.394914-05:00,1226053-20538139689,188000.0,PEN,Soles,2026-07-02T00:00:00-05:00
ocds-dgv273-seacev3-1227790,ocds-dgv273-seacev3-1227790-2026-07-25T10:12:03.361657-05:00,1227790-20614208610,63880.87,PEN,Soles,2026-07-02T00:00:00-05:00
ocds-dgv273-seacev3-1229847,ocds-dgv273-seacev3-1229847-2026-07-24T10:24:39.155943-05:00,1229847-20397667872,256659.0,PEN,Soles,2026-07-09T15:45:36-05:00
ocds-dgv273-seacev3-1228914,ocds-dgv273-seacev3-1228914-2026-07-24T10:24:38.995151-05:00,1228914-20563136562,73550.0,PEN,Soles,2026-07-08T00:00:00-05:00
ocds-dgv273-seacev3-2026-1339-16,ocds-dgv273-seacev3-2026-1339-16-2026-07-24T10:24:38.888347-05:00,1227812-20506719331,123900.0,PEN,Soles,2026-07-14T00:00:00-05:00
ocds-dgv273-seacev3-1227201,ocds-dgv273-seacev3-1227201-2026-07-24T10:24:38.832324-05:00,1227201-20611167092,85105.4,PEN,Soles,2026-07-02T00:00:00-05:00
ocds-dgv273-seacev3-1226857,ocds-dgv273-seacev3-1226857-2026-07-24T10:24:38.318577-05:00,1226857-20552840756,184429.48,PEN,Soles,2026-07-03T00:00:00-05:00
ocds-dgv273-seacev3-1226591,ocds-dgv273-seacev3-1226591-2026-07-24T10:24:38.280721-05:00,1226591-1807669,106337.1,PEN,Soles,2026-07-06T00:00:00-05:00
ocds-dgv273-seacev3-1226030,ocds-dgv273-seacev3-1226030-2026-07-24T10:24:38.225769-05:00,1226030-20608047523,69000.0,PEN,Soles,2026-07-01T00:00:00-05:00
ocds-dgv273-seacev3-1225699,ocds-dgv273-seacev3-1225699-2026-07-24T10:24:38.159991-05:00,1225699-20402641241,74008.0,PEN,Soles,2026-06-30T00:00:00-05:00
ocds-dgv273-seacev3-2026-434-6,ocds-dgv273-seacev3-2026-434-6-2026-07-24T10:24:38.058797-05:00,1224881-1806186,132990.0,PEN,Soles,2026-06-26T00:00:00-05:00
ocds-dgv273-seacev3-2026-434-5,ocds-dgv273-seacev3-2026-434-5-2026-07-24T10:24:38.043067-05:00,1224870-1805964,90435.0,PEN,Soles,2026-06-26T00:00:00-05:00
ocds-dgv273-seacev3-1224675,ocds-dgv273-seacev3-1224675-2026-07-24T10:24:38.027959-05:00,1224675-20486751151,2306612.72,PEN,Soles,2026-06-30T00:00:00-05:00
ocds-dgv273-seacev3-2026-21-13,ocds-dgv273-seacev3-2026-21-13-2026-07-24T10:24:37.965306-05:00,1224250-20466261255,257145.6,PEN,Soles,2026-07-03T00:00:00-05:00
ocds-dgv273-seacev3-1223765,ocds-dgv273-seacev3-1223765-2026-07-24T10:24:37.927302-05:00,1223765-20553853355,97200.0,PEN,Soles,2026-07-16T00:00:00-05:00
ocds-dgv273-seacev3-1223749,ocds-dgv273-seacev3-1223749-2026-07-24T10:24:37.909896-05:00,1223749-20493929403,250573.38,PEN,Soles,2026-06-26T00:00:00-05:00
ocds-dgv273-seacev3-1223427,ocds-dgv273-seacev3-1223427-2026-07-24T10:24:37.864069-05:00,1223427-20602058205,77900.0,PEN,Soles,2026-06-12T00:00:00-05:00
ocds-dgv273-seacev3-2026-200302-59,ocds-dgv273-seacev3-2026-200302-59-2026-07-24T10:24:37.821337-05:00,1222363-20608188020,70798.95,PEN,Soles,2026-07-01T00:00:00-05:00
ocds-dgv273-seacev3-1222097,ocds-dgv273-seacev3-1222097-2026-07-24T10:24:37.771551-05:00,1222097-20567203329,329000.0,PEN,Soles,2026-06-12T00:00:00-05:00
ocds-dgv273-seacev3-1222097,ocds-dgv273-seacev3-1222097-2026-07-24T10:24:37.771551-05:00,1222097-20610733817,378000.0,PEN,Soles,2026-06-12T00:00:00-05:00
ocds-dgv273-seacev3-1221470,ocds-dgv273-seacev3-1221470-2026-07-24T10:24:37.722022-05:00,1221470-1802396,287907.3,PEN,Soles,2026-06-25T00:00:00-05:00
ocds-dgv273-seacev3-1219367,ocds-dgv273-seacev3-1219367-2026-07-24T10:24:37.530981-05:00,1219367-20605113932,1105222.1,PEN,Soles,2026-07-06T00:00:00-05:00
ocds-dgv273-seacev3-1226122,ocds-dgv273-seacev3-1226122-2026-07-24T10:24:30.620080-05:00,1226122-20610687149,49000.0,PEN,Soles,2026-06-30T00:00:00-05:00
ocds-dgv273-seacev3-1222295,ocds-dgv273-seacev3-1222295-2026-07-24T10:24:30.336211-05:00,1222295-20600939140,122399.0,PEN,Soles,2026-06-26T00:00:00-05:00
ocds-dgv273-seacev3-1216540,ocds-dgv273-seacev3-1216540-2026-07-24T10:24:30.321170-05:00,1216540-20606992263,144644.52,PEN,Soles,2026-06-18T00:00:00-05:00
ocds-dgv273-seacev3-1225915,ocds-dgv273-seacev3-1225915-2026-07-24T10:24:30.265967-05:00,1225915-10472154988,110168.0,PEN,Soles,2026-07-03T00:00:00-05:00
ocds-dgv273-seacev3-1225908,ocds-dgv273-seacev3-1225908-2026-07-24T10:24:30.167242-05:00,1225908-10741752650,76770.0,PEN,Soles,2026-06-26T00:00:00-05:00
ocds-dgv273-seacev3-2026-200520-8,ocds-dgv273-seacev3-2026-200520-8-2026-07-24T10:24:29.993888-05:00,1225835-20522371492,47959.68,PEN,Soles,2026-07-03T00:00:00-05:00
ocds-dgv273-seacev3-1225575,ocds-dgv273-seacev3-1225575-2026-07-24T10:24:29.776378-05:00,1225575-20602561284,48642.0,PEN,Soles,2026-07-08T00:00:00-05:00
ocds-dgv273-seacev3-1227534,ocds-dgv273-seacev3-1227534-2026-07-24T10:24:29.715332-05:00,1227534-20601173221,457650.0,PEN,Soles,2026-07-03T00:00:00-05:00
ocds-dgv273-seacev3-2026-10536-14,ocds-dgv273-seacev3-2026-10536-14-2026-07-24T10:24:29.488331-05:00,1224326-20602148093,277674.54,PEN,Soles,2026-07-03T00:00:00-05:00
ocds-dgv273-seacev3-1216937,ocds-dgv273-seacev3-1216937-2026-07-24T10:24:29.060829-05:00,1216937-1801138,2506042.25,PEN,Soles,2026-06-19T00:00:00-05:00
ocds-dgv273-seacev3-1222528,ocds-dgv273-seacev3-1222528-2026-07-24T10:24:28.966285-05:00,1222528-20612648434,199800.0,PEN,Soles,2026-07-01T00:00:00-05:00
ocds-dgv273-seacev3-1221063,ocds-dgv273-seacev3-1221063-2026-07-24T10:24:28.916163-05:00,1221063-1800158,34984377.6,PEN,Soles,2026-06-24T00:00:00-05:00
ocds-dgv273-seacev3-1225600,ocds-dgv273-seacev3-1225600-2026-07-24T10:24:28.814854-05:00,1225600-20539916379,459112.5,PEN,Soles,2026-07-01T00:00:00-05:00
ocds-dgv273-seacev3-1223718,ocds-dgv273-seacev3-1223718-2026-07-24T10:24:28.786787-05:00,1223718-20604062447,1528547.08,PEN,Soles,2026-07-06T00:00:00-05:00
ocds-dgv273-seacev3-1223000,ocds-dgv273-seacev3-1223000-2026-07-24T10:24:28.721888-05:00,1223000-1804974,2010018.04,PEN,Soles,2026-07-22T00:00:00-05:00
ocds-dgv273-seacev3-1225366,ocds-dgv273-seacev3-1225366-2026-07-24T10:24:28.637551-05:00,1225366-20511037001,154200.0,PEN,Soles,2026-06-26T10:36:47-05:00
ocds-dgv273-seacev3-1229524,ocds-dgv273-seacev3-1229524-2026-07-24T10:24:23.876915-05:00,1229524-20509575518,39100.0,PEN,Soles,2026-07-14T00:00:00-05:00
ocds-dgv273-seacev3-1231202,ocds-dgv273-seacev3-1231202-2026-07-24T10:24:23.442907-05:00,1231202-20494791235,72000.0,PEN,Soles,2026-07-06T08:34:36-05:00
ocds-dgv273-seacev3-1231233,ocds-dgv273-seacev3-1231233-2026-07-24T10:24:21.551721-05:00,1231233-10702946501,184519.99,PEN,Soles,2026-07-14T00:00:00-05:00
ocds-dgv273-seacev3-1228879,ocds-dgv273-seacev3-1228879-2026-07-24T10:24:21.229392-05:00,1228879-10415389898,64515.5,PEN,Soles,2026-07-08T00:00:00-05:00
ocds-dgv273-seacev3-1224728,ocds-dgv273-seacev3-1224728-2026-07-24T10:24:21.173548-05:00,1224728-1805305,1187904.35,PEN,Soles,2026-06-25T00:00:00-05:00
ocds-dgv273-seacev3-1228900,ocds-dgv273-seacev3-1228900-2026-07-24T10:24:20.751859-05:00,1228900-1806920,36000.0,USD,Dólar Norteamericano,2026-06-30T00:00:00-05:00
ocds-dgv273-seacev3-1226177,ocds-dgv273-seacev3-1226177-2026-07-24T10:24:20.722551-05:00,1226177-20604152497,55645.48,PEN,Soles,2026-07-03T00:00:00-05:00
ocds-dgv273-seacev3-1223774,ocds-dgv273-seacev3-1223774-2026-07-24T10:24:20.671162-05:00,1223774-10704191648,158700.0,PEN,Soles,2026-07-09T00:00:00-05:00
ocds-dgv273-seacev3-1224046,ocds-dgv273-seacev3-1224046-2026-07-24T10:24:20.624330-05:00,1224046-20450312178,189525.0,PEN,Soles,2026-06-23T09:46:24-05:00
ocds-dgv273-seacev3-1226722,ocds-dgv273-seacev3-1226722-2026-07-24T10:24:20.468203-05:00,1226722-20182246078,117124.8,PEN,Soles,2026-06-23T00:00:00-05:00
ocds-dgv273-seacev3-1222933,ocds-dgv273-seacev3-1222933-2026-07-24T10:24:20.445396-05:00,1222933-20449314868,199947.0,PEN,Soles,2026-06-30T00:00:00-05:00
ocds-dgv273-seacev3-1224437,ocds-dgv273-seacev3-1224437-2026-07-24T10:24:19.956261-05:00,1224437-20547957009,95000.0,PEN,Soles,2026-06-17T00:00:00-05:00
ocds-dgv273-seacev3-1227713,ocds-dgv273-seacev3-1227713-2026-07-24T10:24:19.636144-05:00,1227713-20486512751,52898.4,PEN,Soles,2026-07-15T00:00:00-05:00
ocds-dgv273-seacev3-2026-1274-11,ocds-dgv273-seacev3-2026-1274-11-2026-07-24T10:24:19.328681-05:00,1197308-20570803884,340325.25,PEN,Soles,2026-04-29T00:00:00-05:00
ocds-dgv273-seacev3-2026-1274-11,ocds-dgv273-seacev3-2026-1274-11-2026-07-24T10:24:19.328681-05:00,1228912-20101704352,251257.6,PEN,Soles,2026-07-14T00:00:00-05:00
ocds-dgv273-seacev3-1226894,ocds-dgv273-seacev3-1226894-2026-07-24T10:24:19.221048-05:00,1226894-20600927311,119975.0,PEN,Soles,2026-07-08T00:00:00-05:00
ocds-dgv273-seacev3-1229517,ocds-dgv273-seacev3-1229517-2026-07-24T10:24:19.145015-05:00,1229517-10106514386,138250.0,PEN,Soles,2026-07-10T00:00:00-05:00
ocds-dgv273-seacev3-2026-434-2,ocds-dgv273-seacev3-2026-434-2-2026-07-24T10:24:19.068257-05:00,1224814-1805991,46243.0,PEN,Soles,2026-06-26T00:00:00-05:00
ocds-dgv273-seacev3-1225904,ocds-dgv273-seacev3-1225904-2026-07-24T10:24:19.052330-05:00,1225904-1806151,175390.0,PEN,Soles,2026-06-26T00:00:00-05:00
ocds-dgv273-seacev3-2026-10185-8,ocds-dgv273-seacev3-2026-10185-8-2026-07-24T10:24:19.012594-05:00,1222936-1803431,255911.11,PEN,Soles,2026-06-24T00:00:00-05:00
ocds-dgv273-seacev3-1225913,ocds-dgv273-seacev3-1225913-2026-07-24T10:24:18.979562-05:00,1225913-20552452314,156890.0,PEN,Soles,2026-07-01T00:00:00-05:00
ocds-dgv273-seacev3-1224890,ocds-dgv273-seacev3-1224890-2026-07-24T10:24:18.966132-05:00,1224890-20537232251,570000.0,PEN,Soles,2026-06-16T00:00:00-05:00
ocds-dgv273-seacev3-1226412,ocds-dgv273-seacev3-1226412-2026-07-24T10:24:18.944134-05:00,1226412-20600111150,101482.0,PEN,Soles,2026-07-01T00:00:00-05:00
ocds-dgv273-seacev3-1225581,ocds-dgv273-seacev3-1225581-2026-07-24T10:24:18.891479-05:00,1225581-20158165113,108000.0,PEN,Soles,2026-07-09T00:00:00-05:00
ocds-dgv273-seacev3-2026-1248-1,ocds-dgv273-seacev3-2026-1248-1-2026-07-24T10:24:18.802432-05:00,1221466-10106781520,74800.0,PEN,Soles,2026-07-01T00:00:00-05:00
ocds-dgv273-seacev3-1227576,ocds-dgv273-seacev3-1227576-2026-07-24T10:24:18.737305-05:00,1227576-20493780507,225000.0,PEN,Soles,2026-07-02T00:00:00-05:00
ocds-dgv273-seacev3-1227334,ocds-dgv273-seacev3-1227334-2026-07-24T10:24:18.605079-05:00,1227334-10012311571,342000.0,PEN,Soles,2026-07-06T00:00:00-05:00
ocds-dgv273-seacev3-1224304,ocds-dgv273-seacev3-1224304-2026-07-24T10:24:18.547413-05:00,1224304-20571370299,158000.0,PEN,Soles,2026-06-23T00:00:00-05:00
ocds-dgv273-seacev3-1224495,ocds-dgv273-seacev3-1224495-2026-07-24T10:24:18.344403-05:00,1224495-20601034876,78195.2,PEN,Soles,2026-06-26T00:00:00-05:00
ocds-dgv273-seacev3-1223750,ocds-dgv273-seacev3-1223750-2026-07-24T10:24:18.303359-05:00,1223750-20610989897,62820.0,PEN,Soles,2026-06-22T16:52:59-05:00
ocds-dgv273-seacev3-1223263,ocds-dgv273-seacev3-1223263-2026-07-24T10:24:18.282358-05:00,1223263-20603867018,67500.0,PEN,Soles,2026-06-30T14:35:38-05:00
ocds-dgv273-seacev3-1224687,ocds-dgv273-seacev3-1224687-2026-07-24T10:24:18.206548-05:00,1224687-20613647776,129990.0,PEN,Soles,2026-07-07T00:00:00-05:00
ocds-dgv273-seacev3-1224575,ocds-dgv273-seacev3-1224575-2026-07-24T10:24:18.136692-05:00,1224575-10775336001,91000.0,PEN,Soles,2026-06-23T00:00:00-05:00
ocds-dgv273-seacev3-2026-434-3,ocds-dgv273-seacev3-2026-434-3-2026-07-24T10:24:18.065353-05:00,1224873-1806004,108500.0,PEN,Soles,2026-06-26T00:00:00-05:00
ocds-dgv273-seacev3-2026-2543-530,ocds-dgv273-seacev3-2026-2543-530-2026-07-24T10:24:18.050038-05:00,1224859-20557788841,77000.0,PEN,Soles,2026-06-26T00:00:00-05:00
ocds-dgv273-seacev3-2026-1493-8,ocds-dgv273-seacev3-2026-1493-8-2026-07-24T10:24:17.892256-05:00,1226303-20602419038,250000.0,PEN,Soles,2026-07-07T00:00:00-05:00
ocds-dgv273-seacev3-1222705,ocds-dgv273-seacev3-1222705-2026-07-24T10:24:17.878114-05:00,1222705-20609586231,164250.0,PEN,Soles,2026-06-26T00:00:00-05:00
ocds-dgv273-seacev3-1228665,ocds-dgv273-seacev3-1228665-2026-07-24T10:24:12.610016-05:00,1228665-1809424,150000.0,PEN,Soles,2026-07-08T00:00:00-05:00
ocds-dgv273-seacev3-1227909,ocds-dgv273-seacev3-1227909-2026-07-24T10:24:12.364941-05:00,1227909-1808894,243934.0,PEN,Soles,2026-07-07T00:00:00-05:00
ocds-dgv273-seacev3-1214092,ocds-dgv273-seacev3-1214092-2026-07-24T10:24:12.183242-05:00,1214092-20610008977,150000.0,PEN,Soles,2026-07-06T00:00:00-05:00
ocds-dgv273-seacev3-1228882,ocds-dgv273-seacev3-1228882-2026-07-24T10:24:12.138616-05:00,1228882-L0611180003,50932.91,USD,Dólar Norteamericano,2026-06-30T00:00:00-05:00
ocds-dgv273-seacev3-1225945,ocds-dgv273-seacev3-1225945-2026-07-24T10:24:11.416132-05:00,1225945-20387107534,422960.0,PEN,Soles,2026-07-03T00:00:00-05:00
ocds-dgv273-seacev3-1225224,ocds-dgv273-seacev3-1225224-2026-07-24T10:24:11.401526-05:00,1225224-1806230,202573.23,PEN,Soles,2026-07-13T00:00:00-05:00
ocds-dgv273-seacev3-1229371,ocds-dgv273-seacev3-1229371-2026-07-24T10:24:11.374198-05:00,1229371-20101260373,1189548.0,PEN,Soles,2026-07-08T00:00:00-05:00
ocds-dgv273-seacev3-2026-2379-49,ocds-dgv273-seacev3-2026-2379-49-2026-07-24T10:24:11.346667-05:00,1229871-20100295891,190650.24,PEN,Soles,2026-07-17T00:00:00-05:00
ocds-dgv273-seacev3-1222042,ocds-dgv273-seacev3-1222042-2026-07-24T10:24:11.290990-05:00,1222042-20527637628,69422.0,PEN,Soles,2026-06-26T00:00:00-05:00
ocds-dgv273-seacev3-1221195,ocds-dgv273-seacev3-1221195-2026-07-24T10:24:11.274465-05:00,1221195-20109072177,3120625.06,PEN,Soles,2026-07-13T00:00:00-05:00
ocds-dgv273-seacev3-1225138,ocds-dgv273-seacev3-1225138-2026-07-24T10:24:11.231019-05:00,1225138-20571370299,168000.0,PEN,Soles,2026-06-30T00:00:00-05:00
ocds-dgv273-seacev3-1223033,ocds-dgv273-seacev3-1223033-2026-07-24T10:24:11.063473-05:00,1223033-20120413491,112455.0,PEN,Soles,2026-07-06T00:00:00-05:00
ocds-dgv273-seacev3-1221119,ocds-dgv273-seacev3-1221119-2026-07-24T10:24:10.984305-05:00,1221119-20607923664,279000.0,PEN,Soles,2026-06-22T00:00:00-05:00
ocds-dgv273-seacev3-1221262,ocds-dgv273-seacev3-1221262-2026-07-24T10:24:10.907291-05:00,1221262-20100070970,1917825.0,PEN,Soles,2026-07-06T00:00:00-05:00
ocds-dgv273-seacev3-1228230,ocds-dgv273-seacev3-1228230-2026-07-24T10:24:10.600486-05:00,1228230-10776839995,89635.0,PEN,Soles,2026-07-09T00:00:00-05:00
ocds-dgv273-seacev3-2026-1899-13,ocds-dgv273-seacev3-2026-1899-13-2026-07-24T10:24:10.310125-05:00,1223252-20486635089,163940.0,PEN,Soles,2026-06-30T00:00:00-05:00
ocds-dgv273-seacev3-1225416,ocds-dgv273-seacev3-1225416-2026-07-24T10:24:10.206321-05:00,1225416-10247102090,920000.0,PEN,Soles,2026-06-30T00:00:00-05:00
ocds-dgv273-seacev3-1225078,ocds-dgv273-seacev3-1225078-2026-07-24T10:24:10.193734-05:00,1225078-20100210909,240000.0,PEN,Nuevos Soles,2026-07-06T00:00:00-05:00
ocds-dgv273-seacev3-1227465,ocds-dgv273-seacev3-1227465-2026-07-24T10:24:10.172631-05:00,1227465-20100061474,81804.0,PEN,Soles,2026-07-14T00:00:00-05:00
ocds-dgv273-seacev3-1221156,ocds-dgv273-seacev3-1221156-2026-07-24T10:24:10.020679-05:00,1221156-20612332704,307397.5,PEN,Soles,2026-06-22T00:00:00-05:00
ocds-dgv273-seacev3-1225439,ocds-dgv273-seacev3-1225439-2026-07-24T10:24:09.929349-05:00,1225439-20553853355,108800.0,PEN,Soles,2026-07-16T00:00:00-05:00
ocds-dgv273-seacev3-2026-10248-51,ocds-dgv273-seacev3-2026-10248-51-2026-07-24T10:24:09.760368-05:00,1227553-20418217104,185000.0,PEN,Soles,2026-07-14T00:00:00-05:00
ocds-dgv273-seacev3-1222722,ocds-dgv273-seacev3-1222722-2026-07-24T10:24:09.429823-05:00,1222722-20608171704,579421.0,PEN,Soles,2026-06-16T23:54:03-05:00
ocds-dgv273-seacev3-1224065,ocds-dgv273-seacev3-1224065-2026-07-24T10:24:09.224574-05:00,1224065-10444256279,129999.0,PEN,Soles,2026-06-26T00:00:00-05:00
ocds-dgv273-seacev3-1228162,ocds-dgv273-seacev3-1228162-2026-07-24T10:24:09.054293-05:00,1228162-20469936164,425600.0,PEN,Soles,2026-07-14T00:00:00-05:00
ocds-dgv273-seacev3-1225254,ocds-dgv273-seacev3-1225254-2026-07-24T10:24:08.836624-05:00,1225254-1806576,171964.94,PEN,Soles,2026-07-01T00:00:00-05:00
ocds-dgv273-seacev3-1225005,ocds-dgv273-seacev3-1225005-2026-07-24T10:24:08.820208-05:00,1225005-1805691,1141873.62,PEN,Soles,2026-06-26T00:00:00-05:00
ocds-dgv273-seacev3-1221643,ocds-dgv273-seacev3-1221643-2026-07-24T10:24:08.781013-05:00,1221643-20546561497,78800.0,PEN,Soles,2026-07-02T00:00:00-05:00
ocds-dgv273-seacev3-1225211,ocds-dgv273-seacev3-1225211-2026-07-24T10:24:08.664481-05:00,1225211-1806844,308334.34,PEN,Soles,2026-06-30T00:00:00-05:00
ocds-dgv273-seacev3-1235307,ocds-dgv273-seacev3-1235307-2026-07-24T10:24:02.647322-05:00,1235307-20486468913,107363.48,PEN,Nuevos Soles,2026-07-21T00:00:00-05:00
ocds-dgv273-seacev3-1224783,ocds-dgv273-seacev3-1224783-2026-07-24T10:23:58.781304-05:00,1224783-20614375958,153500.0,PEN,Soles,2026-06-23T00:00:00-05:00
ocds-dgv273-seacev3-1221135,ocds-dgv273-seacev3-1221135-2026-07-24T10:23:58.765257-05:00,1221135-20606267241,32640.0,PEN,Soles,2026-06-24T00:00:00-05:00
ocds-dgv273-seacev3-2026-200261-36,ocds-dgv273-seacev3-2026-200261-36-2026-07-24T10:23:58.696800-05:00,1196421-20521698013,982565.0,PEN,Soles,2026-03-31T00:00:00-05:00
ocds-dgv273-seacev3-2026-200261-36,ocds-dgv273-seacev3-2026-200261-36-2026-07-24T10:23:58.696800-05:00,1217480-20606537256,61900.0,PEN,Soles,2026-06-19T00:00:00-05:00
ocds-dgv273-seacev3-1226005,ocds-dgv273-seacev3-1226005-2026-07-24T10:23:58.633402-05:00,1226005-10239403226,57725.0,PEN,Soles,2026-07-02T00:00:00-05:00
ocds-dgv273-seacev3-1226845,ocds-dgv273-seacev3-1226845-2026-07-24T10:23:58.226809-05:00,1226845-10252174503,61500.0,PEN,Soles,2026-06-30T00:00:00-05:00
ocds-dgv273-seacev3-1225618,ocds-dgv273-seacev3-1225618-2026-07-24T10:23:58.148846-05:00,1225618-20612424765,153000.0,PEN,Soles,2026-07-01T00:00:00-05:00
ocds-dgv273-seacev3-1227394,ocds-dgv273-seacev3-1227394-2026-07-24T10:23:58.030372-05:00,1227394-20615149587,142838.0,PEN,Soles,2026-07-03T00:00:00-05:00
ocds-dgv273-seacev3-1221933,ocds-dgv273-seacev3-1221933-2026-07-24T10:23:57.921266-05:00,1221933-1804027,1916285.14,PEN,Soles,2026-06-22T00:00:00-05:00
ocds-dgv273-seacev3-1226612,ocds-dgv273-seacev3-1226612-2026-07-24T10:23:57.804379-05:00,1226612-1809792,146928.57,PEN,Soles,2026-07-09T00:00:00-05:00
ocds-dgv273-seacev3-1222498,ocds-dgv273-seacev3-1222498-2026-07-24T10:23:57.611596-05:00,1222498-20603713703,410500.0,PEN,Soles,2026-07-07T00:00:00-05:00
ocds-dgv273-seacev3-1225638,ocds-dgv273-seacev3-1225638-2026-07-24T10:23:57.310651-05:00,1225638-20603958030,69433.0,PEN,Soles,2026-06-25T00:00:00-05:00
ocds-dgv273-seacev3-1227723,ocds-dgv273-seacev3-1227723-2026-07-24T10:23:57.199351-05:00,1227723-20603032498,50077.67,PEN,Soles,2026-07-08T00:00:00-05:00
ocds-dgv273-seacev3-1226739,ocds-dgv273-seacev3-1226739-2026-07-24T10:23:57.171399-05:00,1226739-20573029764,45117.0,PEN,Soles,2026-07-03T00:00:00-05:00
ocds-dgv273-seacev3-2026-10413-4,ocds-dgv273-seacev3-2026-10413-4-2026-07-24T10:23:57.027040-05:00,1220090-1802061,270000.0,PEN,Soles,2026-06-17T00:00:00-05:00
ocds-dgv273-seacev3-1226868,ocds-dgv273-seacev3-1226868-2026-07-24T10:23:56.901836-05:00,1226868-20377339461,173600.0,PEN,Soles,2026-07-21T00:00:00-05:00
ocds-dgv273-seacev3-1222586,ocds-dgv273-seacev3-1222586-2026-07-24T10:23:56.650477-05:00,1222586-20537274922,53000.0,PEN,Soles,2026-06-26T00:00:00-05:00
ocds-dgv273-seacev3-1228416,ocds-dgv273-seacev3-1228416-2026-07-24T10:23:56.432127-05:00,1228416-20610566325,78208.7,PEN,Soles,2026-07-02T00:00:00-05:00
ocds-dgv273-seacev3-2026-434-1,ocds-dgv273-seacev3-2026-434-1-2026-07-24T10:23:56.383654-05:00,1224860-1805999,59219.0,PEN,Soles,2026-06-26T00:00:00-05:00
ocds-dgv273-seacev3-1226708,ocds-dgv273-seacev3-1226708-2026-07-24T10:23:56.354933-05:00,1226708-10411419865,99984.0,PEN,Soles,2026-06-25T00:00:00-05:00
ocds-dgv273-seacev3-2026-214110-6,ocds-dgv273-seacev3-2026-214110-6-2026-07-24T10:23:56.311947-05:00,1226922-20606732954,432117.12,PEN,Soles,2026-07-09T00:00:00-05:00
ocds-dgv273-seacev3-2026-10248-44,ocds-dgv273-seacev3-2026-10248-44-2026-07-24T10:23:56.262447-05:00,1224002-20603316844,139280.0,PEN,Soles,2026-07-08T00:00:00-05:00
ocds-dgv273-seacev3-1229693,ocds-dgv273-seacev3-1229693-2026-07-24T10:23:52.018487-05:00,1229693-20602112897,112520.57,PEN,Soles,2026-07-22T00:00:00-05:00
ocds-dgv273-seacev3-1223858,ocds-dgv273-seacev3-1223858-2026-07-24T10:23:50.928331-05:00,1223858-20600349342,53000.0,PEN,Soles,2026-06-18T00:00:00-05:00
ocds-dgv273-seacev3-1229121,ocds-dgv273-seacev3-1229121-2026-07-24T10:23:50.813902-05:00,1229121-10700879785,65000.0,PEN,Soles,2026-07-08T00:00:00-05:00
ocds-dgv273-seacev3-1229239,ocds-dgv273-seacev3-1229239-2026-07-24T10:23:50.772577-05:00,1229239-20448497047,208000.0,PEN,Soles,2026-07-13T00:00:00-05:00
ocds-dgv273-seacev3-1228635,ocds-dgv273-seacev3-1228635-2026-07-24T10:23:50.609380-05:00,1228635-20608465775,88044.53,PEN,Soles,2026-07-07T00:00:00-05:00
ocds-dgv273-seacev3-2026-10009-11,ocds-dgv273-seacev3-2026-10009-11-2026-07-24T10:23:50.581256-05:00,1225119-20571370299,307000.0,PEN,Soles,2026-06-30T00:00:00-05:00
ocds-dgv273-seacev3-1223107,ocds-dgv273-seacev3-1223107-2026-07-24T10:23:50.559090-05:00,1223107-1805083,377850.87,PEN,Soles,2026-06-25T00:00:00-05:00
ocds-dgv273-seacev3-1221199,ocds-dgv273-seacev3-1221199-2026-07-24T10:23:50.521923-05:00,1221199-10251376285,110000.0,PEN,Soles,2026-07-15T00:00:00-05:00
ocds-dgv273-seacev3-1226581,ocds-dgv273-seacev3-1226581-2026-07-24T10:23:50.492744-05:00,1226581-20612389277,72345.0,PEN,Soles,2026-07-01T00:00:00-05:00
ocds-dgv273-seacev3-1222091,ocds-dgv273-seacev3-1222091-2026-07-24T10:23:50.397656-05:00,1222091-20612385336,62914.8,PEN,Soles,2026-06-24T00:00:00-05:00
ocds-dgv273-seacev3-1225672,ocds-dgv273-seacev3-1225672-2026-07-24T10:23:50.326598-05:00,1225672-1813762,10019276.08,PEN,Soles,2026-07-22T00:00:00-05:00
ocds-dgv273-seacev3-1226611,ocds-dgv273-seacev3-1226611-2026-07-24T10:23:50.221061-05:00,1226611-20603127383,96500.0,PEN,Soles,2026-06-30T00:00:00-05:00
ocds-dgv273-seacev3-1227727,ocds-dgv273-seacev3-1227727-2026-07-24T10:23:50.085036-05:00,1227727-1808372,890719.59,PEN,Soles,2026-07-14T00:00:00-05:00
ocds-dgv273-seacev3-1227919,ocds-dgv273-seacev3-1227919-2026-07-24T10:23:49.967546-05:00,1227919-1808863,97544.44,PEN,Soles,2026-07-07T00:00:00-05:00
ocds-dgv273-seacev3-1224885,ocds-dgv273-seacev3-1224885-2026-07-24T10:23:49.944884-05:00,1224885-1805065,1253078.58,PEN,Soles,2026-06-24T00:00:00-05:00
ocds-dgv273-seacev3-2026-251427-20,ocds-dgv273-seacev3-2026-251427-20-2026-07-24T10:23:49.849494-05:00,1223862-20563224691,84700.0,PEN,Soles,2026-06-26T00:00:00-05:00
ocds-dgv273-seacev3-2026-200345-8,ocds-dgv273-seacev3-2026-200345-8-2026-07-24T10:23:49.619538-05:00,1223218-10410647635,136500.0,PEN,Soles,2026-07-08T00:00:00-05:00
ocds-dgv273-seacev3-2026-52-10,ocds-dgv273-seacev3-2026-52-10-2026-07-24T10:23:48.395850-05:00,1224212-20601797471,481776.48,PEN,Soles,2026-06-23T00:00:00-05:00
ocds-dgv273-seacev3-1224781,ocds-dgv273-seacev3-1224781-2026-07-24T10:23:48.361921-05:00,1224781-20614375958,327645.0,PEN,Soles,2026-06-23T00:00:00-05:00
ocds-dgv273-seacev3-2026-10351-4,ocds-dgv273-seacev3-2026-10351-4-2026-07-24T10:23:48.274435-05:00,1224502-20601138515,78904.0,PEN,Soles,2026-07-07T00:00:00-05:00
ocds-dgv273-seacev3-1216562,ocds-dgv273-seacev3-1216562-2026-07-24T10:23:48.189906-05:00,1216562-20605724125,307386.12,PEN,Soles,2026-06-19T00:00:00-05:00
ocds-dgv273-seacev3-1222307,ocds-dgv273-seacev3-1222307-2026-07-24T10:23:48.133600-05:00,1222307-20464408623,132160.0,PEN,Soles,2026-07-03T00:00:00-05:00
ocds-dgv273-seacev3-1223214,ocds-dgv273-seacev3-1223214-2026-07-24T10:23:47.933280-05:00,1223214-20516788420,20060.0,USD,Dólar Norteamericano,2026-06-12T00:00:00-05:00
ocds-dgv273-seacev3-1221267,ocds-dgv273-seacev3-1221267-2026-07-24T10:23:47.918790-05:00,1221267-10734759169,160000.0,PEN,Soles,2026-06-12T00:00:00-05:00
ocds-dgv273-seacev3-2026-10461-9,ocds-dgv273-seacev3-2026-10461-9-2026-07-24T10:23:47.827626-05:00,1226051-10225009916,118764.58,PEN,Soles,2026-07-08T00:00:00-05:00
ocds-dgv273-seacev3-1221435,ocds-dgv273-seacev3-1221435-2026-07-24T10:23:47.776988-05:00,1221435-20557042289,188580.0,PEN,Soles,2026-07-07T00:00:00-05:00
ocds-dgv273-seacev3-2026-692-4,ocds-dgv273-seacev3-2026-692-4-2026-07-24T10:23:47.741886-05:00,1222715-1803811,253666.56,PEN,Soles,2026-06-23T00:00:00-05:00
ocds-dgv273-seacev3-1227599,ocds-dgv273-seacev3-1227599-2026-07-24T10:23:47.700094-05:00,1227599-20261898706,2585369.0,PEN,Soles,2026-07-14T00:00:00-05:00
ocds-dgv273-seacev3-1221818,ocds-dgv273-seacev3-1221818-2026-07-24T10:23:47.619584-05:00,1221818-20603843305,187000.0,PEN,Soles,2026-06-24T00:00:00-05:00
ocds-dgv273-seacev3-1221359,ocds-dgv273-seacev3-1221359-2026-07-24T10:23:47.565231-05:00,1221359-10702775308,106260.0,PEN,Soles,2026-06-16T00:00:00-05:00
ocds-dgv273-seacev3-1221359,ocds-dgv273-seacev3-1221359-2026-07-24T10:23:47.565231-05:00,1221359-20478217626,650819.6,PEN,Soles,2026-06-16T00:00:00-05:00
ocds-dgv273-seacev3-1221359,ocds-dgv273-seacev3-1221359-2026-07-24T10:23:47.565231-05:00,1221359-20505973691,663000.0,PEN,Soles,2026-06-16T00:00:00-05:00
ocds-dgv273-seacev3-2026-200533-6,ocds-dgv273-seacev3-2026-200533-6-2026-07-24T10:23:47.470741-05:00,1225856-10102652539,84000.0,PEN,Soles,2026-06-26T00:00:00-05:00
ocds-dgv273-seacev3-1214439,ocds-dgv273-seacev3-1214439-2026-07-24T10:23:47.399101-05:00,1214439-20611548878,65705.07,PEN,Soles,2026-06-25T00:00:00-05:00
ocds-dgv273-seacev3-1225658,ocds-dgv273-seacev3-1225658-2026-07-24T10:23:47.273924-05:00,1225658-20610306315,341749.7,PEN,Soles,2026-07-02T00:00:00-05:00
ocds-dgv273-seacev3-1221514,ocds-dgv273-seacev3-1221514-2026-07-24T10:23:47.133959-05:00,1221514-1801338,243435.38,PEN,Soles,2026-06-12T00:00:00-05:00
ocds-dgv273-seacev3-2026-1871-2,ocds-dgv273-seacev3-2026-1871-2-2026-07-24T10:23:47.112553-05:00,1224459-20604383740,54882.0,PEN,Soles,2026-06-26T00:00:00-05:00
ocds-dgv273-seacev3-1222963,ocds-dgv273-seacev3-1222963-2026-07-24T10:23:46.934285-05:00,1222963-10161255101,418888.0,PEN,Soles,2026-06-18T17:01:05-05:00
ocds-dgv273-seacev3-1222564,ocds-dgv273-seacev3-1222564-2026-07-24T10:23:46.732933-05:00,1222564-20100070970,118642.0,PEN,Soles,2026-06-17T00:00:00-05:00
ocds-dgv273-seacev3-1226403,ocds-dgv273-seacev3-1226403-2026-07-24T10:23:46.679965-05:00,1226403-20607999148,565057.65,PEN,Soles,2026-06-30T00:00:00-05:00
ocds-dgv273-seacev3-2026-200418-7,ocds-dgv273-seacev3-2026-200418-7-2026-07-24T10:23:46.625758-05:00,1187463-20393670682,300847.32,PEN,Soles,2026-04-10T00:00:00-05:00
ocds-dgv273-seacev3-2026-200418-7,ocds-dgv273-seacev3-2026-200418-7-2026-07-24T10:23:46.625758-05:00,1187463-20490323661,357113.88,PEN,Soles,2026-04-10T00:00:00-05:00
ocds-dgv273-seacev3-2026-200418-7,ocds-dgv273-seacev3-2026-200418-7-2026-07-24T10:23:46.625758-05:00,1187463-20519951551,381119.4,PEN,Soles,2026-04-10T00:00:00-05:00
ocds-dgv273-seacev3-2026-200418-7,ocds-dgv273-seacev3-2026-200418-7-2026-07-24T10:23:46.625758-05:00,1187463-20601221331,370892.52,PEN,Soles,2026-04-10T00:00:00-05:00
ocds-dgv273-seacev3-2026-200418-7,ocds-dgv273-seacev3-2026-200418-7-2026-07-24T10:23:46.625758-05:00,1187463-20601258812,359876.52,PEN,Soles,2026-04-10T00:00:00-05:00
ocds-dgv273-seacev3-2026-200418-7,ocds-dgv273-seacev3-2026-200418-7-2026-07-24T10:23:46.625758-05:00,1187463-20601493749,717840.0,PEN,Soles,2026-04-10T00:00:00-05:00
ocds-dgv273-seacev3-2026-200418-7,ocds-dgv273-seacev3-2026-200418-7-2026-07-24T10:23:46.625758-05:00,1187463-20601621828,386285.04,PEN,Soles,2026-04-10T00:00:00-05:00
ocds-dgv273-seacev3-2026-200418-7,ocds-dgv273-seacev3-2026-200418-7-2026-07-24T10:23:46.625758-05:00,1187463-20603110669,358095.6,PEN,Soles,2026-04-10T00:00:00-05:00
ocds-dgv273-seacev3-2026-200418-7,ocds-dgv273-seacev3-2026-200418-7-2026-07-24T10:23:46.625758-05:00,1187463-20603411715,1216800.0,PEN,Soles,2026-04-10T00:00:00-05:00
ocds-dgv273-seacev3-2026-200418-7,ocds-dgv273-seacev3-2026-200418-7-2026-07-24T10:23:46.625758-05:00,1187463-20603466137,361961.64,PEN,Soles,2026-04-10T00:00:00-05:00
ocds-dgv273-seacev3-2026-200418-7,ocds-dgv273-seacev3-2026-200418-7-2026-07-24T10:23:46.625758-05:00,1187463-20605987967,360145.44,PEN,Soles,2026-04-10T00:00:00-05:00
ocds-dgv273-seacev3-2026-200418-7,ocds-dgv273-seacev3-2026-200418-7-2026-07-24T10:23:46.625758-05:00,1187463-20606224827,319464.0,PEN,Soles,2026-04-10T00:00:00-05:00
ocds-dgv273-seacev3-2026-200418-7,ocds-dgv273-seacev3-2026-200418-7-2026-07-24T10:23:46.625758-05:00,1187463-20606831391,360535.68,PEN,Soles,2026-04-10T00:00:00-05:00
ocds-dgv273-seacev3-2026-200418-7,ocds-dgv273-seacev3-2026-200418-7-2026-07-24T10:23:46.625758-05:00,1187463-20608219456,359801.64,PEN,Soles,2026-04-10T00:00:00-05:00
ocds-dgv273-seacev3-2026-200418-7,ocds-dgv273-seacev3-2026-200418-7-2026-07-24T10:23:46.625758-05:00,1187463-20612709913,357088.68,PEN,Soles,2026-04-10T00:00:00-05:00
ocds-dgv273-seacev3-2026-200418-7,ocds-dgv273-seacev3-2026-200418-7-2026-07-24T10:23:46.625758-05:00,1215345-20480402929,343331.28,PEN,Soles,2026-06-19T00:00:00-05:00
ocds-dgv273-seacev3-1228633,ocds-dgv273-seacev3-1228633-2026-07-23T10:30:31.335537-05:00,1228633-10480169536,47808.0,PEN,Soles,2026-07-02T00:00:00-05:00
ocds-dgv273-seacev3-1233181,ocds-dgv273-seacev3-1233181-2026-07-23T10:30:31.120652-05:00,1233181-1811326,203421.83,PEN,Soles,2026-07-13T00:00:00-05:00
ocds-dgv273-seacev3-1221632,ocds-dgv273-seacev3-1221632-2026-07-23T10:30:30.665959-05:00,1221632-1803813,291526.37,PEN,Soles,2026-06-23T00:00:00-05:00
ocds-dgv273-seacev3-2026-10536-10,ocds-dgv273-seacev3-2026-10536-10-2026-07-23T10:30:30.387443-05:00,1224346-20490139495,161133.69,PEN,Soles,2026-07-03T00:00:00-05:00
ocds-dgv273-seacev3-1222470,ocds-dgv273-seacev3-1222470-2026-07-23T10:30:29.556476-05:00,1222470-20603360941,103000.0,PEN,Soles,2026-06-30T00:00:00-05:00
ocds-dgv273-seacev3-1225667,ocds-dgv273-seacev3-1225667-2026-07-23T10:30:28.908930-05:00,1225667-10453120771,122906.5,PEN,Soles,2026-07-02T00:00:00-05:00
ocds-dgv273-seacev3-2026-10198-11,ocds-dgv273-seacev3-2026-10198-11-2026-07-23T10:30:28.901422-05:00,1200807-20100154308,130498.56,PEN,Soles,2026-04-22T00:00:00-05:00
ocds-dgv273-seacev3-1221562,ocds-dgv273-seacev3-1221562-2026-07-23T10:30:28.771496-05:00,1221562-20541450476,150700.84,PEN,Soles,2026-06-30T00:00:00-05:00
ocds-dgv273-seacev3-1221558,ocds-dgv273-seacev3-1221558-2026-07-23T10:30:28.389898-05:00,1221558-20505973691,152100.0,PEN,Soles,2026-06-23T00:00:00-05:00
ocds-dgv273-seacev3-1221558,ocds-dgv273-seacev3-1221558-2026-07-23T10:30:28.389898-05:00,1221558-20543533085,47900.0,PEN,Soles,2026-06-23T00:00:00-05:00
ocds-dgv273-seacev3-1221558,ocds-dgv273-seacev3-1221558-2026-07-23T10:30:28.389898-05:00,1221558-20615094952,257552.0,PEN,Soles,2026-06-23T00:00:00-05:00
ocds-dgv273-seacev3-1222056,ocds-dgv273-seacev3-1222056-2026-07-23T10:30:27.987829-05:00,1222056-20604378088,45970.14,PEN,Soles,2026-06-23T00:00:00-05:00
ocds-dgv273-seacev3-1225193,ocds-dgv273-seacev3-1225193-2026-07-23T10:30:27.929581-05:00,1225193-1802863,1500000.0,PEN,Soles,2026-06-16T00:00:00-05:00
ocds-dgv273-seacev3-1223959,ocds-dgv273-seacev3-1223959-2026-07-23T10:30:27.822474-05:00,1223959-1804592,2609093.88,PEN,Soles,2026-06-24T00:00:00-05:00
ocds-dgv273-seacev3-1221376,ocds-dgv273-seacev3-1221376-2026-07-23T10:30:27.805148-05:00,1221376-20612296163,189611.0,PEN,Soles,2026-07-01T00:00:00-05:00
ocds-dgv273-seacev3-1226978,ocds-dgv273-seacev3-1226978-2026-07-23T10:30:27.219102-05:00,1226978-20534967684,78400.0,PEN,Soles,2026-07-03T00:00:00-05:00
ocds-dgv273-seacev3-1226997,ocds-dgv273-seacev3-1226997-2026-07-23T10:30:19.565800-05:00,1226997-1807601,349479.89,PEN,Soles,2026-07-02T00:00:00-05:00
ocds-dgv273-seacev3-1225293,ocds-dgv273-seacev3-1225293-2026-07-23T10:30:19.419861-05:00,1225293-1806169,436230.0,PEN,Soles,2026-07-03T00:00:00-05:00
ocds-dgv273-seacev3-2026-10009-12,ocds-dgv273-seacev3-2026-10009-12-2026-07-23T10:30:19.135967-05:00,1223856-20571370299,350000.0,PEN,Soles,2026-06-23T00:00:00-05:00
ocds-dgv273-seacev3-1228623,ocds-dgv273-seacev3-1228623-2026-07-23T10:30:18.071121-05:00,1228623-20601972604,89700.0,PEN,Soles,2026-07-07T00:00:00-05:00
ocds-dgv273-seacev3-1221022,ocds-dgv273-seacev3-1221022-2026-07-23T10:30:17.974139-05:00,1221022-10181337341,147284.03,PEN,Soles,2026-06-24T00:00:00-05:00
ocds-dgv273-seacev3-1222731,ocds-dgv273-seacev3-1222731-2026-07-23T10:30:17.889692-05:00,1222731-20523208102,162750.0,PEN,Soles,2026-06-26T00:00:00-05:00
ocds-dgv273-seacev3-1226307,ocds-dgv273-seacev3-1226307-2026-07-23T10:30:17.806668-05:00,1226307-20613901478,96586.0,PEN,Soles,2026-06-24T00:00:00-05:00
ocds-dgv273-seacev3-1226851,ocds-dgv273-seacev3-1226851-2026-07-23T10:30:17.755504-05:00,1226851-1807274,104363.76,PEN,Soles,2026-07-01T00:00:00-05:00
ocds-dgv273-seacev3-1225038,ocds-dgv273-seacev3-1225038-2026-07-23T10:30:17.642012-05:00,1225038-20546561497,108760.0,PEN,Soles,2026-07-01T00:00:00-05:00
ocds-dgv273-seacev3-1223511,ocds-dgv273-seacev3-1223511-2026-07-23T10:30:17.619536-05:00,1223511-20507852549,408767.2,PEN,Soles,2026-06-26T00:00:00-05:00
ocds-dgv273-seacev3-1221236,ocds-dgv273-seacev3-1221236-2026-07-23T10:30:17.405473-05:00,1221236-20607859192,122003.99,PEN,Soles,2026-06-26T00:00:00-05:00
ocds-dgv273-seacev3-1222141,ocds-dgv273-seacev3-1222141-2026-07-23T10:30:17.046944-05:00,1222141-20487884163,137353.98,PEN,Soles,2026-06-25T00:00:00-05:00
ocds-dgv273-seacev3-1223210,ocds-dgv273-seacev3-1223210-2026-07-23T10:30:17.010153-05:00,1223210-1803191,579487.05,PEN,Soles,2026-06-22T00:00:00-05:00
ocds-dgv273-seacev3-2026-1339-35,ocds-dgv273-seacev3-2026-1339-35-2026-07-23T10:30:16.927331-05:00,1222535-1803435,338838.95,PEN,Soles,2026-06-30T00:00:00-05:00
ocds-dgv273-seacev3-1225939,ocds-dgv273-seacev3-1225939-2026-07-23T10:30:16.774536-05:00,1225939-20603140703,1671898.5,PEN,Soles,2026-06-18T00:00:00-05:00
ocds-dgv273-seacev3-2026-148-3,ocds-dgv273-seacev3-2026-148-3-2026-07-23T10:30:16.508422-05:00,1226072-20487809463,1715414.77,PEN,Soles,2026-06-26T00:00:00-05:00
ocds-dgv273-seacev3-2026-148-7,ocds-dgv273-seacev3-2026-148-7-2026-07-23T10:30:16.449478-05:00,1226045-20487809463,1480100.33,PEN,Soles,2026-06-26T00:00:00-05:00
ocds-dgv273-seacev3-1229264,ocds-dgv273-seacev3-1229264-2026-07-23T10:30:10.863971-05:00,1229264-1810361,245939.99,PEN,Soles,2026-07-10T00:00:00-05:00
ocds-dgv273-seacev3-1226241,ocds-dgv273-seacev3-1226241-2026-07-23T10:30:07.929470-05:00,1226241-20498677437,48048.0,PEN,Soles,2026-06-30T14:55:36-05:00
ocds-dgv273-seacev3-1225684,ocds-dgv273-seacev3-1225684-2026-07-23T10:30:07.833473-05:00,1225684-1805730,4979628.69,PEN,Soles,2026-06-30T00:00:00-05:00
ocds-dgv273-seacev3-1228487,ocds-dgv273-seacev3-1228487-2026-07-23T10:30:07.791631-05:00,1228487-20100070970,143440.0,PEN,Soles,2026-07-07T00:00:00-05:00
ocds-dgv273-seacev3-2026-200438-3,ocds-dgv273-seacev3-2026-200438-3-2026-07-23T10:30:07.490145-05:00,1225794-20606371862,115000.0,PEN,Soles,2026-07-03T00:00:00-05:00
ocds-dgv273-seacev3-1228872,ocds-dgv273-seacev3-1228872-2026-07-23T10:30:06.718142-05:00,1228872-10801645882,56000.0,PEN,Soles,2026-07-02T00:00:00-05:00
ocds-dgv273-seacev3-1227959,ocds-dgv273-seacev3-1227959-2026-07-23T10:30:06.517990-05:00,1227959-1808800,769737.6,PEN,Soles,2026-07-06T00:00:00-05:00
ocds-dgv273-seacev3-1229207,ocds-dgv273-seacev3-1229207-2026-07-23T10:30:05.761054-05:00,1229207-20605021981,79700.0,PEN,Soles,2026-07-08T00:00:00-05:00
ocds-dgv273-seacev3-1225743,ocds-dgv273-seacev3-1225743-2026-07-23T10:30:05.243418-05:00,1225743-10238934694,75250.0,PEN,Soles,2026-06-25T00:00:00-05:00
ocds-dgv273-seacev3-1225496,ocds-dgv273-seacev3-1225496-2026-07-23T10:30:05.057427-05:00,1225496-20607496847,62109.0,PEN,Soles,2026-07-06T00:00:00-05:00
ocds-dgv273-seacev3-1223650,ocds-dgv273-seacev3-1223650-2026-07-23T10:30:05.010951-05:00,1223650-20100028698,337323.0,PEN,Soles,2026-06-25T00:00:00-05:00
ocds-dgv273-seacev3-1220278,ocds-dgv273-seacev3-1220278-2026-07-23T10:30:04.602248-05:00,1220278-20100061474,235509.12,PEN,Soles,2026-06-24T00:00:00-05:00
ocds-dgv273-seacev3-1225238,ocds-dgv273-seacev3-1225238-2026-07-23T10:30:04.478038-05:00,1225238-1805731,603806.12,PEN,Soles,2026-06-30T00:00:00-05:00
ocds-dgv273-seacev3-1225183,ocds-dgv273-seacev3-1225183-2026-07-23T10:30:04.283577-05:00,1225183-1802897,1900000.0,PEN,Soles,2026-06-16T00:00:00-05:00
ocds-dgv273-seacev3-1229472,ocds-dgv273-seacev3-1229472-2026-07-23T10:29:59.101657-05:00,1229472-20602614663,78500.0,PEN,Soles,2026-07-03T00:00:00-05:00
ocds-dgv273-seacev3-1226965,ocds-dgv273-seacev3-1226965-2026-07-23T10:29:58.926934-05:00,1226965-20160056062,50400.0,PEN,Soles,2026-07-08T00:00:00-05:00
ocds-dgv273-seacev3-1229728,ocds-dgv273-seacev3-1229728-2026-07-23T10:29:58.221001-05:00,1229728-10012811786,79200.0,PEN,Soles,2026-07-01T00:00:00-05:00
ocds-dgv273-seacev3-1229449,ocds-dgv273-seacev3-1229449-2026-07-23T10:29:57.884430-05:00,1229449-10769693209,352033.35,PEN,Soles,2026-07-10T00:00:00-05:00
ocds-dgv273-seacev3-1227461,ocds-dgv273-seacev3-1227461-2026-07-23T10:29:55.975772-05:00,1227461-20601234115,176557.5,PEN,Soles,2026-07-20T00:00:00-05:00
ocds-dgv273-seacev3-1223746,ocds-dgv273-seacev3-1223746-2026-07-23T10:29:55.447060-05:00,1223746-20552987854,84950.0,PEN,Soles,2026-06-17T00:00:00-05:00
ocds-dgv273-seacev3-1226071,ocds-dgv273-seacev3-1226071-2026-07-23T10:29:55.171261-05:00,1226071-10468296964,56000.0,PEN,Soles,2026-07-13T00:00:00-05:00
ocds-dgv273-seacev3-1227837,ocds-dgv273-seacev3-1227837-2026-07-23T10:29:55.064756-05:00,1227837-1811122,525746.22,PEN,Soles,2026-07-16T00:00:00-05:00
ocds-dgv273-seacev3-1229536,ocds-dgv273-seacev3-1229536-2026-07-23T10:29:54.838252-05:00,1229536-1810483,2402406.69,PEN,Soles,2026-07-10T00:00:00-05:00
ocds-dgv273-seacev3-1222182,ocds-dgv273-seacev3-1222182-2026-07-23T10:29:54.568481-05:00,1222182-1803241,77778.7,PEN,Soles,2026-06-25T00:00:00-05:00
ocds-dgv273-seacev3-1223282,ocds-dgv273-seacev3-1223282-2026-07-23T10:29:54.025865-05:00,1223282-20486277069,35250.0,PEN,Soles,2026-07-03T00:00:00-05:00
ocds-dgv273-seacev3-1227707,ocds-dgv273-seacev3-1227707-2026-07-23T10:29:53.770634-05:00,1227707-20406428541,49017.0,PEN,Soles,2026-07-02T00:00:00-05:00
ocds-dgv273-seacev3-1227529,ocds-dgv273-seacev3-1227529-2026-07-23T10:29:53.602025-05:00,1227529-1808468,2393872.64,PEN,Soles,2026-07-08T00:00:00-05:00
ocds-dgv273-seacev3-1224738,ocds-dgv273-seacev3-1224738-2026-07-23T10:29:53.493775-05:00,1224738-20571176727,95647.0,PEN,Soles,2026-06-17T00:00:00-05:00
ocds-dgv273-seacev3-2026-2380-20,ocds-dgv273-seacev3-2026-2380-20-2026-07-23T10:29:53.239164-05:00,1225916-20100257298,350992.48,PEN,Soles,2026-07-13T20:01:15-05:00
ocds-dgv273-seacev3-1221030,ocds-dgv273-seacev3-1221030-2026-07-23T10:29:52.997914-05:00,1221030-20100295891,241488.0,PEN,Soles,2026-06-16T00:00:00-05:00
ocds-dgv273-seacev3-1225021,ocds-dgv273-seacev3-1225021-2026-07-23T10:29:52.916777-05:00,1225021-1805418,1368625.3,PEN,Soles,2026-06-26T00:00:00-05:00
ocds-dgv273-seacev3-1233300,ocds-dgv273-seacev3-1233300-2026-07-23T10:29:47.365036-05:00,1233300-10412125768,33000.0,PEN,Soles,2026-07-13T00:00:00-05:00
ocds-dgv273-seacev3-1229180,ocds-dgv273-seacev3-1229180-2026-07-23T10:29:47.257580-05:00,1229180-20614351030,75664.0,PEN,Soles,2026-07-03T00:00:00-05:00
ocds-dgv273-seacev3-1232850,ocds-dgv273-seacev3-1232850-2026-07-23T10:29:46.882415-05:00,1232850-10456735598,113426.0,PEN,Nuevos Soles,2026-07-10T00:00:00-05:00
ocds-dgv273-seacev3-1235347,ocds-dgv273-seacev3-1235347-2026-07-23T10:29:46.339617-05:00,1235347-10103392158,18000.0,PEN,Soles,2026-07-20T00:00:00-05:00
ocds-dgv273-seacev3-1228302,ocds-dgv273-seacev3-1228302-2026-07-23T10:29:45.385616-05:00,1228302-20406428541,62657.14,PEN,Soles,2026-07-09T00:00:00-05:00
ocds-dgv273-seacev3-1225756,ocds-dgv273-seacev3-1225756-2026-07-23T10:29:44.631935-05:00,1225756-10238934694,90000.0,PEN,Soles,2026-06-25T00:00:00-05:00
ocds-dgv273-seacev3-1226135,ocds-dgv273-seacev3-1226135-2026-07-23T10:29:44.348460-05:00,1226135-20601421586,574712.5,PEN,Soles,2026-07-01T00:00:00-05:00
ocds-dgv273-seacev3-1226391,ocds-dgv273-seacev3-1226391-2026-07-23T10:29:44.091103-05:00,1226391-20521606003,61498.7,PEN,Soles,2026-07-13T00:00:00-05:00
ocds-dgv273-seacev3-1222958,ocds-dgv273-seacev3-1222958-2026-07-23T10:29:44.050902-05:00,1222958-20604202842,42966.0,PEN,Soles,2026-06-18T00:00:00-05:00
ocds-dgv273-seacev3-1226216,ocds-dgv273-seacev3-1226216-2026-07-23T10:29:43.971072-05:00,1226216-20511037001,82755.0,PEN,Soles,2026-06-30T00:00:00-05:00
ocds-dgv273-seacev3-1223627,ocds-dgv273-seacev3-1223627-2026-07-23T10:29:43.894991-05:00,1223627-1803421,119000.0,PEN,Soles,2026-06-23T00:00:00-05:00
ocds-dgv273-seacev3-1195042,ocds-dgv273-seacev3-1195042-2026-07-23T10:29:43.170929-05:00,1195042-20614654687,812938.85,PEN,Soles,2026-06-26T00:00:00-05:00
ocds-dgv273-seacev3-1222026,ocds-dgv273-seacev3-1222026-2026-07-23T10:29:43.128470-05:00,1222026-L0605720685,182880.0,PEN,Soles,2026-06-25T00:00:00-05:00
ocds-dgv273-seacev3-1222026,ocds-dgv273-seacev3-1222026-2026-07-23T10:29:43.128470-05:00,1222026-20605720685,182880.0,PEN,Soles,2026-06-25T00:00:00-05:00
ocds-dgv273-seacev3-1227455,ocds-dgv273-seacev3-1227455-2026-07-23T10:29:43.026564-05:00,1227455-20490764446,124861.87,PEN,Soles,2026-07-02T12:13:13-05:00
ocds-dgv273-seacev3-2026-2543-2,ocds-dgv273-seacev3-2026-2543-2-2026-07-23T10:29:42.887129-05:00,1223298-20563270617,79200.0,PEN,Soles,2026-07-20T00:00:00-05:00
ocds-dgv273-seacev3-2026-200282-11,ocds-dgv273-seacev3-2026-200282-11-2026-07-23T10:29:42.856142-05:00,1223635-10429665561,149000.0,PEN,Soles,2026-06-23T00:00:00-05:00
ocds-dgv273-seacev3-1228889,ocds-dgv273-seacev3-1228889-2026-07-23T10:29:42.794700-05:00,1228889-20602909663,161900.0,PEN,Soles,2026-07-02T00:00:00-05:00
ocds-dgv273-seacev3-1222259,ocds-dgv273-seacev3-1222259-2026-07-23T10:29:42.494257-05:00,1222259-10409854805,249280.0,PEN,Soles,2026-06-26T00:00:00-05:00
ocds-dgv273-seacev3-1223946,ocds-dgv273-seacev3-1223946-2026-07-23T10:29:42.161221-05:00,1223946-1804623,2365271.13,PEN,Soles,2026-06-24T00:00:00-05:00
ocds-dgv273-seacev3-1226080,ocds-dgv273-seacev3-1226080-2026-07-23T10:29:42.146755-05:00,1226080-20494399386,83375.0,PEN,Soles,2026-06-26T00:00:00-05:00
ocds-dgv273-seacev3-1225046,ocds-dgv273-seacev3-1225046-2026-07-23T10:29:41.790365-05:00,1225046-1805311,225000.0,PEN,Soles,2026-06-26T00:00:00-05:00
ocds-dgv273-seacev3-1223801,ocds-dgv273-seacev3-1223801-2026-07-23T10:29:41.732403-05:00,1223801-20604626693,93267.98,PEN,Soles,2026-07-06T00:00:00-05:00
ocds-dgv273-seacev3-1227484,ocds-dgv273-seacev3-1227484-2026-07-23T10:29:41.574677-05:00,1227484-L9000032964,276000.0,USD,Dólar Norteamericano,2026-07-13T00:00:00-05:00
ocds-dgv273-seacev3-1226326,ocds-dgv273-seacev3-1226326-2026-07-23T10:29:41.494838-05:00,1226326-20505110651,60000.0,PEN,Soles,2026-07-13T00:00:00-05:00
ocds-dgv273-seacev3-1222258,ocds-dgv273-seacev3-1222258-2026-07-23T10:29:41.383018-05:00,1222258-10046445533,337680.0,PEN,Soles,2026-06-24T00:00:00-05:00
ocds-dgv273-seacev3-1232403,ocds-dgv273-seacev3-1232403-2026-07-23T10:29:36.098086-05:00,1232403-1811706,121061.39,PEN,Soles,2026-07-15T00:00:00-05:00
ocds-dgv273-seacev3-1230886,ocds-dgv273-seacev3-1230886-2026-07-23T10:29:32.623878-05:00,1230886-1808185,171838.35,PEN,Soles,2026-07-03T00:00:00-05:00
ocds-dgv273-seacev3-1229679,ocds-dgv273-seacev3-1229679-2026-07-23T10:29:32.456272-05:00,1229679-20498677437,46710.0,PEN,Nuevos Soles,2026-06-30T00:00:00-05:00
ocds-dgv273-seacev3-1228208,ocds-dgv273-seacev3-1228208-2026-07-23T10:29:32.191651-05:00,1228208-1806674,1313758.48,PEN,Soles,2026-07-01T00:00:00-05:00
ocds-dgv273-seacev3-1228235,ocds-dgv273-seacev3-1228235-2026-07-23T10:29:31.404362-05:00,1228235-10758939028,84211.55,PEN,Soles,2026-06-30T00:00:00-05:00
ocds-dgv273-seacev3-1228226,ocds-dgv273-seacev3-1228226-2026-07-23T10:29:31.017615-05:00,1228226-1808589,61400.0,PEN,Soles,2026-07-20T00:00:00-05:00
ocds-dgv273-seacev3-1227239,ocds-dgv273-seacev3-1227239-2026-07-23T10:29:30.859260-05:00,1227239-20601350387,3590447.7,PEN,Soles,2026-06-23T00:00:00-05:00
ocds-dgv273-seacev3-1223296,ocds-dgv273-seacev3-1223296-2026-07-23T10:29:30.833846-05:00,1223296-20610783491,72345.0,PEN,Soles,2026-07-03T00:00:00-05:00
ocds-dgv273-seacev3-1225263,ocds-dgv273-seacev3-1225263-2026-07-23T10:29:30.799974-05:00,1225263-20544408390,135000.0,PEN,Soles,2026-07-06T00:00:00-05:00
ocds-dgv273-seacev3-1222224,ocds-dgv273-seacev3-1222224-2026-07-23T10:29:30.785131-05:00,1222224-L9000032872,156750.0,USD,Dólar Norteamericano,2026-06-15T00:00:00-05:00
ocds-dgv273-seacev3-1223254,ocds-dgv273-seacev3-1223254-2026-07-23T10:29:30.545582-05:00,1223254-20347268683,258020.0,PEN,Soles,2026-06-30T00:00:00-05:00
ocds-dgv273-seacev3-1222756,ocds-dgv273-seacev3-1222756-2026-07-23T10:29:30.420547-05:00,1222756-1806109,134000.0,PEN,Soles,2026-07-01T00:00:00-05:00
ocds-dgv273-seacev3-1225184,ocds-dgv273-seacev3-1225184-2026-07-23T10:29:30.305861-05:00,1225184-20491552639,203760.0,PEN,Soles,2026-06-24T00:00:00-05:00
ocds-dgv273-seacev3-2026-148-5,ocds-dgv273-seacev3-2026-148-5-2026-07-23T10:29:30.171851-05:00,1225966-20487809463,1980421.45,PEN,Soles,2026-06-26T00:00:00-05:00
ocds-dgv273-seacev3-1223725,ocds-dgv273-seacev3-1223725-2026-07-23T10:29:30.123294-05:00,1223725-1804151,12105577.9,PEN,Soles,2026-06-22T00:00:00-05:00
ocds-dgv273-seacev3-1228749,ocds-dgv273-seacev3-1228749-2026-07-23T10:29:24.760723-05:00,1228749-1809506,220000.0,PEN,Soles,2026-07-14T00:00:00-05:00
ocds-dgv273-seacev3-1228760,ocds-dgv273-seacev3-1228760-2026-07-23T10:29:23.956520-05:00,1228760-10741748709,205900.0,PEN,Soles,2026-07-09T00:00:00-05:00
ocds-dgv273-seacev3-1228858,ocds-dgv273-seacev3-1228858-2026-07-23T10:29:22.573868-05:00,1228858-20602540155,99890.6,PEN,Soles,2026-07-03T00:00:00-05:00
ocds-dgv273-seacev3-1224168,ocds-dgv273-seacev3-1224168-2026-07-23T10:29:21.822158-05:00,1224168-20452714125,61000.0,PEN,Soles,2026-06-24T00:00:00-05:00
ocds-dgv273-seacev3-1216295,ocds-dgv273-seacev3-1216295-2026-07-23T10:29:21.519317-05:00,1216295-1806707,134746.78,PEN,Soles,2026-07-03T00:00:00-05:00
ocds-dgv273-seacev3-1218828,ocds-dgv273-seacev3-1218828-2026-07-23T10:29:20.514981-05:00,1218828-20606134861,70036.78,PEN,Nuevos Soles,2026-06-18T00:00:00-05:00
ocds-dgv273-seacev3-1227146,ocds-dgv273-seacev3-1227146-2026-07-23T10:29:20.343525-05:00,1227146-10461942801,271660.0,PEN,Soles,2026-07-10T00:00:00-05:00
ocds-dgv273-seacev3-2026-1922-100,ocds-dgv273-seacev3-2026-1922-100-2026-07-23T10:29:19.760099-05:00,1228005-20345367757,390000.0,PEN,Soles,2026-07-09T00:00:00-05:00
ocds-dgv273-seacev3-1226327,ocds-dgv273-seacev3-1226327-2026-07-23T10:29:19.580694-05:00,1226327-20511037001,58604.3,PEN,Soles,2026-06-30T00:00:00-05:00
ocds-dgv273-seacev3-1216249,ocds-dgv273-seacev3-1216249-2026-07-23T10:29:19.496174-05:00,1216249-10758841851,150999.0,PEN,Nuevos Soles,2026-06-10T00:00:00-05:00
ocds-dgv273-seacev3-1226409,ocds-dgv273-seacev3-1226409-2026-07-23T10:29:19.128854-05:00,1226409-20613901478,69504.0,PEN,Soles,2026-06-24T00:00:00-05:00
ocds-dgv273-seacev3-1227503,ocds-dgv273-seacev3-1227503-2026-07-23T10:29:19.070638-05:00,1227503-L9000032968,257552.16,USD,Dólar Norteamericano,2026-07-13T00:00:00-05:00
ocds-dgv273-seacev3-1222879,ocds-dgv273-seacev3-1222879-2026-07-23T10:29:18.874871-05:00,1222879-20471476898,478450.0,PEN,Soles,2026-07-03T00:00:00-05:00
ocds-dgv273-seacev3-1227364,ocds-dgv273-seacev3-1227364-2026-07-23T10:29:18.801542-05:00,1227364-20107034413,273509.87,PEN,Soles,2026-07-07T00:00:00-05:00
ocds-dgv273-seacev3-1227450,ocds-dgv273-seacev3-1227450-2026-07-23T10:29:18.154875-05:00,1227450-L9000032961,172800.0,USD,Dólar Norteamericano,2026-07-13T00:00:00-05:00
ocds-dgv273-seacev3-1225880,ocds-dgv273-seacev3-1225880-2026-07-23T10:29:18.104141-05:00,1225880-20609744414,475000.0,PEN,Soles,2026-06-30T00:00:00-05:00
ocds-dgv273-seacev3-1223011,ocds-dgv273-seacev3-1223011-2026-07-23T10:29:18.057537-05:00,1223011-1804298,256800.0,PEN,Soles,2026-06-26T00:00:00-05:00
ocds-dgv273-seacev3-1229327,ocds-dgv273-seacev3-1229327-2026-07-23T10:29:12.839921-05:00,1229327-20608268970,95997.0,PEN,Soles,2026-07-07T00:00:00-05:00
ocds-dgv273-seacev3-2026-10434-1,ocds-dgv273-seacev3-2026-10434-1-2026-07-23T10:29:10.185786-05:00,1225630-20600621654,51172.5,PEN,Soles,2026-07-02T00:00:00-05:00
ocds-dgv273-seacev3-1226692,ocds-dgv273-seacev3-1226692-2026-07-23T10:29:10.121958-05:00,1226692-20614037459,65385.0,PEN,Soles,2026-06-25T00:00:00-05:00
ocds-dgv273-seacev3-1228448,ocds-dgv273-seacev3-1228448-2026-07-23T10:29:09.994450-05:00,1228448-20492856551,57080.0,PEN,Soles,2026-07-03T00:00:00-05:00
ocds-dgv273-seacev3-2026-1155-12,ocds-dgv273-seacev3-2026-1155-12-2026-07-23T10:29:09.978217-05:00,1222607-20101704352,75023.85,PEN,Soles,2026-07-02T00:00:00-05:00
ocds-dgv273-seacev3-1231221,ocds-dgv273-seacev3-1231221-2026-07-23T10:29:09.834606-05:00,1231221-10413801082,15000.0,PEN,Soles,2026-07-06T00:00:00-05:00
ocds-dgv273-seacev3-1231221,ocds-dgv273-seacev3-1231221-2026-07-23T10:29:09.834606-05:00,1231221-10434244396,15000.0,PEN,Soles,2026-07-20T00:00:00-05:00
ocds-dgv273-seacev3-1228966,ocds-dgv273-seacev3-1228966-2026-07-23T10:29:09.724918-05:00,1228966-20601057990,60500.0,PEN,Soles,2026-07-03T00:00:00-05:00
ocds-dgv273-seacev3-1228522,ocds-dgv273-seacev3-1228522-2026-07-23T10:29:09.650384-05:00,1228522-20541754181,65702.33,PEN,Soles,2026-07-03T00:00:00-05:00
ocds-dgv273-seacev3-1224923,ocds-dgv273-seacev3-1224923-2026-07-23T10:29:09.623408-05:00,1224923-10415177793,397983.86,PEN,Soles,2026-06-16T00:00:00-05:00
ocds-dgv273-seacev3-1227458,ocds-dgv273-seacev3-1227458-2026-07-23T10:29:09.439610-05:00,1227458-20602691617,155760.0,PEN,Soles,2026-07-09T00:00:00-05:00
ocds-dgv273-seacev3-2026-200370-1,ocds-dgv273-seacev3-2026-200370-1-2026-07-23T10:29:07.444237-05:00,1229855-20494399386,72925.7,PEN,Soles,2026-07-09T00:00:00-05:00
ocds-dgv273-seacev3-1229668,ocds-dgv273-seacev3-1229668-2026-07-23T10:29:07.125108-05:00,1229668-1810901,205800.0,PEN,Soles,2026-07-13T00:00:00-05:00
ocds-dgv273-seacev3-2026-1331-21,ocds-dgv273-seacev3-2026-1331-21-2026-07-23T10:29:07.094373-05:00,1225131-20600352513,271424.75,PEN,Soles,2026-07-02T00:00:00-05:00
ocds-dgv273-seacev3-1226676,ocds-dgv273-seacev3-1226676-2026-07-23T10:29:06.736925-05:00,1226676-20509860981,197880.0,PEN,Soles,2026-07-01T00:00:00-05:00
ocds-dgv273-seacev3-1223965,ocds-dgv273-seacev3-1223965-2026-07-23T10:29:06.675471-05:00,1223965-20602088511,99216.0,PEN,Soles,2026-06-23T00:00:00-05:00
ocds-dgv273-seacev3-1228177,ocds-dgv273-seacev3-1228177-2026-07-23T10:29:06.528657-05:00,1228177-20613901478,82665.0,PEN,Soles,2026-06-30T00:00:00-05:00
ocds-dgv273-seacev3-1226054,ocds-dgv273-seacev3-1226054-2026-07-23T10:29:06.462331-05:00,1226054-20511037001,74529.0,PEN,Soles,2026-06-30T00:00:00-05:00
ocds-dgv273-seacev3-1221070,ocds-dgv273-seacev3-1221070-2026-07-23T10:29:05.841614-05:00,1221070-20611389265,110498.4,PEN,Soles,2026-06-15T00:00:00-05:00
ocds-dgv273-seacev3-1228463,ocds-dgv273-seacev3-1228463-2026-07-23T10:29:05.798180-05:00,1228463-20610620729,60000.0,PEN,Soles,2026-06-26T00:00:00-05:00
ocds-dgv273-seacev3-1223790,ocds-dgv273-seacev3-1223790-2026-07-23T10:29:05.505583-05:00,1223790-1803963,467935.93,PEN,Soles,2026-06-23T00:00:00-05:00
ocds-dgv273-seacev3-1223620,ocds-dgv273-seacev3-1223620-2026-07-23T10:29:05.446221-05:00,1223620-20448139981,233354.52,PEN,Soles,2026-06-22T00:00:00-05:00
ocds-dgv273-seacev3-1224432,ocds-dgv273-seacev3-1224432-2026-07-23T10:29:05.423976-05:00,1224432-20600782518,69186.0,PEN,Soles,2026-06-25T00:00:00-05:00
ocds-dgv273-seacev3-1226514,ocds-dgv273-seacev3-1226514-2026-07-23T10:29:05.400694-05:00,1226514-20511037001,76015.0,PEN,Soles,2026-06-26T00:00:00-05:00
ocds-dgv273-seacev3-1229491,ocds-dgv273-seacev3-1229491-2026-07-22T10:32:02.970577-05:00,1229491-10461564335,96000.0,PEN,Soles,2026-07-01T00:00:00-05:00
ocds-dgv273-seacev3-1229313,ocds-dgv273-seacev3-1229313-2026-07-22T10:32:02.921478-05:00,1229313-20608384252,59950.0,PEN,Soles,2026-07-07T00:00:00-05:00
ocds-dgv273-seacev3-1229050,ocds-dgv273-seacev3-1229050-2026-07-22T10:32:02.877945-05:00,1229050-1806334,203174.55,PEN,Soles,2026-06-26T00:00:00-05:00
ocds-dgv273-seacev3-1228987,ocds-dgv273-seacev3-1228987-2026-07-22T10:32:02.862401-05:00,1228987-20605840338,224306.0,PEN,Soles,2026-07-10T00:00:00-05:00
ocds-dgv273-seacev3-1228113,ocds-dgv273-seacev3-1228113-2026-07-22T10:32:02.734426-05:00,1228113-20612173622,95160.0,PEN,Soles,2026-06-30T00:00:00-05:00
ocds-dgv273-seacev3-1226442,ocds-dgv273-seacev3-1226442-2026-07-22T10:32:02.391135-05:00,1226442-20615409741,61500.0,PEN,Soles,2026-07-09T00:00:00-05:00
ocds-dgv273-seacev3-1225960,ocds-dgv273-seacev3-1225960-2026-07-22T10:32:02.308752-05:00,1225960-20511037001,85203.4,PEN,Soles,2026-06-26T00:00:00-05:00
ocds-dgv273-seacev3-1225888,ocds-dgv273-seacev3-1225888-2026-07-22T10:32:02.293193-05:00,1225888-20608768638,144520.0,PEN,Nuevos Soles,2026-07-06T00:00:00-05:00
ocds-dgv273-seacev3-1224762,ocds-dgv273-seacev3-1224762-2026-07-22T10:32:02.049644-05:00,1224762-1805005,239365.0,PEN,Soles,2026-06-26T00:00:00-05:00
ocds-dgv273-seacev3-1224492,ocds-dgv273-seacev3-1224492-2026-07-22T10:32:01.989111-05:00,1224492-10296175167,95200.0,PEN,Soles,2026-06-22T00:00:00-05:00
ocds-dgv273-seacev3-1224093,ocds-dgv273-seacev3-1224093-2026-07-22T10:32:01.878804-05:00,1224093-20607402192,71800.0,PEN,Soles,2026-06-22T00:00:00-05:00
ocds-dgv273-seacev3-1223031,ocds-dgv273-seacev3-1223031-2026-07-22T10:32:01.733206-05:00,1223031-1804276,291480.64,PEN,Soles,2026-06-23T00:00:00-05:00
ocds-dgv273-seacev3-1222071,ocds-dgv273-seacev3-1222071-2026-07-22T10:32:01.647896-05:00,1222071-1809860,592413.0,PEN,Soles,2026-07-14T00:00:00-05:00
ocds-dgv273-seacev3-2026-200260-13,ocds-dgv273-seacev3-2026-200260-13-2026-07-22T10:32:01.448809-05:00,1221057-20490162802,63648.0,PEN,Soles,2026-07-02T00:00:00-05:00
ocds-dgv273-seacev3-1220907,ocds-dgv273-seacev3-1220907-2026-07-22T10:32:01.431259-05:00,1220907-20347237028,1061746.14,PEN,Soles,2026-06-16T00:00:00-05:00
ocds-dgv273-seacev3-1220907,ocds-dgv273-seacev3-1220907-2026-07-22T10:32:01.431259-05:00,1220907-20526276486,112000.0,PEN,Soles,2026-06-16T17:04:34-05:00
ocds-dgv273-seacev3-1229839,ocds-dgv273-seacev3-1229839-2026-07-22T10:32:00.614577-05:00,1229839-20601829607,122500.0,PEN,Soles,2026-06-30T00:00:00-05:00
ocds-dgv273-seacev3-1225264,ocds-dgv273-seacev3-1225264-2026-07-22T10:31:59.419821-05:00,1225264-20612412201,69932.0,PEN,Nuevos Soles,2026-07-06T00:00:00-05:00
ocds-dgv273-seacev3-1224560,ocds-dgv273-seacev3-1224560-2026-07-22T10:31:57.125650-05:00,1224560-20525765122,222000.0,PEN,Soles,2026-06-26T00:00:00-05:00
ocds-dgv273-seacev3-1224560,ocds-dgv273-seacev3-1224560-2026-07-22T10:31:57.125650-05:00,1224560-20611112646,250000.0,PEN,Soles,2026-06-26T00:00:00-05:00
ocds-dgv273-seacev3-2026-10554-5,ocds-dgv273-seacev3-2026-10554-5-2026-07-22T10:31:57.034193-05:00,1213971-1800937,501232.35,PEN,Soles,2026-06-16T00:00:00-05:00
ocds-dgv273-seacev3-2026-10554-5,ocds-dgv273-seacev3-2026-10554-5-2026-07-22T10:31:57.034193-05:00,1223556-1803748,160598.51,PEN,Soles,2026-06-19T00:00:00-05:00
ocds-dgv273-seacev3-1228244,ocds-dgv273-seacev3-1228244-2026-07-22T10:31:56.908070-05:00,1228244-10040218381,65630.0,PEN,Soles,2026-07-02T00:00:00-05:00
ocds-dgv273-seacev3-1225828,ocds-dgv273-seacev3-1225828-2026-07-22T10:31:56.775300-05:00,1225828-20100096936,78960.0,PEN,Soles,2026-07-03T00:00:00-05:00
ocds-dgv273-seacev3-1223967,ocds-dgv273-seacev3-1223967-2026-07-22T10:31:56.723045-05:00,1223967-20377339461,404800.0,PEN,Soles,2026-06-25T00:00:00-05:00
ocds-dgv273-seacev3-1221641,ocds-dgv273-seacev3-1221641-2026-07-22T10:31:56.339221-05:00,1221641-1801293,392730.99,PEN,Soles,2026-06-12T00:00:00-05:00
ocds-dgv273-seacev3-1225452,ocds-dgv273-seacev3-1225452-2026-07-22T10:31:55.853943-05:00,1225452-20600860225,102542.0,PEN,Soles,2026-07-08T00:00:00-05:00
ocds-dgv273-seacev3-1228123,ocds-dgv273-seacev3-1228123-2026-07-22T10:31:55.550224-05:00,1228123-20559644243,50935.0,PEN,Soles,2026-07-08T00:00:00-05:00
ocds-dgv273-seacev3-1226073,ocds-dgv273-seacev3-1226073-2026-07-22T10:31:55.536194-05:00,1226073-1810487,127400.0,PEN,Soles,2026-07-20T00:00:00-05:00
ocds-dgv273-seacev3-1221221,ocds-dgv273-seacev3-1221221-2026-07-22T10:31:55.456829-05:00,1221221-20567285627,846768.0,PEN,Soles,2026-07-06T00:00:00-05:00
ocds-dgv273-seacev3-1223727,ocds-dgv273-seacev3-1223727-2026-07-22T10:31:55.075766-05:00,1223727-10445055617,312493.5,PEN,Soles,2026-06-24T00:00:00-05:00
ocds-dgv273-seacev3-1221350,ocds-dgv273-seacev3-1221350-2026-07-22T10:31:55.052667-05:00,1221350-1801563,2181662.94,PEN,Soles,2026-06-18T00:00:00-05:00
ocds-dgv273-seacev3-1221350,ocds-dgv273-seacev3-1221350-2026-07-22T10:31:55.052667-05:00,1221350-20531750749,2181662.94,PEN,Soles,2026-06-18T00:00:00-05:00
ocds-dgv273-seacev3-1227491,ocds-dgv273-seacev3-1227491-2026-07-22T10:31:54.743737-05:00,1227491-10091581928,138335.0,PEN,Soles,2026-07-03T00:00:00-05:00
ocds-dgv273-seacev3-1228152,ocds-dgv273-seacev3-1228152-2026-07-22T10:31:54.716132-05:00,1228152-20612678074,68210.0,PEN,Soles,2026-06-30T00:00:00-05:00
ocds-dgv273-seacev3-1225900,ocds-dgv273-seacev3-1225900-2026-07-22T10:31:54.384547-05:00,1225900-1805798,288387.83,PEN,Soles,2026-07-02T00:00:00-05:00
ocds-dgv273-seacev3-1222811,ocds-dgv273-seacev3-1222811-2026-07-22T10:31:54.351404-05:00,1222811-1805318,2442035.78,PEN,Soles,2026-06-24T00:00:00-05:00
ocds-dgv273-seacev3-1221557,ocds-dgv273-seacev3-1221557-2026-07-22T10:31:54.296860-05:00,1221557-20542663163,53586.0,PEN,Soles,2026-06-24T00:00:00-05:00
ocds-dgv273-seacev3-2026-10568-2,ocds-dgv273-seacev3-2026-10568-2-2026-07-22T10:31:54.187567-05:00,1221609-1808567,738340.01,PEN,Soles,2026-07-20T00:00:00-05:00
ocds-dgv273-seacev3-1225109,ocds-dgv273-seacev3-1225109-2026-07-22T10:31:54.016355-05:00,1225109-20609096838,230000.0,PEN,Soles,2026-06-25T00:00:00-05:00
ocds-dgv273-seacev3-1226229,ocds-dgv273-seacev3-1226229-2026-07-22T10:31:53.857523-05:00,1226229-20604035873,305960.2,PEN,Soles,2026-07-07T00:00:00-05:00
ocds-dgv273-seacev3-1222524,ocds-dgv273-seacev3-1222524-2026-07-22T10:31:53.817085-05:00,1222524-10091853928,160100.0,PEN,Soles,2026-06-30T00:00:00-05:00
ocds-dgv273-seacev3-1222524,ocds-dgv273-seacev3-1222524-2026-07-22T10:31:53.817085-05:00,1222524-20509983471,134500.0,PEN,Soles,2026-06-30T00:00:00-05:00
ocds-dgv273-seacev3-1222524,ocds-dgv273-seacev3-1222524-2026-07-22T10:31:53.817085-05:00,1222524-20613680811,504498.0,PEN,Soles,2026-06-30T00:00:00-05:00
ocds-dgv273-seacev3-1224088,ocds-dgv273-seacev3-1224088-2026-07-22T10:31:53.766499-05:00,1224088-20605334203,126445.0,PEN,Nuevos Soles,2026-06-23T00:00:00-05:00
ocds-dgv273-seacev3-1229759,ocds-dgv273-seacev3-1229759-2026-07-22T10:31:47.471953-05:00,1229759-20610008977,75000.0,PEN,Soles,2026-07-07T00:00:00-05:00
ocds-dgv273-seacev3-1228348,ocds-dgv273-seacev3-1228348-2026-07-22T10:31:45.966988-05:00,1228348-1809672,557734.84,PEN,Soles,2026-07-09T00:00:00-05:00
ocds-dgv273-seacev3-1221790,ocds-dgv273-seacev3-1221790-2026-07-22T10:31:45.539408-05:00,1221790-20615600301,170625.0,PEN,Soles,2026-06-18T00:00:00-05:00
ocds-dgv273-seacev3-1225472,ocds-dgv273-seacev3-1225472-2026-07-22T10:31:45.247574-05:00,1225472-20524271002,981540.0,PEN,Soles,2026-06-17T00:00:00-05:00
ocds-dgv273-seacev3-1222404,ocds-dgv273-seacev3-1222404-2026-07-22T10:31:45.044617-05:00,1222404-20606823976,93685.0,PEN,Soles,2026-06-26T00:00:00-05:00
ocds-dgv273-seacev3-1223912,ocds-dgv273-seacev3-1223912-2026-07-22T10:31:44.771859-05:00,1223912-20494224748,63921.0,PEN,Nuevos Soles,2026-06-23T00:00:00-05:00
ocds-dgv273-seacev3-1225054,ocds-dgv273-seacev3-1225054-2026-07-22T10:31:44.677501-05:00,1225054-20565412257,239000.0,PEN,Soles,2026-06-30T00:00:00-05:00
ocds-dgv273-seacev3-1228493,ocds-dgv273-seacev3-1228493-2026-07-22T10:31:44.629572-05:00,1228493-10200080322,118000.0,PEN,Soles,2026-07-07T00:00:00-05:00
ocds-dgv273-seacev3-1223140,ocds-dgv273-seacev3-1223140-2026-07-22T10:31:44.605698-05:00,1223140-1805656,342034.8,PEN,Soles,2026-06-25T00:00:00-05:00
ocds-dgv273-seacev3-1228018,ocds-dgv273-seacev3-1228018-2026-07-22T10:31:44.330358-05:00,1228018-10430099804,168000.0,PEN,Soles,2026-07-13T00:00:00-05:00
ocds-dgv273-seacev3-2026-2393-23,ocds-dgv273-seacev3-2026-2393-23-2026-07-22T10:31:44.009947-05:00,1221608-20600742851,481750.0,PEN,Soles,2026-06-22T00:00:00-05:00
ocds-dgv273-seacev3-2026-1604-6,ocds-dgv273-seacev3-2026-1604-6-2026-07-22T10:31:43.825165-05:00,1221460-1801149,188819.0,PEN,Soles,2026-06-30T00:00:00-05:00
ocds-dgv273-seacev3-1228404,ocds-dgv273-seacev3-1228404-2026-07-22T10:31:43.530084-05:00,1228404-1807599,273225.89,PEN,Soles,2026-07-01T00:00:00-05:00
ocds-dgv273-seacev3-1221958,ocds-dgv273-seacev3-1221958-2026-07-22T10:31:43.508628-05:00,1221958-10200239607,3060000.0,PEN,Soles,2026-06-09T00:00:00-05:00
ocds-dgv273-seacev3-1224525,ocds-dgv273-seacev3-1224525-2026-07-22T10:31:43.320699-05:00,1224525-20608145584,389764.5,PEN,Soles,2026-06-22T00:00:00-05:00
ocds-dgv273-seacev3-1218719,ocds-dgv273-seacev3-1218719-2026-07-22T10:31:43.262697-05:00,1218719-20604905801,98760.0,PEN,Soles,2026-06-26T00:00:00-05:00
ocds-dgv273-seacev3-1228222,ocds-dgv273-seacev3-1228222-2026-07-22T10:31:42.997113-05:00,1228222-L9000032836,2052000.0,USD,Dólar Norteamericano,2026-06-30T00:00:00-05:00
ocds-dgv273-seacev3-1225208,ocds-dgv273-seacev3-1225208-2026-07-22T10:31:42.532605-05:00,1225208-20604115664,180000.0,PEN,Soles,2026-07-02T00:00:00-05:00
ocds-dgv273-seacev3-1225030,ocds-dgv273-seacev3-1225030-2026-07-22T10:31:42.500525-05:00,1225030-20563926377,734010.0,PEN,Soles,2026-07-20T00:00:00-05:00
ocds-dgv273-seacev3-1225152,ocds-dgv273-seacev3-1225152-2026-07-22T10:31:42.448765-05:00,1225152-20604625883,150094.0,PEN,Soles,2026-06-26T00:00:00-05:00
ocds-dgv273-seacev3-1225189,ocds-dgv273-seacev3-1225189-2026-07-22T10:31:42.338662-05:00,1225189-1805035,1185345.53,PEN,Soles,2026-06-25T00:00:00-05:00
ocds-dgv273-seacev3-1224427,ocds-dgv273-seacev3-1224427-2026-07-22T10:31:42.211042-05:00,1224427-20349784841,32200.03,PEN,Soles,2026-07-03T00:00:00-05:00
ocds-dgv273-seacev3-1226068,ocds-dgv273-seacev3-1226068-2026-07-22T10:31:42.172795-05:00,1226068-20605411593,61500.0,PEN,Soles,2026-06-22T00:00:00-05:00
ocds-dgv273-seacev3-2026-1506-7,ocds-dgv273-seacev3-2026-1506-7-2026-07-22T10:31:42.023562-05:00,1221945-1801873,901223.6,PEN,Soles,2026-06-15T00:00:00-05:00
ocds-dgv273-seacev3-1228553,ocds-dgv273-seacev3-1228553-2026-07-22T10:31:33.599617-05:00,1228553-20612857840,248665.7,PEN,Soles,2026-07-10T00:00:00-05:00
ocds-dgv273-seacev3-1227367,ocds-dgv273-seacev3-1227367-2026-07-22T10:31:33.501969-05:00,1227367-1805779,777268.64,PEN,Soles,2026-06-30T00:00:00-05:00
ocds-dgv273-seacev3-1229942,ocds-dgv273-seacev3-1229942-2026-07-22T10:31:33.369366-05:00,1229942-20610871225,76330.0,PEN,Soles,2026-07-10T16:35:05-05:00
ocds-dgv273-seacev3-1227927,ocds-dgv273-seacev3-1227927-2026-07-22T10:31:33.288828-05:00,1227927-10425386218,98864.02,PEN,Soles,2026-06-30T00:00:00-05:00
ocds-dgv273-seacev3-1224602,ocds-dgv273-seacev3-1224602-2026-07-22T10:31:32.963522-05:00,1224602-20611112646,954000.0,PEN,Soles,2026-06-26T00:00:00-05:00
ocds-dgv273-seacev3-2026-2009-78,ocds-dgv273-seacev3-2026-2009-78-2026-07-22T10:31:32.152627-05:00,1222387-10451263761,57250.0,PEN,Soles,2026-06-25T00:00:00-05:00
ocds-dgv273-seacev3-1224242,ocds-dgv273-seacev3-1224242-2026-07-22T10:31:31.863526-05:00,1224242-20100018625,42000.0,PEN,Soles,2026-06-30T00:00:00-05:00
ocds-dgv273-seacev3-1224242,ocds-dgv273-seacev3-1224242-2026-07-22T10:31:31.863526-05:00,1224242-20603713703,155622.42,PEN,Soles,2026-06-30T00:00:00-05:00
ocds-dgv273-seacev3-1224242,ocds-dgv273-seacev3-1224242-2026-07-22T10:31:31.863526-05:00,1224242-20608924320,29580.0,PEN,Soles,2026-06-30T00:00:00-05:00
ocds-dgv273-seacev3-1224242,ocds-dgv273-seacev3-1224242-2026-07-22T10:31:31.863526-05:00,1224242-20613789872,115000.0,PEN,Soles,2026-06-30T00:00:00-05:00
ocds-dgv273-seacev3-1221531,ocds-dgv273-seacev3-1221531-2026-07-22T10:31:31.783841-05:00,1221531-10424597118,90000.0,PEN,Soles,2026-07-10T00:00:00-05:00
ocds-dgv273-seacev3-1226951,ocds-dgv273-seacev3-1226951-2026-07-22T10:31:31.769221-05:00,1226951-20602981763,68130.0,PEN,Soles,2026-07-02T00:00:00-05:00
ocds-dgv273-seacev3-1223393,ocds-dgv273-seacev3-1223393-2026-07-22T10:31:31.647871-05:00,1223393-10411932619,99500.0,PEN,Soles,2026-06-19T00:00:00-05:00
ocds-dgv273-seacev3-1224310,ocds-dgv273-seacev3-1224310-2026-07-22T10:31:31.381747-05:00,1224310-1812041,1998425.0,PEN,Soles,2026-07-20T00:00:00-05:00
ocds-dgv273-seacev3-1228332,ocds-dgv273-seacev3-1228332-2026-07-22T10:31:30.644904-05:00,1228332-20602602584,54500.0,PEN,Soles,2026-07-01T00:00:00-05:00
ocds-dgv273-seacev3-1221497,ocds-dgv273-seacev3-1221497-2026-07-22T10:31:24.041901-05:00,1221497-20123711875,176823.0,PEN,Soles,2026-07-01T00:00:00-05:00
ocds-dgv273-seacev3-1229499,ocds-dgv273-seacev3-1229499-2026-07-22T10:31:22.612477-05:00,1229499-20605513663,172096.5,PEN,Soles,2026-07-09T00:00:00-05:00
ocds-dgv273-seacev3-1223541,ocds-dgv273-seacev3-1223541-2026-07-22T10:31:22.288240-05:00,1223541-20527055840,149526.0,PEN,Soles,2026-06-18T00:00:00-05:00
ocds-dgv273-seacev3-1223962,ocds-dgv273-seacev3-1223962-2026-07-22T10:31:22.137350-05:00,1223962-1801630,276690.45,PEN,Soles,2026-06-12T00:00:00-05:00
ocds-dgv273-seacev3-1228196,ocds-dgv273-seacev3-1228196-2026-07-22T10:31:21.855251-05:00,1228196-20614492288,80962.06,PEN,Soles,2026-07-08T00:00:00-05:00
ocds-dgv273-seacev3-1225027,ocds-dgv273-seacev3-1225027-2026-07-22T10:31:20.289662-05:00,1225027-20609495627,87305.0,PEN,Soles,2026-06-26T00:00:00-05:00
ocds-dgv273-seacev3-2026-2426-11,ocds-dgv273-seacev3-2026-2426-11-2026-07-22T10:31:20.068898-05:00,1225742-20341191476,79092.0,PEN,Soles,2026-07-10T00:00:00-05:00
ocds-dgv273-seacev3-2026-2426-11,ocds-dgv273-seacev3-2026-2426-11-2026-07-22T10:31:20.068898-05:00,1225742-20609483734,33060.0,PEN,Soles,2026-07-10T00:00:00-05:00
ocds-dgv273-seacev3-1222400,ocds-dgv273-seacev3-1222400-2026-07-22T10:31:20.055448-05:00,1222400-20601606705,122960.0,PEN,Soles,2026-07-09T00:00:00-05:00
ocds-dgv273-seacev3-1229801,ocds-dgv273-seacev3-1229801-2026-07-22T10:31:14.300024-05:00,1229801-20101984291,383908.0,PEN,Soles,2026-07-09T00:00:00-05:00
ocds-dgv273-seacev3-1221659,ocds-dgv273-seacev3-1221659-2026-07-22T10:31:11.700003-05:00,1221659-20609677016,75000.0,PEN,Soles,2026-06-23T00:00:00-05:00
ocds-dgv273-seacev3-1225923,ocds-dgv273-seacev3-1225923-2026-07-22T10:31:11.578362-05:00,1225923-20107034413,132109.0,PEN,Soles,2026-07-02T00:00:00-05:00
ocds-dgv273-seacev3-2026-10536-12,ocds-dgv273-seacev3-2026-10536-12-2026-07-22T10:31:10.604146-05:00,1224352-20602148093,192279.15,PEN,Soles,2026-07-03T00:00:00-05:00
ocds-dgv273-seacev3-1222822,ocds-dgv273-seacev3-1222822-2026-07-22T10:31:10.576512-05:00,1222822-10474057505,75530.0,PEN,Soles,2026-06-11T00:00:00-05:00
ocds-dgv273-seacev3-1225967,ocds-dgv273-seacev3-1225967-2026-07-22T10:31:09.933686-05:00,1225967-10297368031,444780.0,PEN,Soles,2026-07-02T00:00:00-05:00
ocds-dgv273-seacev3-1225602,ocds-dgv273-seacev3-1225602-2026-07-22T10:31:09.854130-05:00,1225602-20608475266,64500.0,PEN,Soles,2026-06-23T00:00:00-05:00
ocds-dgv273-seacev3-1223094,ocds-dgv273-seacev3-1223094-2026-07-22T10:31:09.621980-05:00,1223094-10412494127,180000.0,PEN,Soles,2026-06-30T00:00:00-05:00
ocds-dgv273-seacev3-1222605,ocds-dgv273-seacev3-1222605-2026-07-22T10:31:09.498061-05:00,1222605-20510168829,188025.0,PEN,Soles,2026-06-16T00:00:00-05:00
ocds-dgv273-seacev3-1222268,ocds-dgv273-seacev3-1222268-2026-07-22T10:31:09.237455-05:00,1222268-20613519581,57200.0,PEN,Soles,2026-06-12T00:00:00-05:00
ocds-dgv273-seacev3-1224708,ocds-dgv273-seacev3-1224708-2026-07-22T10:31:09.162797-05:00,1224708-20603724519,1305.0,PEN,Soles,2026-07-20T00:00:00-05:00
ocds-dgv273-seacev3-1222419,ocds-dgv273-seacev3-1222419-2026-07-22T10:31:08.469441-05:00,1222419-20611777605,84955.0,PEN,Soles,2026-07-01T00:00:00-05:00
ocds-dgv273-seacev3-1224653,ocds-dgv273-seacev3-1224653-2026-07-22T10:31:08.375943-05:00,1224653-10701034703,12500.0,PEN,Soles,2026-07-20T00:00:00-05:00
ocds-dgv273-seacev3-1229452,ocds-dgv273-seacev3-1229452-2026-07-22T10:31:01.286349-05:00,1229452-20526986696,84313.0,PEN,Soles,2026-07-07T00:00:00-05:00
ocds-dgv273-seacev3-1229496,ocds-dgv273-seacev3-1229496-2026-07-22T10:30:59.313358-05:00,1229496-10461564335,134400.0,PEN,Soles,2026-07-01T00:00:00-05:00
ocds-dgv273-seacev3-1225977,ocds-dgv273-seacev3-1225977-2026-07-22T10:30:59.189740-05:00,1225977-20509860981,97375.0,PEN,Soles,2026-06-30T00:00:00-05:00
ocds-dgv273-seacev3-1228599,ocds-dgv273-seacev3-1228599-2026-07-22T10:30:59.129200-05:00,1228599-1809534,391531.79,PEN,Soles,2026-07-08T00:00:00-05:00
ocds-dgv273-seacev3-1229764,ocds-dgv273-seacev3-1229764-2026-07-22T10:30:59.100961-05:00,1229764-20172627421,74400.0,PEN,Soles,2026-07-10T00:00:00-05:00
ocds-dgv273-seacev3-1228535,ocds-dgv273-seacev3-1228535-2026-07-22T10:30:58.034795-05:00,1228535-20600697162,217745.05,PEN,Soles,2026-07-08T00:00:00-05:00
ocds-dgv273-seacev3-1225405,ocds-dgv273-seacev3-1225405-2026-07-22T10:30:57.919748-05:00,1225405-20615367274,175000.0,PEN,Soles,2026-06-30T00:00:00-05:00
ocds-dgv273-seacev3-1226083,ocds-dgv273-seacev3-1226083-2026-07-22T10:30:57.402354-05:00,1226083-1808621,289366.0,PEN,Soles,2026-07-06T00:00:00-05:00
ocds-dgv273-seacev3-1226029,ocds-dgv273-seacev3-1226029-2026-07-22T10:30:57.217993-05:00,1226029-20607402192,62539.5,PEN,Soles,2026-06-26T00:00:00-05:00
ocds-dgv273-seacev3-1221890,ocds-dgv273-seacev3-1221890-2026-07-22T10:30:57.086386-05:00,1221890-20509882101,50000.0,PEN,Soles,2026-06-17T00:00:00-05:00
ocds-dgv273-seacev3-1227632,ocds-dgv273-seacev3-1227632-2026-07-22T10:30:56.979474-05:00,1227632-20509860981,230300.0,PEN,Soles,2026-07-02T00:00:00-05:00
ocds-dgv273-seacev3-1224517,ocds-dgv273-seacev3-1224517-2026-07-22T10:30:56.930367-05:00,1224517-20607402192,93500.0,PEN,Soles,2026-06-23T00:00:00-05:00
ocds-dgv273-seacev3-1221921,ocds-dgv273-seacev3-1221921-2026-07-22T10:30:56.913685-05:00,1221921-20615465586,134485.65,PEN,Soles,2026-06-15T00:00:00-05:00
ocds-dgv273-seacev3-1225746,ocds-dgv273-seacev3-1225746-2026-07-22T10:30:56.436949-05:00,1225746-20604202842,49860.0,PEN,Soles,2026-07-01T13:38:46-05:00
ocds-dgv273-seacev3-1226317,ocds-dgv273-seacev3-1226317-2026-07-22T10:30:56.138353-05:00,1226317-20511037001,49548.39,PEN,Soles,2026-07-01T14:10:16-05:00
ocds-dgv273-seacev3-1224524,ocds-dgv273-seacev3-1224524-2026-07-22T10:30:56.122199-05:00,1224524-20601476291,129777.73,PEN,Soles,2026-06-26T00:00:00-05:00
ocds-dgv273-seacev3-1222290,ocds-dgv273-seacev3-1222290-2026-07-22T10:30:56.106747-05:00,1222290-20600235118,159263.08,PEN,Soles,2026-07-01T00:00:00-05:00
ocds-dgv273-seacev3-1226483,ocds-dgv273-seacev3-1226483-2026-07-22T10:30:56.011562-05:00,1226483-20393993180,44936.86,PEN,Soles,2026-07-01T00:00:00-05:00
ocds-dgv273-seacev3-1228685,ocds-dgv273-seacev3-1228685-2026-07-22T10:30:48.952223-05:00,1228685-10741748709,67600.0,PEN,Nuevos Soles,2026-07-10T00:00:00-05:00
ocds-dgv273-seacev3-1226683,ocds-dgv273-seacev3-1226683-2026-07-22T10:30:48.153216-05:00,1226683-20612991333,54327.0,PEN,Nuevos Soles,2026-06-24T00:00:00-05:00
ocds-dgv273-seacev3-1229896,ocds-dgv273-seacev3-1229896-2026-07-22T10:30:48.048501-05:00,1229896-20610712712,75504.0,PEN,Soles,2026-07-09T00:00:00-05:00
ocds-dgv273-seacev3-1220825,ocds-dgv273-seacev3-1220825-2026-07-22T10:30:47.909673-05:00,1220825-10731156951,667000.0,PEN,Soles,2026-06-17T00:00:00-05:00
ocds-dgv273-seacev3-1220825,ocds-dgv273-seacev3-1220825-2026-07-22T10:30:47.909673-05:00,1220825-20600224922,644000.0,PEN,Soles,2026-06-17T00:00:00-05:00
ocds-dgv273-seacev3-1220825,ocds-dgv273-seacev3-1220825-2026-07-22T10:30:47.909673-05:00,1220825-20613680811,809498.0,PEN,Soles,2026-06-17T00:00:00-05:00
ocds-dgv273-seacev3-1229739,ocds-dgv273-seacev3-1229739-2026-07-22T10:30:47.541435-05:00,1229739-20112312090,259369.19,PEN,Soles,2026-07-13T00:00:00-05:00
ocds-dgv273-seacev3-1226341,ocds-dgv273-seacev3-1226341-2026-07-22T10:30:47.341666-05:00,1226341-20511037001,174319.92,PEN,Soles,2026-06-26T00:00:00-05:00
ocds-dgv273-seacev3-1225770,ocds-dgv273-seacev3-1225770-2026-07-22T10:30:45.431839-05:00,1225770-10239403226,254478.0,PEN,Soles,2026-06-25T00:00:00-05:00
ocds-dgv273-seacev3-1227031,ocds-dgv273-seacev3-1227031-2026-07-22T10:30:45.263641-05:00,1227031-20450700771,77320.0,PEN,Soles,2026-07-01T00:00:00-05:00
ocds-dgv273-seacev3-1225003,ocds-dgv273-seacev3-1225003-2026-07-22T10:30:44.962027-05:00,1225003-10437749472,59995.0,PEN,Soles,2026-06-18T00:00:00-05:00
ocds-dgv273-seacev3-1227145,ocds-dgv273-seacev3-1227145-2026-07-22T10:30:44.799880-05:00,1227145-20600379233,1125897.0,PEN,Nuevos Soles,2026-07-01T00:00:00-05:00
ocds-dgv273-seacev3-1223565,ocds-dgv273-seacev3-1223565-2026-07-22T10:30:44.730793-05:00,1223565-1811288,532000.0,PEN,Soles,2026-07-16T00:00:00-05:00
ocds-dgv273-seacev3-1228514,ocds-dgv273-seacev3-1228514-2026-07-22T10:30:44.618769-05:00,1228514-20607981460,61041.6,PEN,Soles,2026-07-08T00:00:00-05:00
ocds-dgv273-seacev3-1228061,ocds-dgv273-seacev3-1228061-2026-07-22T10:30:44.543673-05:00,1228061-20615711935,78490.02,PEN,Soles,2026-07-08T00:00:00-05:00
ocds-dgv273-seacev3-1222874,ocds-dgv273-seacev3-1222874-2026-07-22T10:30:44.238244-05:00,1222874-20601272335,300372.95,PEN,Soles,2026-06-22T00:00:00-05:00
ocds-dgv273-seacev3-1220504,ocds-dgv273-seacev3-1220504-2026-07-22T10:30:44.006836-05:00,1220504-1802463,694690.49,PEN,Soles,2026-06-17T00:00:00-05:00
ocds-dgv273-seacev3-1228139,ocds-dgv273-seacev3-1228139-2026-07-22T10:30:43.917497-05:00,1228139-20606830417,90064.0,PEN,Soles,2026-07-03T00:00:00-05:00
ocds-dgv273-seacev3-1226605,ocds-dgv273-seacev3-1226605-2026-07-20T10:03:14.746170-05:00,1226605-10270755262,53188.85,PEN,Soles,2026-07-07T00:00:00-05:00
ocds-dgv273-seacev3-1227083,ocds-dgv273-seacev3-1227083-2026-07-20T10:03:14.497822-05:00,1227083-1807394,484900.0,PEN,Soles,2026-07-02T00:00:00-05:00
ocds-dgv273-seacev3-1222335,ocds-dgv273-seacev3-1222335-2026-07-20T10:03:14.426284-05:00,1222335-20610809015,288800.0,PEN,Soles,2026-06-30T00:00:00-05:00
ocds-dgv273-seacev3-1227820,ocds-dgv273-seacev3-1227820-2026-07-19T10:08:53.932908-05:00,1227820-10437963717,99990.0,PEN,Soles,2026-07-01T00:00:00-05:00
ocds-dgv273-seacev3-1221770,ocds-dgv273-seacev3-1221770-2026-07-19T10:08:53.810912-05:00,1221770-1802365,201834.0,PEN,Soles,2026-06-19T00:00:00-05:00
ocds-dgv273-seacev3-1221612,ocds-dgv273-seacev3-1221612-2026-07-19T10:08:53.796987-05:00,1221612-20269985900,162726.72,PEN,Soles,2026-06-23T00:00:00-05:00
ocds-dgv273-seacev3-1225935,ocds-dgv273-seacev3-1225935-2026-07-19T10:08:53.725568-05:00,1225935-1804924,99418.0,PEN,Soles,2026-06-25T00:00:00-05:00
ocds-dgv273-seacev3-1224092,ocds-dgv273-seacev3-1224092-2026-07-19T10:08:53.710329-05:00,1224092-1805527,469855.69,PEN,Soles,2026-06-25T00:00:00-05:00
ocds-dgv273-seacev3-1228194,ocds-dgv273-seacev3-1228194-2026-07-19T10:08:51.585050-05:00,1228194-20541754181,49338.13,PEN,Soles,2026-07-03T00:00:00-05:00
ocds-dgv273-seacev3-1228067,ocds-dgv273-seacev3-1228067-2026-07-19T10:08:51.544700-05:00,1228067-20608465775,137878.94,PEN,Soles,2026-07-07T00:00:00-05:00
ocds-dgv273-seacev3-1226169,ocds-dgv273-seacev3-1226169-2026-07-19T10:08:51.398205-05:00,1226169-20602276890,2999731.17,PEN,Soles,2026-06-22T00:00:00-05:00
ocds-dgv273-seacev3-1225569,ocds-dgv273-seacev3-1225569-2026-07-19T10:08:51.355240-05:00,1225569-20511046689,60000.0,PEN,Soles,2026-06-26T00:00:00-05:00
ocds-dgv273-seacev3-1225460,ocds-dgv273-seacev3-1225460-2026-07-19T10:08:51.341206-05:00,1225460-20512283242,109200.0,PEN,Soles,2026-07-07T00:00:00-05:00
ocds-dgv273-seacev3-1225120,ocds-dgv273-seacev3-1225120-2026-07-19T10:08:51.306285-05:00,1225120-20610070656,483513.73,PEN,Soles,2026-07-02T00:00:00-05:00
ocds-dgv273-seacev3-1225082,ocds-dgv273-seacev3-1225082-2026-07-19T10:08:51.290991-05:00,1225082-20612791661,99990.0,PEN,Soles,2026-06-18T00:00:00-05:00
ocds-dgv273-seacev3-2026-32-33,ocds-dgv273-seacev3-2026-32-33-2026-07-19T10:08:51.260569-05:00,1224864-20539061501,47040.0,PEN,Soles,2026-07-01T00:00:00-05:00
ocds-dgv273-seacev3-1224055,ocds-dgv273-seacev3-1224055-2026-07-19T10:08:51.185938-05:00,1224055-20603085192,40352.0,PEN,Soles,2026-07-07T00:00:00-05:00
ocds-dgv273-seacev3-1229275,ocds-dgv273-seacev3-1229275-2026-07-19T10:08:49.290546-05:00,1229275-L9000032953,40147.0,USD,Dólar Norteamericano,2026-07-03T00:00:00-05:00
ocds-dgv273-seacev3-1226435,ocds-dgv273-seacev3-1226435-2026-07-19T10:08:46.486362-05:00,1226435-20511037001,181097.67,PEN,Soles,2026-06-26T00:00:00-05:00
ocds-dgv273-seacev3-2026-1610-4,ocds-dgv273-seacev3-2026-1610-4-2026-07-19T10:08:46.415391-05:00,1226242-1806500,282212.52,PEN,Soles,2026-06-30T00:00:00-05:00
ocds-dgv273-seacev3-1225011,ocds-dgv273-seacev3-1225011-2026-07-19T10:08:46.288878-05:00,1225011-20505110651,88900.0,PEN,Soles,2026-06-25T00:00:00-05:00
ocds-dgv273-seacev3-1228475,ocds-dgv273-seacev3-1228475-2026-07-19T10:08:45.789614-05:00,1228475-20506920354,394315.0,PEN,Soles,2026-07-09T00:00:00-05:00
ocds-dgv273-seacev3-1226687,ocds-dgv273-seacev3-1226687-2026-07-19T10:08:45.741595-05:00,1226687-20600739175,2490058.2,PEN,Soles,2026-07-01T00:00:00-05:00
ocds-dgv273-seacev3-1226684,ocds-dgv273-seacev3-1226684-2026-07-19T10:08:45.505574-05:00,1226684-20600111150,51963.0,PEN,Soles,2026-07-01T00:00:00-05:00
ocds-dgv273-seacev3-1228383,ocds-dgv273-seacev3-1228383-2026-07-19T10:08:44.962289-05:00,1228383-1808926,305000.0,PEN,Soles,2026-07-09T00:00:00-05:00
ocds-dgv273-seacev3-1222904,ocds-dgv273-seacev3-1222904-2026-07-19T10:08:44.900215-05:00,1222904-20613792750,257100.0,PEN,Soles,2026-07-02T00:00:00-05:00
ocds-dgv273-seacev3-1226416,ocds-dgv273-seacev3-1226416-2026-07-19T10:08:44.483875-05:00,1226416-20511037001,183750.0,PEN,Soles,2026-06-30T00:00:00-05:00
ocds-dgv273-seacev3-1224636,ocds-dgv273-seacev3-1224636-2026-07-19T10:08:44.350788-05:00,1224636-1805913,69550.0,PEN,Soles,2026-06-26T00:00:00-05:00
ocds-dgv273-seacev3-1225881,ocds-dgv273-seacev3-1225881-2026-07-19T10:08:44.286836-05:00,1225881-20601765838,63000.0,PEN,Soles,2026-07-06T00:00:00-05:00
ocds-dgv273-seacev3-1224862,ocds-dgv273-seacev3-1224862-2026-07-19T10:08:44.243084-05:00,1224862-1807405,613707.47,PEN,Soles,2026-07-08T00:00:00-05:00
ocds-dgv273-seacev3-1224698,ocds-dgv273-seacev3-1224698-2026-07-19T10:08:44.142474-05:00,1224698-1805909,143823.0,PEN,Soles,2026-06-26T00:00:00-05:00
ocds-dgv273-seacev3-1226151,ocds-dgv273-seacev3-1226151-2026-07-19T10:08:43.986303-05:00,1226151-10316327627,57900.0,PEN,Soles,2026-06-25T00:00:00-05:00
ocds-dgv273-seacev3-1225396,ocds-dgv273-seacev3-1225396-2026-07-19T10:08:43.905229-05:00,1225396-10421861175,73100.0,PEN,Soles,2026-07-07T00:00:00-05:00
ocds-dgv273-seacev3-1224583,ocds-dgv273-seacev3-1224583-2026-07-19T10:08:43.760251-05:00,1224583-20507312277,270060.0,PEN,Soles,2026-06-17T00:00:00-05:00
ocds-dgv273-seacev3-1226928,ocds-dgv273-seacev3-1226928-2026-07-19T10:08:43.644367-05:00,1226928-1808942,266817.69,PEN,Soles,2026-07-07T00:00:00-05:00
ocds-dgv273-seacev3-1220071,ocds-dgv273-seacev3-1220071-2026-07-19T10:08:43.630692-05:00,1220071-20611466049,99360.0,PEN,Soles,2026-06-30T00:00:00-05:00
ocds-dgv273-seacev3-1228232,ocds-dgv273-seacev3-1228232-2026-07-19T10:08:43.549219-05:00,1228232-20541754181,50866.91,PEN,Soles,2026-07-03T00:00:00-05:00
ocds-dgv273-seacev3-1221548,ocds-dgv273-seacev3-1221548-2026-07-19T10:08:43.230156-05:00,1221548-1802558,209472.5,PEN,Soles,2026-06-30T00:00:00-05:00
ocds-dgv273-seacev3-1222679,ocds-dgv273-seacev3-1222679-2026-07-19T10:08:43.156959-05:00,1222679-20600739175,706800.0,PEN,Soles,2026-06-18T00:00:00-05:00
ocds-dgv273-seacev3-1226038,ocds-dgv273-seacev3-1226038-2026-07-19T10:08:43.120768-05:00,1226038-20449458436,201136.0,PEN,Soles,2026-06-30T00:00:00-05:00
ocds-dgv273-seacev3-2026-1897-14,ocds-dgv273-seacev3-2026-1897-14-2026-07-19T10:08:43.057288-05:00,1222785-20610707247,80400.0,PEN,Soles,2026-06-25T00:00:00-05:00
ocds-dgv273-seacev3-1225478,ocds-dgv273-seacev3-1225478-2026-07-19T10:08:43.007986-05:00,1225478-20511037001,209505.0,PEN,Soles,2026-06-25T00:00:00-05:00
ocds-dgv273-seacev3-1222152,ocds-dgv273-seacev3-1222152-2026-07-19T10:08:36.912373-05:00,1222152-20611326972,107591.0,PEN,Soles,2026-06-22T00:00:00-05:00
ocds-dgv273-seacev3-1224411,ocds-dgv273-seacev3-1224411-2026-07-19T10:08:36.837280-05:00,1224411-20267203467,57990.0,PEN,Soles,2026-07-06T00:00:00-05:00
ocds-dgv273-seacev3-1222598,ocds-dgv273-seacev3-1222598-2026-07-19T10:08:36.562908-05:00,1222598-1803849,604404.14,PEN,Soles,2026-06-23T00:00:00-05:00
ocds-dgv273-seacev3-2026-10491-2,ocds-dgv273-seacev3-2026-10491-2-2026-07-19T10:08:36.521501-05:00,1224365-20615411605,55499.0,PEN,Soles,2026-07-03T00:00:00-05:00
ocds-dgv273-seacev3-1229182,ocds-dgv273-seacev3-1229182-2026-07-19T10:08:36.226602-05:00,1229182-20613663801,99448.0,PEN,Soles,2026-07-03T00:00:00-05:00
ocds-dgv273-seacev3-1227787,ocds-dgv273-seacev3-1227787-2026-07-19T10:08:35.812133-05:00,1227787-15613230154,85000.0,PEN,Soles,2026-06-30T00:00:00-05:00
ocds-dgv273-seacev3-1223994,ocds-dgv273-seacev3-1223994-2026-07-19T10:08:35.599230-05:00,1223994-20100041953,465000.0,PEN,Soles,2026-06-23T00:00:00-05:00
ocds-dgv273-seacev3-1227874,ocds-dgv273-seacev3-1227874-2026-07-19T10:08:35.120630-05:00,1227874-20543679888,105000.0,PEN,Soles,2026-07-09T00:00:00-05:00
ocds-dgv273-seacev3-1228329,ocds-dgv273-seacev3-1228329-2026-07-19T10:08:35.030220-05:00,1228329-20608215949,124205.0,PEN,Soles,2026-07-08T17:38:32-05:00
ocds-dgv273-seacev3-1228983,ocds-dgv273-seacev3-1228983-2026-07-19T10:08:28.393251-05:00,1228983-20603831501,80130.0,PEN,Soles,2026-07-02T00:00:00-05:00
ocds-dgv273-seacev3-1221034,ocds-dgv273-seacev3-1221034-2026-07-19T10:08:28.357015-05:00,1221034-20500057476,267283.51,PEN,Soles,2026-06-19T00:00:00-05:00
ocds-dgv273-seacev3-1223481,ocds-dgv273-seacev3-1223481-2026-07-19T10:08:28.293480-05:00,1223481-20527055840,52987.5,PEN,Soles,2026-07-01T00:00:00-05:00
ocds-dgv273-seacev3-1224118,ocds-dgv273-seacev3-1224118-2026-07-19T10:08:28.248822-05:00,1224118-20487976360,512290.0,PEN,Soles,2026-06-23T18:28:09-05:00
ocds-dgv273-seacev3-1224281,ocds-dgv273-seacev3-1224281-2026-07-19T10:08:28.128144-05:00,1224281-20511037001,62004.6,PEN,Soles,2026-06-19T00:00:00-05:00
ocds-dgv273-seacev3-1228170,ocds-dgv273-seacev3-1228170-2026-07-19T10:08:27.996912-05:00,1228170-10400346998,46135.0,PEN,Soles,2026-06-26T00:00:00-05:00
ocds-dgv273-seacev3-1225147,ocds-dgv273-seacev3-1225147-2026-07-19T10:08:27.020993-05:00,1225147-1802792,4000000.0,PEN,Soles,2026-06-16T00:00:00-05:00
ocds-dgv273-seacev3-1220948,ocds-dgv273-seacev3-1220948-2026-07-19T10:08:26.891263-05:00,1220948-20608139088,174200.0,PEN,Soles,2026-06-17T00:00:00-05:00
ocds-dgv273-seacev3-1224731,ocds-dgv273-seacev3-1224731-2026-07-19T10:08:26.741885-05:00,1224731-1804871,288706.35,PEN,Soles,2026-07-03T00:00:00-05:00
ocds-dgv273-seacev3-2026-10423-3,ocds-dgv273-seacev3-2026-10423-3-2026-07-19T10:08:26.694239-05:00,1224410-10292379248,186101.4,PEN,Soles,2026-06-26T00:00:00-05:00
ocds-dgv273-seacev3-1222572,ocds-dgv273-seacev3-1222572-2026-07-19T10:08:26.582249-05:00,1222572-20414675761,151069.12,PEN,Soles,2026-06-26T00:00:00-05:00
ocds-dgv273-seacev3-1226507,ocds-dgv273-seacev3-1226507-2026-07-19T10:08:26.465662-05:00,1226507-10088859346,154400.0,PEN,Soles,2026-07-02T00:00:00-05:00
ocds-dgv273-seacev3-1229600,ocds-dgv273-seacev3-1229600-2026-07-19T10:08:26.400386-05:00,1229600-20610502980,52000.0,PEN,Soles,2026-07-10T00:00:00-05:00
ocds-dgv273-seacev3-1227086,ocds-dgv273-seacev3-1227086-2026-07-19T10:08:26.278330-05:00,1227086-20493132416,51350.0,PEN,Soles,2026-07-06T00:00:00-05:00
ocds-dgv273-seacev3-1224841,ocds-dgv273-seacev3-1224841-2026-07-19T10:08:26.212826-05:00,1224841-20609692899,48000.0,PEN,Soles,2026-06-23T00:00:00-05:00
ocds-dgv273-seacev3-1223957,ocds-dgv273-seacev3-1223957-2026-07-19T10:08:26.072766-05:00,1223957-1804507,150108.0,PEN,Soles,2026-06-25T00:00:00-05:00
ocds-dgv273-seacev3-1224078,ocds-dgv273-seacev3-1224078-2026-07-19T10:08:25.673408-05:00,1224078-20509475483,511201.49,PEN,Soles,2026-06-23T00:00:00-05:00
ocds-dgv273-seacev3-1227969,ocds-dgv273-seacev3-1227969-2026-07-19T10:08:25.529088-05:00,1227969-20601258812,64716.16,PEN,Soles,2026-07-08T00:00:00-05:00
ocds-dgv273-seacev3-1227674,ocds-dgv273-seacev3-1227674-2026-07-19T10:08:25.513570-05:00,1227674-20610440712,222984.05,PEN,Soles,2026-07-06T00:00:00-05:00
ocds-dgv273-seacev3-1225468,ocds-dgv273-seacev3-1225468-2026-07-19T10:08:25.497339-05:00,1225468-20511037001,84887.0,PEN,Soles,2026-06-25T00:00:00-05:00
ocds-dgv273-seacev3-1225375,ocds-dgv273-seacev3-1225375-2026-07-19T10:08:25.453280-05:00,1225375-20494883865,321799.18,PEN,Soles,2026-06-26T00:00:00-05:00
ocds-dgv273-seacev3-1227147,ocds-dgv273-seacev3-1227147-2026-07-19T10:08:25.341703-05:00,1227147-1807426,880460.53,PEN,Soles,2026-07-02T00:00:00-05:00
ocds-dgv273-seacev3-1227044,ocds-dgv273-seacev3-1227044-2026-07-19T10:08:25.327884-05:00,1227044-20600621654,64538.0,PEN,Soles,2026-07-02T00:00:00-05:00
ocds-dgv273-seacev3-1221542,ocds-dgv273-seacev3-1221542-2026-07-19T10:08:25.303894-05:00,1221542-1803133,1995627.16,PEN,Soles,2026-06-19T00:00:00-05:00
ocds-dgv273-seacev3-1223167,ocds-dgv273-seacev3-1223167-2026-07-19T10:08:25.113309-05:00,1223167-20614195321,146693.9,PEN,Soles,2026-06-25T00:00:00-05:00
ocds-dgv273-seacev3-1221588,ocds-dgv273-seacev3-1221588-2026-07-19T10:08:25.074125-05:00,1221588-10329403209,91122.5,PEN,Soles,2026-06-16T00:00:00-05:00
ocds-dgv273-seacev3-1226980,ocds-dgv273-seacev3-1226980-2026-07-19T10:08:25.052358-05:00,1226980-10054152952,75000.0,PEN,Soles,2026-06-26T00:00:00-05:00
ocds-dgv273-seacev3-1222841,ocds-dgv273-seacev3-1222841-2026-07-19T10:08:24.795814-05:00,1222841-20448767443,903050.14,PEN,Soles,2026-06-24T00:00:00-05:00
ocds-dgv273-seacev3-2026-10408-2,ocds-dgv273-seacev3-2026-10408-2-2026-07-19T10:08:24.761954-05:00,1225782-20494838568,92000.0,PEN,Soles,2026-07-01T00:00:00-05:00
ocds-dgv273-seacev3-1224987,ocds-dgv273-seacev3-1224987-2026-07-19T10:08:24.509624-05:00,1224987-10054119076,72000.0,PEN,Soles,2026-06-25T00:00:00-05:00
ocds-dgv273-seacev3-1224891,ocds-dgv273-seacev3-1224891-2026-07-19T10:08:24.450740-05:00,1224891-20602598463,32710.0,PEN,Soles,2026-07-01T00:00:00-05:00
ocds-dgv273-seacev3-1224917,ocds-dgv273-seacev3-1224917-2026-07-19T10:08:24.426956-05:00,1224917-1805357,101662.61,PEN,Soles,2026-07-02T00:00:00-05:00
ocds-dgv273-seacev3-1225381,ocds-dgv273-seacev3-1225381-2026-07-19T10:08:24.357795-05:00,1225381-20522173933,148020.0,PEN,Soles,2026-07-09T00:00:00-05:00
ocds-dgv273-seacev3-1227684,ocds-dgv273-seacev3-1227684-2026-07-19T10:08:17.934076-05:00,1227684-20609688298,59180.0,PEN,Soles,2026-06-26T00:00:00-05:00
ocds-dgv273-seacev3-1221916,ocds-dgv273-seacev3-1221916-2026-07-19T10:08:17.631272-05:00,1221916-10205788340,728132.0,PEN,Soles,2026-06-16T00:00:00-05:00
ocds-dgv273-seacev3-1224964,ocds-dgv273-seacev3-1224964-2026-07-19T10:08:17.570645-05:00,1224964-1805609,137900.7,PEN,Soles,2026-06-25T00:00:00-05:00
ocds-dgv273-seacev3-1229160,ocds-dgv273-seacev3-1229160-2026-07-19T10:08:17.313601-05:00,1229160-20614053128,90974.0,PEN,Soles,2026-07-10T00:00:00-05:00
ocds-dgv273-seacev3-2026-1877-8,ocds-dgv273-seacev3-2026-1877-8-2026-07-19T10:08:17.047071-05:00,1223927-20611937432,52200.0,PEN,Soles,2026-06-23T00:00:00-05:00
ocds-dgv273-seacev3-1225689,ocds-dgv273-seacev3-1225689-2026-07-19T10:08:17.021860-05:00,1225689-20559644243,97240.0,PEN,Soles,2026-06-26T00:00:00-05:00
ocds-dgv273-seacev3-1222034,ocds-dgv273-seacev3-1222034-2026-07-19T10:08:16.962190-05:00,1222034-10483293696,73590.0,PEN,Soles,2026-06-22T00:00:00-05:00
ocds-dgv273-seacev3-1225209,ocds-dgv273-seacev3-1225209-2026-07-19T10:08:16.912498-05:00,1225209-20601927862,107190.0,PEN,Soles,2026-07-01T00:00:00-05:00
ocds-dgv273-seacev3-2026-10451-3,ocds-dgv273-seacev3-2026-10451-3-2026-07-19T10:08:15.315253-05:00,1225848-20564428478,135972.0,PEN,Soles,2026-07-01T00:00:00-05:00
ocds-dgv273-seacev3-1229888,ocds-dgv273-seacev3-1229888-2026-07-19T10:08:15.113811-05:00,1229888-1812679,68500.0,PEN,Soles,2026-07-17T00:00:00-05:00
ocds-dgv273-seacev3-1227545,ocds-dgv273-seacev3-1227545-2026-07-19T10:08:14.494447-05:00,1227545-20600897315,1553356.26,PEN,Soles,2026-07-06T00:00:00-05:00
ocds-dgv273-seacev3-1221230,ocds-dgv273-seacev3-1221230-2026-07-19T10:08:14.457384-05:00,1221230-1802478,261000.0,PEN,Soles,2026-06-23T00:00:00-05:00
ocds-dgv273-seacev3-1226155,ocds-dgv273-seacev3-1226155-2026-07-19T10:08:14.408300-05:00,1226155-20178285336,18019.31,PEN,Soles,2026-07-15T00:00:00-05:00
ocds-dgv273-seacev3-1226155,ocds-dgv273-seacev3-1226155-2026-07-19T10:08:14.408300-05:00,1226155-20601958121,11788.15,PEN,Soles,2026-07-15T00:00:00-05:00
ocds-dgv273-seacev3-1226155,ocds-dgv273-seacev3-1226155-2026-07-19T10:08:14.408300-05:00,1226155-20603237120,13980.17,PEN,Soles,2026-07-15T00:00:00-05:00
ocds-dgv273-seacev3-1221171,ocds-dgv273-seacev3-1221171-2026-07-19T10:08:14.278793-05:00,1221171-20612340944,95090.0,PEN,Soles,2026-06-05T00:00:00-05:00
ocds-dgv273-seacev3-1226312,ocds-dgv273-seacev3-1226312-2026-07-19T10:08:14.127831-05:00,1226312-20377339461,74000.0,PEN,Soles,2026-07-01T00:00:00-05:00
ocds-dgv273-seacev3-1225470,ocds-dgv273-seacev3-1225470-2026-07-19T10:08:14.094842-05:00,1225470-20608549952,440000.0,PEN,Soles,2026-06-30T00:00:00-05:00
ocds-dgv273-seacev3-1228129,ocds-dgv273-seacev3-1228129-2026-07-19T10:08:13.873628-05:00,1228129-20511037001,578055.0,PEN,Soles,2026-07-06T00:00:00-05:00
ocds-dgv273-seacev3-1225565,ocds-dgv273-seacev3-1225565-2026-07-19T10:08:13.810272-05:00,1225565-20511046689,50000.0,PEN,Soles,2026-06-26T00:00:00-05:00
ocds-dgv273-seacev3-1223348,ocds-dgv273-seacev3-1223348-2026-07-19T10:08:13.728534-05:00,1223348-20608138464,59150.0,PEN,Soles,2026-06-15T00:00:00-05:00
ocds-dgv273-seacev3-1226671,ocds-dgv273-seacev3-1226671-2026-07-19T10:08:13.636736-05:00,1226671-20468787360,77032.0,PEN,Soles,2026-07-02T00:00:00-05:00
ocds-dgv273-seacev3-1224011,ocds-dgv273-seacev3-1224011-2026-07-19T10:08:13.588072-05:00,1224011-1804706,65738.69,PEN,Soles,2026-06-26T00:00:00-05:00
ocds-dgv273-seacev3-1224099,ocds-dgv273-seacev3-1224099-2026-07-19T10:08:13.560810-05:00,1224099-10196681642,190472.96,PEN,Soles,2026-07-03T00:00:00-05:00
ocds-dgv273-seacev3-2026-1340-6,ocds-dgv273-seacev3-2026-1340-6-2026-07-19T10:08:13.532603-05:00,1224399-20556756199,244330.0,PEN,Soles,2026-06-26T00:00:00-05:00
ocds-dgv273-seacev3-2026-1003057621-10,ocds-dgv273-seacev3-2026-1003057621-10-2026-07-18T10:18:30.328086-05:00,1232057-20421780472,24426.0,PEN,Soles,2026-07-08T00:00:00-05:00
ocds-dgv273-seacev3-1224044,ocds-dgv273-seacev3-1224044-2026-07-18T10:18:28.663602-05:00,1224044-20606811510,310640.0,PEN,Soles,2026-06-25T00:00:00-05:00
ocds-dgv273-seacev3-2026-1155-15,ocds-dgv273-seacev3-2026-1155-15-2026-07-18T10:18:28.610752-05:00,1222061-20486760819,165804.6,PEN,Soles,2026-06-24T00:00:00-05:00
ocds-dgv273-seacev3-1229502,ocds-dgv273-seacev3-1229502-2026-07-18T10:18:28.185409-05:00,1229502-20604544964,323488.0,PEN,Soles,2026-07-15T00:00:00-05:00
ocds-dgv273-seacev3-1223797,ocds-dgv273-seacev3-1223797-2026-07-18T10:18:27.948322-05:00,1223797-20534967684,262900.0,PEN,Soles,2026-07-01T00:00:00-05:00
ocds-dgv273-seacev3-1222196,ocds-dgv273-seacev3-1222196-2026-07-18T10:18:26.866648-05:00,1222196-20603919557,159600.0,PEN,Soles,2026-06-22T00:00:00-05:00
ocds-dgv273-seacev3-1223294,ocds-dgv273-seacev3-1223294-2026-07-18T10:18:26.644115-05:00,1223294-20305284174,61200.0,PEN,Soles,2026-06-30T00:00:00-05:00
ocds-dgv273-seacev3-2026-1921-11,ocds-dgv273-seacev3-2026-1921-11-2026-07-18T10:18:26.414309-05:00,1226379-20600306091,453300.2,PEN,Soles,2026-07-15T00:00:00-05:00
ocds-dgv273-seacev3-2026-1877-10,ocds-dgv273-seacev3-2026-1877-10-2026-07-18T10:18:26.220723-05:00,1224535-20606951711,37980.0,PEN,Soles,2026-06-26T17:42:56-05:00
ocds-dgv273-seacev3-1226519,ocds-dgv273-seacev3-1226519-2026-07-18T10:18:26.169253-05:00,1226519-20602258522,406421.21,PEN,Soles,2026-07-01T00:00:00-05:00
ocds-dgv273-seacev3-1227711,ocds-dgv273-seacev3-1227711-2026-07-18T10:18:26.009402-05:00,1227711-10326583681,316971.6,PEN,Soles,2026-07-08T00:00:00-05:00
ocds-dgv273-seacev3-1225996,ocds-dgv273-seacev3-1225996-2026-07-18T10:18:25.746834-05:00,1225996-20486922657,241200.0,PEN,Soles,2026-07-02T00:00:00-05:00
ocds-dgv273-seacev3-1229940,ocds-dgv273-seacev3-1229940-2026-07-18T10:18:20.855457-05:00,1229940-20508191597,99000.0,PEN,Soles,2026-07-07T00:00:00-05:00
ocds-dgv273-seacev3-2026-679-10,ocds-dgv273-seacev3-2026-679-10-2026-07-18T10:18:17.807896-05:00,1222504-1802636,810305.29,PEN,Soles,2026-06-17T00:00:00-05:00
ocds-dgv273-seacev3-1228305,ocds-dgv273-seacev3-1228305-2026-07-18T10:18:17.696330-05:00,1228305-20600270355,2161292.22,PEN,Soles,2026-07-09T00:00:00-05:00
ocds-dgv273-seacev3-1227515,ocds-dgv273-seacev3-1227515-2026-07-18T10:18:17.171565-05:00,1227515-20532853339,72900.0,PEN,Soles,2026-06-30T00:00:00-05:00
ocds-dgv273-seacev3-1225986,ocds-dgv273-seacev3-1225986-2026-07-18T10:18:16.786096-05:00,1225986-1806080,93485.0,PEN,Soles,2026-06-30T00:00:00-05:00
ocds-dgv273-seacev3-1221415,ocds-dgv273-seacev3-1221415-2026-07-18T10:18:16.736602-05:00,1221415-20306246535,96020.0,PEN,Soles,2026-07-06T00:00:00-05:00
ocds-dgv273-seacev3-1221352,ocds-dgv273-seacev3-1221352-2026-07-18T10:18:15.775415-05:00,1221352-20281033795,178227.0,PEN,Soles,2026-07-03T00:00:00-05:00
ocds-dgv273-seacev3-2026-1947-182,ocds-dgv273-seacev3-2026-1947-182-2026-07-18T10:18:15.518287-05:00,1227616-L0611179860,75000.0,USD,Dólar Norteamericano,2026-06-22T00:00:00-05:00
ocds-dgv273-seacev3-1223615,ocds-dgv273-seacev3-1223615-2026-07-18T10:18:15.404143-05:00,1223615-20511037001,184029.75,PEN,Soles,2026-06-18T00:00:00-05:00
ocds-dgv273-seacev3-1225792,ocds-dgv273-seacev3-1225792-2026-07-18T10:18:15.045536-05:00,1225792-20509997340,297000.0,PEN,Soles,2026-06-19T00:00:00-05:00
ocds-dgv273-seacev3-1221698,ocds-dgv273-seacev3-1221698-2026-07-18T10:18:14.818613-05:00,1221698-10224981606,50000.0,PEN,Soles,2026-06-12T00:00:00-05:00
ocds-dgv273-seacev3-1221080,ocds-dgv273-seacev3-1221080-2026-07-18T10:18:14.618755-05:00,1221080-20376181015,1288843.2,PEN,Soles,2026-06-17T00:00:00-05:00
ocds-dgv273-seacev3-1221434,ocds-dgv273-seacev3-1221434-2026-07-18T10:18:14.586195-05:00,1221434-1803634,174647.0,PEN,Soles,2026-06-19T00:00:00-05:00
ocds-dgv273-seacev3-1234591,ocds-dgv273-seacev3-1234591-2026-07-18T10:18:10.613616-05:00,1234591-20523412486,71950.0,PEN,Soles,2026-07-16T00:00:00-05:00
ocds-dgv273-seacev3-1229380,ocds-dgv273-seacev3-1229380-2026-07-18T10:18:06.850862-05:00,1229380-1810423,463889.41,PEN,Soles,2026-07-15T00:00:00-05:00
ocds-dgv273-seacev3-1222928,ocds-dgv273-seacev3-1222928-2026-07-18T10:18:06.219140-05:00,1222928-20509860981,102960.0,PEN,Soles,2026-06-23T00:00:00-05:00
ocds-dgv273-seacev3-1226228,ocds-dgv273-seacev3-1226228-2026-07-18T10:18:05.981701-05:00,1226228-20554032282,105410.0,PEN,Soles,2026-07-01T00:00:00-05:00
ocds-dgv273-seacev3-1223125,ocds-dgv273-seacev3-1223125-2026-07-18T10:18:04.886855-05:00,1223125-1804392,989033.47,PEN,Soles,2026-06-22T00:00:00-05:00
ocds-dgv273-seacev3-1228016,ocds-dgv273-seacev3-1228016-2026-07-18T10:18:04.681670-05:00,1228016-10081511506,324000.0,PEN,Soles,2026-07-01T00:00:00-05:00
ocds-dgv273-seacev3-1219564,ocds-dgv273-seacev3-1219564-2026-07-18T10:18:04.594745-05:00,1219564-1802732,2004037.47,PEN,Soles,2026-06-16T00:00:00-05:00
ocds-dgv273-seacev3-1228197,ocds-dgv273-seacev3-1228197-2026-07-18T10:18:04.442847-05:00,1228197-20614116081,64709.3,PEN,Soles,2026-07-02T00:00:00-05:00
ocds-dgv273-seacev3-2026-1747-18,ocds-dgv273-seacev3-2026-1747-18-2026-07-18T10:18:04.074584-05:00,1224315-20607777315,80476.0,PEN,Soles,2026-06-18T00:00:00-05:00
ocds-dgv273-seacev3-1224082,ocds-dgv273-seacev3-1224082-2026-07-18T10:18:04.058296-05:00,1224082-10078453864,84000.0,PEN,Soles,2026-07-02T00:00:00-05:00
ocds-dgv273-seacev3-1221433,ocds-dgv273-seacev3-1221433-2026-07-18T10:18:03.971938-05:00,1221433-20530936121,50644.6,PEN,Soles,2026-06-08T00:00:00-05:00
ocds-dgv273-seacev3-1224671,ocds-dgv273-seacev3-1224671-2026-07-18T10:18:03.934983-05:00,1224671-20220015743,91200.0,PEN,Soles,2026-06-23T19:50:48-05:00
ocds-dgv273-seacev3-1225020,ocds-dgv273-seacev3-1225020-2026-07-18T10:18:03.776234-05:00,1225020-20604893730,350000.0,PEN,Soles,2026-06-30T00:00:00-05:00
ocds-dgv273-seacev3-1228928,ocds-dgv273-seacev3-1228928-2026-07-18T10:17:57.905797-05:00,1228928-20612808610,79950.0,PEN,Soles,2026-07-02T00:00:00-05:00
ocds-dgv273-seacev3-1228296,ocds-dgv273-seacev3-1228296-2026-07-18T10:17:57.605839-05:00,1228296-20609582988,81099.0,PEN,Soles,2026-07-02T00:00:00-05:00
ocds-dgv273-seacev3-1224181,ocds-dgv273-seacev3-1224181-2026-07-18T10:17:57.108175-05:00,1224181-10417767806,58100.0,PEN,Soles,2026-06-23T00:00:00-05:00
ocds-dgv273-seacev3-1226933,ocds-dgv273-seacev3-1226933-2026-07-18T10:17:56.942786-05:00,1226933-1810396,484891.18,PEN,Soles,2026-07-13T00:00:00-05:00
ocds-dgv273-seacev3-1227021,ocds-dgv273-seacev3-1227021-2026-07-18T10:17:56.739455-05:00,1227021-20606498943,100000.0,PEN,Soles,2026-06-30T00:00:00-05:00
ocds-dgv273-seacev3-1227902,ocds-dgv273-seacev3-1227902-2026-07-18T10:17:56.618498-05:00,1227902-20502853750,82600.0,PEN,Soles,2026-07-06T00:00:00-05:00
ocds-dgv273-seacev3-1224947,ocds-dgv273-seacev3-1224947-2026-07-18T10:17:56.596662-05:00,1224947-20511037001,147627.0,PEN,Soles,2026-06-24T00:00:00-05:00
ocds-dgv273-seacev3-1226992,ocds-dgv273-seacev3-1226992-2026-07-18T10:17:56.490440-05:00,1226992-10417392586,90000.0,PEN,Soles,2026-07-13T00:00:00-05:00
ocds-dgv273-seacev3-2026-10269-1,ocds-dgv273-seacev3-2026-10269-1-2026-07-18T10:17:56.431021-05:00,1221859-10729492308,113650.0,PEN,Soles,2026-06-17T00:00:00-05:00
ocds-dgv273-seacev3-1223371,ocds-dgv273-seacev3-1223371-2026-07-18T10:17:56.222771-05:00,1223371-1805058,98610.0,PEN,Soles,2026-07-01T00:00:00-05:00
ocds-dgv273-seacev3-2026-1947-186,ocds-dgv273-seacev3-2026-1947-186-2026-07-18T10:17:56.188241-05:00,1227714-L0609015983,62000.0,EUR,Euro,2026-06-22T00:00:00-05:00
ocds-dgv273-seacev3-1223224,ocds-dgv273-seacev3-1223224-2026-07-18T10:17:56.107459-05:00,1223224-1803873,268837.81,PEN,Soles,2026-06-19T00:00:00-05:00
ocds-dgv273-seacev3-1222986,ocds-dgv273-seacev3-1222986-2026-07-18T10:17:56.006159-05:00,1222986-10164773359,468000.0,PEN,Soles,2026-06-24T00:00:00-05:00
ocds-dgv273-seacev3-1221301,ocds-dgv273-seacev3-1221301-2026-07-18T10:17:55.201604-05:00,1221301-20536598708,40800.0,PEN,Soles,2026-06-17T00:00:00-05:00
ocds-dgv273-seacev3-1223387,ocds-dgv273-seacev3-1223387-2026-07-18T10:17:54.680612-05:00,1223387-20610795227,79851.0,PEN,Soles,2026-06-15T00:00:00-05:00
ocds-dgv273-seacev3-1223217,ocds-dgv273-seacev3-1223217-2026-07-18T10:17:54.503591-05:00,1223217-20609512564,67940.0,PEN,Soles,2026-06-15T00:00:00-05:00
ocds-dgv273-seacev3-1222183,ocds-dgv273-seacev3-1222183-2026-07-18T10:17:54.436328-05:00,1222183-20602355218,231500.0,PEN,Soles,2026-07-06T00:00:00-05:00
ocds-dgv273-seacev3-2026-10249-77,ocds-dgv273-seacev3-2026-10249-77-2026-07-18T10:17:54.156495-05:00,1222568-20338570041,254609.07,PEN,Soles,2026-06-24T00:00:00-05:00
ocds-dgv273-seacev3-1228257,ocds-dgv273-seacev3-1228257-2026-07-18T10:17:54.117017-05:00,1228257-20600871723,68338.4,PEN,Soles,2026-07-07T00:00:00-05:00
ocds-dgv273-seacev3-1226730,ocds-dgv273-seacev3-1226730-2026-07-18T10:17:53.642108-05:00,1226730-20610774645,59052.25,PEN,Soles,2026-07-02T00:00:00-05:00
ocds-dgv273-seacev3-2026-1947-185,ocds-dgv273-seacev3-2026-1947-185-2026-07-18T10:17:53.391103-05:00,1227765-L0609016400,62000.0,EUR,Euro,2026-06-22T00:00:00-05:00
ocds-dgv273-seacev3-1227228,ocds-dgv273-seacev3-1227228-2026-07-18T10:17:53.376764-05:00,1227228-20607988561,115495.53,PEN,Soles,2026-06-25T00:00:00-05:00
ocds-dgv273-seacev3-1222501,ocds-dgv273-seacev3-1222501-2026-07-18T10:17:52.952006-05:00,1222501-1804178,763230.6,PEN,Soles,2026-06-24T00:00:00-05:00
ocds-dgv273-seacev3-1227230,ocds-dgv273-seacev3-1227230-2026-07-18T10:17:52.596129-05:00,1227230-10736484370,65800.0,PEN,Soles,2026-07-01T00:00:00-05:00
ocds-dgv273-seacev3-1226294,ocds-dgv273-seacev3-1226294-2026-07-18T10:17:52.531832-05:00,1226294-20537095912,90000.0,PEN,Soles,2026-07-01T00:00:00-05:00
ocds-dgv273-seacev3-1224009,ocds-dgv273-seacev3-1224009-2026-07-18T10:17:52.293062-05:00,1224009-20557788841,66393.6,PEN,Soles,2026-07-01T00:00:00-05:00
ocds-dgv273-seacev3-1223009,ocds-dgv273-seacev3-1223009-2026-07-18T10:17:52.278353-05:00,1223009-10462086283,25000.0,PEN,Nuevos Soles,2026-07-15T00:00:00-05:00
ocds-dgv273-seacev3-1229439,ocds-dgv273-seacev3-1229439-2026-07-18T10:17:47.768886-05:00,1229439-20612181714,99450.0,PEN,Soles,2026-07-06T00:00:00-05:00
ocds-dgv273-seacev3-1229490,ocds-dgv273-seacev3-1229490-2026-07-18T10:17:47.565507-05:00,1229490-20542663163,49175.0,PEN,Soles,2026-07-06T00:00:00-05:00
ocds-dgv273-seacev3-1234446,ocds-dgv273-seacev3-1234446-2026-07-18T10:17:47.537806-05:00,1234446-20523412486,52650.0,PEN,Soles,2026-07-16T00:00:00-05:00
ocds-dgv273-seacev3-1228891,ocds-dgv273-seacev3-1228891-2026-07-18T10:17:46.077736-05:00,1228891-20508191597,485000.0,PEN,Soles,2026-07-16T00:00:00-05:00
ocds-dgv273-seacev3-1222697,ocds-dgv273-seacev3-1222697-2026-07-18T10:17:45.308671-05:00,1222697-10789699424,99700.0,PEN,Soles,2026-06-16T00:00:00-05:00
ocds-dgv273-seacev3-1223514,ocds-dgv273-seacev3-1223514-2026-07-18T10:17:43.698088-05:00,1223514-20603397721,94500.0,PEN,Soles,2026-06-23T00:00:00-05:00
ocds-dgv273-seacev3-1225089,ocds-dgv273-seacev3-1225089-2026-07-18T10:17:43.142234-05:00,1225089-20602244777,75120.0,PEN,Soles,2026-06-25T00:00:00-05:00
ocds-dgv273-seacev3-1225329,ocds-dgv273-seacev3-1225329-2026-07-18T10:17:43.128322-05:00,1225329-20533910361,118956.0,PEN,Soles,2026-06-25T00:00:00-05:00
ocds-dgv273-seacev3-1228181,ocds-dgv273-seacev3-1228181-2026-07-18T10:17:42.543268-05:00,1228181-20614053128,94500.0,PEN,Soles,2026-07-06T12:15:27-05:00
ocds-dgv273-seacev3-1227301,ocds-dgv273-seacev3-1227301-2026-07-18T10:17:42.116097-05:00,1227301-20602471277,97152.94,PEN,Soles,2026-07-07T00:00:00-05:00
ocds-dgv273-seacev3-1223253,ocds-dgv273-seacev3-1223253-2026-07-18T10:17:41.993241-05:00,1223253-20606564491,24400.0,PEN,Soles,2026-07-08T00:00:00-05:00
ocds-dgv273-seacev3-1222630,ocds-dgv273-seacev3-1222630-2026-07-18T10:17:41.842222-05:00,1222630-20604948909,54820.0,PEN,Soles,2026-06-10T00:00:00-05:00
ocds-dgv273-seacev3-1222692,ocds-dgv273-seacev3-1222692-2026-07-18T10:17:41.628463-05:00,1222692-20601504333,651000.0,PEN,Soles,2026-06-23T00:00:00-05:00
ocds-dgv273-seacev3-1224610,ocds-dgv273-seacev3-1224610-2026-07-18T10:17:41.471802-05:00,1224610-10404858900,111672.0,PEN,Soles,2026-06-30T00:00:00-05:00
ocds-dgv273-seacev3-1225723,ocds-dgv273-seacev3-1225723-2026-07-18T10:17:41.348636-05:00,1225723-20428865058,319049.28,PEN,Soles,2026-07-03T00:00:00-05:00
ocds-dgv273-seacev3-1224054,ocds-dgv273-seacev3-1224054-2026-07-18T10:17:40.876408-05:00,1224054-1811736,600198.0,PEN,Soles,2026-07-15T00:00:00-05:00
ocds-dgv273-seacev3-1234536,ocds-dgv273-seacev3-1234536-2026-07-18T10:17:36.231815-05:00,1234536-20523412486,54950.0,PEN,Soles,2026-07-16T00:00:00-05:00
ocds-dgv273-seacev3-1228674,ocds-dgv273-seacev3-1228674-2026-07-18T10:17:34.714296-05:00,1228674-20100061474,60150.0,PEN,Soles,2026-07-07T00:00:00-05:00
ocds-dgv273-seacev3-1224759,ocds-dgv273-seacev3-1224759-2026-07-18T10:17:34.461688-05:00,1224759-20607777315,99840.0,PEN,Soles,2026-06-18T00:00:00-05:00
ocds-dgv273-seacev3-1225961,ocds-dgv273-seacev3-1225961-2026-07-18T10:17:34.351852-05:00,1225961-1804023,1125000.0,PEN,Soles,2026-06-25T00:00:00-05:00
ocds-dgv273-seacev3-1221915,ocds-dgv273-seacev3-1221915-2026-07-18T10:17:34.112999-05:00,1221915-10257338946,100000.0,PEN,Soles,2026-06-26T00:00:00-05:00
ocds-dgv273-seacev3-1225488,ocds-dgv273-seacev3-1225488-2026-07-18T10:17:33.742863-05:00,1225488-10411434031,49981.0,PEN,Soles,2026-07-01T00:00:00-05:00
ocds-dgv273-seacev3-1222777,ocds-dgv273-seacev3-1222777-2026-07-18T10:17:33.727028-05:00,1222777-1802842,395664.37,PEN,Soles,2026-06-18T00:00:00-05:00
ocds-dgv273-seacev3-1224722,ocds-dgv273-seacev3-1224722-2026-07-18T10:17:33.408265-05:00,1224722-20563136562,86999.0,PEN,Soles,2026-06-22T00:00:00-05:00
ocds-dgv273-seacev3-2026-200362-2,ocds-dgv273-seacev3-2026-200362-2-2026-07-18T10:17:33.373601-05:00,1228472-20610453920,87979.5,PEN,Soles,2026-07-09T00:00:00-05:00
ocds-dgv273-seacev3-1224858,ocds-dgv273-seacev3-1224858-2026-07-18T10:17:32.969858-05:00,1224858-20524924910,469700.0,PEN,Soles,2026-07-01T00:00:00-05:00
ocds-dgv273-seacev3-1216737,ocds-dgv273-seacev3-1216737-2026-07-18T10:17:32.922596-05:00,1216737-20603728271,830677.8,PEN,Soles,2026-06-26T00:00:00-05:00
ocds-dgv273-seacev3-1222664,ocds-dgv273-seacev3-1222664-2026-07-18T10:17:31.897238-05:00,1222664-1802870,184390.0,PEN,Soles,2026-06-26T00:00:00-05:00
ocds-dgv273-seacev3-1224131,ocds-dgv273-seacev3-1224131-2026-07-18T10:17:31.847678-05:00,1224131-20100366151,513522.7,PEN,Soles,2026-06-22T00:00:00-05:00
ocds-dgv273-seacev3-1228216,ocds-dgv273-seacev3-1228216-2026-07-18T10:17:31.755834-05:00,1228216-20601574706,196829.0,PEN,Soles,2026-07-06T00:00:00-05:00
ocds-dgv273-seacev3-2026-1947-184,ocds-dgv273-seacev3-2026-1947-184-2026-07-18T10:17:31.680733-05:00,1227662-L0000005070,61000.23,EUR,Euro,2026-06-22T00:00:00-05:00
ocds-dgv273-seacev3-1227122,ocds-dgv273-seacev3-1227122-2026-07-18T10:17:31.493793-05:00,1227122-20607317616,107300.0,PEN,Soles,2026-07-08T00:00:00-05:00
ocds-dgv273-seacev3-1225045,ocds-dgv273-seacev3-1225045-2026-07-18T10:17:31.257431-05:00,1225045-20610919759,68960.0,PEN,Soles,2026-06-18T00:00:00-05:00
ocds-dgv273-seacev3-1224246,ocds-dgv273-seacev3-1224246-2026-07-18T10:17:31.244969-05:00,1224246-20494626978,435194.0,PEN,Soles,2026-07-08T00:00:00-05:00
ocds-dgv273-seacev3-1221504,ocds-dgv273-seacev3-1221504-2026-07-18T10:17:31.137561-05:00,1221504-20503650186,452000.0,PEN,Soles,2026-06-22T00:00:00-05:00
ocds-dgv273-seacev3-1226159,ocds-dgv273-seacev3-1226159-2026-07-18T10:17:31.057490-05:00,1226159-20609723468,219800.0,PEN,Soles,2026-07-01T00:00:00-05:00
ocds-dgv273-seacev3-1225289,ocds-dgv273-seacev3-1225289-2026-07-18T10:17:30.995489-05:00,1225289-20603397721,58000.0,PEN,Soles,2026-06-23T00:00:00-05:00
ocds-dgv273-seacev3-1222185,ocds-dgv273-seacev3-1222185-2026-07-18T10:17:30.894434-05:00,1222185-20469936164,277500.0,PEN,Soles,2026-06-24T00:00:00-05:00
ocds-dgv273-seacev3-1224542,ocds-dgv273-seacev3-1224542-2026-07-18T10:17:30.664309-05:00,1224542-20606132256,154000.0,PEN,Soles,2026-07-02T00:00:00-05:00
ocds-dgv273-seacev3-1229912,ocds-dgv273-seacev3-1229912-2026-07-18T10:17:24.580233-05:00,1229912-20508191597,92160.0,PEN,Soles,2026-07-07T00:00:00-05:00
ocds-dgv273-seacev3-1230751,ocds-dgv273-seacev3-1230751-2026-07-18T10:17:22.567540-05:00,1230751-1809827,2276425.9,PEN,Soles,2026-07-08T00:00:00-05:00
ocds-dgv273-seacev3-1221213,ocds-dgv273-seacev3-1221213-2026-07-18T10:17:21.957258-05:00,1221213-1802047,693246.9,PEN,Soles,2026-06-16T00:00:00-05:00
ocds-dgv273-seacev3-1228227,ocds-dgv273-seacev3-1228227-2026-07-18T10:17:21.739471-05:00,1228227-20508320664,212000.0,PEN,Soles,2026-07-13T00:00:00-05:00
ocds-dgv273-seacev3-1223805,ocds-dgv273-seacev3-1223805-2026-07-18T10:17:21.696017-05:00,1223805-20614985799,85700.0,PEN,Soles,2026-06-19T00:00:00-05:00
ocds-dgv273-seacev3-1225266,ocds-dgv273-seacev3-1225266-2026-07-18T10:17:21.387935-05:00,1225266-20602479413,99180.0,PEN,Soles,2026-06-25T00:00:00-05:00
ocds-dgv273-seacev3-1229959,ocds-dgv273-seacev3-1229959-2026-07-18T10:17:21.313352-05:00,1229959-20610224513,48527.25,PEN,Soles,2026-07-08T00:00:00-05:00
ocds-dgv273-seacev3-1225946,ocds-dgv273-seacev3-1225946-2026-07-18T10:17:21.292757-05:00,1225946-20168227362,468000.0,PEN,Soles,2026-06-25T00:00:00-05:00
ocds-dgv273-seacev3-1226093,ocds-dgv273-seacev3-1226093-2026-07-18T10:17:21.006279-05:00,1226093-1804511,692578.71,PEN,Soles,2026-07-01T00:00:00-05:00
ocds-dgv273-seacev3-1225628,ocds-dgv273-seacev3-1225628-2026-07-18T10:17:19.769049-05:00,1225628-20495931472,1046274.31,PEN,Soles,2026-06-26T00:00:00-05:00
ocds-dgv273-seacev3-1225016,ocds-dgv273-seacev3-1225016-2026-07-18T10:17:19.446995-05:00,1225016-10719260654,122107.2,PEN,Nuevos Soles,2026-07-02T00:00:00-05:00
ocds-dgv273-seacev3-1225953,ocds-dgv273-seacev3-1225953-2026-07-18T10:17:19.423101-05:00,1225953-20509860981,56682.0,PEN,Soles,2026-06-25T00:00:00-05:00
ocds-dgv273-seacev3-1223925,ocds-dgv273-seacev3-1223925-2026-07-18T10:17:19.365298-05:00,1223925-10469111500,84000.0,PEN,Soles,2026-06-22T00:00:00-05:00
ocds-dgv273-seacev3-1223515,ocds-dgv273-seacev3-1223515-2026-07-18T10:17:19.350826-05:00,1223515-20509860981,136550.0,PEN,Soles,2026-06-19T00:00:00-05:00
ocds-dgv273-seacev3-1224593,ocds-dgv273-seacev3-1224593-2026-07-18T10:17:19.024775-05:00,1224593-20544629485,223750.0,PEN,Soles,2026-06-26T00:00:00-05:00
ocds-dgv273-seacev3-1224294,ocds-dgv273-seacev3-1224294-2026-07-18T10:17:18.995397-05:00,1224294-1804028,230252.72,PEN,Soles,2026-06-25T00:00:00-05:00
ocds-dgv273-seacev3-1227673,ocds-dgv273-seacev3-1227673-2026-07-18T10:17:18.847563-05:00,1227673-1806408,88043.18,PEN,Soles,2026-06-30T00:00:00-05:00
ocds-dgv273-seacev3-1225832,ocds-dgv273-seacev3-1225832-2026-07-18T10:17:18.788163-05:00,1225832-20434095574,214000.0,PEN,Soles,2026-07-01T00:00:00-05:00
ocds-dgv273-seacev3-1223708,ocds-dgv273-seacev3-1223708-2026-07-18T10:17:18.773359-05:00,1223708-1803826,116517.43,PEN,Soles,2026-07-03T00:00:00-05:00
ocds-dgv273-seacev3-2026-1947-183,ocds-dgv273-seacev3-2026-1947-183-2026-07-18T10:17:18.710031-05:00,1227505-L0609015983,74050.0,USD,Dólar Norteamericano,2026-06-22T00:00:00-05:00
ocds-dgv273-seacev3-1226296,ocds-dgv273-seacev3-1226296-2026-07-18T10:17:18.479407-05:00,1226296-20100210909,63646.05,PEN,Soles,2026-07-03T00:00:00-05:00
ocds-dgv273-seacev3-1222927,ocds-dgv273-seacev3-1222927-2026-07-18T10:17:18.213444-05:00,1222927-1805085,267000.0,PEN,Soles,2026-06-30T00:00:00-05:00
ocds-dgv273-seacev3-1224541,ocds-dgv273-seacev3-1224541-2026-07-18T10:17:17.949883-05:00,1224541-20486993082,70000.0,PEN,Soles,2026-07-01T00:00:00-05:00
ocds-dgv273-seacev3-1226311,ocds-dgv273-seacev3-1226311-2026-07-18T10:17:17.920426-05:00,1226311-20604625883,174800.0,PEN,Soles,2026-06-30T00:00:00-05:00
ocds-dgv273-seacev3-1230366,ocds-dgv273-seacev3-1230366-2026-07-17T10:27:15.020247-05:00,1230366-20525240755,1023000.0,PEN,Soles,2026-07-13T00:00:00-05:00
ocds-dgv273-seacev3-1230366,ocds-dgv273-seacev3-1230366-2026-07-17T10:27:15.020247-05:00,1230366-20600675002,1086480.0,PEN,Soles,2026-07-13T00:00:00-05:00
ocds-dgv273-seacev3-2026-200125-13,ocds-dgv273-seacev3-2026-200125-13-2026-07-17T10:27:14.861175-05:00,1223305-20490214616,62400.0,PEN,Soles,2026-06-23T00:00:00-05:00
ocds-dgv273-seacev3-1220916,ocds-dgv273-seacev3-1220916-2026-07-17T10:27:14.653265-05:00,1220916-1802631,130515.9,PEN,Soles,2026-06-18T00:00:00-05:00
ocds-dgv273-seacev3-1228940,ocds-dgv273-seacev3-1228940-2026-07-17T10:27:13.945244-05:00,1228940-L1042548884,37712.0,USD,Dólar Norteamericano,2026-06-30T00:00:00-05:00
ocds-dgv273-seacev3-1226792,ocds-dgv273-seacev3-1226792-2026-07-17T10:27:12.842521-05:00,1226792-1806482,972576.72,PEN,Soles,2026-06-30T00:00:00-05:00
ocds-dgv273-seacev3-1222728,ocds-dgv273-seacev3-1222728-2026-07-17T10:27:12.410405-05:00,1222728-20455504351,93000.0,PEN,Soles,2026-06-17T00:00:00-05:00
ocds-dgv273-seacev3-1226354,ocds-dgv273-seacev3-1226354-2026-07-17T10:27:12.319500-05:00,1226354-20605317341,99580.0,PEN,Soles,2026-06-23T00:00:00-05:00
ocds-dgv273-seacev3-1225501,ocds-dgv273-seacev3-1225501-2026-07-17T10:27:12.228855-05:00,1225501-20605676864,85800.0,PEN,Soles,2026-06-30T00:00:00-05:00
ocds-dgv273-seacev3-1227706,ocds-dgv273-seacev3-1227706-2026-07-17T10:27:12.137869-05:00,1227706-10438271681,79900.0,PEN,Soles,2026-07-01T00:00:00-05:00
ocds-dgv273-seacev3-1227494,ocds-dgv273-seacev3-1227494-2026-07-17T10:27:12.058070-05:00,1227494-20447751152,52800.0,PEN,Soles,2026-06-30T00:00:00-05:00
ocds-dgv273-seacev3-1222974,ocds-dgv273-seacev3-1222974-2026-07-17T10:27:11.975682-05:00,1222974-10441390209,114000.0,PEN,Soles,2026-06-23T00:00:00-05:00
ocds-dgv273-seacev3-1227257,ocds-dgv273-seacev3-1227257-2026-07-17T10:27:11.843392-05:00,1227257-20604000042,66990.0,PEN,Soles,2026-06-26T00:00:00-05:00
ocds-dgv273-seacev3-1226895,ocds-dgv273-seacev3-1226895-2026-07-17T10:27:11.755940-05:00,1226895-20487198561,95600.0,PEN,Soles,2026-07-07T00:00:00-05:00
ocds-dgv273-seacev3-1226638,ocds-dgv273-seacev3-1226638-2026-07-17T10:27:11.208154-05:00,1226638-20607898228,424000.0,PEN,Soles,2026-06-22T00:00:00-05:00
ocds-dgv273-seacev3-1227586,ocds-dgv273-seacev3-1227586-2026-07-17T10:27:11.088657-05:00,1227586-20101098681,6201600.0,PEN,Soles,2026-07-03T00:00:00-05:00
ocds-dgv273-seacev3-1229104,ocds-dgv273-seacev3-1229104-2026-07-17T10:27:07.264861-05:00,1229104-1807825,147652.05,PEN,Soles,2026-07-07T00:00:00-05:00
ocds-dgv273-seacev3-1229304,ocds-dgv273-seacev3-1229304-2026-07-17T10:27:04.013874-05:00,1229304-20529016426,52383.0,PEN,Soles,2026-07-09T00:00:00-05:00
ocds-dgv273-seacev3-1222649,ocds-dgv273-seacev3-1222649-2026-07-17T10:27:03.826487-05:00,1222649-20602544789,322196.5,PEN,Soles,2026-06-17T00:00:00-05:00
ocds-dgv273-seacev3-1228982,ocds-dgv273-seacev3-1228982-2026-07-17T10:27:02.922368-05:00,1228982-20613792610,51300.0,PEN,Soles,2026-07-02T00:00:00-05:00
ocds-dgv273-seacev3-1226246,ocds-dgv273-seacev3-1226246-2026-07-17T10:27:02.401480-05:00,1226246-20607807231,61110.0,PEN,Soles,2026-06-23T00:00:00-05:00
ocds-dgv273-seacev3-1228462,ocds-dgv273-seacev3-1228462-2026-07-17T10:27:02.204296-05:00,1228462-20610546154,66510.0,PEN,Soles,2026-07-01T00:00:00-05:00
ocds-dgv273-seacev3-1225313,ocds-dgv273-seacev3-1225313-2026-07-17T10:27:01.772650-05:00,1225313-20100900247,4173.88,PEN,Soles,2026-06-26T00:00:00-05:00
ocds-dgv273-seacev3-1225313,ocds-dgv273-seacev3-1225313-2026-07-17T10:27:01.772650-05:00,1225313-20101331734,765.0,PEN,Soles,2026-06-26T00:00:00-05:00
ocds-dgv273-seacev3-1225313,ocds-dgv273-seacev3-1225313-2026-07-17T10:27:01.772650-05:00,1225313-20376181015,6136.0,PEN,Soles,2026-06-26T00:00:00-05:00
ocds-dgv273-seacev3-1225313,ocds-dgv273-seacev3-1225313-2026-07-17T10:27:01.772650-05:00,1225313-20516809524,7676.0,PEN,Soles,2026-06-26T00:00:00-05:00
ocds-dgv273-seacev3-1225313,ocds-dgv273-seacev3-1225313-2026-07-17T10:27:01.772650-05:00,1225313-20563266695,7594.0,PEN,Soles,2026-06-26T00:00:00-05:00
ocds-dgv273-seacev3-1225313,ocds-dgv273-seacev3-1225313-2026-07-17T10:27:01.772650-05:00,1225313-20600879431,2832.0,PEN,Soles,2026-06-26T00:00:00-05:00
ocds-dgv273-seacev3-1225313,ocds-dgv273-seacev3-1225313-2026-07-17T10:27:01.772650-05:00,1225313-20608435914,304.0,PEN,Soles,2026-06-26T00:00:00-05:00
ocds-dgv273-seacev3-1225313,ocds-dgv273-seacev3-1225313-2026-07-17T10:27:01.772650-05:00,1225313-20610507698,1115.0,PEN,Soles,2026-06-26T00:00:00-05:00
ocds-dgv273-seacev3-1223531,ocds-dgv273-seacev3-1223531-2026-07-17T10:27:01.537000-05:00,1223531-1808275,140000.0,PEN,Soles,2026-07-06T00:00:00-05:00
ocds-dgv273-seacev3-1226291,ocds-dgv273-seacev3-1226291-2026-07-17T10:27:01.475990-05:00,1226291-20610054359,198980.0,PEN,Soles,2026-07-07T00:00:00-05:00
ocds-dgv273-seacev3-1225837,ocds-dgv273-seacev3-1225837-2026-07-17T10:27:01.392290-05:00,1225837-10451812420,84500.0,PEN,Soles,2026-06-26T00:00:00-05:00
ocds-dgv273-seacev3-2026-200369-1,ocds-dgv273-seacev3-2026-200369-1-2026-07-17T10:27:01.131229-05:00,1221696-20606572159,70100.0,PEN,Soles,2026-06-12T00:00:00-05:00
ocds-dgv273-seacev3-2026-1956-4,ocds-dgv273-seacev3-2026-1956-4-2026-07-17T10:27:00.891796-05:00,1208788-20551541399,98250.0,PEN,Soles,2026-06-16T00:00:00-05:00
ocds-dgv273-seacev3-2026-1117-7,ocds-dgv273-seacev3-2026-1117-7-2026-07-17T10:27:00.791066-05:00,1221652-1801522,732215.11,PEN,Soles,2026-06-16T00:00:00-05:00
ocds-dgv273-seacev3-2026-10249-42,ocds-dgv273-seacev3-2026-10249-42-2026-07-17T10:27:00.680781-05:00,1224425-20510138831,143042.0,PEN,Soles,2026-06-24T00:00:00-05:00
ocds-dgv273-seacev3-1227774,ocds-dgv273-seacev3-1227774-2026-07-17T10:27:00.608884-05:00,1227774-10427341611,76030.0,PEN,Soles,2026-07-01T00:00:00-05:00
ocds-dgv273-seacev3-1225758,ocds-dgv273-seacev3-1225758-2026-07-17T10:27:00.502420-05:00,1225758-20511417253,564630.0,PEN,Soles,2026-06-19T00:00:00-05:00
ocds-dgv273-seacev3-1223460,ocds-dgv273-seacev3-1223460-2026-07-17T10:27:00.366137-05:00,1223460-10440633868,128005.0,PEN,Soles,2026-07-02T00:00:00-05:00
ocds-dgv273-seacev3-1221873,ocds-dgv273-seacev3-1221873-2026-07-17T10:27:00.333957-05:00,1221873-20600413571,56000.0,PEN,Soles,2026-06-22T00:00:00-05:00
ocds-dgv273-seacev3-1223109,ocds-dgv273-seacev3-1223109-2026-07-17T10:27:00.145693-05:00,1223109-1804802,4996240.01,PEN,Soles,2026-06-23T00:00:00-05:00
ocds-dgv273-seacev3-1226118,ocds-dgv273-seacev3-1226118-2026-07-17T10:26:52.893637-05:00,1226118-1807922,240657.0,PEN,Soles,2026-07-06T00:00:00-05:00
ocds-dgv273-seacev3-1224550,ocds-dgv273-seacev3-1224550-2026-07-17T10:26:51.891220-05:00,1224550-1807384,203388.9,PEN,Soles,2026-07-02T00:00:00-05:00
ocds-dgv273-seacev3-1219243,ocds-dgv273-seacev3-1219243-2026-07-17T10:26:51.404683-05:00,1219243-20100042500,278632.0,PEN,Soles,2026-07-02T00:00:00-05:00
ocds-dgv273-seacev3-1229169,ocds-dgv273-seacev3-1229169-2026-07-17T10:26:51.273395-05:00,1229169-10329105038,105000.0,PEN,Soles,2026-07-02T00:00:00-05:00
ocds-dgv273-seacev3-1223551,ocds-dgv273-seacev3-1223551-2026-07-17T10:26:51.078119-05:00,1223551-1802913,80000.0,PEN,Soles,2026-07-01T00:00:00-05:00
ocds-dgv273-seacev3-1229325,ocds-dgv273-seacev3-1229325-2026-07-17T10:26:50.908720-05:00,1229325-20607605174,98140.0,PEN,Soles,2026-07-03T00:00:00-05:00
ocds-dgv273-seacev3-1226940,ocds-dgv273-seacev3-1226940-2026-07-17T10:26:50.528268-05:00,1226940-20611066512,99396.4,PEN,Soles,2026-06-24T00:00:00-05:00
ocds-dgv273-seacev3-1224008,ocds-dgv273-seacev3-1224008-2026-07-17T10:26:50.434914-05:00,1224008-20606671718,1701768.0,PEN,Soles,2026-06-24T00:00:00-05:00
ocds-dgv273-seacev3-1227308,ocds-dgv273-seacev3-1227308-2026-07-17T10:26:49.938368-05:00,1227308-10105298396,98500.0,PEN,Soles,2026-06-26T00:00:00-05:00
ocds-dgv273-seacev3-1226972,ocds-dgv273-seacev3-1226972-2026-07-17T10:26:49.703904-05:00,1226972-20558349116,163463.0,PEN,Soles,2026-06-30T00:00:00-05:00
ocds-dgv273-seacev3-2026-1956-2,ocds-dgv273-seacev3-2026-1956-2-2026-07-17T10:26:49.570527-05:00,1208764-20533910361,55125.0,PEN,Soles,2026-06-16T00:00:00-05:00
ocds-dgv273-seacev3-1226482,ocds-dgv273-seacev3-1226482-2026-07-17T10:26:49.375058-05:00,1226482-20600331311,46527.46,PEN,Soles,2026-07-01T00:00:00-05:00
ocds-dgv273-seacev3-1226525,ocds-dgv273-seacev3-1226525-2026-07-17T10:26:49.210857-05:00,1226525-20526944934,96784.1,PEN,Soles,2026-06-30T00:00:00-05:00
ocds-dgv273-seacev3-1226600,ocds-dgv273-seacev3-1226600-2026-07-17T10:26:48.989986-05:00,1226600-20485592556,92000.0,PEN,Soles,2026-06-30T00:00:00-05:00
ocds-dgv273-seacev3-1229410,ocds-dgv273-seacev3-1229410-2026-07-17T10:26:44.897417-05:00,1229410-20613334387,61518.0,PEN,Soles,2026-07-07T00:00:00-05:00
ocds-dgv273-seacev3-1228943,ocds-dgv273-seacev3-1228943-2026-07-17T10:26:44.721587-05:00,1228943-20508191597,99400.0,PEN,Soles,2026-07-03T00:00:00-05:00
ocds-dgv273-seacev3-1230231,ocds-dgv273-seacev3-1230231-2026-07-17T10:26:42.383472-05:00,1230231-20606669870,59649.05,PEN,Soles,2026-07-01T00:00:00-05:00
ocds-dgv273-seacev3-1221115,ocds-dgv273-seacev3-1221115-2026-07-17T10:26:42.232917-05:00,1221115-20477361618,249040.0,PEN,Soles,2026-06-25T00:00:00-05:00
ocds-dgv273-seacev3-1223312,ocds-dgv273-seacev3-1223312-2026-07-17T10:26:42.178459-05:00,1223312-20487625656,56809.92,PEN,Soles,2026-06-23T00:00:00-05:00
ocds-dgv273-seacev3-1225230,ocds-dgv273-seacev3-1225230-2026-07-17T10:26:42.066630-05:00,1225230-10239583496,273000.0,PEN,Soles,2026-06-24T00:00:00-05:00
ocds-dgv273-seacev3-1227972,ocds-dgv273-seacev3-1227972-2026-07-17T10:26:41.353503-05:00,1227972-10075796477,74118.0,PEN,Soles,2026-07-06T00:00:00-05:00
ocds-dgv273-seacev3-1228967,ocds-dgv273-seacev3-1228967-2026-07-17T10:26:41.331349-05:00,1228967-20603232136,190000.0,PEN,Soles,2026-07-07T00:00:00-05:00
ocds-dgv273-seacev3-1223992,ocds-dgv273-seacev3-1223992-2026-07-17T10:26:40.456054-05:00,1223992-1805232,1453475.93,PEN,Soles,2026-06-25T00:00:00-05:00
ocds-dgv273-seacev3-1223761,ocds-dgv273-seacev3-1223761-2026-07-17T10:26:40.329514-05:00,1223761-1804400,219911.9,PEN,Soles,2026-06-23T00:00:00-05:00
ocds-dgv273-seacev3-1229000,ocds-dgv273-seacev3-1229000-2026-07-17T10:26:39.911979-05:00,1229000-10719638746,78000.0,PEN,Soles,2026-07-03T00:00:00-05:00
ocds-dgv273-seacev3-2026-1956-5,ocds-dgv273-seacev3-2026-1956-5-2026-07-17T10:26:39.759236-05:00,1208791-20533910361,42500.0,PEN,Soles,2026-06-16T00:00:00-05:00
ocds-dgv273-seacev3-2026-105388-4,ocds-dgv273-seacev3-2026-105388-4-2026-07-17T10:26:39.559004-05:00,1224158-10018649832,92668.0,PEN,Soles,2026-06-26T00:00:00-05:00
ocds-dgv273-seacev3-1226464,ocds-dgv273-seacev3-1226464-2026-07-17T10:26:39.382936-05:00,1226464-20605860193,188879.33,PEN,Soles,2026-07-02T00:00:00-05:00
ocds-dgv273-seacev3-1228221,ocds-dgv273-seacev3-1228221-2026-07-17T10:26:39.269205-05:00,1228221-10704468488,45752.81,PEN,Soles,2026-06-26T00:00:00-05:00
ocds-dgv273-seacev3-1224452,ocds-dgv273-seacev3-1224452-2026-07-17T10:26:38.721069-05:00,1224452-20494626978,296325.0,PEN,Soles,2026-06-30T00:00:00-05:00
ocds-dgv273-seacev3-1227095,ocds-dgv273-seacev3-1227095-2026-07-17T10:26:38.578308-05:00,1227095-20612620289,144500.0,PEN,Soles,2026-07-02T00:00:00-05:00
ocds-dgv273-seacev3-1224184,ocds-dgv273-seacev3-1224184-2026-07-17T10:26:38.544615-05:00,1224184-20100018625,95609.6,PEN,Soles,2026-06-19T00:00:00-05:00
ocds-dgv273-seacev3-1226453,ocds-dgv273-seacev3-1226453-2026-07-17T10:26:38.402860-05:00,1226453-20600765737,83084.75,PEN,Soles,2026-06-30T00:00:00-05:00
ocds-dgv273-seacev3-2026-2380-19,ocds-dgv273-seacev3-2026-2380-19-2026-07-17T10:26:38.227600-05:00,1224050-20508677571,373784.25,PEN,Soles,2026-06-19T00:00:00-05:00
ocds-dgv273-seacev3-1226463,ocds-dgv273-seacev3-1226463-2026-07-17T10:26:38.143858-05:00,1226463-20605860193,44311.87,PEN,Soles,2026-07-02T00:00:00-05:00
ocds-dgv273-seacev3-2026-200489-4,ocds-dgv273-seacev3-2026-200489-4-2026-07-17T10:26:38.112754-05:00,1221866-L9000032858,5051049.0,USD,Dólar Norteamericano,2026-06-03T00:00:00-05:00
ocds-dgv273-seacev3-1225930,ocds-dgv273-seacev3-1225930-2026-07-17T10:26:38.024789-05:00,1225930-20609625512,90000.0,PEN,Soles,2026-07-03T00:00:00-05:00
ocds-dgv273-seacev3-1227988,ocds-dgv273-seacev3-1227988-2026-07-17T10:26:32.923975-05:00,1227988-20346669625,171042.8,PEN,Soles,2026-07-08T00:00:00-05:00
ocds-dgv273-seacev3-2026-1956-7,ocds-dgv273-seacev3-2026-1956-7-2026-07-17T10:26:31.357057-05:00,1208840-20101322158,334765.0,PEN,Soles,2026-06-30T00:00:00-05:00
ocds-dgv273-seacev3-2026-1956-8,ocds-dgv273-seacev3-2026-1956-8-2026-07-17T10:26:31.283344-05:00,1208942-20101322158,165840.0,PEN,Soles,2026-06-30T00:00:00-05:00
ocds-dgv273-seacev3-1221572,ocds-dgv273-seacev3-1221572-2026-07-17T10:26:30.828266-05:00,1221572-20512636854,366660.0,PEN,Soles,2026-06-15T00:00:00-05:00
ocds-dgv273-seacev3-1225319,ocds-dgv273-seacev3-1225319-2026-07-17T10:26:30.532081-05:00,1225319-20486373297,553207.92,PEN,Soles,2026-06-26T00:00:00-05:00
ocds-dgv273-seacev3-1228105,ocds-dgv273-seacev3-1228105-2026-07-17T10:26:30.502142-05:00,1228105-20610680179,61750.0,PEN,Soles,2026-07-02T00:00:00-05:00
ocds-dgv273-seacev3-1223467,ocds-dgv273-seacev3-1223467-2026-07-17T10:26:30.328592-05:00,1223467-1804497,99500.0,PEN,Soles,2026-06-25T00:00:00-05:00
ocds-dgv273-seacev3-1226806,ocds-dgv273-seacev3-1226806-2026-07-17T10:26:29.567238-05:00,1226806-1807591,100000.0,PEN,Soles,2026-07-02T00:00:00-05:00
ocds-dgv273-seacev3-1221685,ocds-dgv273-seacev3-1221685-2026-07-17T10:26:29.375195-05:00,1221685-1801849,68800.0,PEN,Soles,2026-07-07T00:00:00-05:00
ocds-dgv273-seacev3-1221699,ocds-dgv273-seacev3-1221699-2026-07-17T10:26:28.442293-05:00,1221699-1803105,966466.78,PEN,Soles,2026-06-17T00:00:00-05:00
ocds-dgv273-seacev3-1228321,ocds-dgv273-seacev3-1228321-2026-07-17T10:26:27.655237-05:00,1228321-20448075720,81400.0,PEN,Soles,2026-07-10T00:00:00-05:00
ocds-dgv273-seacev3-1224163,ocds-dgv273-seacev3-1224163-2026-07-17T10:26:27.056825-05:00,1224163-10766208288,84000.0,PEN,Soles,2026-06-24T00:00:00-05:00
ocds-dgv273-seacev3-1222409,ocds-dgv273-seacev3-1222409-2026-07-17T10:26:26.862247-05:00,1222409-10447751751,35000.0,PEN,Soles,2026-06-22T00:00:00-05:00
ocds-dgv273-seacev3-2026-10577-2,ocds-dgv273-seacev3-2026-10577-2-2026-07-17T10:26:26.820853-05:00,1226725-20524590876,58824.73,PEN,Soles,2026-06-24T00:00:00-05:00
ocds-dgv273-seacev3-1226478,ocds-dgv273-seacev3-1226478-2026-07-17T10:26:26.805378-05:00,1226478-20600331311,41542.38,PEN,Soles,2026-07-01T00:00:00-05:00
ocds-dgv273-seacev3-1222497,ocds-dgv273-seacev3-1222497-2026-07-17T10:26:26.116845-05:00,1222497-10743611361,223900.0,PEN,Soles,2026-06-26T00:00:00-05:00
ocds-dgv273-seacev3-1228341,ocds-dgv273-seacev3-1228341-2026-07-17T10:26:25.818659-05:00,1228341-20604322091,98050.0,PEN,Soles,2026-07-02T00:00:00-05:00
ocds-dgv273-seacev3-1229771,ocds-dgv273-seacev3-1229771-2026-07-17T10:26:20.915090-05:00,1229771-10238517554,96650.0,PEN,Soles,2026-07-07T00:00:00-05:00
ocds-dgv273-seacev3-1228060,ocds-dgv273-seacev3-1228060-2026-07-17T10:26:20.056064-05:00,1228060-20605520031,98135.0,PEN,Soles,2026-06-30T00:00:00-05:00
ocds-dgv273-seacev3-1228694,ocds-dgv273-seacev3-1228694-2026-07-17T10:26:19.951391-05:00,1228694-1806471,8474856.3,PEN,Soles,2026-06-30T00:00:00-05:00
ocds-dgv273-seacev3-1221163,ocds-dgv273-seacev3-1221163-2026-07-17T10:26:18.782229-05:00,1221163-20492366031,334176.0,PEN,Soles,2026-06-25T00:00:00-05:00
ocds-dgv273-seacev3-1224804,ocds-dgv273-seacev3-1224804-2026-07-17T10:26:17.551084-05:00,1224804-20518759079,59175.0,PEN,Soles,2026-06-26T15:53:32-05:00
ocds-dgv273-seacev3-1222211,ocds-dgv273-seacev3-1222211-2026-07-17T10:26:17.501560-05:00,1222211-20409498362,51670.89,PEN,Soles,2026-06-22T00:00:00-05:00
ocds-dgv273-seacev3-1221328,ocds-dgv273-seacev3-1221328-2026-07-17T10:26:17.166246-05:00,1221328-20612332704,98332.0,PEN,Soles,2026-06-18T00:00:00-05:00
ocds-dgv273-seacev3-1220579,ocds-dgv273-seacev3-1220579-2026-07-17T10:26:16.666946-05:00,1220579-20614270064,574015.0,PEN,Soles,2026-06-17T00:00:00-05:00
ocds-dgv273-seacev3-1221366,ocds-dgv273-seacev3-1221366-2026-07-17T10:26:16.648044-05:00,1221366-20609760886,279000.0,PEN,Soles,2026-07-07T00:00:00-05:00
ocds-dgv273-seacev3-2026-1956-6,ocds-dgv273-seacev3-2026-1956-6-2026-07-17T10:26:16.615522-05:00,1208792-20101322158,348344.0,PEN,Soles,2026-06-16T00:00:00-05:00
ocds-dgv273-seacev3-1224071,ocds-dgv273-seacev3-1224071-2026-07-17T10:26:16.579077-05:00,1224071-20613031678,48960.0,PEN,Soles,2026-06-19T00:00:00-05:00
ocds-dgv273-seacev3-1226620,ocds-dgv273-seacev3-1226620-2026-07-17T10:26:16.259805-05:00,1226620-20606839031,198000.0,PEN,Soles,2026-07-02T00:00:00-05:00
ocds-dgv273-seacev3-1228737,ocds-dgv273-seacev3-1228737-2026-07-17T10:26:08.382987-05:00,1228737-20536083295,680000.0,PEN,Soles,2026-07-02T00:00:00-05:00
ocds-dgv273-seacev3-1229251,ocds-dgv273-seacev3-1229251-2026-07-17T10:26:08.092734-05:00,1229251-20609598248,99900.0,PEN,Soles,2026-07-06T00:00:00-05:00
ocds-dgv273-seacev3-1229704,ocds-dgv273-seacev3-1229704-2026-07-17T10:26:07.649376-05:00,1229704-10747036760,51990.0,PEN,Nuevos Soles,2026-07-06T00:00:00-05:00
ocds-dgv273-seacev3-1224434,ocds-dgv273-seacev3-1224434-2026-07-17T10:26:07.358141-05:00,1224434-20449404859,79100.0,PEN,Soles,2026-06-17T00:00:00-05:00
ocds-dgv273-seacev3-2026-200261-20,ocds-dgv273-seacev3-2026-200261-20-2026-07-17T10:26:07.261447-05:00,1222854-20610916385,71000.0,PEN,Soles,2026-07-07T00:00:00-05:00
ocds-dgv273-seacev3-1223633,ocds-dgv273-seacev3-1223633-2026-07-17T10:26:07.080014-05:00,1223633-20539768833,751702.83,PEN,Soles,2026-06-22T00:00:00-05:00
ocds-dgv273-seacev3-1223560,ocds-dgv273-seacev3-1223560-2026-07-17T10:26:06.657319-05:00,1223560-20100061474,684480.0,PEN,Soles,2026-06-18T00:00:00-05:00
ocds-dgv273-seacev3-1227689,ocds-dgv273-seacev3-1227689-2026-07-17T10:26:05.172132-05:00,1227689-20614011034,99000.0,PEN,Soles,2026-07-01T00:00:00-05:00
ocds-dgv273-seacev3-1224665,ocds-dgv273-seacev3-1224665-2026-07-17T10:26:05.089500-05:00,1224665-10224058921,72960.0,PEN,Soles,2026-06-23T00:00:00-05:00
ocds-dgv273-seacev3-1225509,ocds-dgv273-seacev3-1225509-2026-07-17T10:26:04.831224-05:00,1225509-1805986,76900.0,PEN,Soles,2026-07-06T00:00:00-05:00
ocds-dgv273-seacev3-2026-1956-3,ocds-dgv273-seacev3-2026-1956-3-2026-07-17T10:26:04.716291-05:00,1208767-20101322158,199680.0,PEN,Soles,2026-06-16T00:00:00-05:00
ocds-dgv273-seacev3-1225872,ocds-dgv273-seacev3-1225872-2026-07-17T10:26:04.687056-05:00,1225872-20601258171,143096.56,PEN,Soles,2026-06-26T00:00:00-05:00
ocds-dgv273-seacev3-1222753,ocds-dgv273-seacev3-1222753-2026-07-17T10:26:04.664959-05:00,1222753-20560177713,126995.0,PEN,Soles,2026-06-23T00:00:00-05:00
ocds-dgv273-seacev3-1222386,ocds-dgv273-seacev3-1222386-2026-07-17T10:26:04.386623-05:00,1222386-20604071080,193650.5,PEN,Soles,2026-06-16T00:00:00-05:00
ocds-dgv273-seacev3-1228081,ocds-dgv273-seacev3-1228081-2026-07-17T10:26:04.230909-05:00,1228081-20505363435,94900.0,PEN,Soles,2026-07-02T00:00:00-05:00
ocds-dgv273-seacev3-1223269,ocds-dgv273-seacev3-1223269-2026-07-17T10:26:04.007372-05:00,1223269-20602882251,284500.0,PEN,Soles,2026-06-22T00:00:00-05:00
ocds-dgv273-seacev3-1223425,ocds-dgv273-seacev3-1223425-2026-07-17T10:26:03.926899-05:00,1223425-10447248668,198239.5,PEN,Soles,2026-06-30T00:00:00-05:00
ocds-dgv273-seacev3-1226729,ocds-dgv273-seacev3-1226729-2026-07-17T10:26:03.883881-05:00,1226729-10457199118,182000.0,PEN,Soles,2026-07-03T00:00:00-05:00
ocds-dgv273-seacev3-1226012,ocds-dgv273-seacev3-1226012-2026-07-17T10:26:03.549179-05:00,1226012-20449458436,184721.68,PEN,Soles,2026-06-26T18:16:32-05:00
ocds-dgv273-seacev3-2026-200168-90,ocds-dgv273-seacev3-2026-200168-90-2026-07-16T10:26:14.207579-05:00,1230232-10068093371,42000.0,PEN,Soles,2026-07-14T00:00:00-05:00
ocds-dgv273-seacev3-1233732,ocds-dgv273-seacev3-1233732-2026-07-16T10:26:13.349485-05:00,1233732-10435599821,25500.0,PEN,Soles,2026-07-14T00:00:00-05:00
ocds-dgv273-seacev3-1225257,ocds-dgv273-seacev3-1225257-2026-07-16T10:26:11.613380-05:00,1225257-10432834820,89000.0,PEN,Soles,2026-07-02T00:00:00-05:00
ocds-dgv273-seacev3-1225706,ocds-dgv273-seacev3-1225706-2026-07-16T10:26:11.469758-05:00,1225706-10211381308,135314.1,PEN,Soles,2026-06-30T00:00:00-05:00
ocds-dgv273-seacev3-1221667,ocds-dgv273-seacev3-1221667-2026-07-16T10:26:10.476754-05:00,1221667-10747200071,165080.0,PEN,Soles,2026-06-19T00:00:00-05:00
ocds-dgv273-seacev3-1222010,ocds-dgv273-seacev3-1222010-2026-07-16T10:26:10.395688-05:00,1222010-1803934,65210.0,PEN,Soles,2026-06-24T00:00:00-05:00
ocds-dgv273-seacev3-1219680,ocds-dgv273-seacev3-1219680-2026-07-16T10:26:10.305816-05:00,1219680-10401213924,315817.51,PEN,Soles,2026-06-11T00:00:00-05:00
ocds-dgv273-seacev3-1227758,ocds-dgv273-seacev3-1227758-2026-07-16T10:26:10.285328-05:00,1227758-1809347,474254.25,PEN,Soles,2026-07-14T00:00:00-05:00
ocds-dgv273-seacev3-2026-178951-1,ocds-dgv273-seacev3-2026-178951-1-2026-07-16T10:26:08.769918-05:00,1224507-20565643496,426842.97,PEN,Soles,2026-06-23T00:00:00-05:00
ocds-dgv273-seacev3-1224317,ocds-dgv273-seacev3-1224317-2026-07-16T10:26:08.620219-05:00,1224317-1806224,150000.0,PEN,Soles,2026-06-26T00:00:00-05:00
ocds-dgv273-seacev3-1228259,ocds-dgv273-seacev3-1228259-2026-07-16T10:26:08.455212-05:00,1228259-20542677890,119900.0,PEN,Soles,2026-07-08T00:00:00-05:00
ocds-dgv273-seacev3-1227286,ocds-dgv273-seacev3-1227286-2026-07-16T10:26:07.903073-05:00,1227286-20178285336,98387.69,PEN,Soles,2026-07-08T00:00:00-05:00
ocds-dgv273-seacev3-1221596,ocds-dgv273-seacev3-1221596-2026-07-16T10:26:07.649480-05:00,1221596-20611585251,437000.0,PEN,Soles,2026-06-16T00:00:00-05:00
ocds-dgv273-seacev3-1222434,ocds-dgv273-seacev3-1222434-2026-07-16T10:26:07.553013-05:00,1222434-20609758954,250000.0,PEN,Soles,2026-06-19T00:00:00-05:00
ocds-dgv273-seacev3-1224966,ocds-dgv273-seacev3-1224966-2026-07-16T10:26:07.539152-05:00,1224966-L9000032910,65000.0,USD,Dólar Norteamericano,2026-06-18T00:00:00-05:00
ocds-dgv273-seacev3-1225424,ocds-dgv273-seacev3-1225424-2026-07-16T10:26:07.480444-05:00,1225424-20501262260,100000.0,PEN,Soles,2026-07-02T00:00:00-05:00
ocds-dgv273-seacev3-2026-1628-19,ocds-dgv273-seacev3-2026-1628-19-2026-07-16T10:26:07.384837-05:00,1225240-20612218308,171795.8,PEN,Soles,2026-06-26T00:00:00-05:00
ocds-dgv273-seacev3-1229807,ocds-dgv273-seacev3-1229807-2026-07-16T10:26:02.904167-05:00,1229807-10444183611,49000.0,PEN,Soles,2026-07-02T00:00:00-05:00
ocds-dgv273-seacev3-1229507,ocds-dgv273-seacev3-1229507-2026-07-16T10:26:02.065820-05:00,1229507-10769693209,64975.0,PEN,Soles,2026-07-06T00:00:00-05:00
ocds-dgv273-seacev3-1221821,ocds-dgv273-seacev3-1221821-2026-07-16T10:26:01.313106-05:00,1221821-20602728715,254000.0,PEN,Soles,2026-06-17T00:00:00-05:00
ocds-dgv273-seacev3-1230421,ocds-dgv273-seacev3-1230421-2026-07-16T10:26:00.190955-05:00,1230421-10419070021,30000.0,PEN,Soles,2026-07-06T00:00:00-05:00
ocds-dgv273-seacev3-1221392,ocds-dgv273-seacev3-1221392-2026-07-16T10:25:59.884240-05:00,1221392-20613022679,250751.4,PEN,Soles,2026-06-24T00:00:00-05:00
ocds-dgv273-seacev3-1226123,ocds-dgv273-seacev3-1226123-2026-07-16T10:25:59.723456-05:00,1226123-10195470621,67320.0,PEN,Soles,2026-07-01T00:00:00-05:00
ocds-dgv273-seacev3-1224342,ocds-dgv273-seacev3-1224342-2026-07-16T10:25:59.708603-05:00,1224342-10477783363,171472.0,PEN,Soles,2026-06-25T00:00:00-05:00
ocds-dgv273-seacev3-1225546,ocds-dgv273-seacev3-1225546-2026-07-16T10:25:59.043747-05:00,1225546-20605418881,328000.0,PEN,Nuevos Soles,2026-06-30T00:00:00-05:00
ocds-dgv273-seacev3-1224215,ocds-dgv273-seacev3-1224215-2026-07-16T10:25:58.077507-05:00,1224215-1804357,480852.86,PEN,Soles,2026-06-30T00:00:00-05:00
ocds-dgv273-seacev3-1221994,ocds-dgv273-seacev3-1221994-2026-07-16T10:25:58.012702-05:00,1221994-20338570041,561600.0,PEN,Soles,2026-07-13T00:00:00-05:00
ocds-dgv273-seacev3-1224290,ocds-dgv273-seacev3-1224290-2026-07-16T10:25:57.691308-05:00,1224290-20100210909,25876.26,USD,Dólar Norteamericano,2026-07-06T00:00:00-05:00
ocds-dgv273-seacev3-1222379,ocds-dgv273-seacev3-1222379-2026-07-16T10:25:57.641401-05:00,1222379-20559657817,70000.0,PEN,Nuevos Soles,2026-06-26T00:00:00-05:00
ocds-dgv273-seacev3-1225220,ocds-dgv273-seacev3-1225220-2026-07-16T10:25:57.452841-05:00,1225220-20603127642,185700.0,PEN,Soles,2026-07-06T00:00:00-05:00
ocds-dgv273-seacev3-1226852,ocds-dgv273-seacev3-1226852-2026-07-16T10:25:57.099450-05:00,1226852-20608709071,99980.0,PEN,Soles,2026-06-26T00:00:00-05:00
ocds-dgv273-seacev3-1225755,ocds-dgv273-seacev3-1225755-2026-07-16T10:25:50.672222-05:00,1225755-20601130158,98043.31,PEN,Soles,2026-06-22T00:00:00-05:00
ocds-dgv273-seacev3-1220354,ocds-dgv273-seacev3-1220354-2026-07-16T10:25:50.447868-05:00,1220354-10401213924,224576.36000000002,PEN,Soles,2026-06-12T00:00:00-05:00
ocds-dgv273-seacev3-1225033,ocds-dgv273-seacev3-1225033-2026-07-16T10:25:49.416241-05:00,1225033-20608696084,109307.72,PEN,Soles,2026-07-02T00:00:00-05:00
ocds-dgv273-seacev3-1221703,ocds-dgv273-seacev3-1221703-2026-07-16T10:25:48.895072-05:00,1221703-1801839,1790649.26,PEN,Soles,2026-06-17T00:00:00-05:00
ocds-dgv273-seacev3-1224959,ocds-dgv273-seacev3-1224959-2026-07-16T10:25:48.445546-05:00,1224959-20347268683,59940.0,PEN,Soles,2026-06-24T00:00:00-05:00
ocds-dgv273-seacev3-1223491,ocds-dgv273-seacev3-1223491-2026-07-16T10:25:47.758181-05:00,1223491-20145038384,118811.72,PEN,Soles,2026-07-06T00:00:00-05:00
ocds-dgv273-seacev3-1225085,ocds-dgv273-seacev3-1225085-2026-07-16T10:25:47.727827-05:00,1225085-10444256279,166000.0,PEN,Soles,2026-06-24T00:00:00-05:00
ocds-dgv273-seacev3-1230255,ocds-dgv273-seacev3-1230255-2026-07-16T10:25:47.503077-05:00,1230255-10441722686,17000.0,PEN,Soles,2026-07-06T00:00:00-05:00
ocds-dgv273-seacev3-1229447,ocds-dgv273-seacev3-1229447-2026-07-16T10:25:47.395442-05:00,1229447-20606969288,118000.0,PEN,Soles,2026-07-09T00:00:00-05:00
ocds-dgv273-seacev3-1223981,ocds-dgv273-seacev3-1223981-2026-07-16T10:25:47.295098-05:00,1223981-20547899475,100278.0,PEN,Soles,2026-07-01T00:00:00-05:00
ocds-dgv273-seacev3-1222979,ocds-dgv273-seacev3-1222979-2026-07-16T10:25:47.185159-05:00,1222979-10096594017,126000.0,PEN,Soles,2026-06-24T00:00:00-05:00
ocds-dgv273-seacev3-1223663,ocds-dgv273-seacev3-1223663-2026-07-16T10:25:46.864763-05:00,1223663-20564183009,15000.0,PEN,Soles,2026-06-15T00:00:00-05:00
ocds-dgv273-seacev3-2026-441-1,ocds-dgv273-seacev3-2026-441-1-2026-07-16T10:25:46.523483-05:00,1221559-20600683081,232344.0,PEN,Soles,2026-06-15T21:43:33-05:00
ocds-dgv273-seacev3-1228158,ocds-dgv273-seacev3-1228158-2026-07-16T10:25:46.244340-05:00,1228158-20100061474,78262.8,PEN,Soles,2026-07-02T00:00:00-05:00
ocds-dgv273-seacev3-1228158,ocds-dgv273-seacev3-1228158-2026-07-16T10:25:46.244340-05:00,1228158-20100091543,638055.0,PEN,Soles,2026-07-02T00:00:00-05:00
ocds-dgv273-seacev3-1228158,ocds-dgv273-seacev3-1228158-2026-07-16T10:25:46.244340-05:00,1228158-20100123682,200400.0,PEN,Soles,2026-07-02T00:00:00-05:00
ocds-dgv273-seacev3-1228158,ocds-dgv273-seacev3-1228158-2026-07-16T10:25:46.244340-05:00,1228158-20101260373,62272.0,PEN,Soles,2026-07-02T00:00:00-05:00
ocds-dgv273-seacev3-1228626,ocds-dgv273-seacev3-1228626-2026-07-16T10:25:41.327304-05:00,1228626-10701108391,84000.0,PEN,Soles,2026-07-02T00:00:00-05:00
ocds-dgv273-seacev3-1228331,ocds-dgv273-seacev3-1228331-2026-07-16T10:25:40.053369-05:00,1228331-10701151394,48000.0,PEN,Soles,2026-07-03T00:00:00-05:00
ocds-dgv273-seacev3-1224758,ocds-dgv273-seacev3-1224758-2026-07-16T10:25:39.805183-05:00,1224758-20456037411,406000.0,PEN,Soles,2026-06-25T00:00:00-05:00
ocds-dgv273-seacev3-1221260,ocds-dgv273-seacev3-1221260-2026-07-16T10:25:39.790189-05:00,1221260-10473222898,73000.0,PEN,Nuevos Soles,2026-06-10T00:00:00-05:00
ocds-dgv273-seacev3-1228219,ocds-dgv273-seacev3-1228219-2026-07-16T10:25:39.634880-05:00,1228219-1808544,112180.75,PEN,Soles,2026-07-13T00:00:00-05:00
ocds-dgv273-seacev3-1221635,ocds-dgv273-seacev3-1221635-2026-07-16T10:25:39.211068-05:00,1221635-20605110194,128899.0,PEN,Soles,2026-06-22T00:00:00-05:00
ocds-dgv273-seacev3-2026-10619-3,ocds-dgv273-seacev3-2026-10619-3-2026-07-16T10:25:38.876786-05:00,1223891-20393781832,296385.0,PEN,Soles,2026-06-25T00:00:00-05:00
ocds-dgv273-seacev3-1228502,ocds-dgv273-seacev3-1228502-2026-07-16T10:25:38.698760-05:00,1228502-20611556625,64380.0,PEN,Soles,2026-07-02T00:00:00-05:00
ocds-dgv273-seacev3-1226272,ocds-dgv273-seacev3-1226272-2026-07-16T10:25:38.528673-05:00,1226272-20608526120,206400.0,PEN,Soles,2026-07-02T00:00:00-05:00
ocds-dgv273-seacev3-1224929,ocds-dgv273-seacev3-1224929-2026-07-16T10:25:37.436271-05:00,1224929-10401059097,56000.0,PEN,Soles,2026-06-30T00:00:00-05:00
ocds-dgv273-seacev3-1226654,ocds-dgv273-seacev3-1226654-2026-07-16T10:25:37.260093-05:00,1226654-20613500261,101000.0,PEN,Soles,2026-07-01T00:00:00-05:00
ocds-dgv273-seacev3-1225815,ocds-dgv273-seacev3-1225815-2026-07-16T10:25:37.189906-05:00,1225815-20561241873,56700.0,PEN,Soles,2026-06-26T00:00:00-05:00
ocds-dgv273-seacev3-1230453,ocds-dgv273-seacev3-1230453-2026-07-16T10:25:36.988027-05:00,1230453-10467637148,30000.0,PEN,Soles,2026-07-06T00:00:00-05:00
ocds-dgv273-seacev3-1221889,ocds-dgv273-seacev3-1221889-2026-07-16T10:25:36.939464-05:00,1221889-20609208784,446000.0,PEN,Soles,2026-06-23T00:00:00-05:00
ocds-dgv273-seacev3-1227138,ocds-dgv273-seacev3-1227138-2026-07-16T10:25:36.392272-05:00,1227138-20610546154,98348.0,PEN,Soles,2026-06-30T00:00:00-05:00
ocds-dgv273-seacev3-1223332,ocds-dgv273-seacev3-1223332-2026-07-16T10:25:35.904234-05:00,1223332-1803756,85950.0,PEN,Soles,2026-06-23T00:00:00-05:00
ocds-dgv273-seacev3-1224484,ocds-dgv273-seacev3-1224484-2026-07-16T10:25:35.860369-05:00,1224484-20547899475,140356.0,PEN,Soles,2026-06-30T00:00:00-05:00
ocds-dgv273-seacev3-1224231,ocds-dgv273-seacev3-1224231-2026-07-16T10:25:35.530342-05:00,1224231-10473909591,44882.7,PEN,Soles,2026-06-17T00:00:00-05:00
ocds-dgv273-seacev3-1224402,ocds-dgv273-seacev3-1224402-2026-07-16T10:25:35.427100-05:00,1224402-20602080821,123348.68,PEN,Soles,2026-07-03T00:00:00-05:00
ocds-dgv273-seacev3-1224235,ocds-dgv273-seacev3-1224235-2026-07-16T10:25:35.411939-05:00,1224235-20600111150,77726.0,PEN,Soles,2026-06-19T00:00:00-05:00
ocds-dgv273-seacev3-1225779,ocds-dgv273-seacev3-1225779-2026-07-16T10:25:35.381220-05:00,1225779-1807131,484200.0,PEN,Soles,2026-07-13T00:00:00-05:00
ocds-dgv273-seacev3-1225080,ocds-dgv273-seacev3-1225080-2026-07-16T10:25:35.333900-05:00,1225080-10765615092,50840.0,PEN,Soles,2026-06-19T00:00:00-05:00
ocds-dgv273-seacev3-1225430,ocds-dgv273-seacev3-1225430-2026-07-16T10:25:35.266857-05:00,1225430-20608924320,152955.0,PEN,Soles,2026-06-26T18:37:09-05:00
ocds-dgv273-seacev3-1223484,ocds-dgv273-seacev3-1223484-2026-07-16T10:25:35.211192-05:00,1223484-20100096936,80036.64,PEN,Soles,2026-06-23T00:00:00-05:00
ocds-dgv273-seacev3-1226027,ocds-dgv273-seacev3-1226027-2026-07-16T10:25:34.857613-05:00,1226027-10088846180,50000.0,PEN,Soles,2026-06-16T00:00:00-05:00
ocds-dgv273-seacev3-1225151,ocds-dgv273-seacev3-1225151-2026-07-16T10:25:34.826504-05:00,1225151-20603234422,196000.0,PEN,Soles,2026-06-30T00:00:00-05:00
ocds-dgv273-seacev3-1222751,ocds-dgv273-seacev3-1222751-2026-07-16T10:25:34.732236-05:00,1222751-20615149587,1335250.0,PEN,Soles,2026-06-22T00:00:00-05:00
ocds-dgv273-seacev3-1225299,ocds-dgv273-seacev3-1225299-2026-07-16T10:25:34.667129-05:00,1225299-20101313833,2623428.0,PEN,Soles,2026-06-25T00:00:00-05:00
ocds-dgv273-seacev3-1227541,ocds-dgv273-seacev3-1227541-2026-07-16T10:25:34.489166-05:00,1227541-20601445302,63800.0,PEN,Soles,2026-07-06T00:00:00-05:00
ocds-dgv273-seacev3-1223194,ocds-dgv273-seacev3-1223194-2026-07-16T10:25:34.235507-05:00,1223194-1805188,158506.04,PEN,Soles,2026-07-06T00:00:00-05:00
ocds-dgv273-seacev3-2026-2543-464,ocds-dgv273-seacev3-2026-2543-464-2026-07-16T10:25:34.115914-05:00,1222881-20501848116,710000.0,PEN,Soles,2026-07-13T00:00:00-05:00
ocds-dgv273-seacev3-1222940,ocds-dgv273-seacev3-1222940-2026-07-16T10:25:34.086342-05:00,1222940-20602665101,56916.0,PEN,Soles,2026-06-18T15:06:57-05:00
ocds-dgv273-seacev3-1225050,ocds-dgv273-seacev3-1225050-2026-07-16T10:25:33.974899-05:00,1225050-10765615092,49420.0,PEN,Soles,2026-06-19T00:00:00-05:00
ocds-dgv273-seacev3-2026-1628-3,ocds-dgv273-seacev3-2026-1628-3-2026-07-16T10:25:33.960456-05:00,1225084-20612218308,290000.0,PEN,Soles,2026-06-25T00:00:00-05:00
ocds-dgv273-seacev3-1228712,ocds-dgv273-seacev3-1228712-2026-07-16T10:25:30.241732-05:00,1228712-20615867889,72960.0,PEN,Soles,2026-07-02T00:00:00-05:00
ocds-dgv273-seacev3-1222814,ocds-dgv273-seacev3-1222814-2026-07-16T10:25:27.136916-05:00,1222814-20101984291,67963.0,PEN,Soles,2026-06-26T00:00:00-05:00
ocds-dgv273-seacev3-1223841,ocds-dgv273-seacev3-1223841-2026-07-16T10:25:25.825395-05:00,1223841-1806054,1469805.39,PEN,Soles,2026-06-26T00:00:00-05:00
ocds-dgv273-seacev3-1225069,ocds-dgv273-seacev3-1225069-2026-07-16T10:25:25.716738-05:00,1225069-20612412180,514140.0,PEN,Soles,2026-06-24T00:00:00-05:00
ocds-dgv273-seacev3-1225674,ocds-dgv273-seacev3-1225674-2026-07-16T10:25:25.578461-05:00,1225674-1809148,158627.4,PEN,Soles,2026-07-08T00:00:00-05:00
ocds-dgv273-seacev3-1221157,ocds-dgv273-seacev3-1221157-2026-07-16T10:25:25.285447-05:00,1221157-1800873,162000.0,PEN,Soles,2026-06-17T00:00:00-05:00
ocds-dgv273-seacev3-1224117,ocds-dgv273-seacev3-1224117-2026-07-16T10:25:25.218037-05:00,1224117-1804396,84300.0,PEN,Soles,2026-06-23T00:00:00-05:00
ocds-dgv273-seacev3-1226007,ocds-dgv273-seacev3-1226007-2026-07-16T10:25:25.186041-05:00,1226007-20613329812,76244.0,PEN,Soles,2026-06-23T00:00:00-05:00
ocds-dgv273-seacev3-1223758,ocds-dgv273-seacev3-1223758-2026-07-16T10:25:24.743853-05:00,1223758-20529465140,2366378.77,PEN,Soles,2026-06-25T00:00:00-05:00
ocds-dgv273-seacev3-1227084,ocds-dgv273-seacev3-1227084-2026-07-16T10:25:24.202723-05:00,1227084-20494399386,138800.0,PEN,Soles,2026-07-01T00:00:00-05:00
ocds-dgv273-seacev3-1222334,ocds-dgv273-seacev3-1222334-2026-07-16T10:25:23.869369-05:00,1222334-20600528743,83500.0,PEN,Soles,2026-06-16T00:00:00-05:00
ocds-dgv273-seacev3-1221178,ocds-dgv273-seacev3-1221178-2026-07-16T10:25:23.765421-05:00,1221178-10800254812,278167.5,PEN,Soles,2026-06-19T00:00:00-05:00
ocds-dgv273-seacev3-1221686,ocds-dgv273-seacev3-1221686-2026-07-16T10:25:23.462880-05:00,1221686-20468787360,175640.0,PEN,Soles,2026-06-26T00:00:00-05:00
ocds-dgv273-seacev3-1226076,ocds-dgv273-seacev3-1226076-2026-07-16T10:25:23.344034-05:00,1226076-20601908183,122526.0,PEN,Soles,2026-07-03T00:00:00-05:00
ocds-dgv273-seacev3-1224306,ocds-dgv273-seacev3-1224306-2026-07-16T10:25:22.975118-05:00,1224306-20603482370,114500.0,PEN,Soles,2026-06-24T20:54:12-05:00
ocds-dgv273-seacev3-1227342,ocds-dgv273-seacev3-1227342-2026-07-16T10:25:22.841235-05:00,1227342-20600592557,85475.0,PEN,Soles,2026-06-25T00:00:00-05:00
ocds-dgv273-seacev3-1224504,ocds-dgv273-seacev3-1224504-2026-07-16T10:25:22.805885-05:00,1224504-20406428541,148376.0,PEN,Soles,2026-06-22T00:00:00-05:00
ocds-dgv273-seacev3-1222189,ocds-dgv273-seacev3-1222189-2026-07-16T10:25:17.194764-05:00,1222189-20602624987,478318.5,PEN,Soles,2026-06-16T00:00:00-05:00
ocds-dgv273-seacev3-2026-761-3,ocds-dgv273-seacev3-2026-761-3-2026-07-16T10:25:17.164985-05:00,1223873-20564182703,250050.6,PEN,Soles,2026-06-26T00:00:00-05:00
ocds-dgv273-seacev3-1229823,ocds-dgv273-seacev3-1229823-2026-07-16T10:25:16.945411-05:00,1229823-20608849280,48996.0,PEN,Soles,2026-07-03T00:00:00-05:00
ocds-dgv273-seacev3-1224035,ocds-dgv273-seacev3-1224035-2026-07-16T10:25:16.855660-05:00,1224035-20604022992,70000.0,PEN,Soles,2026-06-26T00:00:00-05:00
ocds-dgv273-seacev3-1230594,ocds-dgv273-seacev3-1230594-2026-07-16T10:25:16.770686-05:00,1230594-20559657817,89850.0,PEN,Soles,2026-07-08T00:00:00-05:00
ocds-dgv273-seacev3-1223351,ocds-dgv273-seacev3-1223351-2026-07-16T10:25:16.705830-05:00,1223351-20511037001,122162.4,PEN,Soles,2026-06-22T00:00:00-05:00
ocds-dgv273-seacev3-1227397,ocds-dgv273-seacev3-1227397-2026-07-16T10:25:16.660102-05:00,1227397-20547651007,53656.8,PEN,Soles,2026-06-26T00:00:00-05:00
ocds-dgv273-seacev3-1225718,ocds-dgv273-seacev3-1225718-2026-07-16T10:25:16.266628-05:00,1225718-20556510190,484000.0,PEN,Soles,2026-06-26T00:00:00-05:00
ocds-dgv273-seacev3-1223108,ocds-dgv273-seacev3-1223108-2026-07-16T10:25:15.929155-05:00,1223108-20415955821,114000.0,PEN,Soles,2026-06-25T00:00:00-05:00
ocds-dgv273-seacev3-1224688,ocds-dgv273-seacev3-1224688-2026-07-16T10:25:14.713923-05:00,1224688-20611629584,70305.0,PEN,Soles,2026-06-23T00:00:00-05:00
ocds-dgv273-seacev3-1229730,ocds-dgv273-seacev3-1229730-2026-07-16T10:25:14.533802-05:00,1229730-1808492,326100.0,PEN,Soles,2026-07-06T00:00:00-05:00
ocds-dgv273-seacev3-1229189,ocds-dgv273-seacev3-1229189-2026-07-16T10:25:14.456457-05:00,1229189-20601176956,842553.6,PEN,Soles,2026-07-08T00:00:00-05:00
ocds-dgv273-seacev3-1226235,ocds-dgv273-seacev3-1226235-2026-07-16T10:25:14.373553-05:00,1226235-20615692973,269470.0,PEN,Soles,2026-07-07T00:00:00-05:00
ocds-dgv273-seacev3-1228004,ocds-dgv273-seacev3-1228004-2026-07-16T10:25:14.203872-05:00,1228004-10410689095,50000.0,PEN,Soles,2026-07-02T00:00:00-05:00
ocds-dgv273-seacev3-1227814,ocds-dgv273-seacev3-1227814-2026-07-16T10:25:14.191347-05:00,1227814-20454571259,125404.45,PEN,Soles,2026-07-06T00:00:00-05:00
ocds-dgv273-seacev3-1225836,ocds-dgv273-seacev3-1225836-2026-07-16T10:25:13.913248-05:00,1225836-10002167684,228000.0,PEN,Soles,2026-07-07T00:00:00-05:00
ocds-dgv273-seacev3-1224358,ocds-dgv273-seacev3-1224358-2026-07-16T10:25:13.812785-05:00,1224358-1804653,333298.0,PEN,Soles,2026-06-23T00:00:00-05:00
ocds-dgv273-seacev3-1225071,ocds-dgv273-seacev3-1225071-2026-07-16T10:25:13.565370-05:00,1225071-20601709571,45216.0,PEN,Soles,2026-06-24T00:00:00-05:00
ocds-dgv273-seacev3-1228810,ocds-dgv273-seacev3-1228810-2026-07-16T10:25:07.787890-05:00,1228810-20523290194,45424.7,PEN,Soles,2026-07-02T00:00:00-05:00
ocds-dgv273-seacev3-1227077,ocds-dgv273-seacev3-1227077-2026-07-16T10:25:05.703113-05:00,1227077-20100329205,175300.0,PEN,Soles,2026-07-01T00:00:00-05:00
ocds-dgv273-seacev3-1229508,ocds-dgv273-seacev3-1229508-2026-07-16T10:25:05.058204-05:00,1229508-10769693209,74331.4,PEN,Soles,2026-07-06T00:00:00-05:00
ocds-dgv273-seacev3-1228954,ocds-dgv273-seacev3-1228954-2026-07-16T10:25:04.896147-05:00,1228954-20614410249,98900.0,PEN,Soles,2026-07-02T00:00:00-05:00
ocds-dgv273-seacev3-2026-32-41,ocds-dgv273-seacev3-2026-32-41-2026-07-16T10:25:04.398747-05:00,1221936-20487198561,124000.0,PEN,Soles,2026-06-25T00:00:00-05:00
ocds-dgv273-seacev3-1219816,ocds-dgv273-seacev3-1219816-2026-07-16T10:25:04.186926-05:00,1219816-10758841851,111823.8,PEN,Soles,2026-06-11T00:00:00-05:00
ocds-dgv273-seacev3-1219816,ocds-dgv273-seacev3-1219816-2026-07-16T10:25:04.186926-05:00,1219816-20601150078,199299.46,PEN,Soles,2026-06-11T00:00:00-05:00
ocds-dgv273-seacev3-1219816,ocds-dgv273-seacev3-1219816-2026-07-16T10:25:04.186926-05:00,1219816-20603658206,167271.53,PEN,Soles,2026-06-11T00:00:00-05:00
ocds-dgv273-seacev3-1221094,ocds-dgv273-seacev3-1221094-2026-07-16T10:25:04.071898-05:00,1221094-20615775909,57030.4,PEN,Soles,2026-06-23T00:00:00-05:00
ocds-dgv273-seacev3-1221212,ocds-dgv273-seacev3-1221212-2026-07-16T10:25:03.588069-05:00,1221212-1801758,255500.0,PEN,Soles,2026-06-16T00:00:00-05:00
ocds-dgv273-seacev3-1225450,ocds-dgv273-seacev3-1225450-2026-07-16T10:25:03.374849-05:00,1225450-10239403226,121839.0,PEN,Soles,2026-06-25T00:00:00-05:00
ocds-dgv273-seacev3-1228316,ocds-dgv273-seacev3-1228316-2026-07-16T10:25:02.197477-05:00,1228316-20614294320,96000.0,PEN,Soles,2026-07-02T00:00:00-05:00
ocds-dgv273-seacev3-1222464,ocds-dgv273-seacev3-1222464-2026-07-16T10:25:02.182661-05:00,1222464-10425569215,78000.0,PEN,Soles,2026-06-24T00:00:00-05:00
ocds-dgv273-seacev3-1228292,ocds-dgv273-seacev3-1228292-2026-07-16T10:25:01.987053-05:00,1228292-20610275550,53750.0,PEN,Soles,2026-07-02T00:00:00-05:00
ocds-dgv273-seacev3-1223903,ocds-dgv273-seacev3-1223903-2026-07-16T10:25:01.840566-05:00,1223903-20559219119,384000.0,PEN,Soles,2026-06-12T00:00:00-05:00
ocds-dgv273-seacev3-1226368,ocds-dgv273-seacev3-1226368-2026-07-16T10:25:01.722501-05:00,1226368-20603958030,361180.0,PEN,Soles,2026-06-26T00:00:00-05:00
ocds-dgv273-seacev3-1227855,ocds-dgv273-seacev3-1227855-2026-07-16T10:25:01.498163-05:00,1227855-1808264,429419.62,PEN,Soles,2026-07-06T00:00:00-05:00
ocds-dgv273-seacev3-1226579,ocds-dgv273-seacev3-1226579-2026-07-16T10:25:01.425266-05:00,1226579-1807429,302387.13,PEN,Soles,2026-07-06T00:00:00-05:00
ocds-dgv273-seacev3-1227358,ocds-dgv273-seacev3-1227358-2026-07-16T10:25:01.352458-05:00,1227358-20494224748,65269.0,PEN,Soles,2026-06-19T00:00:00-05:00
ocds-dgv273-seacev3-1225407,ocds-dgv273-seacev3-1225407-2026-07-16T10:25:01.322568-05:00,1225407-20542752930,56028.0,PEN,Soles,2026-06-22T00:00:00-05:00
ocds-dgv273-seacev3-1225305,ocds-dgv273-seacev3-1225305-2026-07-16T10:25:01.242172-05:00,1225305-20100096936,116307.9,PEN,Soles,2026-06-23T00:00:00-05:00
ocds-dgv273-seacev3-1222966,ocds-dgv273-seacev3-1222966-2026-07-16T10:25:01.227652-05:00,1222966-20452838363,71740.0,PEN,Soles,2026-06-25T00:00:00-05:00
ocds-dgv273-seacev3-1228206,ocds-dgv273-seacev3-1228206-2026-07-16T10:25:00.962173-05:00,1228206-20608373285,53400.0,PEN,Soles,2026-07-03T00:00:00-05:00
ocds-dgv273-seacev3-1227430,ocds-dgv273-seacev3-1227430-2026-07-16T10:25:00.835114-05:00,1227430-1805883,76800.0,PEN,Soles,2026-06-26T00:00:00-05:00
ocds-dgv273-seacev3-1226985,ocds-dgv273-seacev3-1226985-2026-07-16T10:25:00.673222-05:00,1226985-20573182104,97179.6,PEN,Soles,2026-06-26T00:00:00-05:00
ocds-dgv273-seacev3-1222549,ocds-dgv273-seacev3-1222549-2026-07-16T10:25:00.419982-05:00,1222549-20609782685,351497.34,PEN,Soles,2026-06-10T00:00:00-05:00
ocds-dgv273-seacev3-1224609,ocds-dgv273-seacev3-1224609-2026-07-16T10:25:00.164261-05:00,1224609-20603574142,77400.0,PEN,Soles,2026-06-24T00:00:00-05:00
ocds-dgv273-seacev3-1221723,ocds-dgv273-seacev3-1221723-2026-07-16T10:25:00.146919-05:00,1221723-1801650,177000.0,PEN,Soles,2026-06-15T00:00:00-05:00
ocds-dgv273-seacev3-1182109,ocds-dgv273-seacev3-1182109-2026-07-16T10:24:59.882042-05:00,1182109-20601011469,62490.0,PEN,Soles,2026-06-25T00:00:00-05:00
ocds-dgv273-seacev3-1229808,ocds-dgv273-seacev3-1229808-2026-07-15T10:30:58.618245-05:00,1229808-1810789,325988.06,PEN,Soles,2026-07-13T00:00:00-05:00
ocds-dgv273-seacev3-1229351,ocds-dgv273-seacev3-1229351-2026-07-15T10:30:57.501984-05:00,1229351-L0000003172,17006.52,EUR,Euro,2026-06-26T00:00:00-05:00
ocds-dgv273-seacev3-1223716,ocds-dgv273-seacev3-1223716-2026-07-15T10:30:55.208922-05:00,1223716-20611077841,74850.0,PEN,Soles,2026-06-22T00:00:00-05:00
ocds-dgv273-seacev3-1229158,ocds-dgv273-seacev3-1229158-2026-07-15T10:30:54.392691-05:00,1229158-20601021642,87501.5,PEN,Soles,2026-07-01T00:00:00-05:00
ocds-dgv273-seacev3-1226279,ocds-dgv273-seacev3-1226279-2026-07-15T10:30:54.335142-05:00,1226279-20611929006,99258.0,PEN,Soles,2026-06-23T00:00:00-05:00
ocds-dgv273-seacev3-1224853,ocds-dgv273-seacev3-1224853-2026-07-15T10:30:54.309166-05:00,1224853-1806140,81165.7,PEN,Soles,2026-07-03T00:00:00-05:00
ocds-dgv273-seacev3-1228297,ocds-dgv273-seacev3-1228297-2026-07-15T10:30:53.872377-05:00,1228297-20611412534,209400.0,PEN,Soles,2026-07-08T00:00:00-05:00
ocds-dgv273-seacev3-1228645,ocds-dgv273-seacev3-1228645-2026-07-15T10:30:53.242615-05:00,1228645-15611311386,3420.0,PEN,Soles,2026-07-10T00:00:00-05:00
ocds-dgv273-seacev3-1224488,ocds-dgv273-seacev3-1224488-2026-07-15T10:30:53.227490-05:00,1224488-10771750503,59500.0,PEN,Soles,2026-06-17T00:00:00-05:00
ocds-dgv273-seacev3-1223405,ocds-dgv273-seacev3-1223405-2026-07-15T10:30:52.680216-05:00,1223405-20555901179,45990.0,PEN,Soles,2026-06-22T00:00:00-05:00
ocds-dgv273-seacev3-1225617,ocds-dgv273-seacev3-1225617-2026-07-15T10:30:52.652319-05:00,1225617-20507883266,52428.6,PEN,Soles,2026-06-23T00:00:00-05:00
ocds-dgv273-seacev3-1221823,ocds-dgv273-seacev3-1221823-2026-07-15T10:30:51.592344-05:00,1221823-20601888514,82328.0,PEN,Soles,2026-06-15T00:00:00-05:00
ocds-dgv273-seacev3-1223622,ocds-dgv273-seacev3-1223622-2026-07-15T10:30:51.379432-05:00,1223622-20611518456,85000.0,PEN,Soles,2026-06-17T00:00:00-05:00
ocds-dgv273-seacev3-1227159,ocds-dgv273-seacev3-1227159-2026-07-15T10:30:51.196509-05:00,1227159-20100042500,637123.3,PEN,Soles,2026-06-25T00:00:00-05:00
ocds-dgv273-seacev3-1225177,ocds-dgv273-seacev3-1225177-2026-07-15T10:30:45.454518-05:00,1225177-10316628473,394338.0,PEN,Soles,2026-06-23T00:00:00-05:00
ocds-dgv273-seacev3-1229268,ocds-dgv273-seacev3-1229268-2026-07-15T10:30:45.125885-05:00,1229268-L5552918239,26000.0,EUR,Euro,2026-06-26T00:00:00-05:00
ocds-dgv273-seacev3-1228509,ocds-dgv273-seacev3-1228509-2026-07-15T10:30:44.228925-05:00,1228509-10439123686,60000.0,PEN,Soles,2026-07-10T00:00:00-05:00
ocds-dgv273-seacev3-1225128,ocds-dgv273-seacev3-1225128-2026-07-15T10:30:44.071279-05:00,1225128-20551534261,190000.0,PEN,Soles,2026-07-01T00:00:00-05:00
ocds-dgv273-seacev3-1231356,ocds-dgv273-seacev3-1231356-2026-07-15T10:30:43.975145-05:00,1231356-10420983978,18000.0,PEN,Nuevos Soles,2026-07-09T00:00:00-05:00
ocds-dgv273-seacev3-1223904,ocds-dgv273-seacev3-1223904-2026-07-15T10:30:43.919259-05:00,1223904-10425777721,71362.5,PEN,Soles,2026-06-19T00:00:00-05:00
ocds-dgv273-seacev3-1225325,ocds-dgv273-seacev3-1225325-2026-07-15T10:30:43.865098-05:00,1225325-20100287791,1230000.0,PEN,Soles,2026-06-24T00:00:00-05:00
ocds-dgv273-seacev3-1227408,ocds-dgv273-seacev3-1227408-2026-07-15T10:30:43.553064-05:00,1227408-20541137654,117033.0,PEN,Soles,2026-07-06T00:00:00-05:00
ocds-dgv273-seacev3-1226645,ocds-dgv273-seacev3-1226645-2026-07-15T10:30:43.117650-05:00,1226645-20609318431,93794.1,PEN,Soles,2026-06-25T00:00:00-05:00
ocds-dgv273-seacev3-2026-1104-1,ocds-dgv273-seacev3-2026-1104-1-2026-07-15T10:30:42.944195-05:00,1222838-10458946901,85650.0,PEN,Soles,2026-07-02T00:00:00-05:00
ocds-dgv273-seacev3-1228441,ocds-dgv273-seacev3-1228441-2026-07-15T10:30:42.782939-05:00,1228441-L9000032951,338081.52,PEN,Soles,2026-07-02T00:00:00-05:00
ocds-dgv273-seacev3-1228104,ocds-dgv273-seacev3-1228104-2026-07-15T10:30:42.303215-05:00,1228104-20610610871,249990.0,PEN,Soles,2026-07-01T00:00:00-05:00
ocds-dgv273-seacev3-1226912,ocds-dgv273-seacev3-1226912-2026-07-15T10:30:42.065432-05:00,1226912-20608444735,98055.2,PEN,Soles,2026-07-03T00:00:00-05:00
ocds-dgv273-seacev3-1227105,ocds-dgv273-seacev3-1227105-2026-07-15T10:30:41.503358-05:00,1227105-20604302235,39333.0,PEN,Soles,2026-07-01T00:00:00-05:00
ocds-dgv273-seacev3-1225692,ocds-dgv273-seacev3-1225692-2026-07-15T10:30:41.489027-05:00,1225692-20602201831,99450.0,PEN,Soles,2026-06-22T00:00:00-05:00
ocds-dgv273-seacev3-1221004,ocds-dgv273-seacev3-1221004-2026-07-15T10:30:40.980230-05:00,1221004-10444256279,130999.0,PEN,Soles,2026-06-12T00:00:00-05:00
ocds-dgv273-seacev3-2026-1947-97,ocds-dgv273-seacev3-2026-1947-97-2026-07-15T10:30:40.952885-05:00,1227578-L9000032924,43212.25,USD,Dólar Norteamericano,2026-06-22T00:00:00-05:00
ocds-dgv273-seacev3-1226899,ocds-dgv273-seacev3-1226899-2026-07-15T10:30:40.897944-05:00,1226899-20506813191,194985.0,PEN,Soles,2026-07-03T00:00:00-05:00
ocds-dgv273-seacev3-1222997,ocds-dgv273-seacev3-1222997-2026-07-15T10:30:40.047094-05:00,1222997-20600852346,116958.3,PEN,Soles,2026-06-17T00:00:00-05:00
ocds-dgv273-seacev3-1229235,ocds-dgv273-seacev3-1229235-2026-07-15T10:30:34.175770-05:00,1229235-L0000003172,25817.5,EUR,Euro,2026-06-26T00:00:00-05:00
ocds-dgv273-seacev3-1223555,ocds-dgv273-seacev3-1223555-2026-07-15T10:30:33.606941-05:00,1223555-20544172761,300000.0,PEN,Soles,2026-06-22T00:00:00-05:00
ocds-dgv273-seacev3-1227279,ocds-dgv273-seacev3-1227279-2026-07-15T10:30:32.588508-05:00,1227279-20534572663,59980.0,PEN,Soles,2026-06-25T00:00:00-05:00
ocds-dgv273-seacev3-1226161,ocds-dgv273-seacev3-1226161-2026-07-15T10:30:31.402541-05:00,1226161-10428014419,85000.0,PEN,Soles,2026-06-23T00:00:00-05:00
ocds-dgv273-seacev3-1226230,ocds-dgv273-seacev3-1226230-2026-07-15T10:30:30.629034-05:00,1226230-20561241873,52800.0,PEN,Soles,2026-06-26T00:00:00-05:00
ocds-dgv273-seacev3-1225850,ocds-dgv273-seacev3-1225850-2026-07-15T10:30:30.512683-05:00,1225850-10432065567,80498.0,PEN,Soles,2026-06-23T00:00:00-05:00
ocds-dgv273-seacev3-1223573,ocds-dgv273-seacev3-1223573-2026-07-15T10:30:30.300137-05:00,1223573-20126204460,3951521.16,PEN,Soles,2026-06-25T00:00:00-05:00
ocds-dgv273-seacev3-1223679,ocds-dgv273-seacev3-1223679-2026-07-15T10:30:30.154628-05:00,1223679-1801076,115736.65,PEN,Soles,2026-06-11T00:00:00-05:00
ocds-dgv273-seacev3-1222792,ocds-dgv273-seacev3-1222792-2026-07-15T10:30:29.877007-05:00,1222792-10702895681,158000.0,PEN,Soles,2026-06-18T00:00:00-05:00
ocds-dgv273-seacev3-1223419,ocds-dgv273-seacev3-1223419-2026-07-15T10:30:29.741107-05:00,1223419-20601647771,80175.0,PEN,Soles,2026-06-19T00:00:00-05:00
ocds-dgv273-seacev3-1225511,ocds-dgv273-seacev3-1225511-2026-07-15T10:30:29.394844-05:00,1225511-20604469636,245000.0,PEN,Soles,2026-06-30T00:00:00-05:00
ocds-dgv273-seacev3-2026-2373-8,ocds-dgv273-seacev3-2026-2373-8-2026-07-15T10:30:29.366125-05:00,1222737-1804244,267770.8,PEN,Soles,2026-07-03T00:00:00-05:00
ocds-dgv273-seacev3-1226461,ocds-dgv273-seacev3-1226461-2026-07-15T10:30:29.241996-05:00,1226461-20600331311,55389.84,PEN,Soles,2026-06-30T00:00:00-05:00
ocds-dgv273-seacev3-1221445,ocds-dgv273-seacev3-1221445-2026-07-15T10:30:28.712250-05:00,1221445-20601673003,101000.0,PEN,Soles,2026-06-12T20:10:21-05:00
ocds-dgv273-seacev3-1224960,ocds-dgv273-seacev3-1224960-2026-07-15T10:30:28.349414-05:00,1224960-20602459145,97350.0,PEN,Soles,2026-06-19T00:00:00-05:00
ocds-dgv273-seacev3-1224931,ocds-dgv273-seacev3-1224931-2026-07-15T10:30:28.260313-05:00,1224931-20607000035,209000.0,PEN,Soles,2026-06-30T00:00:00-05:00
ocds-dgv273-seacev3-1223102,ocds-dgv273-seacev3-1223102-2026-07-15T10:30:28.163213-05:00,1223102-20610571612,398555.8,PEN,Nuevos Soles,2026-06-23T00:00:00-05:00
ocds-dgv273-seacev3-1227217,ocds-dgv273-seacev3-1227217-2026-07-15T10:30:22.813144-05:00,1227217-20602811531,31496.4,PEN,Soles,2026-07-03T00:00:00-05:00
ocds-dgv273-seacev3-1228798,ocds-dgv273-seacev3-1228798-2026-07-15T10:30:22.494728-05:00,1228798-10064977518,306000.0,USD,Dólar Norteamericano,2026-06-30T00:00:00-05:00
ocds-dgv273-seacev3-1222215,ocds-dgv273-seacev3-1222215-2026-07-15T10:30:22.435614-05:00,1222215-20610667504,111850.0,PEN,Soles,2026-06-17T00:00:00-05:00
ocds-dgv273-seacev3-1221727,ocds-dgv273-seacev3-1221727-2026-07-15T10:30:21.432627-05:00,1221727-20605422269,234548.77,PEN,Soles,2026-06-23T00:00:00-05:00
ocds-dgv273-seacev3-1228794,ocds-dgv273-seacev3-1228794-2026-07-15T10:30:19.871301-05:00,1228794-20612436372,92650.0,PEN,Soles,2026-06-25T00:00:00-05:00
ocds-dgv273-seacev3-1222201,ocds-dgv273-seacev3-1222201-2026-07-15T10:30:19.589025-05:00,1222201-20450302610,123810.0,PEN,Soles,2026-06-12T00:00:00-05:00
ocds-dgv273-seacev3-1222644,ocds-dgv273-seacev3-1222644-2026-07-15T10:30:19.352640-05:00,1222644-20602670326,253486.0,PEN,Soles,2026-06-17T00:00:00-05:00
ocds-dgv273-seacev3-2026-1383-2,ocds-dgv273-seacev3-2026-1383-2-2026-07-15T10:30:18.699540-05:00,1221669-1801941,263925.76,PEN,Soles,2026-06-15T00:00:00-05:00
ocds-dgv273-seacev3-1225161,ocds-dgv273-seacev3-1225161-2026-07-15T10:30:18.546594-05:00,1225161-1803529,3999500.0,PEN,Soles,2026-06-18T00:00:00-05:00
ocds-dgv273-seacev3-1221942,ocds-dgv273-seacev3-1221942-2026-07-15T10:30:18.337691-05:00,1221942-1804085,377512.8,PEN,Soles,2026-06-24T00:00:00-05:00
ocds-dgv273-seacev3-1224222,ocds-dgv273-seacev3-1224222-2026-07-15T10:30:18.190251-05:00,1224222-10404809135,220800.0,PEN,Soles,2026-06-25T00:00:00-05:00
ocds-dgv273-seacev3-1221830,ocds-dgv273-seacev3-1221830-2026-07-15T10:30:17.757256-05:00,1221830-20610605240,93139.0,PEN,Soles,2026-06-15T00:00:00-05:00
ocds-dgv273-seacev3-1226557,ocds-dgv273-seacev3-1226557-2026-07-15T10:30:17.483897-05:00,1226557-20609298007,96800.0,PEN,Soles,2026-06-25T00:00:00-05:00
ocds-dgv273-seacev3-1222672,ocds-dgv273-seacev3-1222672-2026-07-15T10:30:17.121119-05:00,1222672-20347268683,58500.0,PEN,Soles,2026-06-22T00:00:00-05:00
ocds-dgv273-seacev3-1221812,ocds-dgv273-seacev3-1221812-2026-07-15T10:30:11.032242-05:00,1221812-20568298498,170480.0,PEN,Soles,2026-06-15T00:00:00-05:00
ocds-dgv273-seacev3-1224243,ocds-dgv273-seacev3-1224243-2026-07-15T10:30:10.928794-05:00,1224243-20613080768,195000.0,PEN,Soles,2026-06-19T00:00:00-05:00
ocds-dgv273-seacev3-1222398,ocds-dgv273-seacev3-1222398-2026-07-15T10:30:10.886375-05:00,1222398-20528168826,349180.0,PEN,Soles,2026-06-17T00:00:00-05:00
ocds-dgv273-seacev3-1225729,ocds-dgv273-seacev3-1225729-2026-07-15T10:30:10.584219-05:00,1225729-10789699424,99660.0,PEN,Soles,2026-06-22T00:00:00-05:00
ocds-dgv273-seacev3-1223579,ocds-dgv273-seacev3-1223579-2026-07-15T10:30:10.282540-05:00,1223579-20552895496,312400.0,PEN,Soles,2026-06-24T00:00:00-05:00
ocds-dgv273-seacev3-1221031,ocds-dgv273-seacev3-1221031-2026-07-15T10:30:09.966957-05:00,1221031-20600519884,58504.0,PEN,Soles,2026-07-06T00:00:00-05:00
ocds-dgv273-seacev3-1221114,ocds-dgv273-seacev3-1221114-2026-07-15T10:30:09.699257-05:00,1221114-20516728958,56672.37,PEN,Soles,2026-06-25T00:00:00-05:00
ocds-dgv273-seacev3-1226338,ocds-dgv273-seacev3-1226338-2026-07-15T10:30:08.480013-05:00,1226338-1804765,1149677.6,PEN,Soles,2026-06-24T00:00:00-05:00
ocds-dgv273-seacev3-1223654,ocds-dgv273-seacev3-1223654-2026-07-15T10:30:07.824588-05:00,1223654-20610754199,200103.74,PEN,Soles,2026-06-11T00:00:00-05:00
ocds-dgv273-seacev3-1224217,ocds-dgv273-seacev3-1224217-2026-07-15T10:30:07.365244-05:00,1224217-10311827010,298000.0,PEN,Soles,2026-07-02T00:00:00-05:00
ocds-dgv273-seacev3-1221180,ocds-dgv273-seacev3-1221180-2026-07-15T10:30:07.337507-05:00,1221180-20556799327,380000.0,PEN,Soles,2026-06-17T00:00:00-05:00
ocds-dgv273-seacev3-1221201,ocds-dgv273-seacev3-1221201-2026-07-15T10:30:07.288051-05:00,1221201-20377339461,274244.94,PEN,Soles,2026-07-01T00:00:00-05:00
ocds-dgv273-seacev3-2026-1032-3,ocds-dgv273-seacev3-2026-1032-3-2026-07-15T10:30:07.172757-05:00,1224236-1804700,105900.0,PEN,Soles,2026-06-23T00:00:00-05:00
ocds-dgv273-seacev3-1224983,ocds-dgv273-seacev3-1224983-2026-07-15T10:30:06.643527-05:00,1224983-1806573,1579133.71,PEN,Soles,2026-07-03T00:00:00-05:00
ocds-dgv273-seacev3-1226564,ocds-dgv273-seacev3-1226564-2026-07-15T10:30:06.449232-05:00,1226564-10018633634,59750.0,PEN,Soles,2026-06-26T00:00:00-05:00
ocds-dgv273-seacev3-1221369,ocds-dgv273-seacev3-1221369-2026-07-15T10:30:06.411468-05:00,1221369-20448294448,154040.0,PEN,Soles,2026-06-17T00:00:00-05:00
ocds-dgv273-seacev3-2026-93414-1,ocds-dgv273-seacev3-2026-93414-1-2026-07-15T10:30:06.293487-05:00,1220780-20601406358,136227.36,PEN,Soles,2026-06-16T00:00:00-05:00
ocds-dgv273-seacev3-1229664,ocds-dgv273-seacev3-1229664-2026-07-15T10:29:59.924193-05:00,1229664-L0609016483,6673000.0,USD,Dólar Norteamericano,2026-06-30T00:00:00-05:00
ocds-dgv273-seacev3-1229659,ocds-dgv273-seacev3-1229659-2026-07-15T10:29:59.611218-05:00,1229659-20615740111,198970.0,PEN,Soles,2026-06-30T00:00:00-05:00
ocds-dgv273-seacev3-1223826,ocds-dgv273-seacev3-1223826-2026-07-15T10:29:59.473181-05:00,1223826-10470212751,179500.0,PEN,Soles,2026-06-22T00:00:00-05:00
ocds-dgv273-seacev3-1224684,ocds-dgv273-seacev3-1224684-2026-07-15T10:29:58.568623-05:00,1224684-20604625883,264480.0,PEN,Soles,2026-06-22T00:00:00-05:00
ocds-dgv273-seacev3-1224992,ocds-dgv273-seacev3-1224992-2026-07-15T10:29:58.221334-05:00,1224992-20601176107,130000.0,PEN,Soles,2026-06-24T00:00:00-05:00
ocds-dgv273-seacev3-1223411,ocds-dgv273-seacev3-1223411-2026-07-15T10:29:58.187077-05:00,1223411-20375458307,2466642.84,PEN,Soles,2026-06-25T00:00:00-05:00
ocds-dgv273-seacev3-1225523,ocds-dgv273-seacev3-1225523-2026-07-15T10:29:57.758190-05:00,1225523-20564270157,174000.0,PEN,Soles,2026-06-26T00:00:00-05:00
ocds-dgv273-seacev3-2026-614-11,ocds-dgv273-seacev3-2026-614-11-2026-07-15T10:29:57.432211-05:00,1224013-10266284280,419297.53,PEN,Soles,2026-06-22T00:00:00-05:00
ocds-dgv273-seacev3-1229289,ocds-dgv273-seacev3-1229289-2026-07-15T10:29:56.531150-05:00,1229289-L0000006410,53245.49,USD,Dólar Norteamericano,2026-06-26T00:00:00-05:00
ocds-dgv273-seacev3-1221216,ocds-dgv273-seacev3-1221216-2026-07-15T10:29:56.474974-05:00,1221216-10444130470,109550.0,PEN,Soles,2026-06-18T00:00:00-05:00
ocds-dgv273-seacev3-1226752,ocds-dgv273-seacev3-1226752-2026-07-15T10:29:56.118529-05:00,1226752-1806416,248227.11,PEN,Soles,2026-06-26T00:00:00-05:00
ocds-dgv273-seacev3-1222232,ocds-dgv273-seacev3-1222232-2026-07-15T10:29:55.799090-05:00,1222232-10701123838,126825.0,PEN,Soles,2026-06-16T00:00:00-05:00
ocds-dgv273-seacev3-1227970,ocds-dgv273-seacev3-1227970-2026-07-15T10:29:55.634823-05:00,1227970-10102883671,92005.08,PEN,Soles,2026-07-06T00:00:00-05:00
ocds-dgv273-seacev3-1226776,ocds-dgv273-seacev3-1226776-2026-07-15T10:29:54.712948-05:00,1226776-20511037001,353352.75,PEN,Soles,2026-07-03T00:00:00-05:00
ocds-dgv273-seacev3-1224466,ocds-dgv273-seacev3-1224466-2026-07-15T10:29:54.655214-05:00,1224466-20603051301,265700.0,PEN,Soles,2026-07-03T00:00:00-05:00
ocds-dgv273-seacev3-1221552,ocds-dgv273-seacev3-1221552-2026-07-15T10:29:54.640347-05:00,1221552-1802362,93000.0,PEN,Soles,2026-06-17T00:00:00-05:00
ocds-dgv273-seacev3-1223368,ocds-dgv273-seacev3-1223368-2026-07-15T10:29:54.496197-05:00,1223368-20610869191,86000.0,PEN,Soles,2026-06-17T00:00:00-05:00
ocds-dgv273-seacev3-1228524,ocds-dgv273-seacev3-1228524-2026-07-15T10:29:48.270164-05:00,1228524-20534216522,48000.0,PEN,Soles,2026-07-02T00:00:00-05:00
ocds-dgv273-seacev3-1221827,ocds-dgv273-seacev3-1221827-2026-07-15T10:29:47.442121-05:00,1221827-20568551738,66662.0,PEN,Soles,2026-06-15T00:00:00-05:00
ocds-dgv273-seacev3-1224482,ocds-dgv273-seacev3-1224482-2026-07-15T10:29:46.937536-05:00,1224482-20609729393,70690.0,PEN,Soles,2026-07-03T00:00:00-05:00
ocds-dgv273-seacev3-1224632,ocds-dgv273-seacev3-1224632-2026-07-15T10:29:45.556142-05:00,1224632-20606730552,60000.0,PEN,Soles,2026-06-19T00:00:00-05:00
ocds-dgv273-seacev3-1222510,ocds-dgv273-seacev3-1222510-2026-07-15T10:29:44.438002-05:00,1222510-20548328692,85500.0,PEN,Soles,2026-06-18T00:00:00-05:00
ocds-dgv273-seacev3-1224772,ocds-dgv273-seacev3-1224772-2026-07-15T10:29:44.195386-05:00,1224772-20601618991,93050.0,PEN,Soles,2026-06-26T00:00:00-05:00
ocds-dgv273-seacev3-1222712,ocds-dgv273-seacev3-1222712-2026-07-15T10:29:44.024480-05:00,1222712-10310068778,396000.0,PEN,Soles,2026-06-09T00:00:00-05:00
ocds-dgv273-seacev3-1226618,ocds-dgv273-seacev3-1226618-2026-07-15T10:29:43.908490-05:00,1226618-10453282061,89200.0,PEN,Soles,2026-06-25T00:00:00-05:00
ocds-dgv273-seacev3-1223666,ocds-dgv273-seacev3-1223666-2026-07-15T10:29:43.393966-05:00,1223666-20611851147,84019.13,PEN,Soles,2026-06-11T00:00:00-05:00
ocds-dgv273-seacev3-1222808,ocds-dgv273-seacev3-1222808-2026-07-15T10:29:43.363615-05:00,1222808-20611270896,118000.0,PEN,Soles,2026-06-25T14:33:20-05:00
ocds-dgv273-seacev3-1221717,ocds-dgv273-seacev3-1221717-2026-07-15T10:29:43.025429-05:00,1221717-20605829041,61219.0,PEN,Soles,2026-06-15T00:00:00-05:00
ocds-dgv273-seacev3-1222111,ocds-dgv273-seacev3-1222111-2026-07-15T10:29:42.816680-05:00,1222111-20605122397,489279.88,PEN,Soles,2026-06-15T00:00:00-05:00
ocds-dgv273-seacev3-1223623,ocds-dgv273-seacev3-1223623-2026-07-14T10:22:29.856127-05:00,1223623-20613644424,108882.0,PEN,Soles,2026-06-19T00:00:00-05:00
ocds-dgv273-seacev3-1229255,ocds-dgv273-seacev3-1229255-2026-07-14T10:22:18.699001-05:00,1229255-1806345,464886.85,PEN,Soles,2026-06-26T00:00:00-05:00
ocds-dgv273-seacev3-1222581,ocds-dgv273-seacev3-1222581-2026-07-14T10:22:16.545900-05:00,1222581-20559122549,72805.0,PEN,Soles,2026-06-11T00:00:00-05:00
ocds-dgv273-seacev3-1229075,ocds-dgv273-seacev3-1229075-2026-07-13T10:20:31.063014-05:00,1229075-20602208002,118167.0,PEN,Soles,2026-06-30T00:00:00-05:00
ocds-dgv273-seacev3-1228800,ocds-dgv273-seacev3-1228800-2026-07-13T10:20:31.008369-05:00,1228800-10181331734,45000.0,PEN,Nuevos Soles,2026-06-25T00:00:00-05:00
ocds-dgv273-seacev3-1228337,ocds-dgv273-seacev3-1228337-2026-07-13T10:20:30.908248-05:00,1228337-20613834037,98150.0,PEN,Soles,2026-07-01T00:00:00-05:00
ocds-dgv273-seacev3-1227813,ocds-dgv273-seacev3-1227813-2026-07-13T10:20:30.823638-05:00,1227813-20469993559,1620000.0,PEN,Soles,2026-06-24T00:00:00-05:00
ocds-dgv273-seacev3-1226240,ocds-dgv273-seacev3-1226240-2026-07-13T10:20:30.530457-05:00,1226240-1807275,132247.99,PEN,Soles,2026-07-10T00:00:00-05:00
ocds-dgv273-seacev3-1225231,ocds-dgv273-seacev3-1225231-2026-07-13T10:20:30.372131-05:00,1225231-10329487151,268000.0,PEN,Soles,2026-06-24T00:00:00-05:00
ocds-dgv273-seacev3-1223883,ocds-dgv273-seacev3-1223883-2026-07-13T10:20:30.161630-05:00,1223883-10294241031,81460.0,PEN,Soles,2026-06-16T00:00:00-05:00
ocds-dgv273-seacev3-2026-56441-3,ocds-dgv273-seacev3-2026-56441-3-2026-07-13T10:20:29.657492-05:00,1222395-20615395570,70950.0,PEN,Soles,2026-06-19T00:00:00-05:00
ocds-dgv273-seacev3-1222128,ocds-dgv273-seacev3-1222128-2026-07-13T10:20:29.629160-05:00,1222128-20600822668,381150.0,PEN,Soles,2026-06-18T00:00:00-05:00
ocds-dgv273-seacev3-1221592,ocds-dgv273-seacev3-1221592-2026-07-13T10:20:29.588942-05:00,1221592-20613403206,200000.0,PEN,Soles,2026-06-12T00:00:00-05:00
ocds-dgv273-seacev3-1221401,ocds-dgv273-seacev3-1221401-2026-07-13T10:20:29.553486-05:00,1221401-10411562471,66000.0,PEN,Soles,2026-06-22T00:00:00-05:00
ocds-dgv273-seacev3-1221283,ocds-dgv273-seacev3-1221283-2026-07-13T10:20:29.523779-05:00,1221283-20607533661,92731.36,PEN,Soles,2026-06-15T00:00:00-05:00
ocds-dgv273-seacev3-1227235,ocds-dgv273-seacev3-1227235-2026-07-13T10:20:26.197237-05:00,1227235-1808050,108028.05,PEN,Soles,2026-07-09T00:00:00-05:00
ocds-dgv273-seacev3-1222073,ocds-dgv273-seacev3-1222073-2026-07-13T10:20:26.005587-05:00,1222073-20602259189,46344.83,PEN,Soles,2026-07-01T00:00:00-05:00
ocds-dgv273-seacev3-1225885,ocds-dgv273-seacev3-1225885-2026-07-13T10:20:25.853881-05:00,1225885-20601647771,89505.0,PEN,Nuevos Soles,2026-06-25T00:00:00-05:00
ocds-dgv273-seacev3-1227306,ocds-dgv273-seacev3-1227306-2026-07-13T10:20:25.569120-05:00,1227306-20508691301,60006.13,PEN,Soles,2026-06-25T00:00:00-05:00
ocds-dgv273-seacev3-1223576,ocds-dgv273-seacev3-1223576-2026-07-13T10:20:25.555071-05:00,1223576-20612491985,48000.0,PEN,Soles,2026-06-17T00:00:00-05:00
ocds-dgv273-seacev3-1223802,ocds-dgv273-seacev3-1223802-2026-07-13T10:20:25.028388-05:00,1223802-1805202,722301.22,PEN,Soles,2026-06-25T00:00:00-05:00
ocds-dgv273-seacev3-1223005,ocds-dgv273-seacev3-1223005-2026-07-13T10:20:24.884183-05:00,1223005-20480188404,494900.0,PEN,Soles,2026-07-03T00:00:00-05:00
ocds-dgv273-seacev3-1227012,ocds-dgv273-seacev3-1227012-2026-07-13T10:20:24.690005-05:00,1227012-20490407767,59990.0,PEN,Soles,2026-07-01T20:12:40-05:00
ocds-dgv273-seacev3-1225041,ocds-dgv273-seacev3-1225041-2026-07-13T10:20:24.366620-05:00,1225041-20511037001,52781.0,PEN,Soles,2026-06-23T00:00:00-05:00
ocds-dgv273-seacev3-1220014,ocds-dgv273-seacev3-1220014-2026-07-13T10:20:23.282087-05:00,1220014-20610306315,311197.0,PEN,Soles,2026-06-18T00:00:00-05:00
ocds-dgv273-seacev3-1226803,ocds-dgv273-seacev3-1226803-2026-07-13T10:20:23.199932-05:00,1226803-20603032498,66955.2,PEN,Soles,2026-07-09T00:00:00-05:00
ocds-dgv273-seacev3-1228636,ocds-dgv273-seacev3-1228636-2026-07-13T10:20:23.066849-05:00,1228636-L0000003649,7000.0,USD,Dólar Norteamericano,2026-06-25T00:00:00-05:00
ocds-dgv273-seacev3-1224303,ocds-dgv273-seacev3-1224303-2026-07-13T10:20:22.956469-05:00,1224303-20614688034,63000.0,PEN,Soles,2026-06-17T00:00:00-05:00
ocds-dgv273-seacev3-1224373,ocds-dgv273-seacev3-1224373-2026-07-13T10:20:22.635222-05:00,1224373-20523915399,1440000.0,PEN,Soles,2026-06-16T00:00:00-05:00
ocds-dgv273-seacev3-1221108,ocds-dgv273-seacev3-1221108-2026-07-13T10:20:22.355686-05:00,1221108-1801369,68254629.76,PEN,Soles,2026-06-15T00:00:00-05:00
ocds-dgv273-seacev3-1222109,ocds-dgv273-seacev3-1222109-2026-07-13T10:20:22.218672-05:00,1222109-20450312259,774879.92,PEN,Soles,2026-06-17T00:00:00-05:00
ocds-dgv273-seacev3-1222639,ocds-dgv273-seacev3-1222639-2026-07-13T10:20:22.043047-05:00,1222639-20604626693,770000.0,PEN,Soles,2026-06-17T00:00:00-05:00
ocds-dgv273-seacev3-1221261,ocds-dgv273-seacev3-1221261-2026-07-13T10:20:21.989764-05:00,1221261-1801533,742498.63,PEN,Soles,2026-06-18T00:00:00-05:00
ocds-dgv273-seacev3-1223056,ocds-dgv273-seacev3-1223056-2026-07-13T10:20:21.871468-05:00,1223056-20136217306,86920.0,PEN,Soles,2026-06-17T00:00:00-05:00
ocds-dgv273-seacev3-1224316,ocds-dgv273-seacev3-1224316-2026-07-13T10:20:21.835453-05:00,1224316-20251295809,157124.0,PEN,Soles,2026-06-25T00:00:00-05:00
ocds-dgv273-seacev3-1221118,ocds-dgv273-seacev3-1221118-2026-07-13T10:20:21.655791-05:00,1221118-20608213997,184391.9,PEN,Soles,2026-07-03T00:00:00-05:00
ocds-dgv273-seacev3-1227468,ocds-dgv273-seacev3-1227468-2026-07-13T10:20:21.553832-05:00,1227468-20608266535,68474.22,PEN,Soles,2026-06-24T00:00:00-05:00
ocds-dgv273-seacev3-1229021,ocds-dgv273-seacev3-1229021-2026-07-13T10:20:18.106876-05:00,1229021-20613390139,99700.0,PEN,Soles,2026-07-03T00:00:00-05:00
ocds-dgv273-seacev3-1228670,ocds-dgv273-seacev3-1228670-2026-07-13T10:20:16.340850-05:00,1228670-1810366,143400.0,PEN,Soles,2026-07-10T00:00:00-05:00
ocds-dgv273-seacev3-1222915,ocds-dgv273-seacev3-1222915-2026-07-13T10:20:16.306219-05:00,1222915-10052108361,153400.0,PEN,Soles,2026-06-18T00:00:00-05:00
ocds-dgv273-seacev3-1223520,ocds-dgv273-seacev3-1223520-2026-07-13T10:20:15.484695-05:00,1223520-20130471464,11771312.0,PEN,Soles,2026-06-23T00:00:00-05:00
ocds-dgv273-seacev3-2026-1498-10,ocds-dgv273-seacev3-2026-1498-10-2026-07-13T10:20:15.472112-05:00,1222583-1804318,2783927.85,PEN,Soles,2026-07-01T00:00:00-05:00
ocds-dgv273-seacev3-1232063,ocds-dgv273-seacev3-1232063-2026-07-13T10:20:15.080199-05:00,1232063-10079280556,30000.0,PEN,Nuevos Soles,2026-07-09T00:00:00-05:00
ocds-dgv273-seacev3-1223808,ocds-dgv273-seacev3-1223808-2026-07-13T10:20:14.807732-05:00,1223808-10420561755,57600.0,PEN,Soles,2026-06-15T00:00:00-05:00
ocds-dgv273-seacev3-1224949,ocds-dgv273-seacev3-1224949-2026-07-13T10:20:14.748535-05:00,1224949-20511037001,78787.8,PEN,Soles,2026-06-23T00:00:00-05:00
ocds-dgv273-seacev3-1226353,ocds-dgv273-seacev3-1226353-2026-07-13T10:20:14.261884-05:00,1226353-20612924610,53611.02,PEN,Soles,2026-06-17T00:00:00-05:00
ocds-dgv273-seacev3-1227224,ocds-dgv273-seacev3-1227224-2026-07-13T10:20:13.788921-05:00,1227224-1804985,2923904.25,PEN,Soles,2026-06-23T00:00:00-05:00
ocds-dgv273-seacev3-1223337,ocds-dgv273-seacev3-1223337-2026-07-13T10:20:13.343924-05:00,1223337-20101142176,4033.0,PEN,Soles,2026-07-09T00:00:00-05:00
ocds-dgv273-seacev3-2026-200191-92,ocds-dgv273-seacev3-2026-200191-92-2026-07-13T10:20:13.039895-05:00,1220086-20602589359,180000.0,PEN,Soles,2026-06-22T00:00:00-05:00
ocds-dgv273-seacev3-1221159,ocds-dgv273-seacev3-1221159-2026-07-13T10:20:07.804757-05:00,1221159-20612340944,99750.0,PEN,Soles,2026-06-05T00:00:00-05:00
ocds-dgv273-seacev3-2026-21-31,ocds-dgv273-seacev3-2026-21-31-2026-07-13T10:20:07.620505-05:00,1222239-20510893914,228400.0,PEN,Soles,2026-06-22T00:00:00-05:00
ocds-dgv273-seacev3-1224659,ocds-dgv273-seacev3-1224659-2026-07-13T10:20:07.113937-05:00,1224659-20613901478,97807.4,PEN,Soles,2026-06-19T00:00:00-05:00
ocds-dgv273-seacev3-1222828,ocds-dgv273-seacev3-1222828-2026-07-13T10:20:07.038002-05:00,1222828-20602314058,80000.0,PEN,Soles,2026-06-22T00:00:00-05:00
ocds-dgv273-seacev3-2026-2379-7,ocds-dgv273-seacev3-2026-2379-7-2026-07-13T10:20:06.811024-05:00,1223707-20451400241,51054.0,PEN,Soles,2026-07-10T00:00:00-05:00
ocds-dgv273-seacev3-1225585,ocds-dgv273-seacev3-1225585-2026-07-13T10:20:06.554317-05:00,1225585-20611465620,122881.01,PEN,Soles,2026-07-10T00:00:00-05:00
ocds-dgv273-seacev3-1223302,ocds-dgv273-seacev3-1223302-2026-07-13T10:20:06.394630-05:00,1223302-20609189186,67665.0,PEN,Soles,2026-06-12T00:00:00-05:00
ocds-dgv273-seacev3-1223596,ocds-dgv273-seacev3-1223596-2026-07-13T10:20:04.807431-05:00,1223596-20600078314,64800.0,PEN,Soles,2026-06-17T00:00:00-05:00
ocds-dgv273-seacev3-1223713,ocds-dgv273-seacev3-1223713-2026-07-13T10:20:04.609010-05:00,1223713-20601937515,63650.0,PEN,Soles,2026-06-19T18:37:20-05:00
ocds-dgv273-seacev3-1221560,ocds-dgv273-seacev3-1221560-2026-07-13T10:20:04.488142-05:00,1221560-10417548314,108000.0,PEN,Soles,2026-06-12T00:00:00-05:00
ocds-dgv273-seacev3-1225507,ocds-dgv273-seacev3-1225507-2026-07-13T10:20:04.005257-05:00,1225507-20610700099,82480.0,PEN,Soles,2026-06-23T00:00:00-05:00
ocds-dgv273-seacev3-1222770,ocds-dgv273-seacev3-1222770-2026-07-13T10:20:03.227663-05:00,1222770-10700072351,84000.0,PEN,Soles,2026-06-18T12:55:21-05:00
ocds-dgv273-seacev3-1224314,ocds-dgv273-seacev3-1224314-2026-07-13T10:20:03.114406-05:00,1224314-20251295809,67364.0,PEN,Soles,2026-06-25T00:00:00-05:00
ocds-dgv273-seacev3-1227018,ocds-dgv273-seacev3-1227018-2026-07-13T10:20:03.092580-05:00,1227018-1805300,1178984.48,PEN,Soles,2026-06-26T00:00:00-05:00
ocds-dgv273-seacev3-1225225,ocds-dgv273-seacev3-1225225-2026-07-13T10:20:03.023000-05:00,1225225-20611387912,51700.0,PEN,Soles,2026-06-25T00:00:00-05:00
ocds-dgv273-seacev3-1223628,ocds-dgv273-seacev3-1223628-2026-07-13T10:20:03.009220-05:00,1223628-20101142176,2865.1,PEN,Soles,2026-07-09T00:00:00-05:00
ocds-dgv273-seacev3-1222537,ocds-dgv273-seacev3-1222537-2026-07-13T10:20:02.796742-05:00,1222537-20100018625,83850.0,PEN,Soles,2026-06-19T00:00:00-05:00
ocds-dgv273-seacev3-1221402,ocds-dgv273-seacev3-1221402-2026-07-13T10:20:02.725741-05:00,1221402-20602479413,52366.0,PEN,Soles,2026-06-09T00:00:00-05:00
ocds-dgv273-seacev3-1223392,ocds-dgv273-seacev3-1223392-2026-07-13T10:20:02.663003-05:00,1223392-10415418511,95330.0,PEN,Soles,2026-06-15T00:00:00-05:00
ocds-dgv273-seacev3-1221627,ocds-dgv273-seacev3-1221627-2026-07-13T10:20:02.649521-05:00,1221627-20613403206,204499.0,PEN,Soles,2026-06-11T00:00:00-05:00
ocds-dgv273-seacev3-1226189,ocds-dgv273-seacev3-1226189-2026-07-13T10:20:02.524704-05:00,1226189-20512510320,89485.0,PEN,Soles,2026-06-26T00:00:00-05:00
ocds-dgv273-seacev3-1229016,ocds-dgv273-seacev3-1229016-2026-07-13T10:19:58.809917-05:00,1229016-20610282122,205776.75,PEN,Soles,2026-07-06T00:00:00-05:00
ocds-dgv273-seacev3-1228816,ocds-dgv273-seacev3-1228816-2026-07-13T10:19:58.081603-05:00,1228816-10706719526,78074.0,PEN,Soles,2026-07-02T00:00:00-05:00
ocds-dgv273-seacev3-1220898,ocds-dgv273-seacev3-1220898-2026-07-13T10:19:57.103627-05:00,1220898-1801171,798486.86,PEN,Soles,2026-06-22T00:00:00-05:00
ocds-dgv273-seacev3-1226950,ocds-dgv273-seacev3-1226950-2026-07-13T10:19:56.222292-05:00,1226950-20609302187,59484.0,PEN,Soles,2026-06-24T00:00:00-05:00
ocds-dgv273-seacev3-1224784,ocds-dgv273-seacev3-1224784-2026-07-13T10:19:55.977012-05:00,1224784-20491234424,140400.0,PEN,Soles,2026-06-23T00:00:00-05:00
ocds-dgv273-seacev3-1223938,ocds-dgv273-seacev3-1223938-2026-07-13T10:19:55.947616-05:00,1223938-10743005126,51795.5,PEN,Soles,2026-06-16T00:00:00-05:00
ocds-dgv273-seacev3-1223170,ocds-dgv273-seacev3-1223170-2026-07-13T10:19:55.789689-05:00,1223170-20131376503,477281.14,PEN,Soles,2026-06-22T00:00:00-05:00
ocds-dgv273-seacev3-2026-1314-6,ocds-dgv273-seacev3-2026-1314-6-2026-07-13T10:19:55.678758-05:00,1223816-10411921544,338436.0,PEN,Soles,2026-07-02T00:00:00-05:00
ocds-dgv273-seacev3-1221450,ocds-dgv273-seacev3-1221450-2026-07-13T10:19:55.395978-05:00,1221450-10417392586,72554.13,PEN,Soles,2026-06-16T00:00:00-05:00
ocds-dgv273-seacev3-1223477,ocds-dgv273-seacev3-1223477-2026-07-13T10:19:54.062398-05:00,1223477-20570754905,79830.98,PEN,Soles,2026-06-18T00:00:00-05:00
ocds-dgv273-seacev3-1222227,ocds-dgv273-seacev3-1222227-2026-07-13T10:19:53.630956-05:00,1222227-10701123838,281250.0,PEN,Soles,2026-06-16T00:00:00-05:00
ocds-dgv273-seacev3-1224160,ocds-dgv273-seacev3-1224160-2026-07-13T10:19:53.330863-05:00,1224160-1804518,184493.3,PEN,Soles,2026-06-24T00:00:00-05:00
ocds-dgv273-seacev3-1222451,ocds-dgv273-seacev3-1222451-2026-07-13T10:19:53.044877-05:00,1222451-10703266041,49750.0,PEN,Soles,2026-06-11T00:00:00-05:00
ocds-dgv273-seacev3-1222869,ocds-dgv273-seacev3-1222869-2026-07-13T10:19:52.936820-05:00,1222869-10428149969,67051.95,PEN,Soles,2026-06-17T00:00:00-05:00
ocds-dgv273-seacev3-1227016,ocds-dgv273-seacev3-1227016-2026-07-13T10:19:52.841186-05:00,1227016-10095239001,67214.8,PEN,Soles,2026-06-25T00:00:00-05:00
ocds-dgv273-seacev3-1225339,ocds-dgv273-seacev3-1225339-2026-07-13T10:19:52.682610-05:00,1225339-10466559771,87500.0,PEN,Soles,2026-06-16T00:00:00-05:00
ocds-dgv273-seacev3-1225339,ocds-dgv273-seacev3-1225339-2026-07-13T10:19:52.682610-05:00,1225339-10709932352,87500.0,PEN,Soles,2026-06-16T00:00:00-05:00
ocds-dgv273-seacev3-1226809,ocds-dgv273-seacev3-1226809-2026-07-13T10:19:52.599557-05:00,1226809-10428144011,45000.0,PEN,Soles,2026-06-19T00:00:00-05:00
ocds-dgv273-seacev3-1224650,ocds-dgv273-seacev3-1224650-2026-07-13T10:19:52.378777-05:00,1224650-20487064280,50034.0,PEN,Soles,2026-06-25T00:00:00-05:00
ocds-dgv273-seacev3-1222448,ocds-dgv273-seacev3-1222448-2026-07-13T10:19:52.356432-05:00,1222448-20490323661,184200.0,PEN,Soles,2026-06-24T00:00:00-05:00
ocds-dgv273-seacev3-1219408,ocds-dgv273-seacev3-1219408-2026-07-13T10:19:52.148207-05:00,1219408-20251295809,182336.0,PEN,Soles,2026-06-24T00:00:00-05:00
ocds-dgv273-seacev3-1222354,ocds-dgv273-seacev3-1222354-2026-07-13T10:19:51.899514-05:00,1222354-20606950081,57527.75,PEN,Soles,2026-06-23T00:00:00-05:00
ocds-dgv273-seacev3-1226282,ocds-dgv273-seacev3-1226282-2026-07-13T10:19:48.777495-05:00,1226282-20600204794,66020.0,PEN,Soles,2026-07-01T00:00:00-05:00
ocds-dgv273-seacev3-1223537,ocds-dgv273-seacev3-1223537-2026-07-11T10:22:36.291401-05:00,1223537-20603442483,55120.0,PEN,Soles,2026-06-15T00:00:00-05:00
ocds-dgv273-seacev3-1223115,ocds-dgv273-seacev3-1223115-2026-07-11T10:22:35.978187-05:00,1223115-20100241022,71200.0,PEN,Soles,2026-06-17T00:00:00-05:00
ocds-dgv273-seacev3-1220979,ocds-dgv273-seacev3-1220979-2026-07-11T10:22:35.461140-05:00,1220979-1800976,408800.0,PEN,Soles,2026-06-16T00:00:00-05:00
ocds-dgv273-seacev3-1223120,ocds-dgv273-seacev3-1223120-2026-07-11T10:22:34.706669-05:00,1223120-20450236137,560986.75,PEN,Soles,2026-06-18T00:00:00-05:00
ocds-dgv273-seacev3-1224754,ocds-dgv273-seacev3-1224754-2026-07-11T10:22:34.515237-05:00,1224754-10433311359,98703.0,PEN,Soles,2026-06-11T00:00:00-05:00
ocds-dgv273-seacev3-1229141,ocds-dgv273-seacev3-1229141-2026-07-11T10:22:33.813546-05:00,1229141-10425421501,69000.0,PEN,Soles,2026-07-01T00:00:00-05:00
ocds-dgv273-seacev3-1222180,ocds-dgv273-seacev3-1222180-2026-07-11T10:22:33.737381-05:00,1222180-20604378088,69879.75,PEN,Soles,2026-06-26T00:00:00-05:00
ocds-dgv273-seacev3-1227786,ocds-dgv273-seacev3-1227786-2026-07-11T10:22:33.304508-05:00,1227786-20263368992,57088.0,PEN,Soles,2026-07-01T00:00:00-05:00
ocds-dgv273-seacev3-1228188,ocds-dgv273-seacev3-1228188-2026-07-11T10:22:33.115811-05:00,1228188-20608140353,99771.0,PEN,Soles,2026-06-30T00:00:00-05:00
ocds-dgv273-seacev3-1221033,ocds-dgv273-seacev3-1221033-2026-07-11T10:22:32.493226-05:00,1221033-20601726174,286374.2,PEN,Soles,2026-06-16T00:00:00-05:00
ocds-dgv273-seacev3-1222585,ocds-dgv273-seacev3-1222585-2026-07-11T10:22:32.113705-05:00,1222585-20609109069,370000.0,PEN,Soles,2026-06-19T00:00:00-05:00
ocds-dgv273-seacev3-1226550,ocds-dgv273-seacev3-1226550-2026-07-11T10:22:22.800398-05:00,1226550-20607037257,76000.0,PEN,Soles,2026-06-24T00:00:00-05:00
ocds-dgv273-seacev3-2026-2387-2,ocds-dgv273-seacev3-2026-2387-2-2026-07-11T10:22:21.988176-05:00,1222253-20100295891,1939140.0,PEN,Soles,2026-07-08T00:00:00-05:00
ocds-dgv273-seacev3-1224357,ocds-dgv273-seacev3-1224357-2026-07-11T10:22:21.725213-05:00,1224357-10425885036,91600.0,PEN,Soles,2026-06-23T00:00:00-05:00
ocds-dgv273-seacev3-1229135,ocds-dgv273-seacev3-1229135-2026-07-11T10:22:17.604384-05:00,1229135-10425421501,69000.0,PEN,Soles,2026-07-01T00:00:00-05:00
ocds-dgv273-seacev3-1229419,ocds-dgv273-seacev3-1229419-2026-07-11T10:22:16.425934-05:00,1229419-20606448423,233339.4,PEN,Nuevos Soles,2026-07-06T00:00:00-05:00
ocds-dgv273-seacev3-1229419,ocds-dgv273-seacev3-1229419-2026-07-11T10:22:16.425934-05:00,1229419-20612327221,74644.0,PEN,Nuevos Soles,2026-07-06T00:00:00-05:00
ocds-dgv273-seacev3-1229419,ocds-dgv273-seacev3-1229419-2026-07-11T10:22:16.425934-05:00,1229419-20613976826,152224.8,PEN,Nuevos Soles,2026-07-06T00:00:00-05:00
ocds-dgv273-seacev3-1222500,ocds-dgv273-seacev3-1222500-2026-07-11T10:22:16.058135-05:00,1222500-10024195274,99836.4,PEN,Soles,2026-06-12T00:00:00-05:00
ocds-dgv273-seacev3-1221764,ocds-dgv273-seacev3-1221764-2026-07-11T10:22:15.989729-05:00,1221764-20511037001,99972.0,PEN,Soles,2026-06-11T00:00:00-05:00
ocds-dgv273-seacev3-1227116,ocds-dgv273-seacev3-1227116-2026-07-11T10:22:15.056381-05:00,1227116-10472456577,49404.3,PEN,Soles,2026-06-26T00:00:00-05:00
ocds-dgv273-seacev3-1228931,ocds-dgv273-seacev3-1228931-2026-07-11T10:22:14.700689-05:00,1228931-20538055744,97300.0,PEN,Soles,2026-07-02T00:00:00-05:00
ocds-dgv273-seacev3-1222842,ocds-dgv273-seacev3-1222842-2026-07-11T10:22:14.357517-05:00,1222842-20614779587,85500.0,PEN,Soles,2026-06-22T19:03:17-05:00
ocds-dgv273-seacev3-1224137,ocds-dgv273-seacev3-1224137-2026-07-11T10:22:13.999203-05:00,1224137-10736000933,82422.4,PEN,Soles,2026-06-17T00:00:00-05:00
ocds-dgv273-seacev3-1228437,ocds-dgv273-seacev3-1228437-2026-07-11T10:22:12.526461-05:00,1228437-20479900923,84280.35,PEN,Soles,2026-06-24T00:00:00-05:00
ocds-dgv273-seacev3-1227853,ocds-dgv273-seacev3-1227853-2026-07-11T10:22:12.316342-05:00,1227853-20501887286,91440.0,PEN,Soles,2026-07-09T00:00:00-05:00
ocds-dgv273-seacev3-1226968,ocds-dgv273-seacev3-1226968-2026-07-11T10:22:11.878265-05:00,1226968-20511037001,270060.12,PEN,Soles,2026-07-01T16:52:46-05:00
ocds-dgv273-seacev3-1229920,ocds-dgv273-seacev3-1229920-2026-07-11T10:22:06.079547-05:00,1229920-1807546,330000.0,PEN,Soles,2026-07-02T00:00:00-05:00
ocds-dgv273-seacev3-1222642,ocds-dgv273-seacev3-1222642-2026-07-11T10:22:05.327267-05:00,1222642-20550683645,87560.0,PEN,Soles,2026-06-19T00:00:00-05:00
ocds-dgv273-seacev3-1226283,ocds-dgv273-seacev3-1226283-2026-07-11T10:22:05.215942-05:00,1226283-20602592261,79000.0,PEN,Soles,2026-06-24T00:00:00-05:00
ocds-dgv273-seacev3-1227708,ocds-dgv273-seacev3-1227708-2026-07-11T10:22:04.286407-05:00,1227708-10719487225,73230.0,PEN,Soles,2026-06-26T00:00:00-05:00
ocds-dgv273-seacev3-1225072,ocds-dgv273-seacev3-1225072-2026-07-11T10:22:03.121560-05:00,1225072-1805261,65400.0,PEN,Soles,2026-06-25T00:00:00-05:00
ocds-dgv273-seacev3-1226331,ocds-dgv273-seacev3-1226331-2026-07-11T10:22:02.592753-05:00,1226331-20542210967,99275.0,PEN,Soles,2026-06-23T00:00:00-05:00
ocds-dgv273-seacev3-1226983,ocds-dgv273-seacev3-1226983-2026-07-11T10:22:02.387821-05:00,1226983-1805257,134500.0,PEN,Soles,2026-06-24T00:00:00-05:00
ocds-dgv273-seacev3-1225180,ocds-dgv273-seacev3-1225180-2026-07-11T10:22:01.671617-05:00,1225180-1802770,1299999.99,PEN,Soles,2026-06-16T00:00:00-05:00
ocds-dgv273-seacev3-1223744,ocds-dgv273-seacev3-1223744-2026-07-11T10:22:01.129010-05:00,1223744-1804335,80989.44,PEN,Soles,2026-07-01T00:00:00-05:00
ocds-dgv273-seacev3-1227178,ocds-dgv273-seacev3-1227178-2026-07-11T10:22:01.100824-05:00,1227178-L9000032899,7174.0,USD,Dólar Norteamericano,2026-06-19T00:00:00-05:00
ocds-dgv273-seacev3-1225909,ocds-dgv273-seacev3-1225909-2026-07-11T10:22:00.363879-05:00,1225909-20610576720,71800.0,PEN,Soles,2026-06-23T00:00:00-05:00
ocds-dgv273-seacev3-1225609,ocds-dgv273-seacev3-1225609-2026-07-11T10:22:00.203009-05:00,1225609-1806816,545008.67,PEN,Soles,2026-07-02T00:00:00-05:00
ocds-dgv273-seacev3-1223468,ocds-dgv273-seacev3-1223468-2026-07-11T10:21:54.383843-05:00,1223468-20613560972,260562.88,PEN,Soles,2026-06-18T00:00:00-05:00
ocds-dgv273-seacev3-1221345,ocds-dgv273-seacev3-1221345-2026-07-11T10:21:54.365429-05:00,1221345-20604170487,474000.0,PEN,Soles,2026-06-16T00:00:00-05:00
ocds-dgv273-seacev3-1222116,ocds-dgv273-seacev3-1222116-2026-07-11T10:21:54.279162-05:00,1222116-20605212299,53520.0,PEN,Soles,2026-06-12T00:00:00-05:00
ocds-dgv273-seacev3-1222161,ocds-dgv273-seacev3-1222161-2026-07-11T10:21:53.939275-05:00,1222161-20487695271,80843.77,PEN,Soles,2026-06-25T00:00:00-05:00
ocds-dgv273-seacev3-1222144,ocds-dgv273-seacev3-1222144-2026-07-11T10:21:53.924511-05:00,1222144-20610655271,47244.35,PEN,Soles,2026-06-23T00:00:00-05:00
ocds-dgv273-seacev3-1222123,ocds-dgv273-seacev3-1222123-2026-07-11T10:21:53.909470-05:00,1222123-20607489832,63880.72,PEN,Soles,2026-06-23T00:00:00-05:00
ocds-dgv273-seacev3-1222100,ocds-dgv273-seacev3-1222100-2026-07-11T10:21:53.894921-05:00,1222100-20570612949,75353.52,PEN,Soles,2026-06-25T00:00:00-05:00
ocds-dgv273-seacev3-1228909,ocds-dgv273-seacev3-1228909-2026-07-11T10:21:53.833086-05:00,1228909-20608114981,841379.0,PEN,Soles,2026-06-25T00:00:00-05:00
ocds-dgv273-seacev3-2026-434-8,ocds-dgv273-seacev3-2026-434-8-2026-07-11T10:21:52.859007-05:00,1222913-20612304859,200000.0,PEN,Nuevos Soles,2026-06-19T00:00:00-05:00
ocds-dgv273-seacev3-1223172,ocds-dgv273-seacev3-1223172-2026-07-11T10:21:52.751193-05:00,1223172-20601075971,752282.4,PEN,Soles,2026-06-22T00:00:00-05:00
ocds-dgv273-seacev3-1222118,ocds-dgv273-seacev3-1222118-2026-07-11T10:21:51.851654-05:00,1222118-20607489832,202588.73,PEN,Soles,2026-06-23T00:00:00-05:00
ocds-dgv273-seacev3-1222092,ocds-dgv273-seacev3-1222092-2026-07-11T10:21:51.837065-05:00,1222092-20570612949,70257.86,PEN,Soles,2026-06-25T00:00:00-05:00
ocds-dgv273-seacev3-1222090,ocds-dgv273-seacev3-1222090-2026-07-11T10:21:51.822532-05:00,1222090-20604378088,58856.69,PEN,Soles,2026-06-23T00:00:00-05:00
ocds-dgv273-seacev3-1222068,ocds-dgv273-seacev3-1222068-2026-07-11T10:21:51.807118-05:00,1222068-1803317,52102.2,PEN,Soles,2026-06-23T00:00:00-05:00
ocds-dgv273-seacev3-1224940,ocds-dgv273-seacev3-1224940-2026-07-11T10:21:51.414754-05:00,1224940-20608254073,63770.0,PEN,Soles,2026-06-19T00:00:00-05:00
ocds-dgv273-seacev3-1224354,ocds-dgv273-seacev3-1224354-2026-07-11T10:21:51.400727-05:00,1224354-10433311359,99973.0,PEN,Soles,2026-06-18T00:00:00-05:00
ocds-dgv273-seacev3-1221930,ocds-dgv273-seacev3-1221930-2026-07-11T10:21:51.283765-05:00,1221930-20487884163,143621.44,PEN,Soles,2026-06-23T00:00:00-05:00
ocds-dgv273-seacev3-1227359,ocds-dgv273-seacev3-1227359-2026-07-11T10:21:51.205070-05:00,1227359-20603875312,280796.03,PEN,Soles,2026-06-23T00:00:00-05:00
ocds-dgv273-seacev3-1224977,ocds-dgv273-seacev3-1224977-2026-07-11T10:21:50.950720-05:00,1224977-20491076845,199950.0,PEN,Soles,2026-07-01T00:00:00-05:00
ocds-dgv273-seacev3-1224794,ocds-dgv273-seacev3-1224794-2026-07-11T10:21:50.356811-05:00,1224794-20610832190,69190.0,PEN,Soles,2026-06-18T00:00:00-05:00
ocds-dgv273-seacev3-1224226,ocds-dgv273-seacev3-1224226-2026-07-11T10:21:49.726896-05:00,1224226-20615457192,58438.0,PEN,Soles,2026-06-16T00:00:00-05:00
ocds-dgv273-seacev3-1225893,ocds-dgv273-seacev3-1225893-2026-07-11T10:21:49.692206-05:00,1225893-10406838035,166729.5,PEN,Soles,2026-06-26T00:00:00-05:00
ocds-dgv273-seacev3-1224413,ocds-dgv273-seacev3-1224413-2026-07-11T10:21:49.530849-05:00,1224413-20611137592,86955.04,PEN,Soles,2026-06-23T17:18:04-05:00
ocds-dgv273-seacev3-1224292,ocds-dgv273-seacev3-1224292-2026-07-11T10:21:49.088849-05:00,1224292-20468787360,168327.9,PEN,Soles,2026-06-15T00:00:00-05:00
ocds-dgv273-seacev3-1222967,ocds-dgv273-seacev3-1222967-2026-07-11T10:21:48.845618-05:00,1222967-1803202,365718.86,PEN,Soles,2026-06-19T00:00:00-05:00
ocds-dgv273-seacev3-1226260,ocds-dgv273-seacev3-1226260-2026-07-11T10:21:48.696803-05:00,1226260-20452570964,58200.0,PEN,Soles,2026-06-26T15:45:54-05:00
ocds-dgv273-seacev3-1223402,ocds-dgv273-seacev3-1223402-2026-07-11T10:21:48.675917-05:00,1223402-20611112646,114997.5,PEN,Soles,2026-06-12T00:00:00-05:00
ocds-dgv273-seacev3-1221395,ocds-dgv273-seacev3-1221395-2026-07-11T10:21:48.648400-05:00,1221395-20527637628,81992.0,PEN,Soles,2026-06-18T00:00:00-05:00
ocds-dgv273-seacev3-1229162,ocds-dgv273-seacev3-1229162-2026-07-11T10:21:44.238564-05:00,1229162-10425421501,70000.0,PEN,Soles,2026-07-01T00:00:00-05:00
ocds-dgv273-seacev3-1223870,ocds-dgv273-seacev3-1223870-2026-07-11T10:21:43.715817-05:00,1223870-20511037001,41959.86,PEN,Soles,2026-06-18T21:22:37-05:00
ocds-dgv273-seacev3-1223083,ocds-dgv273-seacev3-1223083-2026-07-11T10:21:42.215217-05:00,1223083-10438140901,317750.4,PEN,Soles,2026-06-18T00:00:00-05:00
ocds-dgv273-seacev3-1223971,ocds-dgv273-seacev3-1223971-2026-07-11T10:21:40.529442-05:00,1223971-20449314868,140229.8,PEN,Soles,2026-06-23T00:00:00-05:00
ocds-dgv273-seacev3-1222169,ocds-dgv273-seacev3-1222169-2026-07-11T10:21:40.380759-05:00,1222169-10167126699,81873.46,PEN,Soles,2026-06-25T00:00:00-05:00
ocds-dgv273-seacev3-1221877,ocds-dgv273-seacev3-1221877-2026-07-11T10:21:39.676342-05:00,1221877-20145496170,68265.0,PEN,Soles,2026-06-12T00:00:00-05:00
ocds-dgv273-seacev3-1226786,ocds-dgv273-seacev3-1226786-2026-07-11T10:21:39.343057-05:00,1226786-1804600,2354053.49,PEN,Soles,2026-06-22T00:00:00-05:00
ocds-dgv273-seacev3-1223432,ocds-dgv273-seacev3-1223432-2026-07-11T10:21:39.175698-05:00,1223432-1804050,1807538.87,PEN,Soles,2026-06-22T00:00:00-05:00
ocds-dgv273-seacev3-1221000,ocds-dgv273-seacev3-1221000-2026-07-11T10:21:39.027439-05:00,1221000-20606974338,120000.0,PEN,Soles,2026-06-22T00:00:00-05:00
ocds-dgv273-seacev3-1221864,ocds-dgv273-seacev3-1221864-2026-07-11T10:21:38.919126-05:00,1221864-20534967684,402960.0,PEN,Soles,2026-06-24T00:00:00-05:00
ocds-dgv273-seacev3-1225683,ocds-dgv273-seacev3-1225683-2026-07-11T10:21:38.312113-05:00,1225683-10287097218,86672.0,PEN,Soles,2026-06-22T00:00:00-05:00
ocds-dgv273-seacev3-1226392,ocds-dgv273-seacev3-1226392-2026-07-11T10:21:31.373571-05:00,1226392-20534056061,60400.0,PEN,Soles,2026-06-23T00:00:00-05:00
ocds-dgv273-seacev3-1224417,ocds-dgv273-seacev3-1224417-2026-07-11T10:21:30.712187-05:00,1224417-20602981763,51303.35,PEN,Soles,2026-06-18T00:00:00-05:00
ocds-dgv273-seacev3-1224710,ocds-dgv273-seacev3-1224710-2026-07-11T10:21:30.469621-05:00,1224710-20613912178,96600.0,PEN,Soles,2026-06-24T00:00:00-05:00
ocds-dgv273-seacev3-1222076,ocds-dgv273-seacev3-1222076-2026-07-11T10:21:29.810681-05:00,1222076-20487695271,60133.81,PEN,Soles,2026-06-25T00:00:00-05:00
ocds-dgv273-seacev3-2026-1239-5,ocds-dgv273-seacev3-2026-1239-5-2026-07-11T10:21:29.598510-05:00,1224911-1805151,82180.0,PEN,Soles,2026-06-25T00:00:00-05:00
ocds-dgv273-seacev3-1221297,ocds-dgv273-seacev3-1221297-2026-07-11T10:21:28.122154-05:00,1221297-20608535170,144000.0,PEN,Soles,2026-06-12T00:00:00-05:00
ocds-dgv273-seacev3-1227355,ocds-dgv273-seacev3-1227355-2026-07-11T10:21:27.739597-05:00,1227355-20615579085,48635.0,PEN,Soles,2026-06-25T00:00:00-05:00
ocds-dgv273-seacev3-1224066,ocds-dgv273-seacev3-1224066-2026-07-11T10:21:27.553263-05:00,1224066-10476089323,71000.0,PEN,Soles,2026-06-22T00:00:00-05:00
ocds-dgv273-seacev3-1222114,ocds-dgv273-seacev3-1222114-2026-07-11T10:21:27.538290-05:00,1222114-20607489832,122473.31,PEN,Soles,2026-06-23T00:00:00-05:00
ocds-dgv273-seacev3-1221269,ocds-dgv273-seacev3-1221269-2026-07-11T10:21:27.316964-05:00,1221269-1801447,3414141.67,PEN,Soles,2026-06-15T00:00:00-05:00
ocds-dgv273-seacev3-1225808,ocds-dgv273-seacev3-1225808-2026-07-10T10:42:10.852980-05:00,1225808-L9000032959,159300.0,USD,Dólar Norteamericano,2026-07-08T00:00:00-05:00
ocds-dgv273-seacev3-1222530,ocds-dgv273-seacev3-1222530-2026-07-10T10:42:09.430534-05:00,1222530-20610609199,321930.0,PEN,Soles,2026-06-16T00:00:00-05:00
ocds-dgv273-seacev3-1227015,ocds-dgv273-seacev3-1227015-2026-07-10T10:42:06.802046-05:00,1227015-20509997340,353300.0,PEN,Soles,2026-07-08T00:00:00-05:00
ocds-dgv273-seacev3-2026-2009-77,ocds-dgv273-seacev3-2026-2009-77-2026-07-10T10:42:06.783018-05:00,1222156-10450933932,65800.0,PEN,Soles,2026-06-22T00:00:00-05:00
ocds-dgv273-seacev3-1224946,ocds-dgv273-seacev3-1224946-2026-07-10T10:42:06.632443-05:00,1224946-20612018686,99800.0,PEN,Soles,2026-06-18T00:00:00-05:00
ocds-dgv273-seacev3-1223563,ocds-dgv273-seacev3-1223563-2026-07-10T10:42:06.282891-05:00,1223563-20602011896,55400.0,PEN,Soles,2026-06-26T00:00:00-05:00
ocds-dgv273-seacev3-1219977,ocds-dgv273-seacev3-1219977-2026-07-10T10:42:06.239627-05:00,1219977-20600225805,55000.0,PEN,Soles,2026-06-15T00:00:00-05:00
ocds-dgv273-seacev3-1219977,ocds-dgv273-seacev3-1219977-2026-07-10T10:42:06.239627-05:00,1219977-20608624831,214500.0,PEN,Soles,2026-06-15T00:00:00-05:00
ocds-dgv273-seacev3-1221025,ocds-dgv273-seacev3-1221025-2026-07-10T10:42:06.210918-05:00,1221025-20602284442,546700.0,PEN,Soles,2026-06-11T16:21:39-05:00
ocds-dgv273-seacev3-1222853,ocds-dgv273-seacev3-1222853-2026-07-10T10:42:06.117979-05:00,1222853-10412826782,145000.0,PEN,Soles,2026-06-17T17:27:19-05:00
ocds-dgv273-seacev3-1221522,ocds-dgv273-seacev3-1221522-2026-07-10T10:42:06.103403-05:00,1221522-20100812542,114000.0,PEN,Soles,2026-06-23T00:00:00-05:00
ocds-dgv273-seacev3-1227583,ocds-dgv273-seacev3-1227583-2026-07-10T10:42:05.773671-05:00,1227583-20573817363,95000.0,PEN,Soles,2026-06-26T00:00:00-05:00
ocds-dgv273-seacev3-1222194,ocds-dgv273-seacev3-1222194-2026-07-10T10:42:05.535165-05:00,1222194-20553577579,67305.6,PEN,Soles,2026-06-15T00:00:00-05:00
ocds-dgv273-seacev3-1226473,ocds-dgv273-seacev3-1226473-2026-07-10T10:42:04.884523-05:00,1226473-20600096801,97000.0,PEN,Soles,2026-06-24T00:00:00-05:00
ocds-dgv273-seacev3-1228925,ocds-dgv273-seacev3-1228925-2026-07-10T10:41:59.243884-05:00,1228925-L0603769486,7150.0,USD,Dólar Norteamericano,2026-06-25T00:00:00-05:00
ocds-dgv273-seacev3-1221181,ocds-dgv273-seacev3-1221181-2026-07-10T10:41:58.975168-05:00,1221181-20525628991,341000.0,PEN,Soles,2026-06-11T00:00:00-05:00
ocds-dgv273-seacev3-1222546,ocds-dgv273-seacev3-1222546-2026-07-10T10:41:58.109327-05:00,1222546-20602142206,52000.0,PEN,Soles,2026-06-23T00:00:00-05:00
ocds-dgv273-seacev3-1225520,ocds-dgv273-seacev3-1225520-2026-07-10T10:41:57.375275-05:00,1225520-20615528642,99710.0,PEN,Soles,2026-06-22T00:00:00-05:00
ocds-dgv273-seacev3-1225256,ocds-dgv273-seacev3-1225256-2026-07-10T10:41:56.364053-05:00,1225256-20615442128,69000.0,PEN,Soles,2026-06-26T00:00:00-05:00
ocds-dgv273-seacev3-1221919,ocds-dgv273-seacev3-1221919-2026-07-10T10:41:55.953850-05:00,1221919-20610949054,99960.0,PEN,Soles,2026-06-10T00:00:00-05:00
ocds-dgv273-seacev3-1230913,ocds-dgv273-seacev3-1230913-2026-07-10T10:41:55.932825-05:00,1230913-20523194632,5200.0,PEN,Soles,2026-07-03T00:00:00-05:00
ocds-dgv273-seacev3-2026-10475-2,ocds-dgv273-seacev3-2026-10475-2-2026-07-10T10:41:55.364988-05:00,1224438-20600120981,201958.0,PEN,Soles,2026-06-25T00:00:00-05:00
ocds-dgv273-seacev3-1226716,ocds-dgv273-seacev3-1226716-2026-07-10T10:41:55.210358-05:00,1226716-20610707247,39000.0,PEN,Soles,2026-06-30T20:13:05-05:00
ocds-dgv273-seacev3-1226323,ocds-dgv273-seacev3-1226323-2026-07-10T10:41:55.038271-05:00,1226323-20610848711,79698.0,PEN,Soles,2026-06-23T00:00:00-05:00
ocds-dgv273-seacev3-1224674,ocds-dgv273-seacev3-1224674-2026-07-10T10:41:54.822675-05:00,1224674-20362236003,286196.45,PEN,Soles,2026-06-26T00:00:00-05:00
ocds-dgv273-seacev3-1225376,ocds-dgv273-seacev3-1225376-2026-07-10T10:41:54.309294-05:00,1225376-20601933684,152832.0,PEN,Soles,2026-07-01T00:00:00-05:00
ocds-dgv273-seacev3-1222636,ocds-dgv273-seacev3-1222636-2026-07-10T10:41:53.630700-05:00,1222636-20518498682,65990.0,PEN,Soles,2026-06-16T00:00:00-05:00
ocds-dgv273-seacev3-1222113,ocds-dgv273-seacev3-1222113-2026-07-10T10:41:53.453188-05:00,1222113-10441049299,83215.0,PEN,Soles,2026-06-19T00:00:00-05:00
ocds-dgv273-seacev3-1231319,ocds-dgv273-seacev3-1231319-2026-07-10T10:41:48.805622-05:00,1231319-10731797299,3500.0,PEN,Soles,2026-07-06T00:00:00-05:00
ocds-dgv273-seacev3-2026-1498-11,ocds-dgv273-seacev3-2026-1498-11-2026-07-10T10:41:47.897507-05:00,1223872-1805424,166610.0,PEN,Soles,2026-07-08T00:00:00-05:00
ocds-dgv273-seacev3-1223755,ocds-dgv273-seacev3-1223755-2026-07-10T10:41:47.652903-05:00,1223755-10239776111,79973.0,PEN,Soles,2026-06-18T00:00:00-05:00
ocds-dgv273-seacev3-1220742,ocds-dgv273-seacev3-1220742-2026-07-10T10:41:47.590815-05:00,1220742-20613911481,99600.0,PEN,Soles,2026-06-12T00:00:00-05:00
ocds-dgv273-seacev3-1224928,ocds-dgv273-seacev3-1224928-2026-07-10T10:41:47.223494-05:00,1224928-10095869471,352800.0,PEN,Soles,2026-06-25T00:00:00-05:00
ocds-dgv273-seacev3-1222038,ocds-dgv273-seacev3-1222038-2026-07-10T10:41:46.042592-05:00,1222038-20507829997,401610.0,PEN,Soles,2026-06-12T00:00:00-05:00
ocds-dgv273-seacev3-1221924,ocds-dgv273-seacev3-1221924-2026-07-10T10:41:45.103254-05:00,1221924-10012862844,99880.0,PEN,Soles,2026-06-09T00:00:00-05:00
ocds-dgv273-seacev3-1223791,ocds-dgv273-seacev3-1223791-2026-07-10T10:41:44.902578-05:00,1223791-20610566295,94955.0,PEN,Soles,2026-06-15T00:00:00-05:00
ocds-dgv273-seacev3-1220998,ocds-dgv273-seacev3-1220998-2026-07-10T10:41:44.713656-05:00,1220998-1800974,100000.0,PEN,Soles,2026-06-12T00:00:00-05:00
ocds-dgv273-seacev3-1225790,ocds-dgv273-seacev3-1225790-2026-07-10T10:41:44.488079-05:00,1225790-20601272335,65666.84,PEN,Soles,2026-06-30T00:00:00-05:00
ocds-dgv273-seacev3-1226305,ocds-dgv273-seacev3-1226305-2026-07-10T10:41:44.033155-05:00,1226305-1806565,522840.05,PEN,Nuevos Soles,2026-07-08T00:00:00-05:00
ocds-dgv273-seacev3-1228217,ocds-dgv273-seacev3-1228217-2026-07-10T10:41:43.962072-05:00,1228217-20605897330,99498.0,PEN,Soles,2026-06-30T00:00:00-05:00
ocds-dgv273-seacev3-1222262,ocds-dgv273-seacev3-1222262-2026-07-10T10:41:43.578187-05:00,1222262-20155196069,455041.68,PEN,Soles,2026-06-15T00:00:00-05:00
ocds-dgv273-seacev3-1227166,ocds-dgv273-seacev3-1227166-2026-07-10T10:41:43.397667-05:00,1227166-20607806188,99238.02,PEN,Soles,2026-06-26T00:00:00-05:00
ocds-dgv273-seacev3-1225314,ocds-dgv273-seacev3-1225314-2026-07-10T10:41:43.261587-05:00,1225314-20602605184,57218.0,PEN,Soles,2026-06-25T00:00:00-05:00
ocds-dgv273-seacev3-1222584,ocds-dgv273-seacev3-1222584-2026-07-10T10:41:43.247038-05:00,1222584-20563136562,89940.0,PEN,Soles,2026-06-15T00:00:00-05:00
ocds-dgv273-seacev3-1224795,ocds-dgv273-seacev3-1224795-2026-07-10T10:41:42.995484-05:00,1224795-20606712945,94998.0,PEN,Soles,2026-06-24T00:00:00-05:00
ocds-dgv273-seacev3-1227402,ocds-dgv273-seacev3-1227402-2026-07-10T10:41:42.940601-05:00,1227402-10100532366,182400.0,PEN,Soles,2026-06-26T00:00:00-05:00
ocds-dgv273-seacev3-1224348,ocds-dgv273-seacev3-1224348-2026-07-10T10:41:42.895029-05:00,1224348-20487263215,47250.0,PEN,Soles,2026-06-30T00:00:00-05:00
ocds-dgv273-seacev3-1223408,ocds-dgv273-seacev3-1223408-2026-07-10T10:41:42.585436-05:00,1223408-1804348,56934.0,PEN,Soles,2026-06-30T00:00:00-05:00
ocds-dgv273-seacev3-1222240,ocds-dgv273-seacev3-1222240-2026-07-10T10:41:42.507657-05:00,1222240-1803333,498111.17,PEN,Soles,2026-06-22T00:00:00-05:00
ocds-dgv273-seacev3-1228379,ocds-dgv273-seacev3-1228379-2026-07-10T10:41:42.381205-05:00,1228379-20605249184,259534.38,PEN,Soles,2026-06-26T00:00:00-05:00
ocds-dgv273-seacev3-2026-150-7,ocds-dgv273-seacev3-2026-150-7-2026-07-10T10:41:37.100565-05:00,1224950-20602263526,112179.65,PEN,Soles,2026-07-01T00:00:00-05:00
ocds-dgv273-seacev3-1226138,ocds-dgv273-seacev3-1226138-2026-07-10T10:41:36.714224-05:00,1226138-10026465091,412500.0,PEN,Soles,2026-06-23T00:00:00-05:00
ocds-dgv273-seacev3-1222286,ocds-dgv273-seacev3-1222286-2026-07-10T10:41:36.156556-05:00,1222286-20609344050,185600.0,PEN,Soles,2026-06-18T00:00:00-05:00
ocds-dgv273-seacev3-1228937,ocds-dgv273-seacev3-1228937-2026-07-10T10:41:36.127062-05:00,1228937-L0000005703,4329.8,USD,Dólar Norteamericano,2026-06-25T00:00:00-05:00
ocds-dgv273-seacev3-1224620,ocds-dgv273-seacev3-1224620-2026-07-10T10:41:35.895005-05:00,1224620-10708967225,91800.0,PEN,Soles,2026-06-17T00:00:00-05:00
ocds-dgv273-seacev3-1223631,ocds-dgv273-seacev3-1223631-2026-07-10T10:41:35.382027-05:00,1223631-20511106762,105000.0,PEN,Soles,2026-06-22T00:00:00-05:00
ocds-dgv273-seacev3-1224702,ocds-dgv273-seacev3-1224702-2026-07-10T10:41:34.230273-05:00,1224702-20615719316,136490.39,PEN,Soles,2026-06-23T00:00:00-05:00
ocds-dgv273-seacev3-1225062,ocds-dgv273-seacev3-1225062-2026-07-10T10:41:34.050475-05:00,1225062-20600616235,97950.0,PEN,Soles,2026-06-22T00:00:00-05:00
ocds-dgv273-seacev3-1223274,ocds-dgv273-seacev3-1223274-2026-07-10T10:41:33.382843-05:00,1223274-10459569222,120048.08,PEN,Soles,2026-06-12T00:00:00-05:00
ocds-dgv273-seacev3-1223157,ocds-dgv273-seacev3-1223157-2026-07-10T10:41:33.182610-05:00,1223157-1804008,447691.98,PEN,Soles,2026-06-23T00:00:00-05:00
ocds-dgv273-seacev3-1226034,ocds-dgv273-seacev3-1226034-2026-07-10T10:41:32.346652-05:00,1226034-20559703941,66444.7,PEN,Soles,2026-06-22T00:00:00-05:00
ocds-dgv273-seacev3-1226916,ocds-dgv273-seacev3-1226916-2026-07-10T10:41:32.283551-05:00,1226916-10489507191,97050.0,PEN,Soles,2026-06-24T00:00:00-05:00
ocds-dgv273-seacev3-1224123,ocds-dgv273-seacev3-1224123-2026-07-10T10:41:32.255824-05:00,1224123-20610316922,175800.0,PEN,Soles,2026-06-19T19:09:42-05:00
ocds-dgv273-seacev3-1225379,ocds-dgv273-seacev3-1225379-2026-07-10T10:41:32.164970-05:00,1225379-20604700109,65000.0,PEN,Soles,2026-06-25T00:00:00-05:00
ocds-dgv273-seacev3-1222417,ocds-dgv273-seacev3-1222417-2026-07-10T10:41:32.121101-05:00,1222417-20605422269,159232.0,PEN,Soles,2026-06-18T00:00:00-05:00
ocds-dgv273-seacev3-1223455,ocds-dgv273-seacev3-1223455-2026-07-10T10:41:32.065946-05:00,1223455-10443685621,77726.2,PEN,Soles,2026-06-15T00:00:00-05:00
ocds-dgv273-seacev3-2026-1594-5,ocds-dgv273-seacev3-2026-1594-5-2026-07-10T10:41:31.836758-05:00,1222603-20612231550,181230.0,PEN,Soles,2026-06-17T00:00:00-05:00
ocds-dgv273-seacev3-2026-10218-9,ocds-dgv273-seacev3-2026-10218-9-2026-07-10T10:41:27.287482-05:00,1222028-20423409011,215000.0,PEN,Soles,2026-06-22T00:00:00-05:00
ocds-dgv273-seacev3-1221610,ocds-dgv273-seacev3-1221610-2026-07-10T10:41:25.957063-05:00,1221610-20604035873,360832.5,PEN,Soles,2026-06-17T00:00:00-05:00
ocds-dgv273-seacev3-1224656,ocds-dgv273-seacev3-1224656-2026-07-10T10:41:25.375107-05:00,1224656-10709610517,98303.6,PEN,Soles,2026-06-23T00:00:00-05:00
ocds-dgv273-seacev3-1221935,ocds-dgv273-seacev3-1221935-2026-07-10T10:41:25.110244-05:00,1221935-1809103,499988.99,PEN,Soles,2026-07-07T00:00:00-05:00
ocds-dgv273-seacev3-1226903,ocds-dgv273-seacev3-1226903-2026-07-10T10:41:24.567122-05:00,1226903-10764570206,55200.0,PEN,Soles,2026-06-25T00:00:00-05:00
ocds-dgv273-seacev3-1225393,ocds-dgv273-seacev3-1225393-2026-07-10T10:41:24.343942-05:00,1225393-20609944502,37951.7,PEN,Soles,2026-06-25T00:00:00-05:00
ocds-dgv273-seacev3-1223215,ocds-dgv273-seacev3-1223215-2026-07-10T10:41:21.410430-05:00,1223215-20393667207,299500.0,PEN,Soles,2026-06-26T00:00:00-05:00
ocds-dgv273-seacev3-2026-1594-4,ocds-dgv273-seacev3-2026-1594-4-2026-07-10T10:41:21.181203-05:00,1222599-20612231550,138000.0,PEN,Soles,2026-06-16T00:00:00-05:00
ocds-dgv273-seacev3-1221498,ocds-dgv273-seacev3-1221498-2026-07-10T10:41:20.972312-05:00,1221498-10401435773,96000.0,PEN,Soles,2026-06-15T00:00:00-05:00
ocds-dgv273-seacev3-2026-1479-24,ocds-dgv273-seacev3-2026-1479-24-2026-07-10T10:41:14.683545-05:00,1222166-20604035873,127082.5,PEN,Soles,2026-06-18T00:00:00-05:00
ocds-dgv273-seacev3-1231260,ocds-dgv273-seacev3-1231260-2026-07-10T10:41:13.859076-05:00,1231260-10764448915,13400.0,PEN,Soles,2026-07-06T00:00:00-05:00
ocds-dgv273-seacev3-1231400,ocds-dgv273-seacev3-1231400-2026-07-10T10:41:12.512084-05:00,1231400-10106038975,66000.0,PEN,Soles,2026-07-06T00:00:00-05:00
ocds-dgv273-seacev3-1223378,ocds-dgv273-seacev3-1223378-2026-07-10T10:41:12.227596-05:00,1223378-20612207047,80800.0,PEN,Soles,2026-06-22T00:00:00-05:00
ocds-dgv273-seacev3-1224817,ocds-dgv273-seacev3-1224817-2026-07-10T10:41:10.832443-05:00,1224817-20609285991,99000.0,PEN,Soles,2026-06-18T00:00:00-05:00
ocds-dgv273-seacev3-1225010,ocds-dgv273-seacev3-1225010-2026-07-10T10:41:10.696784-05:00,1225010-20559825892,217407.0,PEN,Soles,2026-06-23T00:00:00-05:00
ocds-dgv273-seacev3-1222888,ocds-dgv273-seacev3-1222888-2026-07-10T10:41:09.777045-05:00,1222888-10232709699,72000.0,PEN,Soles,2026-06-16T00:00:00-05:00
ocds-dgv273-seacev3-1222223,ocds-dgv273-seacev3-1222223-2026-07-10T10:41:09.684809-05:00,1222223-1801579,5115512.23,PEN,Soles,2026-06-15T00:00:00-05:00
ocds-dgv273-seacev3-1226813,ocds-dgv273-seacev3-1226813-2026-07-10T10:41:09.623975-05:00,1226813-10410035699,2418887.0,PEN,Soles,2026-06-25T00:00:00-05:00
ocds-dgv273-seacev3-1226813,ocds-dgv273-seacev3-1226813-2026-07-10T10:41:09.623975-05:00,1226813-20545478383,1563392.8,PEN,Soles,2026-06-25T00:00:00-05:00
ocds-dgv273-seacev3-1226813,ocds-dgv273-seacev3-1226813-2026-07-10T10:41:09.623975-05:00,1226813-20603572425,1561069.0,PEN,Soles,2026-06-25T00:00:00-05:00
ocds-dgv273-seacev3-1226813,ocds-dgv273-seacev3-1226813-2026-07-10T10:41:09.623975-05:00,1226813-20608365185,2920123.6,PEN,Soles,2026-06-25T00:00:00-05:00
ocds-dgv273-seacev3-1226813,ocds-dgv273-seacev3-1226813-2026-07-10T10:41:09.623975-05:00,1226813-20608375857,1526112.0,PEN,Soles,2026-06-25T00:00:00-05:00
ocds-dgv273-seacev3-1226813,ocds-dgv273-seacev3-1226813-2026-07-10T10:41:09.623975-05:00,1226813-20609841444,977095.6599999999,PEN,Soles,2026-06-25T00:00:00-05:00
ocds-dgv273-seacev3-1226813,ocds-dgv273-seacev3-1226813-2026-07-10T10:41:09.623975-05:00,1226813-20610122354,512472.0,PEN,Soles,2026-06-25T00:00:00-05:00
ocds-dgv273-seacev3-1226813,ocds-dgv273-seacev3-1226813-2026-07-10T10:41:09.623975-05:00,1226813-20610495746,1817722.0,PEN,Soles,2026-06-25T00:00:00-05:00
ocds-dgv273-seacev3-1226530,ocds-dgv273-seacev3-1226530-2026-07-10T10:41:03.214057-05:00,1226530-20611155647,68224.0,PEN,Soles,2026-06-23T00:00:00-05:00
ocds-dgv273-seacev3-1225533,ocds-dgv273-seacev3-1225533-2026-07-10T10:41:02.392438-05:00,1225533-10775069533,96000.0,PEN,Soles,2026-06-24T00:00:00-05:00
ocds-dgv273-seacev3-1225392,ocds-dgv273-seacev3-1225392-2026-07-10T10:41:01.753849-05:00,1225392-10426100725,95000.0,PEN,Soles,2026-06-25T00:00:00-05:00
ocds-dgv273-seacev3-1221713,ocds-dgv273-seacev3-1221713-2026-07-10T10:41:01.495690-05:00,1221713-20607779695,110000.0,PEN,Soles,2026-06-17T17:09:38-05:00
ocds-dgv273-seacev3-1221360,ocds-dgv273-seacev3-1221360-2026-07-10T10:40:59.015732-05:00,1221360-1802108,121984.45,PEN,Soles,2026-06-16T00:00:00-05:00
ocds-dgv273-seacev3-1222285,ocds-dgv273-seacev3-1222285-2026-07-10T10:40:58.363426-05:00,1222285-20609344050,81382.0,PEN,Soles,2026-06-18T00:00:00-05:00
ocds-dgv273-seacev3-1225582,ocds-dgv273-seacev3-1225582-2026-07-10T10:40:58.349073-05:00,1225582-20485584880,61567.2,PEN,Soles,2026-06-24T00:00:00-05:00
ocds-dgv273-seacev3-1221319,ocds-dgv273-seacev3-1221319-2026-07-10T10:40:58.299617-05:00,1221319-20563140918,131000.0,PEN,Soles,2026-06-15T00:00:00-05:00
ocds-dgv273-seacev3-2026-1594-3,ocds-dgv273-seacev3-2026-1594-3-2026-07-10T10:40:58.035241-05:00,1222557-20612231550,258900.0,PEN,Soles,2026-06-17T00:00:00-05:00
ocds-dgv273-seacev3-1225534,ocds-dgv273-seacev3-1225534-2026-07-10T10:40:57.869650-05:00,1225534-20600214935,315490.95,PEN,Soles,2026-06-16T00:00:00-05:00
ocds-dgv273-seacev3-1227268,ocds-dgv273-seacev3-1227268-2026-07-10T10:40:57.813969-05:00,1227268-1805372,144819.17,PEN,Soles,2026-06-24T00:00:00-05:00
ocds-dgv273-seacev3-2026-158749-13,ocds-dgv273-seacev3-2026-158749-13-2026-07-09T10:39:17.861870-05:00,1221443-20611939931,106000.0,PEN,Soles,2026-06-26T00:00:00-05:00
ocds-dgv273-seacev3-1222154,ocds-dgv273-seacev3-1222154-2026-07-09T10:39:16.995260-05:00,1222154-10464731798,153265.0,PEN,Soles,2026-06-17T00:00:00-05:00
ocds-dgv273-seacev3-1228078,ocds-dgv273-seacev3-1228078-2026-07-09T10:39:14.719158-05:00,1228078-10447742379,108000.0,PEN,Soles,2026-07-06T00:00:00-05:00
ocds-dgv273-seacev3-1223444,ocds-dgv273-seacev3-1223444-2026-07-09T10:39:14.306211-05:00,1223444-10282614699,78500.0,PEN,Soles,2026-06-24T11:07:24-05:00
ocds-dgv273-seacev3-1224672,ocds-dgv273-seacev3-1224672-2026-07-09T10:39:13.839365-05:00,1224672-20603831501,86200.0,PEN,Soles,2026-06-22T00:00:00-05:00
ocds-dgv273-seacev3-1222332,ocds-dgv273-seacev3-1222332-2026-07-09T10:39:13.661354-05:00,1222332-20600194861,735042.0,PEN,Soles,2026-06-17T00:00:00-05:00
ocds-dgv273-seacev3-1223344,ocds-dgv273-seacev3-1223344-2026-07-09T10:39:13.501243-05:00,1223344-20534206721,56862.0,PEN,Soles,2026-06-17T17:47:03-05:00
ocds-dgv273-seacev3-1221353,ocds-dgv273-seacev3-1221353-2026-07-09T10:39:13.485004-05:00,1221353-20564013260,126000.0,PEN,Soles,2026-06-23T00:00:00-05:00
ocds-dgv273-seacev3-1222003,ocds-dgv273-seacev3-1222003-2026-07-09T10:39:13.308158-05:00,1222003-20553853355,22534972.5,PEN,Soles,2026-06-16T00:00:00-05:00
ocds-dgv273-seacev3-1224391,ocds-dgv273-seacev3-1224391-2026-07-09T10:39:12.935942-05:00,1224391-20602804730,196652.4,PEN,Soles,2026-06-25T00:00:00-05:00
ocds-dgv273-seacev3-1225998,ocds-dgv273-seacev3-1225998-2026-07-09T10:39:12.882144-05:00,1225998-1809251,68676.0,PEN,Soles,2026-07-07T00:00:00-05:00
ocds-dgv273-seacev3-1226469,ocds-dgv273-seacev3-1226469-2026-07-09T10:39:12.783616-05:00,1226469-10457858278,64076.2,PEN,Soles,2026-06-24T00:00:00-05:00
ocds-dgv273-seacev3-1226610,ocds-dgv273-seacev3-1226610-2026-07-09T10:39:08.193132-05:00,1226610-1806463,176384.0,PEN,Soles,2026-06-26T00:00:00-05:00
ocds-dgv273-seacev3-1229931,ocds-dgv273-seacev3-1229931-2026-07-09T10:39:07.785334-05:00,1229931-20409211411,1289530.15,PEN,Soles,2026-07-01T00:00:00-05:00
ocds-dgv273-seacev3-1228567,ocds-dgv273-seacev3-1228567-2026-07-09T10:39:07.518312-05:00,1228567-20600079345,219641.0,PEN,Soles,2026-06-24T00:00:00-05:00
ocds-dgv273-seacev3-1224393,ocds-dgv273-seacev3-1224393-2026-07-09T10:39:07.442169-05:00,1224393-1805917,145405.61,PEN,Soles,2026-06-25T00:00:00-05:00
ocds-dgv273-seacev3-1221104,ocds-dgv273-seacev3-1221104-2026-07-09T10:39:07.251285-05:00,1221104-20604893730,468000.0,PEN,Soles,2026-06-16T00:00:00-05:00
ocds-dgv273-seacev3-1221846,ocds-dgv273-seacev3-1221846-2026-07-09T10:39:06.989915-05:00,1221846-20608895559,46928.0,PEN,Soles,2026-06-15T00:00:00-05:00
ocds-dgv273-seacev3-1223997,ocds-dgv273-seacev3-1223997-2026-07-09T10:39:06.724255-05:00,1223997-20612515108,74497.0,PEN,Soles,2026-06-22T00:00:00-05:00
ocds-dgv273-seacev3-1225347,ocds-dgv273-seacev3-1225347-2026-07-09T10:39:06.419007-05:00,1225347-L0609015696,635000.0,EUR,Euro,2026-06-22T00:00:00-05:00
ocds-dgv273-seacev3-1221742,ocds-dgv273-seacev3-1221742-2026-07-09T10:39:06.298178-05:00,1221742-10009836441,187608.0,PEN,Soles,2026-06-12T00:00:00-05:00
ocds-dgv273-seacev3-1221495,ocds-dgv273-seacev3-1221495-2026-07-09T10:39:05.111937-05:00,1221495-1801235,149935.0,PEN,Soles,2026-06-16T00:00:00-05:00
ocds-dgv273-seacev3-1226818,ocds-dgv273-seacev3-1226818-2026-07-09T10:39:05.021893-05:00,1226818-20614580357,98700.0,PEN,Soles,2026-06-25T00:00:00-05:00
ocds-dgv273-seacev3-1223241,ocds-dgv273-seacev3-1223241-2026-07-09T10:39:04.006817-05:00,1223241-20611632119,99000.0,PEN,Soles,2026-06-12T00:00:00-05:00
ocds-dgv273-seacev3-1223645,ocds-dgv273-seacev3-1223645-2026-07-09T10:39:03.360902-05:00,1223645-20609760363,402971.8,PEN,Soles,2026-06-23T00:00:00-05:00
ocds-dgv273-seacev3-1221356,ocds-dgv273-seacev3-1221356-2026-07-09T10:39:02.414397-05:00,1221356-1801762,519296.56,PEN,Soles,2026-06-18T00:00:00-05:00
ocds-dgv273-seacev3-1222067,ocds-dgv273-seacev3-1222067-2026-07-09T10:39:01.881661-05:00,1222067-1801811,749922.9,PEN,Soles,2026-06-15T00:00:00-05:00
ocds-dgv273-seacev3-1224802,ocds-dgv273-seacev3-1224802-2026-07-09T10:39:01.687901-05:00,1224802-20605428780,49500.0,PEN,Soles,2026-06-26T00:00:00-05:00
ocds-dgv273-seacev3-1224770,ocds-dgv273-seacev3-1224770-2026-07-09T10:38:55.834908-05:00,1224770-1805958,88692.81,PEN,Soles,2026-06-25T00:00:00-05:00
ocds-dgv273-seacev3-1221073,ocds-dgv273-seacev3-1221073-2026-07-09T10:38:55.404827-05:00,1221073-20614195321,204276.0,PEN,Soles,2026-06-18T00:00:00-05:00
ocds-dgv273-seacev3-1224185,ocds-dgv273-seacev3-1224185-2026-07-09T10:38:54.866173-05:00,1224185-10765615092,59790.0,PEN,Soles,2026-06-16T00:00:00-05:00
ocds-dgv273-seacev3-1224499,ocds-dgv273-seacev3-1224499-2026-07-09T10:38:54.456308-05:00,1224499-20551703712,339840.0,PEN,Soles,2026-06-26T00:00:00-05:00
ocds-dgv273-seacev3-1222150,ocds-dgv273-seacev3-1222150-2026-07-09T10:38:52.973701-05:00,1222150-20604202842,179850.0,PEN,Soles,2026-06-17T09:56:30-05:00
ocds-dgv273-seacev3-1224202,ocds-dgv273-seacev3-1224202-2026-07-09T10:38:52.702557-05:00,1224202-20487099407,267000.0,PEN,Soles,2026-06-22T00:00:00-05:00
ocds-dgv273-seacev3-1228892,ocds-dgv273-seacev3-1228892-2026-07-09T10:38:52.528497-05:00,1228892-15605291357,100600.0,PEN,Soles,2026-06-26T00:00:00-05:00
ocds-dgv273-seacev3-1221684,ocds-dgv273-seacev3-1221684-2026-07-09T10:38:52.478638-05:00,1221684-1803387,238820.0,PEN,Soles,2026-06-26T00:00:00-05:00
ocds-dgv273-seacev3-1221506,ocds-dgv273-seacev3-1221506-2026-07-09T10:38:51.919908-05:00,1221506-20605000097,46189.5,PEN,Nuevos Soles,2026-06-25T00:00:00-05:00
ocds-dgv273-seacev3-1226536,ocds-dgv273-seacev3-1226536-2026-07-09T10:38:51.200975-05:00,1226536-20609956578,54720.0,PEN,Soles,2026-06-25T00:00:00-05:00
ocds-dgv273-seacev3-1221724,ocds-dgv273-seacev3-1221724-2026-07-09T10:38:50.983837-05:00,1221724-20612176729,174800.0,PEN,Soles,2026-06-17T00:00:00-05:00
ocds-dgv273-seacev3-1224038,ocds-dgv273-seacev3-1224038-2026-07-09T10:38:50.752104-05:00,1224038-20107034413,236150.84,PEN,Soles,2026-06-19T00:00:00-05:00
ocds-dgv273-seacev3-1222411,ocds-dgv273-seacev3-1222411-2026-07-09T10:38:50.033898-05:00,1222411-10487547340,100936.0,PEN,Soles,2026-06-18T00:00:00-05:00
ocds-dgv273-seacev3-1222103,ocds-dgv273-seacev3-1222103-2026-07-09T10:38:49.854276-05:00,1222103-20609550326,123600.0,PEN,Soles,2026-07-03T00:00:00-05:00
ocds-dgv273-seacev3-1227375,ocds-dgv273-seacev3-1227375-2026-07-09T10:38:44.478871-05:00,1227375-20612858811,80920.0,PEN,Soles,2026-06-26T00:00:00-05:00
ocds-dgv273-seacev3-1223267,ocds-dgv273-seacev3-1223267-2026-07-09T10:38:44.309563-05:00,1223267-20610306315,209000.0,PEN,Soles,2026-07-01T00:00:00-05:00
ocds-dgv273-seacev3-1221510,ocds-dgv273-seacev3-1221510-2026-07-09T10:38:43.256350-05:00,1221510-10311586331,270000.0,PEN,Soles,2026-06-17T00:00:00-05:00
ocds-dgv273-seacev3-1222119,ocds-dgv273-seacev3-1222119-2026-07-09T10:38:41.556417-05:00,1222119-20608465775,86440.01,PEN,Soles,2026-06-12T00:00:00-05:00
ocds-dgv273-seacev3-1223397,ocds-dgv273-seacev3-1223397-2026-07-09T10:38:40.789082-05:00,1223397-20526312628,204730.0,PEN,Soles,2026-06-26T00:00:00-05:00
ocds-dgv273-seacev3-1223204,ocds-dgv273-seacev3-1223204-2026-07-09T10:38:40.661152-05:00,1223204-20507883266,58260.0,PEN,Soles,2026-06-23T00:00:00-05:00
ocds-dgv273-seacev3-1223041,ocds-dgv273-seacev3-1223041-2026-07-09T10:38:39.987300-05:00,1223041-10239863073,54690.0,PEN,Soles,2026-06-17T00:00:00-05:00
ocds-dgv273-seacev3-1218950,ocds-dgv273-seacev3-1218950-2026-07-09T10:38:39.514703-05:00,1218950-20528351787,190000.0,PEN,Soles,2026-06-19T00:00:00-05:00
ocds-dgv273-seacev3-1221371,ocds-dgv273-seacev3-1221371-2026-07-09T10:38:38.542276-05:00,1221371-20600852346,43950.0,PEN,Soles,2026-06-10T00:00:00-05:00
ocds-dgv273-seacev3-2026-1239-9,ocds-dgv273-seacev3-2026-1239-9-2026-07-09T10:38:30.776768-05:00,1224022-10181337341,87325.0,PEN,Soles,2026-06-25T00:00:00-05:00
ocds-dgv273-seacev3-1228106,ocds-dgv273-seacev3-1228106-2026-07-09T10:38:28.772671-05:00,1228106-20505110651,98000.0,PEN,Soles,2026-06-30T00:00:00-05:00
ocds-dgv273-seacev3-1223812,ocds-dgv273-seacev3-1223812-2026-07-09T10:38:28.532547-05:00,1223812-10410566295,62000.0,PEN,Soles,2026-06-17T00:00:00-05:00
ocds-dgv273-seacev3-1222343,ocds-dgv273-seacev3-1222343-2026-07-09T10:38:28.516246-05:00,1222343-20602104860,378998.98,PEN,Soles,2026-06-16T00:00:00-05:00
ocds-dgv273-seacev3-1221617,ocds-dgv273-seacev3-1221617-2026-07-09T10:38:28.248107-05:00,1221617-20269985900,141864.32,PEN,Soles,2026-06-18T00:00:00-05:00
ocds-dgv273-seacev3-1228135,ocds-dgv273-seacev3-1228135-2026-07-09T10:38:27.476319-05:00,1228135-20505110651,99000.0,PEN,Soles,2026-06-30T00:00:00-05:00
ocds-dgv273-seacev3-1221539,ocds-dgv273-seacev3-1221539-2026-07-09T10:38:20.872272-05:00,1221539-20604893730,375000.0,PEN,Soles,2026-06-16T00:00:00-05:00
ocds-dgv273-seacev3-1223898,ocds-dgv273-seacev3-1223898-2026-07-09T10:38:20.632013-05:00,1223898-20600966775,89900.0,PEN,Soles,2026-06-24T00:00:00-05:00
ocds-dgv273-seacev3-1223423,ocds-dgv273-seacev3-1223423-2026-07-09T10:38:19.130034-05:00,1223423-20377339461,67392.0,PEN,Soles,2026-06-19T00:00:00-05:00
ocds-dgv273-seacev3-1221594,ocds-dgv273-seacev3-1221594-2026-07-09T10:38:18.683514-05:00,1221594-10415662691,72000.0,PEN,Soles,2026-06-16T00:00:00-05:00
ocds-dgv273-seacev3-1224116,ocds-dgv273-seacev3-1224116-2026-07-09T10:38:17.679755-05:00,1224116-1804812,323737.03,PEN,Soles,2026-06-24T00:00:00-05:00
ocds-dgv273-seacev3-1228144,ocds-dgv273-seacev3-1228144-2026-07-09T10:38:17.556798-05:00,1228144-20100709962,132000.0,USD,Dólar Norteamericano,2026-06-25T00:00:00-05:00
ocds-dgv273-seacev3-1228023,ocds-dgv273-seacev3-1228023-2026-07-09T10:38:17.403390-05:00,1228023-20505110651,99950.0,PEN,Soles,2026-06-30T00:00:00-05:00
ocds-dgv273-seacev3-1227216,ocds-dgv273-seacev3-1227216-2026-07-09T10:38:17.277063-05:00,1227216-10746515966,1293317.5,PEN,Soles,2026-06-24T00:00:00-05:00
ocds-dgv273-seacev3-1224523,ocds-dgv273-seacev3-1224523-2026-07-09T10:38:17.091995-05:00,1224523-1804569,1148131.94,PEN,Soles,2026-06-23T00:00:00-05:00
ocds-dgv273-seacev3-1221657,ocds-dgv273-seacev3-1221657-2026-07-09T10:38:17.009004-05:00,1221657-20611468068,87073.0,PEN,Soles,2026-06-17T00:00:00-05:00
ocds-dgv273-seacev3-2026-819-14,ocds-dgv273-seacev3-2026-819-14-2026-07-09T10:38:16.923107-05:00,1221633-20603574142,838000.0,PEN,Soles,2026-06-16T00:00:00-05:00
ocds-dgv273-seacev3-1221731,ocds-dgv273-seacev3-1221731-2026-07-09T10:38:16.729151-05:00,1221731-20608867776,390000.0,PEN,Soles,2026-06-11T00:00:00-05:00
ocds-dgv273-seacev3-1224661,ocds-dgv273-seacev3-1224661-2026-07-09T10:38:16.578896-05:00,1224661-20450700771,84889.0,PEN,Soles,2026-06-25T00:00:00-05:00
ocds-dgv273-seacev3-1222971,ocds-dgv273-seacev3-1222971-2026-07-09T10:38:16.318213-05:00,1222971-20601046157,184200.0,PEN,Soles,2026-06-22T00:00:00-05:00
ocds-dgv273-seacev3-1229254,ocds-dgv273-seacev3-1229254-2026-07-09T10:38:09.962358-05:00,1229254-20609243407,115846.4,PEN,Soles,2026-06-30T00:00:00-05:00
ocds-dgv273-seacev3-1221511,ocds-dgv273-seacev3-1221511-2026-07-09T10:38:08.842755-05:00,1221511-20610809945,169270.0,PEN,Soles,2026-06-19T00:00:00-05:00
ocds-dgv273-seacev3-1217333,ocds-dgv273-seacev3-1217333-2026-07-09T10:38:08.827288-05:00,1217333-10442459644,41122.91,PEN,Soles,2026-06-12T00:00:00-05:00
ocds-dgv273-seacev3-1225558,ocds-dgv273-seacev3-1225558-2026-07-09T10:38:08.002525-05:00,1225558-1805962,173584.96,PEN,Soles,2026-06-25T00:00:00-05:00
ocds-dgv273-seacev3-1221464,ocds-dgv273-seacev3-1221464-2026-07-09T10:38:07.658542-05:00,1221464-10258025984,60000.0,PEN,Soles,2026-06-15T00:00:00-05:00
ocds-dgv273-seacev3-1221464,ocds-dgv273-seacev3-1221464-2026-07-09T10:38:07.658542-05:00,1221464-10415114830,72000.0,PEN,Soles,2026-06-15T00:00:00-05:00
ocds-dgv273-seacev3-1221464,ocds-dgv273-seacev3-1221464-2026-07-09T10:38:07.658542-05:00,1221464-10419248687,72000.0,PEN,Soles,2026-06-15T00:00:00-05:00
ocds-dgv273-seacev3-1221464,ocds-dgv273-seacev3-1221464-2026-07-09T10:38:07.658542-05:00,1221464-10433559091,72000.0,PEN,Soles,2026-06-15T00:00:00-05:00
ocds-dgv273-seacev3-1221464,ocds-dgv273-seacev3-1221464-2026-07-09T10:38:07.658542-05:00,1221464-10710049586,72000.0,PEN,Soles,2026-06-15T00:00:00-05:00
ocds-dgv273-seacev3-1221464,ocds-dgv273-seacev3-1221464-2026-07-09T10:38:07.658542-05:00,1221464-10717375799,72000.0,PEN,Soles,2026-06-15T00:00:00-05:00
ocds-dgv273-seacev3-1222168,ocds-dgv273-seacev3-1222168-2026-07-09T10:38:07.330169-05:00,1222168-20600519051,119377.2,PEN,Soles,2026-06-12T00:00:00-05:00
ocds-dgv273-seacev3-1221182,ocds-dgv273-seacev3-1221182-2026-07-09T10:38:06.822524-05:00,1221182-20604893730,399800.0,PEN,Soles,2026-06-16T00:00:00-05:00
ocds-dgv273-seacev3-1227162,ocds-dgv273-seacev3-1227162-2026-07-09T10:38:04.946295-05:00,1227162-20612858811,56840.0,PEN,Soles,2026-06-26T00:00:00-05:00
ocds-dgv273-seacev3-1222523,ocds-dgv273-seacev3-1222523-2026-07-09T10:38:04.565178-05:00,1222523-10481407163,215000.0,PEN,Soles,2026-06-17T00:00:00-05:00
ocds-dgv273-seacev3-1222147,ocds-dgv273-seacev3-1222147-2026-07-09T10:38:04.326609-05:00,1222147-20614446081,132867.0,PEN,Soles,2026-06-12T00:00:00-05:00
ocds-dgv273-seacev3-1227065,ocds-dgv273-seacev3-1227065-2026-07-09T10:38:04.296868-05:00,1227065-20338570041,132000.0,PEN,Soles,2026-06-24T00:00:00-05:00
ocds-dgv273-seacev3-1221523,ocds-dgv273-seacev3-1221523-2026-07-09T10:38:03.997912-05:00,1221523-1803151,196000.0,PEN,Soles,2026-06-18T00:00:00-05:00
ocds-dgv273-seacev3-2026-1038-6,ocds-dgv273-seacev3-2026-1038-6-2026-07-09T10:38:03.857431-05:00,1222872-20100821371,154214.0,PEN,Soles,2026-06-18T00:00:00-05:00
ocds-dgv273-seacev3-2026-1947-177,ocds-dgv273-seacev3-2026-1947-177-2026-07-08T12:25:34.614139-05:00,1228597-L0000004168,74218.0,USD,Dólar Norteamericano,2026-06-25T00:00:00-05:00
ocds-dgv273-seacev3-1227528,ocds-dgv273-seacev3-1227528-2026-07-08T12:25:33.877417-05:00,1227528-20606030232,381757.1,PEN,Soles,2026-06-26T00:00:00-05:00
ocds-dgv273-seacev3-1227504,ocds-dgv273-seacev3-1227504-2026-07-08T12:25:33.862722-05:00,1227504-10082725402,1213944.48,USD,Dólar Norteamericano,2026-06-25T00:00:00-05:00
ocds-dgv273-seacev3-1226420,ocds-dgv273-seacev3-1226420-2026-07-08T12:25:33.004505-05:00,1226420-20603364253,165500.0,PEN,Soles,2026-06-30T00:00:00-05:00
ocds-dgv273-seacev3-1224877,ocds-dgv273-seacev3-1224877-2026-07-08T12:25:32.930948-05:00,1224877-1808247,100000.0,PEN,Soles,2026-07-06T00:00:00-05:00
ocds-dgv273-seacev3-1221305,ocds-dgv273-seacev3-1221305-2026-07-08T12:25:32.830587-05:00,1221305-20573238339,430560.0,PEN,Soles,2026-06-12T00:00:00-05:00
ocds-dgv273-seacev3-1221624,ocds-dgv273-seacev3-1221624-2026-07-08T12:25:32.081090-05:00,1221624-20449314868,217500.0,PEN,Soles,2026-06-12T00:00:00-05:00
ocds-dgv273-seacev3-1221700,ocds-dgv273-seacev3-1221700-2026-07-08T12:25:31.731236-05:00,1221700-10402822673,96579.0,PEN,Soles,2026-06-10T00:00:00-05:00
ocds-dgv273-seacev3-1221621,ocds-dgv273-seacev3-1221621-2026-07-08T12:25:31.668355-05:00,1221621-20514746355,204805.3,PEN,Soles,2026-06-24T00:00:00-05:00
ocds-dgv273-seacev3-1223899,ocds-dgv273-seacev3-1223899-2026-07-08T12:25:31.609725-05:00,1223899-10426895647,59717.0,PEN,Soles,2026-06-16T00:00:00-05:00
ocds-dgv273-seacev3-1223066,ocds-dgv273-seacev3-1223066-2026-07-08T12:25:30.942885-05:00,1223066-20613813129,92000.0,PEN,Soles,2026-06-19T00:00:00-05:00
ocds-dgv273-seacev3-2026-2408-96,ocds-dgv273-seacev3-2026-2408-96-2026-07-08T12:25:30.874520-05:00,1223500-20368365981,215554.72,PEN,Soles,2026-06-30T00:00:00-05:00
ocds-dgv273-seacev3-1223458,ocds-dgv273-seacev3-1223458-2026-07-08T12:25:30.206456-05:00,1223458-20601519489,66000.0,PEN,Soles,2026-06-24T00:00:00-05:00
ocds-dgv273-seacev3-1221541,ocds-dgv273-seacev3-1221541-2026-07-08T12:25:29.547421-05:00,1221541-20608508059,149900.0,PEN,Soles,2026-06-18T00:00:00-05:00
ocds-dgv273-seacev3-1224143,ocds-dgv273-seacev3-1224143-2026-07-08T12:25:29.255933-05:00,1224143-20477613528,54285.74,PEN,Soles,2026-06-16T00:00:00-05:00
ocds-dgv273-seacev3-1222243,ocds-dgv273-seacev3-1222243-2026-07-08T12:25:28.684873-05:00,1222243-20602519164,91977.5,PEN,Soles,2026-06-12T00:00:00-05:00
ocds-dgv273-seacev3-1223918,ocds-dgv273-seacev3-1223918-2026-07-08T12:25:28.593670-05:00,1223918-10105900835,85250.0,PEN,Soles,2026-06-18T00:00:00-05:00
ocds-dgv273-seacev3-1223804,ocds-dgv273-seacev3-1223804-2026-07-08T12:25:28.374947-05:00,1223804-1804319,62466.25,PEN,Soles,2026-06-22T00:00:00-05:00
ocds-dgv273-seacev3-1222906,ocds-dgv273-seacev3-1222906-2026-07-08T12:25:28.187206-05:00,1222906-1802813,484449.0,PEN,Soles,2026-06-25T00:00:00-05:00
ocds-dgv273-seacev3-1222277,ocds-dgv273-seacev3-1222277-2026-07-08T12:25:28.091635-05:00,1222277-20600349342,67900.8,PEN,Soles,2026-06-15T00:00:00-05:00
ocds-dgv273-seacev3-1223438,ocds-dgv273-seacev3-1223438-2026-07-08T12:25:27.900250-05:00,1223438-10700721448,252650.0,PEN,Soles,2026-06-18T00:00:00-05:00
ocds-dgv273-seacev3-1225859,ocds-dgv273-seacev3-1225859-2026-07-08T12:25:27.612095-05:00,1225859-10101368926,93635.0,PEN,Soles,2026-06-22T00:00:00-05:00
ocds-dgv273-seacev3-1224407,ocds-dgv273-seacev3-1224407-2026-07-08T12:25:27.597005-05:00,1224407-20611213191,76398.0,PEN,Soles,2026-06-18T00:00:00-05:00
ocds-dgv273-seacev3-1223182,ocds-dgv273-seacev3-1223182-2026-07-08T12:25:27.571893-05:00,1223182-20401642863,334500.0,PEN,Soles,2026-06-25T00:00:00-05:00
ocds-dgv273-seacev3-2026-1196-1,ocds-dgv273-seacev3-2026-1196-1-2026-07-08T12:25:27.555280-05:00,1223527-10434375270,98300.0,PEN,Soles,2026-06-22T00:00:00-05:00
ocds-dgv273-seacev3-1221865,ocds-dgv273-seacev3-1221865-2026-07-08T12:25:27.314681-05:00,1221865-20614067307,63870.0,PEN,Soles,2026-06-11T00:00:00-05:00
ocds-dgv273-seacev3-1221391,ocds-dgv273-seacev3-1221391-2026-07-08T12:25:27.164378-05:00,1221391-20603053142,512200.0,PEN,Soles,2026-06-12T00:00:00-05:00
ocds-dgv273-seacev3-1225926,ocds-dgv273-seacev3-1225926-2026-07-08T12:25:26.728215-05:00,1225926-20601603251,95695.05,PEN,Soles,2026-06-22T00:00:00-05:00
ocds-dgv273-seacev3-1223489,ocds-dgv273-seacev3-1223489-2026-07-08T12:25:26.587558-05:00,1223489-10002508635,198000.0,PEN,Soles,2026-07-01T00:00:00-05:00
ocds-dgv273-seacev3-1222481,ocds-dgv273-seacev3-1222481-2026-07-08T12:25:26.507171-05:00,1222481-10470212751,61500.0,PEN,Soles,2026-06-16T00:00:00-05:00
ocds-dgv273-seacev3-1222643,ocds-dgv273-seacev3-1222643-2026-07-08T12:25:25.988155-05:00,1222643-20506945934,194700.0,PEN,Soles,2026-06-16T00:00:00-05:00
ocds-dgv273-seacev3-1220980,ocds-dgv273-seacev3-1220980-2026-07-08T12:25:25.953623-05:00,1220980-1800935,1302983.2,PEN,Soles,2026-06-11T00:00:00-05:00
ocds-dgv273-seacev3-1225906,ocds-dgv273-seacev3-1225906-2026-07-08T12:25:25.916849-05:00,1225906-20609072661,99000.0,PEN,Soles,2026-06-22T00:00:00-05:00
ocds-dgv273-seacev3-1228890,ocds-dgv273-seacev3-1228890-2026-07-08T12:25:16.506206-05:00,1228890-L9000032937,42716.0,PEN,Soles,2026-06-25T00:00:00-05:00
ocds-dgv273-seacev3-1229428,ocds-dgv273-seacev3-1229428-2026-07-08T12:25:16.429438-05:00,1229428-20553529337,1304465.2,PEN,Soles,2026-07-01T00:00:00-05:00
ocds-dgv273-seacev3-1223407,ocds-dgv273-seacev3-1223407-2026-07-08T12:25:15.688040-05:00,1223407-20601196710,74178.0,PEN,Soles,2026-06-12T00:00:00-05:00
ocds-dgv273-seacev3-1221425,ocds-dgv273-seacev3-1221425-2026-07-08T12:25:15.626107-05:00,1221425-20608483196,190000.0,PEN,Soles,2026-06-15T00:00:00-05:00
ocds-dgv273-seacev3-1223250,ocds-dgv273-seacev3-1223250-2026-07-08T12:25:15.547260-05:00,1223250-20614878305,56000.0,PEN,Soles,2026-06-12T00:00:00-05:00
ocds-dgv273-seacev3-1228376,ocds-dgv273-seacev3-1228376-2026-07-08T12:25:14.911326-05:00,1228376-20604071080,715211.89,PEN,Soles,2026-06-24T00:00:00-05:00
ocds-dgv273-seacev3-1225830,ocds-dgv273-seacev3-1225830-2026-07-08T12:25:14.784922-05:00,1225830-10404457816,144000.0,PEN,Soles,2026-06-18T00:00:00-05:00
ocds-dgv273-seacev3-1222772,ocds-dgv273-seacev3-1222772-2026-07-08T12:25:14.768778-05:00,1222772-1806583,3908898.81,PEN,Soles,2026-07-03T00:00:00-05:00
ocds-dgv273-seacev3-2026-434-7,ocds-dgv273-seacev3-2026-434-7-2026-07-08T12:25:14.407529-05:00,1221965-10289813042,60000.0,PEN,Soles,2026-06-17T00:00:00-05:00
ocds-dgv273-seacev3-1228300,ocds-dgv273-seacev3-1228300-2026-07-08T12:25:14.284485-05:00,1228300-20498697381,185920.0,PEN,Soles,2026-06-24T00:00:00-05:00
ocds-dgv273-seacev3-1222982,ocds-dgv273-seacev3-1222982-2026-07-08T12:25:14.043623-05:00,1222982-20448054218,150300.0,PEN,Soles,2026-06-23T00:00:00-05:00
ocds-dgv273-seacev3-1225374,ocds-dgv273-seacev3-1225374-2026-07-08T12:25:13.156736-05:00,1225374-20567148395,123170.0,PEN,Soles,2026-06-26T00:00:00-05:00
ocds-dgv273-seacev3-1222790,ocds-dgv273-seacev3-1222790-2026-07-08T12:25:11.944541-05:00,1222790-20404553292,61008.0,PEN,Soles,2026-06-17T00:00:00-05:00
ocds-dgv273-seacev3-1228590,ocds-dgv273-seacev3-1228590-2026-07-08T12:25:11.882618-05:00,1228590-20604071080,153047.0,PEN,Soles,2026-06-26T00:00:00-05:00
ocds-dgv273-seacev3-1225435,ocds-dgv273-seacev3-1225435-2026-07-08T12:25:11.809127-05:00,1225435-10256827935,88460.0,PEN,Soles,2026-06-19T00:00:00-05:00
ocds-dgv273-seacev3-1221136,ocds-dgv273-seacev3-1221136-2026-07-08T12:25:11.693829-05:00,1221136-1803647,133706.14,PEN,Soles,2026-06-22T00:00:00-05:00
ocds-dgv273-seacev3-2026-183742-3,ocds-dgv273-seacev3-2026-183742-3-2026-07-08T12:25:11.118501-05:00,1221348-20602650074,57610.08,PEN,Soles,2026-06-12T00:00:00-05:00
ocds-dgv273-seacev3-1223724,ocds-dgv273-seacev3-1223724-2026-07-08T12:25:10.896839-05:00,1223724-20519399131,427512.03,PEN,Soles,2026-06-17T00:00:00-05:00
ocds-dgv273-seacev3-1221023,ocds-dgv273-seacev3-1221023-2026-07-08T12:25:10.797506-05:00,1221023-20604835624,168000.0,PEN,Soles,2026-06-12T00:00:00-05:00
ocds-dgv273-seacev3-1221408,ocds-dgv273-seacev3-1221408-2026-07-08T12:25:10.594244-05:00,1221408-10224834743,59292.71,PEN,Soles,2026-06-10T00:00:00-05:00
ocds-dgv273-seacev3-1226265,ocds-dgv273-seacev3-1226265-2026-07-08T12:25:10.153962-05:00,1226265-20100295891,383961.6,PEN,Soles,2026-07-03T00:00:00-05:00
ocds-dgv273-seacev3-1223121,ocds-dgv273-seacev3-1223121-2026-07-08T12:25:09.930538-05:00,1223121-20510033737,1027000.0,PEN,Soles,2026-06-10T00:00:00-05:00
ocds-dgv273-seacev3-1225804,ocds-dgv273-seacev3-1225804-2026-07-08T12:25:09.843885-05:00,1225804-20608867776,497250.0,PEN,Soles,2026-06-16T00:00:00-05:00
ocds-dgv273-seacev3-1222445,ocds-dgv273-seacev3-1222445-2026-07-08T12:25:09.726003-05:00,1222445-20511599696,300332.9,PEN,Soles,2026-06-15T00:00:00-05:00
ocds-dgv273-seacev3-1226731,ocds-dgv273-seacev3-1226731-2026-07-08T12:25:09.684196-05:00,1226731-20613036611,99436.0,PEN,Nuevos Soles,2026-06-24T00:00:00-05:00
ocds-dgv273-seacev3-1222596,ocds-dgv273-seacev3-1222596-2026-07-08T12:25:09.332540-05:00,1222596-20524800510,184843.0,PEN,Soles,2026-06-18T00:00:00-05:00
ocds-dgv273-seacev3-1224690,ocds-dgv273-seacev3-1224690-2026-07-08T12:25:09.009843-05:00,1224690-10722787132,79488.0,PEN,Soles,2026-06-17T00:00:00-05:00
ocds-dgv273-seacev3-1224228,ocds-dgv273-seacev3-1224228-2026-07-08T12:25:08.817240-05:00,1224228-20605389628,64896.0,PEN,Soles,2026-06-18T00:00:00-05:00
ocds-dgv273-seacev3-2026-1517-10,ocds-dgv273-seacev3-2026-1517-10-2026-07-08T12:25:08.746918-05:00,1226046-1806570,1306050.1,PEN,Soles,2026-07-01T00:00:00-05:00
ocds-dgv273-seacev3-1223262,ocds-dgv273-seacev3-1223262-2026-07-08T12:25:08.703580-05:00,1223262-20612153401,98840.0,PEN,Soles,2026-06-12T00:00:00-05:00
ocds-dgv273-seacev3-1222436,ocds-dgv273-seacev3-1222436-2026-07-08T12:25:08.423010-05:00,1222436-20403107116,221662.48,PEN,Soles,2026-06-16T00:00:00-05:00
ocds-dgv273-seacev3-1221188,ocds-dgv273-seacev3-1221188-2026-07-08T12:25:08.058414-05:00,1221188-20492382311,49974.9,PEN,Soles,2026-06-08T00:00:00-05:00
ocds-dgv273-seacev3-1229803,ocds-dgv273-seacev3-1229803-2026-07-08T12:24:52.013746-05:00,1229803-20601245869,99998.28,PEN,Soles,2026-06-30T00:00:00-05:00
ocds-dgv273-seacev3-1227382,ocds-dgv273-seacev3-1227382-2026-07-08T12:24:51.581956-05:00,1227382-20610478329,56840.0,PEN,Soles,2026-07-02T00:00:00-05:00
ocds-dgv273-seacev3-1223222,ocds-dgv273-seacev3-1223222-2026-07-08T12:24:51.545583-05:00,1223222-20520763407,650720.0,PEN,Soles,2026-06-08T00:00:00-05:00
ocds-dgv273-seacev3-1223185,ocds-dgv273-seacev3-1223185-2026-07-08T12:24:51.395952-05:00,1223185-20607713651,55215.0,PEN,Soles,2026-06-23T00:00:00-05:00
ocds-dgv273-seacev3-1224450,ocds-dgv273-seacev3-1224450-2026-07-08T12:24:50.521781-05:00,1224450-20607160938,97302.49,PEN,Soles,2026-06-18T00:00:00-05:00
ocds-dgv273-seacev3-1227066,ocds-dgv273-seacev3-1227066-2026-07-08T12:24:50.242640-05:00,1227066-L9000032914,3481.0,EUR,Euro,2026-06-19T00:00:00-05:00
ocds-dgv273-seacev3-1224514,ocds-dgv273-seacev3-1224514-2026-07-08T12:24:50.227531-05:00,1224514-20600989040,2870196.0,PEN,Soles,2026-06-18T00:00:00-05:00
ocds-dgv273-seacev3-1220683,ocds-dgv273-seacev3-1220683-2026-07-08T12:24:50.169260-05:00,1220683-20552075341,315000.0,PEN,Soles,2026-06-12T00:00:00-05:00
ocds-dgv273-seacev3-1225574,ocds-dgv273-seacev3-1225574-2026-07-08T12:24:49.544994-05:00,1225574-10701792675,298211.5,PEN,Soles,2026-06-26T00:00:00-05:00
ocds-dgv273-seacev3-2026-2356-24,ocds-dgv273-seacev3-2026-2356-24-2026-07-08T12:24:49.124528-05:00,1222006-20534707267,50000.0,PEN,Soles,2026-07-03T00:00:00-05:00
ocds-dgv273-seacev3-1224270,ocds-dgv273-seacev3-1224270-2026-07-08T12:24:48.218116-05:00,1224270-1804077,998887.0,PEN,Soles,2026-06-23T00:00:00-05:00
ocds-dgv273-seacev3-1225874,ocds-dgv273-seacev3-1225874-2026-07-08T12:24:48.179414-05:00,1225874-20495873171,322564.2,PEN,Soles,2026-06-30T00:00:00-05:00
ocds-dgv273-seacev3-1224487,ocds-dgv273-seacev3-1224487-2026-07-08T12:24:47.960288-05:00,1224487-10434486268,45000.0,PEN,Soles,2026-06-24T00:00:00-05:00
ocds-dgv273-seacev3-1225102,ocds-dgv273-seacev3-1225102-2026-07-08T12:24:46.944188-05:00,1225102-10423377483,83250.0,PEN,Soles,2026-06-18T00:00:00-05:00
ocds-dgv273-seacev3-1221456,ocds-dgv273-seacev3-1221456-2026-07-08T12:24:46.841938-05:00,1221456-10078453864,195000.0,PEN,Soles,2026-06-19T00:00:00-05:00
ocds-dgv273-seacev3-1223202,ocds-dgv273-seacev3-1223202-2026-07-08T12:24:46.388118-05:00,1223202-10714642095,99700.0,PEN,Soles,2026-06-12T00:00:00-05:00
ocds-dgv273-seacev3-1221386,ocds-dgv273-seacev3-1221386-2026-07-08T12:24:46.070485-05:00,1221386-1800888,382834.48,PEN,Soles,2026-06-17T00:00:00-05:00
ocds-dgv273-seacev3-1221313,ocds-dgv273-seacev3-1221313-2026-07-08T12:24:45.837089-05:00,1221313-20613352580,104881.36,PEN,Soles,2026-06-15T00:00:00-05:00
ocds-dgv273-seacev3-1221604,ocds-dgv273-seacev3-1221604-2026-07-08T12:24:45.105464-05:00,1221604-20119407738,229400.0,PEN,Soles,2026-06-15T00:00:00-05:00
ocds-dgv273-seacev3-1222758,ocds-dgv273-seacev3-1222758-2026-07-08T12:24:44.999181-05:00,1222758-10250059391,71920.0,PEN,Soles,2026-06-23T00:00:00-05:00
ocds-dgv273-seacev3-1224257,ocds-dgv273-seacev3-1224257-2026-07-08T12:24:44.369363-05:00,1224257-20613607791,94600.0,PEN,Soles,2026-06-16T00:00:00-05:00
ocds-dgv273-seacev3-1221329,ocds-dgv273-seacev3-1221329-2026-07-08T12:24:44.280149-05:00,1221329-20600172825,72517.07,PEN,Soles,2026-06-15T00:00:00-05:00
ocds-dgv273-seacev3-2026-1316-16,ocds-dgv273-seacev3-2026-1316-16-2026-07-08T12:24:44.083626-05:00,1221815-1802049,705173.76,PEN,Soles,2026-06-19T00:00:00-05:00
ocds-dgv273-seacev3-1223174,ocds-dgv273-seacev3-1223174-2026-07-08T12:24:43.866346-05:00,1223174-20516082918,1593600.01,PEN,Soles,2026-06-08T00:00:00-05:00
ocds-dgv273-seacev3-1223817,ocds-dgv273-seacev3-1223817-2026-07-08T12:24:43.799438-05:00,1223817-1804456,72033.6,PEN,Soles,2026-06-23T00:00:00-05:00
ocds-dgv273-seacev3-1227117,ocds-dgv273-seacev3-1227117-2026-07-08T12:24:43.428485-05:00,1227117-20114803228,1273989.96,PEN,Soles,2026-06-23T00:00:00-05:00
ocds-dgv273-seacev3-1221314,ocds-dgv273-seacev3-1221314-2026-07-08T12:24:42.702300-05:00,1221314-20494554535,75500.0,PEN,Soles,2026-06-10T00:00:00-05:00
ocds-dgv273-seacev3-1221002,ocds-dgv273-seacev3-1221002-2026-07-08T12:24:42.562868-05:00,1221002-20600450779,50000.0,PEN,Soles,2026-06-12T00:00:00-05:00
ocds-dgv273-seacev3-2026-2543-482,ocds-dgv273-seacev3-2026-2543-482-2026-07-08T12:24:42.355384-05:00,1224144-10413691406,88920.0,PEN,Soles,2026-06-23T00:00:00-05:00
ocds-dgv273-seacev3-1222536,ocds-dgv273-seacev3-1222536-2026-07-08T12:24:42.237381-05:00,1222536-20600413776,146750.0,PEN,Soles,2026-06-16T00:00:00-05:00
ocds-dgv273-seacev3-1221597,ocds-dgv273-seacev3-1221597-2026-07-08T12:24:42.150116-05:00,1221597-20602007970,158800.0,PEN,Soles,2026-06-22T00:00:00-05:00
ocds-dgv273-seacev3-1223878,ocds-dgv273-seacev3-1223878-2026-07-08T12:24:41.813427-05:00,1223878-20604031509,99456.0,PEN,Soles,2026-06-16T00:00:00-05:00
ocds-dgv273-seacev3-1222412,ocds-dgv273-seacev3-1222412-2026-07-08T12:24:41.603392-05:00,1222412-20604024014,49343.0,PEN,Soles,2026-06-10T00:00:00-05:00
ocds-dgv273-seacev3-1223976,ocds-dgv273-seacev3-1223976-2026-07-08T12:24:41.248813-05:00,1223976-20542387468,95200.0,PEN,Soles,2026-06-18T00:00:00-05:00
ocds-dgv273-seacev3-1228233,ocds-dgv273-seacev3-1228233-2026-07-08T12:24:36.230006-05:00,1228233-1806526,982691.93,PEN,Soles,2026-07-01T00:00:00-05:00
ocds-dgv273-seacev3-1224239,ocds-dgv273-seacev3-1224239-2026-07-08T12:24:27.353745-05:00,1224239-1805853,195267.27,PEN,Soles,2026-06-25T00:00:00-05:00
ocds-dgv273-seacev3-2026-1995-75,ocds-dgv273-seacev3-2026-1995-75-2026-07-08T12:24:27.170545-05:00,1222133-20452453909,81072.0,PEN,Soles,2026-06-16T10:07:28-05:00
ocds-dgv273-seacev3-1223923,ocds-dgv273-seacev3-1223923-2026-07-08T12:24:26.325295-05:00,1223923-20338022850,90000.0,PEN,Soles,2026-06-17T00:00:00-05:00
ocds-dgv273-seacev3-1222158,ocds-dgv273-seacev3-1222158-2026-07-08T12:24:25.896731-05:00,1222158-10417023441,212534.0,PEN,Soles,2026-06-17T00:00:00-05:00
ocds-dgv273-seacev3-1221761,ocds-dgv273-seacev3-1221761-2026-07-08T12:24:25.855392-05:00,1221761-20534707267,103000.0,PEN,Soles,2026-06-25T00:00:00-05:00
ocds-dgv273-seacev3-1221290,ocds-dgv273-seacev3-1221290-2026-07-08T12:24:25.838763-05:00,1221290-1802085,4032755.83,PEN,Soles,2026-06-15T00:00:00-05:00
ocds-dgv273-seacev3-1222241,ocds-dgv273-seacev3-1222241-2026-07-08T12:24:25.057122-05:00,1222241-20602965890,54555.0,PEN,Soles,2026-06-12T00:00:00-05:00
ocds-dgv273-seacev3-2026-10501-6,ocds-dgv273-seacev3-2026-10501-6-2026-07-08T12:24:24.971771-05:00,1195028-20608287958,207000.0,PEN,Soles,2026-05-18T00:00:00-05:00
ocds-dgv273-seacev3-2026-10501-6,ocds-dgv273-seacev3-2026-10501-6-2026-07-08T12:24:24.971771-05:00,1195028-20608550683,198800.0,PEN,Soles,2026-05-18T00:00:00-05:00
ocds-dgv273-seacev3-2026-10501-6,ocds-dgv273-seacev3-2026-10501-6-2026-07-08T12:24:24.971771-05:00,1223922-20481144231,49585.1,PEN,Soles,2026-06-19T00:00:00-05:00
ocds-dgv273-seacev3-2026-1946-1,ocds-dgv273-seacev3-2026-1946-1-2026-07-08T12:24:24.832341-05:00,1225956-L0609015696,4023000.0,EUR,Euro,2026-06-25T00:00:00-05:00
ocds-dgv273-seacev3-1221642,ocds-dgv273-seacev3-1221642-2026-07-08T12:24:24.772920-05:00,1221642-20605148582,619593.5,PEN,Nuevos Soles,2026-06-15T00:00:00-05:00
ocds-dgv273-seacev3-1221351,ocds-dgv273-seacev3-1221351-2026-07-08T12:24:23.808776-05:00,1221351-20602965890,47800.0,PEN,Soles,2026-06-15T00:00:00-05:00
ocds-dgv273-seacev3-1225819,ocds-dgv273-seacev3-1225819-2026-07-08T12:24:22.460000-05:00,1225819-10428809900,96500.0,PEN,Soles,2026-06-23T00:00:00-05:00
ocds-dgv273-seacev3-1224387,ocds-dgv273-seacev3-1224387-2026-07-08T12:24:21.514991-05:00,1224387-20534216522,61170.0,PEN,Soles,2026-06-22T00:00:00-05:00
ocds-dgv273-seacev3-1224064,ocds-dgv273-seacev3-1224064-2026-07-08T12:24:21.299854-05:00,1224064-10709240965,55100.0,PEN,Soles,2026-06-16T00:00:00-05:00
ocds-dgv273-seacev3-1222895,ocds-dgv273-seacev3-1222895-2026-07-08T12:24:21.183636-05:00,1222895-20566119324,54862.92,PEN,Soles,2026-06-23T00:00:00-05:00
ocds-dgv273-seacev3-2026-10397-8,ocds-dgv273-seacev3-2026-10397-8-2026-07-08T12:24:21.168129-05:00,1198981-1778042,422852.0,PEN,Soles,2026-04-07T00:00:00-05:00
ocds-dgv273-seacev3-2026-10397-8,ocds-dgv273-seacev3-2026-10397-8-2026-07-08T12:24:21.168129-05:00,1222747-20382072023,357864.5,PEN,Soles,2026-06-18T00:00:00-05:00
ocds-dgv273-seacev3-1222708,ocds-dgv273-seacev3-1222708-2026-07-08T12:24:21.144136-05:00,1222708-20454974701,100000.0,PEN,Soles,2026-06-22T00:00:00-05:00
ocds-dgv273-seacev3-1222646,ocds-dgv273-seacev3-1222646-2026-07-08T12:24:21.109352-05:00,1222646-1802440,109757.7,PEN,Soles,2026-06-17T00:00:00-05:00
ocds-dgv273-seacev3-1221623,ocds-dgv273-seacev3-1221623-2026-07-08T12:24:21.012870-05:00,1221623-20608465775,72967.5,PEN,Soles,2026-06-11T00:00:00-05:00
ocds-dgv273-seacev3-1221271,ocds-dgv273-seacev3-1221271-2026-07-08T12:24:20.995283-05:00,1221271-20609328534,177998.0,PEN,Soles,2026-06-16T00:00:00-05:00
ocds-dgv273-seacev3-1225613,ocds-dgv273-seacev3-1225613-2026-07-08T12:24:20.849267-05:00,1225613-20600172825,131487.58,PEN,Soles,2026-06-15T00:00:00-05:00
ocds-dgv273-seacev3-1222283,ocds-dgv273-seacev3-1222283-2026-07-08T12:24:20.834173-05:00,1222283-10469688211,66963.0,PEN,Soles,2026-06-12T00:00:00-05:00
ocds-dgv273-seacev3-1221027,ocds-dgv273-seacev3-1221027-2026-07-08T12:24:20.728753-05:00,1221027-20562719611,178940.0,PEN,Nuevos Soles,2026-06-16T00:00:00-05:00
ocds-dgv273-seacev3-1221598,ocds-dgv273-seacev3-1221598-2026-07-08T12:24:20.640551-05:00,1221598-20526268114,53500.0,PEN,Soles,2026-06-09T00:00:00-05:00
ocds-dgv273-seacev3-1223409,ocds-dgv273-seacev3-1223409-2026-07-08T12:24:20.030864-05:00,1223409-20604359709,79700.0,PEN,Soles,2026-06-12T00:00:00-05:00
ocds-dgv273-seacev3-1222745,ocds-dgv273-seacev3-1222745-2026-07-08T12:24:19.374065-05:00,1222745-20602544789,101200.0,PEN,Nuevos Soles,2026-06-16T00:00:00-05:00
ocds-dgv273-seacev3-1223123,ocds-dgv273-seacev3-1223123-2026-07-08T12:24:19.281173-05:00,1223123-20393261081,123479.5,PEN,Soles,2026-06-17T00:00:00-05:00
ocds-dgv273-seacev3-1225942,ocds-dgv273-seacev3-1225942-2026-07-08T12:24:18.917975-05:00,1225942-1807153,1239873.97,PEN,Soles,2026-07-02T00:00:00-05:00
ocds-dgv273-seacev3-1229137,ocds-dgv273-seacev3-1229137-2026-07-08T12:24:10.964597-05:00,1229137-L9000032939,10535.04,PEN,Soles,2026-06-26T00:00:00-05:00
ocds-dgv273-seacev3-1230091,ocds-dgv273-seacev3-1230091-2026-07-08T12:24:10.941504-05:00,1230091-10462587517,30000.0,PEN,Nuevos Soles,2026-07-02T00:00:00-05:00
ocds-dgv273-seacev3-1224199,ocds-dgv273-seacev3-1224199-2026-07-08T12:24:10.628420-05:00,1224199-10735677212,75824.0,PEN,Soles,2026-06-16T00:00:00-05:00
ocds-dgv273-seacev3-2026-10141-29,ocds-dgv273-seacev3-2026-10141-29-2026-07-08T12:24:10.520497-05:00,1198561-20610960392,112439.1,PEN,Soles,2026-04-09T00:00:00-05:00
ocds-dgv273-seacev3-1227850,ocds-dgv273-seacev3-1227850-2026-07-08T12:24:10.136798-05:00,1227850-1808699,288640.88,PEN,Soles,2026-07-06T00:00:00-05:00
ocds-dgv273-seacev3-1223819,ocds-dgv273-seacev3-1223819-2026-07-08T12:24:10.003225-05:00,1223819-20613561367,61500.0,PEN,Soles,2026-06-15T00:00:00-05:00
ocds-dgv273-seacev3-1226109,ocds-dgv273-seacev3-1226109-2026-07-08T12:24:09.926315-05:00,1226109-1807294,108209.75,PEN,Soles,2026-07-01T00:00:00-05:00
ocds-dgv273-seacev3-1226410,ocds-dgv273-seacev3-1226410-2026-07-08T12:24:09.275293-05:00,1226410-20605909192,84159.6,PEN,Soles,2026-06-23T00:00:00-05:00
ocds-dgv273-seacev3-2026-200223-19,ocds-dgv273-seacev3-2026-200223-19-2026-07-08T12:24:09.252067-05:00,1224485-10713404387,84500.0,PEN,Soles,2026-06-17T00:00:00-05:00
ocds-dgv273-seacev3-1223281,ocds-dgv273-seacev3-1223281-2026-07-08T12:24:09.198734-05:00,1223281-20532853339,48698.6,PEN,Soles,2026-06-12T00:00:00-05:00
ocds-dgv273-seacev3-1224622,ocds-dgv273-seacev3-1224622-2026-07-08T12:24:09.181829-05:00,1224622-1802984,416563.59,PEN,Soles,2026-06-17T00:00:00-05:00
ocds-dgv273-seacev3-1228315,ocds-dgv273-seacev3-1228315-2026-07-08T12:24:09.045822-05:00,1228315-20525497012,120040.92,PEN,Soles,2026-06-24T00:00:00-05:00
ocds-dgv273-seacev3-1222525,ocds-dgv273-seacev3-1222525-2026-07-08T12:24:09.000442-05:00,1222525-20606023937,189794.2,PEN,Soles,2026-06-25T00:00:00-05:00
ocds-dgv273-seacev3-2026-10486-7,ocds-dgv273-seacev3-2026-10486-7-2026-07-08T12:24:08.982646-05:00,1223030-20612857823,141525.0,PEN,Soles,2026-06-18T00:00:00-05:00
ocds-dgv273-seacev3-1227702,ocds-dgv273-seacev3-1227702-2026-07-08T12:24:08.754519-05:00,1227702-20182246078,127920.02,PEN,Soles,2026-07-03T00:00:00-05:00
ocds-dgv273-seacev3-1223778,ocds-dgv273-seacev3-1223778-2026-07-08T12:24:08.503089-05:00,1223778-20609301750,98900.0,PEN,Soles,2026-06-15T00:00:00-05:00
ocds-dgv273-seacev3-1222988,ocds-dgv273-seacev3-1222988-2026-07-08T12:24:08.412310-05:00,1222988-20487064280,53268.0,PEN,Soles,2026-06-17T19:05:30-05:00
ocds-dgv273-seacev3-1228640,ocds-dgv273-seacev3-1228640-2026-07-08T12:24:07.722571-05:00,1228640-L0000003168,169120.0,USD,Dólar Norteamericano,2026-06-25T00:00:00-05:00
ocds-dgv273-seacev3-1230504,ocds-dgv273-seacev3-1230504-2026-07-08T12:24:07.582168-05:00,1230504-10454851515,45000.0,PEN,Soles,2026-07-02T00:00:00-05:00
ocds-dgv273-seacev3-1225111,ocds-dgv273-seacev3-1225111-2026-07-08T12:24:07.501532-05:00,1225111-20604626693,99788.97,PEN,Soles,2026-06-22T00:00:00-05:00
ocds-dgv273-seacev3-1224240,ocds-dgv273-seacev3-1224240-2026-07-08T12:24:07.251652-05:00,1224240-20613045440,78400.0,PEN,Soles,2026-06-16T00:00:00-05:00
ocds-dgv273-seacev3-1223007,ocds-dgv273-seacev3-1223007-2026-07-08T12:24:07.236673-05:00,1223007-20606052864,99850.0,PEN,Soles,2026-06-11T00:00:00-05:00
ocds-dgv273-seacev3-1226271,ocds-dgv273-seacev3-1226271-2026-07-08T12:24:07.116335-05:00,1226271-20600756011,395152.5,PEN,Soles,2026-06-23T00:00:00-05:00
ocds-dgv273-seacev3-1225722,ocds-dgv273-seacev3-1225722-2026-07-08T12:24:06.985242-05:00,1225722-20609463814,89000.1,PEN,Soles,2026-06-22T00:00:00-05:00
ocds-dgv273-seacev3-1225356,ocds-dgv273-seacev3-1225356-2026-07-08T12:24:06.862233-05:00,1225356-10474939702,94000.0,PEN,Soles,2026-07-01T00:00:00-05:00
ocds-dgv273-seacev3-1227050,ocds-dgv273-seacev3-1227050-2026-07-08T12:24:06.515862-05:00,1227050-20100102090,70300.0,PEN,Soles,2026-06-24T00:00:00-05:00
ocds-dgv273-seacev3-1223595,ocds-dgv273-seacev3-1223595-2026-07-08T12:24:06.387478-05:00,1223595-10469234377,66280.0,PEN,Soles,2026-06-17T00:00:00-05:00
ocds-dgv273-seacev3-1223764,ocds-dgv273-seacev3-1223764-2026-07-08T12:24:06.286041-05:00,1223764-20602820964,3462807.45,PEN,Soles,2026-06-17T00:00:00-05:00
ocds-dgv273-seacev3-1223370,ocds-dgv273-seacev3-1223370-2026-07-08T12:24:06.061798-05:00,1223370-20612899747,93900.0,PEN,Nuevos Soles,2026-06-12T00:00:00-05:00
ocds-dgv273-seacev3-1224172,ocds-dgv273-seacev3-1224172-2026-07-08T12:24:05.992922-05:00,1224172-1804920,1702883.41,PEN,Soles,2026-06-23T00:00:00-05:00
ocds-dgv273-seacev3-1223975,ocds-dgv273-seacev3-1223975-2026-07-08T12:24:05.711003-05:00,1223975-20542374480,371101.95,PEN,Soles,2026-06-22T00:00:00-05:00
ocds-dgv273-seacev3-1226239,ocds-dgv273-seacev3-1226239-2026-07-08T12:24:05.546744-05:00,1226239-20601763631,266500.0,PEN,Soles,2026-06-24T00:00:00-05:00
ocds-dgv273-seacev3-1225542,ocds-dgv273-seacev3-1225542-2026-07-08T12:24:05.513314-05:00,1225542-10726390270,75087.0,PEN,Soles,2026-06-22T00:00:00-05:00
ocds-dgv273-seacev3-1225459,ocds-dgv273-seacev3-1225459-2026-07-08T12:24:05.425377-05:00,1225459-1807974,548389.75,PEN,Soles,2026-07-06T00:00:00-05:00
ocds-dgv273-seacev3-1225717,ocds-dgv273-seacev3-1225717-2026-07-08T12:24:05.365856-05:00,1225717-10408140671,70000.0,PEN,Soles,2026-06-17T00:00:00-05:00
ocds-dgv273-seacev3-1225012,ocds-dgv273-seacev3-1225012-2026-07-08T12:24:05.311367-05:00,1225012-1806260,330000.0,PEN,Soles,2026-07-01T00:00:00-05:00
ocds-dgv273-seacev3-1223869,ocds-dgv273-seacev3-1223869-2026-07-08T12:24:05.263174-05:00,1223869-10714346020,98701.12,PEN,Soles,2026-06-15T00:00:00-05:00
ocds-dgv273-seacev3-2026-630-1,ocds-dgv273-seacev3-2026-630-1-2026-07-08T12:24:05.006955-05:00,1225972-20570754905,127165.5,PEN,Soles,2026-06-26T00:00:00-05:00
ocds-dgv273-seacev3-1223287,ocds-dgv273-seacev3-1223287-2026-07-08T12:24:04.810973-05:00,1223287-10232719791,72000.0,PEN,Soles,2026-06-11T00:00:00-05:00
ocds-dgv273-seacev3-1222220,ocds-dgv273-seacev3-1222220-2026-07-08T12:24:00.125214-05:00,1222220-10444256279,77998.0,PEN,Soles,2026-06-15T00:00:00-05:00
ocds-dgv273-seacev3-1221041,ocds-dgv273-seacev3-1221041-2026-07-08T12:24:00.009270-05:00,1221041-20610502980,55000.0,PEN,Soles,2026-06-18T00:00:00-05:00
ocds-dgv273-seacev3-1221248,ocds-dgv273-seacev3-1221248-2026-07-08T12:23:59.880005-05:00,1221248-20605385436,126000.0,PEN,Soles,2026-06-25T00:00:00-05:00
ocds-dgv273-seacev3-1222031,ocds-dgv273-seacev3-1222031-2026-07-08T12:23:59.267106-05:00,1222031-20614805359,64112.16,PEN,Soles,2026-06-09T00:00:00-05:00
ocds-dgv273-seacev3-1221032,ocds-dgv273-seacev3-1221032-2026-07-08T12:23:58.990627-05:00,1221032-20602965890,63400.0,PEN,Soles,2026-06-11T00:00:00-05:00
ocds-dgv273-seacev3-1222371,ocds-dgv273-seacev3-1222371-2026-07-08T12:23:58.901600-05:00,1222371-1802978,272994.18,PEN,Soles,2026-06-17T00:00:00-05:00
ocds-dgv273-seacev3-1218490,ocds-dgv273-seacev3-1218490-2026-07-08T12:23:58.838863-05:00,1218490-10411039990,68949.0,PEN,Soles,2026-06-18T00:00:00-05:00
ocds-dgv273-seacev3-1222495,ocds-dgv273-seacev3-1222495-2026-07-08T12:23:58.739823-05:00,1222495-10470212751,172500.0,PEN,Soles,2026-06-16T00:00:00-05:00
ocds-dgv273-seacev3-1222372,ocds-dgv273-seacev3-1222372-2026-07-08T12:23:58.700237-05:00,1222372-20612160458,99960.0,PEN,Soles,2026-06-10T00:00:00-05:00
ocds-dgv273-seacev3-1221870,ocds-dgv273-seacev3-1221870-2026-07-08T12:23:58.676591-05:00,1221870-20491590999,73862.5,PEN,Soles,2026-06-19T00:00:00-05:00
ocds-dgv273-seacev3-1220628,ocds-dgv273-seacev3-1220628-2026-07-08T12:23:58.326252-05:00,1220628-20501887286,168000.0,PEN,Soles,2026-06-22T00:00:00-05:00
ocds-dgv273-seacev3-1222350,ocds-dgv273-seacev3-1222350-2026-07-08T12:23:58.210278-05:00,1222350-1803739,569770.1,PEN,Soles,2026-06-19T00:00:00-05:00
ocds-dgv273-seacev3-1222415,ocds-dgv273-seacev3-1222415-2026-07-08T12:23:57.958422-05:00,1222415-20608283634,86500.0,PEN,Soles,2026-06-11T00:00:00-05:00
ocds-dgv273-seacev3-1221197,ocds-dgv273-seacev3-1221197-2026-07-08T12:23:57.942461-05:00,1221197-20610692690,49000.0,PEN,Soles,2026-06-10T00:00:00-05:00
ocds-dgv273-seacev3-1221476,ocds-dgv273-seacev3-1221476-2026-07-08T12:23:57.714908-05:00,1221476-20609944502,101520.0,PEN,Soles,2026-06-12T00:00:00-05:00
ocds-dgv273-seacev3-1222236,ocds-dgv273-seacev3-1222236-2026-07-08T12:23:57.389061-05:00,1222236-20605389628,74955.0,PEN,Soles,2026-06-15T00:00:00-05:00
ocds-dgv273-seacev3-1221330,ocds-dgv273-seacev3-1221330-2026-07-08T12:23:56.453021-05:00,1221330-1801779,389746.33,PEN,Soles,2026-06-15T00:00:00-05:00
ocds-dgv273-seacev3-1221458,ocds-dgv273-seacev3-1221458-2026-07-08T12:23:56.362965-05:00,1221458-10252181372,53400.0,PEN,Soles,2026-06-17T00:00:00-05:00
ocds-dgv273-seacev3-1221858,ocds-dgv273-seacev3-1221858-2026-07-08T12:23:56.231464-05:00,1221858-20605567470,51500.0,PEN,Soles,2026-06-15T00:00:00-05:00
ocds-dgv273-seacev3-1222347,ocds-dgv273-seacev3-1222347-2026-07-08T12:23:56.120129-05:00,1222347-20605321012,590000.0,PEN,Soles,2026-06-16T00:00:00-05:00
ocds-dgv273-seacev3-1222293,ocds-dgv273-seacev3-1222293-2026-07-08T12:23:55.667958-05:00,1222293-20538247813,106982.0,PEN,Soles,2026-06-19T00:00:00-05:00
ocds-dgv273-seacev3-1221040,ocds-dgv273-seacev3-1221040-2026-07-08T12:23:55.392633-05:00,1221040-20602868231,126000.0,PEN,Soles,2026-06-18T00:00:00-05:00
ocds-dgv273-seacev3-1229720,ocds-dgv273-seacev3-1229720-2026-07-08T12:23:45.878484-05:00,1229720-L9000032944,7943.48,PEN,Soles,2026-06-30T00:00:00-05:00
ocds-dgv273-seacev3-1229314,ocds-dgv273-seacev3-1229314-2026-07-08T12:23:45.627399-05:00,1229314-L9000032941,228566.0,USD,Dólar Norteamericano,2026-07-01T00:00:00-05:00
ocds-dgv273-seacev3-1228661,ocds-dgv273-seacev3-1228661-2026-07-08T12:23:45.486494-05:00,1228661-20610192697,8530.0,PEN,Soles,2026-07-02T00:00:00-05:00
ocds-dgv273-seacev3-1229949,ocds-dgv273-seacev3-1229949-2026-07-08T12:23:44.911081-05:00,1229949-10329773502,216000.0,PEN,Soles,2026-07-03T00:00:00-05:00
ocds-dgv273-seacev3-2026-1517-11,ocds-dgv273-seacev3-2026-1517-11-2026-07-08T12:23:44.216673-05:00,1226495-1807726,83111.94,PEN,Soles,2026-07-02T00:00:00-05:00
ocds-dgv273-seacev3-1222774,ocds-dgv273-seacev3-1222774-2026-07-08T12:23:44.074721-05:00,1222774-1804090,970197.26,PEN,Soles,2026-06-22T00:00:00-05:00
ocds-dgv273-seacev3-1222624,ocds-dgv273-seacev3-1222624-2026-07-08T12:23:43.935060-05:00,1222624-20505110651,279918.91,PEN,Soles,2026-06-18T00:00:00-05:00
ocds-dgv273-seacev3-1227101,ocds-dgv273-seacev3-1227101-2026-07-08T12:23:43.588305-05:00,1227101-L5552918071,0.01,USD,Dólar Norteamericano,2026-06-19T00:00:00-05:00
ocds-dgv273-seacev3-1224101,ocds-dgv273-seacev3-1224101-2026-07-08T12:23:43.278764-05:00,1224101-20610538721,90877.0,PEN,Soles,2026-06-22T00:00:00-05:00
ocds-dgv273-seacev3-1221799,ocds-dgv273-seacev3-1221799-2026-07-08T12:23:43.227577-05:00,1221799-1801929,148586.89,PEN,Soles,2026-06-16T00:00:00-05:00
ocds-dgv273-seacev3-1223160,ocds-dgv273-seacev3-1223160-2026-07-08T12:23:42.758763-05:00,1223160-20603727551,79990.0,PEN,Soles,2026-06-17T00:00:00-05:00
ocds-dgv273-seacev3-1226689,ocds-dgv273-seacev3-1226689-2026-07-08T12:23:42.583348-05:00,1226689-20492093042,2052241.11,PEN,Soles,2026-06-23T00:00:00-05:00
ocds-dgv273-seacev3-1218497,ocds-dgv273-seacev3-1218497-2026-07-08T12:23:41.866856-05:00,1218497-20605139028,66384.0,PEN,Soles,2026-06-15T00:00:00-05:00
ocds-dgv273-seacev3-1222049,ocds-dgv273-seacev3-1222049-2026-07-08T12:23:41.511150-05:00,1222049-10165385409,78565.0,PEN,Soles,2026-06-12T16:06:07-05:00
ocds-dgv273-seacev3-1227687,ocds-dgv273-seacev3-1227687-2026-07-08T12:23:41.372184-05:00,1227687-20602542115,463820.24,PEN,Soles,2026-06-24T00:00:00-05:00
ocds-dgv273-seacev3-1221512,ocds-dgv273-seacev3-1221512-2026-07-08T12:23:41.291591-05:00,1221512-20518043928,149991.87,PEN,Soles,2026-06-25T00:00:00-05:00
ocds-dgv273-seacev3-1222815,ocds-dgv273-seacev3-1222815-2026-07-08T12:23:41.148991-05:00,1222815-10054043657,231190.0,PEN,Soles,2026-06-18T00:00:00-05:00
ocds-dgv273-seacev3-2026-1947-176,ocds-dgv273-seacev3-2026-1947-176-2026-07-08T12:23:40.629762-05:00,1228608-L9000032935,75000.0,USD,Dólar Norteamericano,2026-06-25T00:00:00-05:00
ocds-dgv273-seacev3-1227158,ocds-dgv273-seacev3-1227158-2026-07-08T12:23:40.582234-05:00,1227158-1805694,621478.45,PEN,Soles,2026-06-25T00:00:00-05:00
ocds-dgv273-seacev3-1222078,ocds-dgv273-seacev3-1222078-2026-07-08T12:23:40.281519-05:00,1222078-20610081194,660960.0,PEN,Soles,2026-06-19T00:00:00-05:00
ocds-dgv273-seacev3-1224085,ocds-dgv273-seacev3-1224085-2026-07-08T12:23:40.250408-05:00,1224085-20532818690,99985.0,PEN,Soles,2026-06-16T00:00:00-05:00
ocds-dgv273-seacev3-1223850,ocds-dgv273-seacev3-1223850-2026-07-08T12:23:39.833728-05:00,1223850-1803930,85202.9,PEN,Soles,2026-06-22T00:00:00-05:00
ocds-dgv273-seacev3-1221303,ocds-dgv273-seacev3-1221303-2026-07-08T12:23:39.621620-05:00,1221303-10210814545,115000.0,PEN,Soles,2026-06-10T12:28:37-05:00
ocds-dgv273-seacev3-1224990,ocds-dgv273-seacev3-1224990-2026-07-08T12:23:39.469301-05:00,1224990-20604250685,102527.36,PEN,Nuevos Soles,2026-06-23T00:00:00-05:00
ocds-dgv273-seacev3-1222540,ocds-dgv273-seacev3-1222540-2026-07-08T12:23:39.360122-05:00,1222540-20334403166,85750.0,PEN,Soles,2026-06-18T00:00:00-05:00
ocds-dgv273-seacev3-1221760,ocds-dgv273-seacev3-1221760-2026-07-08T12:23:39.191574-05:00,1221760-20609495627,210265.0,PEN,Soles,2026-06-16T00:00:00-05:00
ocds-dgv273-seacev3-1222098,ocds-dgv273-seacev3-1222098-2026-07-08T12:23:38.758050-05:00,1222098-20107589989,2200000.0,PEN,Soles,2026-06-11T00:00:00-05:00
ocds-dgv273-seacev3-1221599,ocds-dgv273-seacev3-1221599-2026-07-08T12:23:38.615587-05:00,1221599-20507371281,133777.0,PEN,Soles,2026-06-16T00:00:00-05:00
ocds-dgv273-seacev3-2026-819-1,ocds-dgv273-seacev3-2026-819-1-2026-07-08T12:23:38.116502-05:00,1221937-10450152841,89910.0,PEN,Soles,2026-06-16T00:00:00-05:00
ocds-dgv273-seacev3-1224613,ocds-dgv273-seacev3-1224613-2026-07-08T12:23:37.855533-05:00,1224613-20603943563,100000.0,PEN,Soles,2026-06-15T00:00:00-05:00
ocds-dgv273-seacev3-1224267,ocds-dgv273-seacev3-1224267-2026-07-08T12:23:37.434425-05:00,1224267-1801624,403333.33,PEN,Nuevos Soles,2026-06-15T00:00:00-05:00
ocds-dgv273-seacev3-1226715,ocds-dgv273-seacev3-1226715-2026-07-08T12:23:37.245080-05:00,1226715-1804181,1214066.53,PEN,Soles,2026-06-19T00:00:00-05:00
ocds-dgv273-seacev3-1224430,ocds-dgv273-seacev3-1224430-2026-07-08T12:23:37.142092-05:00,1224430-20100241022,158700.0,PEN,Soles,2026-06-25T00:00:00-05:00
ocds-dgv273-seacev3-1223421,ocds-dgv273-seacev3-1223421-2026-07-08T12:23:36.975254-05:00,1223421-10700072351,63333.0,PEN,Soles,2026-06-17T00:00:00-05:00
ocds-dgv273-seacev3-2026-6-46,ocds-dgv273-seacev3-2026-6-46-2026-07-08T12:23:36.669973-05:00,1221257-20557719874,38990.0,PEN,Soles,2026-06-12T00:00:00-05:00
ocds-dgv273-seacev3-1223929,ocds-dgv273-seacev3-1223929-2026-07-08T12:23:36.338216-05:00,1223929-20338022850,320000.0,PEN,Soles,2026-06-16T00:00:00-05:00
ocds-dgv273-seacev3-1224339,ocds-dgv273-seacev3-1224339-2026-07-08T12:23:35.308516-05:00,1224339-10311873283,88476.8,PEN,Soles,2026-06-17T00:00:00-05:00
ocds-dgv273-seacev3-1223133,ocds-dgv273-seacev3-1223133-2026-07-08T12:23:35.273990-05:00,1223133-10433867527,456493.61,PEN,Soles,2026-06-24T00:00:00-05:00
ocds-dgv273-seacev3-1226036,ocds-dgv273-seacev3-1226036-2026-07-08T12:23:34.889809-05:00,1226036-10082442192,50000.0,PEN,Soles,2026-06-16T00:00:00-05:00
ocds-dgv273-seacev3-1226036,ocds-dgv273-seacev3-1226036-2026-07-08T12:23:34.889809-05:00,1226036-10101341891,50000.0,PEN,Soles,2026-06-16T00:00:00-05:00
ocds-dgv273-seacev3-1226036,ocds-dgv273-seacev3-1226036-2026-07-08T12:23:34.889809-05:00,1226036-10402887376,50000.0,PEN,Soles,2026-06-16T00:00:00-05:00
ocds-dgv273-seacev3-1222619,ocds-dgv273-seacev3-1222619-2026-07-08T12:23:34.802370-05:00,1222619-20601668247,86970.24,PEN,Soles,2026-06-15T00:00:00-05:00
ocds-dgv273-seacev3-1221600,ocds-dgv273-seacev3-1221600-2026-07-08T12:23:34.460642-05:00,1221600-20604302235,45888.0,PEN,Soles,2026-06-11T00:00:00-05:00
ocds-dgv273-seacev3-1228662,ocds-dgv273-seacev3-1228662-2026-07-08T12:23:33.615977-05:00,1228662-20512731687,1610260.0,PEN,Soles,2026-06-25T00:00:00-05:00
ocds-dgv273-seacev3-1229641,ocds-dgv273-seacev3-1229641-2026-07-08T12:23:32.129143-05:00,1229641-20522449271,103115967.5,PEN,Soles,2026-07-02T00:00:00-05:00
ocds-dgv273-seacev3-1228391,ocds-dgv273-seacev3-1228391-2026-07-08T12:23:31.863790-05:00,1228391-20604024855,54901.26,PEN,Soles,2026-06-30T00:00:00-05:00
ocds-dgv273-seacev3-1228252,ocds-dgv273-seacev3-1228252-2026-07-08T12:23:30.134525-05:00,1228252-20409278753,119951.71,PEN,Soles,2026-06-23T00:00:00-05:00
ocds-dgv273-seacev3-1228234,ocds-dgv273-seacev3-1228234-2026-07-08T12:23:30.102450-05:00,1228234-1805484,141228.07,PEN,Soles,2026-06-24T00:00:00-05:00
ocds-dgv273-seacev3-1224878,ocds-dgv273-seacev3-1224878-2026-07-08T12:23:19.848566-05:00,1224878-10451584249,60000.0,PEN,Soles,2026-06-18T00:00:00-05:00
ocds-dgv273-seacev3-1223691,ocds-dgv273-seacev3-1223691-2026-07-08T12:23:19.658043-05:00,1223691-20612969737,76555.14,PEN,Soles,2026-06-19T00:00:00-05:00
ocds-dgv273-seacev3-1224435,ocds-dgv273-seacev3-1224435-2026-07-08T12:23:18.505869-05:00,1224435-20467534026,179890.8,PEN,Soles,2026-06-16T00:00:00-05:00
ocds-dgv273-seacev3-1221747,ocds-dgv273-seacev3-1221747-2026-07-08T12:23:18.271223-05:00,1221747-20601837928,292800.0,PEN,Soles,2026-06-17T00:00:00-05:00
ocds-dgv273-seacev3-1222781,ocds-dgv273-seacev3-1222781-2026-07-08T12:23:18.190905-05:00,1222781-20606081406,84991.1,PEN,Soles,2026-06-16T00:00:00-05:00
ocds-dgv273-seacev3-1223773,ocds-dgv273-seacev3-1223773-2026-07-08T12:23:17.681746-05:00,1223773-20501518914,155390.0,PEN,Soles,2026-06-22T00:00:00-05:00
ocds-dgv273-seacev3-1225681,ocds-dgv273-seacev3-1225681-2026-07-08T12:23:17.024897-05:00,1225681-20600757769,86088.0,PEN,Soles,2026-06-22T00:00:00-05:00
ocds-dgv273-seacev3-1226763,ocds-dgv273-seacev3-1226763-2026-07-08T12:23:16.908302-05:00,1226763-20608811380,80000.0,PEN,Soles,2026-06-24T00:00:00-05:00
ocds-dgv273-seacev3-1224224,ocds-dgv273-seacev3-1224224-2026-07-08T12:23:16.447414-05:00,1224224-20541393651,115000.0,PEN,Soles,2026-06-23T00:00:00-05:00
ocds-dgv273-seacev3-1221005,ocds-dgv273-seacev3-1221005-2026-07-08T12:23:16.188114-05:00,1221005-10417438730,49413.0,PEN,Soles,2026-06-12T00:00:00-05:00
ocds-dgv273-seacev3-1225929,ocds-dgv273-seacev3-1225929-2026-07-08T12:23:16.072310-05:00,1225929-20603435941,68500.0,PEN,Soles,2026-06-24T00:00:00-05:00
ocds-dgv273-seacev3-1224287,ocds-dgv273-seacev3-1224287-2026-07-08T12:23:13.686504-05:00,1224287-20611404574,85500.0,PEN,Soles,2026-06-19T00:00:00-05:00
ocds-dgv273-seacev3-1225192,ocds-dgv273-seacev3-1225192-2026-07-08T12:23:13.363484-05:00,1225192-20606734451,64691.1,PEN,Soles,2026-06-22T00:00:00-05:00
ocds-dgv273-seacev3-1222063,ocds-dgv273-seacev3-1222063-2026-07-08T12:23:13.093161-05:00,1222063-10450152841,101140.0,PEN,Soles,2026-06-15T00:00:00-05:00
ocds-dgv273-seacev3-1227475,ocds-dgv273-seacev3-1227475-2026-07-08T12:23:12.995610-05:00,1227475-L9000032879,1260.0,USD,Dólar Norteamericano,2026-06-23T00:00:00-05:00
ocds-dgv273-seacev3-1222626,ocds-dgv273-seacev3-1222626-2026-07-08T12:23:12.737079-05:00,1222626-20553853355,125000.0,PEN,Soles,2026-06-19T00:00:00-05:00
ocds-dgv273-seacev3-1224537,ocds-dgv273-seacev3-1224537-2026-07-08T12:23:12.568525-05:00,1224537-10465439071,95910.0,PEN,Soles,2026-06-17T00:00:00-05:00
ocds-dgv273-seacev3-1213304,ocds-dgv273-seacev3-1213304-2026-07-08T12:23:12.364817-05:00,1213304-L9000032927,388800.0,PEN,Soles,2026-06-24T00:00:00-05:00
ocds-dgv273-seacev3-1223053,ocds-dgv273-seacev3-1223053-2026-07-08T12:23:12.303779-05:00,1223053-20511369186,398999.0,PEN,Soles,2026-06-19T00:00:00-05:00
ocds-dgv273-seacev3-1229077,ocds-dgv273-seacev3-1229077-2026-07-08T12:23:05.666980-05:00,1229077-20501418961,383460.0,PEN,Soles,2026-06-26T00:00:00-05:00
ocds-dgv273-seacev3-1226999,ocds-dgv273-seacev3-1226999-2026-07-08T12:23:04.232410-05:00,1226999-1807056,170000.0,PEN,Soles,2026-07-01T00:00:00-05:00
ocds-dgv273-seacev3-1227612,ocds-dgv273-seacev3-1227612-2026-07-08T12:23:04.103633-05:00,1227612-20608527550,1288057.05,PEN,Soles,2026-06-23T00:00:00-05:00
ocds-dgv273-seacev3-1225042,ocds-dgv273-seacev3-1225042-2026-07-08T12:23:04.070139-05:00,1225042-20269985900,154381.76,PEN,Soles,2026-07-02T00:00:00-05:00
ocds-dgv273-seacev3-1224025,ocds-dgv273-seacev3-1224025-2026-07-08T12:23:03.223143-05:00,1224025-20405281997,292350.0,PEN,Soles,2026-06-23T00:00:00-05:00
ocds-dgv273-seacev3-1225002,ocds-dgv273-seacev3-1225002-2026-07-08T12:23:03.178820-05:00,1225002-20521218097,903742.93,PEN,Soles,2026-06-17T00:00:00-05:00
ocds-dgv273-seacev3-1224571,ocds-dgv273-seacev3-1224571-2026-07-08T12:23:03.023169-05:00,1224571-20603647671,123685.83,PEN,Soles,2026-06-23T00:00:00-05:00
ocds-dgv273-seacev3-1228654,ocds-dgv273-seacev3-1228654-2026-07-08T12:23:01.078867-05:00,1228654-L0609014895,76390.0,USD,Dólar Norteamericano,2026-06-25T00:00:00-05:00
ocds-dgv273-seacev3-2026-1922-98,ocds-dgv273-seacev3-2026-1922-98-2026-07-08T12:23:00.752325-05:00,1228044-20504950868,49985.0,USD,Dólar Norteamericano,2026-06-24T00:00:00-05:00
ocds-dgv273-seacev3-1226344,ocds-dgv273-seacev3-1226344-2026-07-08T12:23:00.729096-05:00,1226344-20100329205,58000.0,PEN,Soles,2026-06-22T00:00:00-05:00
ocds-dgv273-seacev3-1224053,ocds-dgv273-seacev3-1224053-2026-07-08T12:23:00.579678-05:00,1224053-10433825859,169869.0,PEN,Soles,2026-06-23T00:00:00-05:00
ocds-dgv273-seacev3-1227185,ocds-dgv273-seacev3-1227185-2026-07-08T12:23:00.268242-05:00,1227185-20527599602,95185.0,PEN,Soles,2026-07-06T00:00:00-05:00
ocds-dgv273-seacev3-1226277,ocds-dgv273-seacev3-1226277-2026-07-08T12:23:00.156740-05:00,1226277-20464408623,73395.0,PEN,Soles,2026-06-22T00:00:00-05:00
ocds-dgv273-seacev3-1224367,ocds-dgv273-seacev3-1224367-2026-07-08T12:22:59.558126-05:00,1224367-20605788441,75800.0,PEN,Soles,2026-06-18T00:00:00-05:00
ocds-dgv273-seacev3-1224922,ocds-dgv273-seacev3-1224922-2026-07-08T12:22:59.291049-05:00,1224922-20495144764,97750.0,PEN,Soles,2026-06-18T00:00:00-05:00
ocds-dgv273-seacev3-1224852,ocds-dgv273-seacev3-1224852-2026-07-08T12:22:59.106466-05:00,1224852-10449912182,48493.5,PEN,Soles,2026-06-15T11:14:26-05:00
ocds-dgv273-seacev3-1221379,ocds-dgv273-seacev3-1221379-2026-07-08T12:22:54.471900-05:00,1221379-20559654397,382170.39,PEN,Soles,2026-06-16T00:00:00-05:00
ocds-dgv273-seacev3-1223646,ocds-dgv273-seacev3-1223646-2026-07-08T12:22:53.866231-05:00,1223646-10067511951,205076.67,PEN,Soles,2026-06-16T00:00:00-05:00
ocds-dgv273-seacev3-1223651,ocds-dgv273-seacev3-1223651-2026-07-08T12:22:53.754943-05:00,1223651-10707494650,108000.0,PEN,Soles,2026-06-15T00:00:00-05:00
ocds-dgv273-seacev3-1223880,ocds-dgv273-seacev3-1223880-2026-07-08T12:22:53.081504-05:00,1223880-20422018809,99200.0,PEN,Soles,2026-06-17T00:00:00-05:00
ocds-dgv273-seacev3-1222319,ocds-dgv273-seacev3-1222319-2026-07-08T12:22:52.640355-05:00,1222319-10432900750,99400.0,PEN,Soles,2026-06-12T00:00:00-05:00
ocds-dgv273-seacev3-1223578,ocds-dgv273-seacev3-1223578-2026-07-08T12:22:52.353156-05:00,1223578-20501262260,131686.48,PEN,Soles,2026-06-25T00:00:00-05:00
ocds-dgv273-seacev3-1221411,ocds-dgv273-seacev3-1221411-2026-07-08T12:22:51.614386-05:00,1221411-20606090936,349903.16,PEN,Soles,2026-06-16T00:00:00-05:00
ocds-dgv273-seacev3-1223608,ocds-dgv273-seacev3-1223608-2026-07-08T12:22:50.994631-05:00,1223608-10409900386,99640.0,PEN,Soles,2026-06-16T00:00:00-05:00
ocds-dgv273-seacev3-1223340,ocds-dgv273-seacev3-1223340-2026-07-08T12:22:50.858209-05:00,1223340-20607070921,98350.0,PEN,Soles,2026-06-12T00:00:00-05:00
ocds-dgv273-seacev3-1222460,ocds-dgv273-seacev3-1222460-2026-07-08T12:22:50.843350-05:00,1222460-20566394201,99970.0,PEN,Soles,2026-06-10T00:00:00-05:00
ocds-dgv273-seacev3-1223840,ocds-dgv273-seacev3-1223840-2026-07-08T12:22:49.851946-05:00,1223840-1801901,3514375.4,PEN,Soles,2026-06-17T00:00:00-05:00
ocds-dgv273-seacev3-1223827,ocds-dgv273-seacev3-1223827-2026-06-25T10:28:51.950335-05:00,1223827-L9000032898,14371.8,PEN,Soles,2026-06-11T00:00:00-05:00
ocds-dgv273-seacev3-1221396,ocds-dgv273-seacev3-1221396-2026-06-25T10:28:51.845659-05:00,1221396-20563794101,87600.0,PEN,Soles,2026-06-17T00:00:00-05:00
ocds-dgv273-seacev3-1223225,ocds-dgv273-seacev3-1223225-2026-06-25T10:28:51.549603-05:00,1223225-20548581673,4248.0,PEN,Soles,2026-06-24T00:00:00-05:00
ocds-dgv273-seacev3-1224458,ocds-dgv273-seacev3-1224458-2026-06-25T10:28:51.308824-05:00,1224458-20501887286,119720.0,PEN,Soles,2026-06-23T00:00:00-05:00
ocds-dgv273-seacev3-1221078,ocds-dgv273-seacev3-1221078-2026-06-25T10:28:51.102130-05:00,1221078-20600871723,79180.0,PEN,Soles,2026-06-11T00:00:00-05:00
ocds-dgv273-seacev3-1222593,ocds-dgv273-seacev3-1222593-2026-06-25T10:28:50.867754-05:00,1222593-20606367334,63550.0,PEN,Soles,2026-06-10T00:00:00-05:00
ocds-dgv273-seacev3-1223437,ocds-dgv273-seacev3-1223437-2026-06-25T10:28:50.305591-05:00,1223437-20602695281,62640.0,PEN,Soles,2026-06-15T00:00:00-05:00
ocds-dgv273-seacev3-1223238,ocds-dgv273-seacev3-1223238-2026-06-25T10:28:49.822397-05:00,1223238-L9000032888,43750.0,USD,Dólar Norteamericano,2026-06-08T00:00:00-05:00
ocds-dgv273-seacev3-1221554,ocds-dgv273-seacev3-1221554-2026-06-25T10:28:49.273604-05:00,1221554-20392888935,146510.0,PEN,Soles,2026-06-22T00:00:00-05:00
ocds-dgv273-seacev3-1227634,ocds-dgv273-seacev3-1227634-2026-06-25T10:28:48.570746-05:00,1227634-10450152841,83200.0,PEN,Soles,2026-06-22T00:00:00-05:00
ocds-dgv273-seacev3-1228549,ocds-dgv273-seacev3-1228549-2026-06-25T10:28:48.487184-05:00,1228549-L9000032934,4900000.0,USD,Dólar Norteamericano,2026-06-24T00:00:00-05:00
ocds-dgv273-seacev3-1228456,ocds-dgv273-seacev3-1228456-2026-06-25T10:28:48.449121-05:00,1228456-L0606465534,4120.59,USD,Dólar Norteamericano,2026-06-24T00:00:00-05:00
ocds-dgv273-seacev3-1222760,ocds-dgv273-seacev3-1222760-2026-06-25T10:28:48.099126-05:00,1222760-20600497457,50700.0,PEN,Soles,2026-06-16T00:00:00-05:00
ocds-dgv273-seacev3-1227428,ocds-dgv273-seacev3-1227428-2026-06-25T10:28:47.744672-05:00,1227428-20601697913,159800.0,PEN,Soles,2026-06-23T00:00:00-05:00
ocds-dgv273-seacev3-1221905,ocds-dgv273-seacev3-1221905-2026-06-25T10:28:46.938341-05:00,1221905-1801134,200000.0,PEN,Soles,2026-06-15T00:00:00-05:00
ocds-dgv273-seacev3-1223248,ocds-dgv273-seacev3-1223248-2026-06-25T10:28:46.924357-05:00,1223248-20610621121,112500.0,PEN,Soles,2026-06-22T00:00:00-05:00
ocds-dgv273-seacev3-1223834,ocds-dgv273-seacev3-1223834-2026-06-25T10:28:46.853463-05:00,1223834-20536142569,245000.0,PEN,Soles,2026-06-17T00:00:00-05:00
ocds-dgv273-seacev3-1222508,ocds-dgv273-seacev3-1222508-2026-06-25T10:28:46.578244-05:00,1222508-20607625540,99840.0,PEN,Soles,2026-06-12T00:00:00-05:00
ocds-dgv273-seacev3-1222297,ocds-dgv273-seacev3-1222297-2026-06-25T10:28:46.563906-05:00,1222297-20503497728,14500.0,PEN,Soles,2026-06-22T00:00:00-05:00
ocds-dgv273-seacev3-1223911,ocds-dgv273-seacev3-1223911-2026-06-25T10:28:46.310902-05:00,1223911-20603268190,63504.0,PEN,Soles,2026-06-16T00:00:00-05:00
ocds-dgv273-seacev3-1225809,ocds-dgv273-seacev3-1225809-2026-06-25T10:28:40.928203-05:00,1225809-20494626978,47250.0,PEN,Soles,2026-06-19T00:00:00-05:00
ocds-dgv273-seacev3-1227078,ocds-dgv273-seacev3-1227078-2026-06-25T10:28:39.237574-05:00,1227078-10282273743,288000.0,PEN,Soles,2026-06-24T00:00:00-05:00
ocds-dgv273-seacev3-1222883,ocds-dgv273-seacev3-1222883-2026-06-25T10:28:38.290219-05:00,1222883-20610856021,68280.0,PEN,Soles,2026-06-16T00:00:00-05:00
ocds-dgv273-seacev3-1221758,ocds-dgv273-seacev3-1221758-2026-06-25T10:28:37.783830-05:00,1221758-20606823861,73600.0,PEN,Nuevos Soles,2026-06-09T00:00:00-05:00
ocds-dgv273-seacev3-1222485,ocds-dgv273-seacev3-1222485-2026-06-25T10:28:37.652940-05:00,1222485-10473222898,80000.0,PEN,Soles,2026-06-16T00:00:00-05:00
ocds-dgv273-seacev3-1222875,ocds-dgv273-seacev3-1222875-2026-06-25T10:28:36.604689-05:00,1222875-20602734740,45527.11,PEN,Soles,2026-06-11T00:00:00-05:00
ocds-dgv273-seacev3-1221687,ocds-dgv273-seacev3-1221687-2026-06-25T10:28:36.592563-05:00,1221687-20609829495,45215.0,PEN,Soles,2026-06-16T00:00:00-05:00
ocds-dgv273-seacev3-1221515,ocds-dgv273-seacev3-1221515-2026-06-25T10:28:36.248820-05:00,1221515-20603663668,59590.0,PEN,Soles,2026-06-09T00:00:00-05:00
ocds-dgv273-seacev3-1227680,ocds-dgv273-seacev3-1227680-2026-06-25T10:28:36.113869-05:00,1227680-20293877964,6700.0,PEN,Soles,2026-06-24T00:00:00-05:00
ocds-dgv273-seacev3-1222703,ocds-dgv273-seacev3-1222703-2026-06-25T10:28:31.795959-05:00,1222703-10420476944,65250.0,PEN,Soles,2026-06-12T00:00:00-05:00
ocds-dgv273-seacev3-1220264,ocds-dgv273-seacev3-1220264-2026-06-25T10:28:31.713888-05:00,1220264-20487236081,188000.0,PEN,Soles,2026-06-10T00:00:00-05:00
ocds-dgv273-seacev3-1222609,ocds-dgv273-seacev3-1222609-2026-06-25T10:28:31.490219-05:00,1222609-20553497541,83200.0,PEN,Soles,2026-06-17T00:00:00-05:00
ocds-dgv273-seacev3-1221672,ocds-dgv273-seacev3-1221672-2026-06-25T10:28:30.638522-05:00,1221672-20611967897,88106.7,PEN,Soles,2026-06-11T00:00:00-05:00
ocds-dgv273-seacev3-1222284,ocds-dgv273-seacev3-1222284-2026-06-25T10:28:30.329015-05:00,1222284-1802678,696532.08,PEN,Soles,2026-06-16T00:00:00-05:00
ocds-dgv273-seacev3-1222089,ocds-dgv273-seacev3-1222089-2026-06-25T10:28:29.435779-05:00,1222089-10099447791,99150.0,PEN,Soles,2026-06-09T00:00:00-05:00
ocds-dgv273-seacev3-1225307,ocds-dgv273-seacev3-1225307-2026-06-25T10:28:29.049156-05:00,1225307-1802769,309312.0,PEN,Soles,2026-06-16T00:00:00-05:00
ocds-dgv273-seacev3-1223818,ocds-dgv273-seacev3-1223818-2026-06-25T10:28:28.400911-05:00,1223818-L9000032892,4991.2,PEN,Soles,2026-06-10T00:00:00-05:00
ocds-dgv273-seacev3-1227704,ocds-dgv273-seacev3-1227704-2026-06-25T10:28:28.145443-05:00,1227704-L9000032926,210000.0,PEN,Soles,2026-06-23T00:00:00-05:00
ocds-dgv273-seacev3-1227131,ocds-dgv273-seacev3-1227131-2026-06-25T10:28:27.451060-05:00,1227131-20601474876,76000.0,PEN,Soles,2026-06-23T00:00:00-05:00
ocds-dgv273-seacev3-1221187,ocds-dgv273-seacev3-1221187-2026-06-25T10:28:27.331204-05:00,1221187-20613140612,46800.0,PEN,Soles,2026-06-05T00:00:00-05:00
ocds-dgv273-seacev3-1223814,ocds-dgv273-seacev3-1223814-2026-06-25T10:28:26.612871-05:00,1223814-20610246029,53000.0,PEN,Soles,2026-06-17T00:00:00-05:00
ocds-dgv273-seacev3-1223314,ocds-dgv273-seacev3-1223314-2026-06-25T10:28:26.600640-05:00,1223314-20601417449,77429.0,PEN,Soles,2026-06-16T00:00:00-05:00
ocds-dgv273-seacev3-1226424,ocds-dgv273-seacev3-1226424-2026-06-25T10:28:26.512616-05:00,1226424-15601917430,156000.0,PEN,Soles,2026-06-23T00:00:00-05:00
ocds-dgv273-seacev3-1226444,ocds-dgv273-seacev3-1226444-2026-06-25T10:28:25.848232-05:00,1226444-20479900923,84220.0,PEN,Soles,2026-06-23T00:00:00-05:00
ocds-dgv273-seacev3-1228353,ocds-dgv273-seacev3-1228353-2026-06-25T10:28:25.723854-05:00,1228353-L9000032933,2604523.9,PEN,Soles,2026-06-24T00:00:00-05:00
ocds-dgv273-seacev3-1221184,ocds-dgv273-seacev3-1221184-2026-06-25T10:28:21.334806-05:00,1221184-20607807231,57728.3,PEN,Soles,2026-06-05T00:00:00-05:00
ocds-dgv273-seacev3-1222677,ocds-dgv273-seacev3-1222677-2026-06-25T10:28:19.813595-05:00,1222677-20100099447,1755.8400000000001,PEN,Soles,2026-06-22T00:00:00-05:00
ocds-dgv273-seacev3-1222677,ocds-dgv273-seacev3-1222677-2026-06-25T10:28:19.813595-05:00,1222677-20614332710,1142.07,PEN,Soles,2026-06-22T00:00:00-05:00
ocds-dgv273-seacev3-1221872,ocds-dgv273-seacev3-1221872-2026-06-25T10:28:19.553403-05:00,1221872-20608486951,79500.0,PEN,Soles,2026-06-04T00:00:00-05:00
ocds-dgv273-seacev3-1221277,ocds-dgv273-seacev3-1221277-2026-06-25T10:28:19.330279-05:00,1221277-20608197711,179700.0,PEN,Soles,2026-06-18T00:00:00-05:00
ocds-dgv273-seacev3-1228253,ocds-dgv273-seacev3-1228253-2026-06-25T10:28:18.843944-05:00,1228253-L0000001194,7000.0,USD,Dólar Norteamericano,2026-06-24T00:00:00-05:00
ocds-dgv273-seacev3-1222730,ocds-dgv273-seacev3-1222730-2026-06-25T10:28:18.521796-05:00,1222730-20610543074,64900.0,PEN,Soles,2026-06-11T00:00:00-05:00
ocds-dgv273-seacev3-1227724,ocds-dgv273-seacev3-1227724-2026-06-25T10:28:18.319997-05:00,1227724-20405568773,257484.6,PEN,Soles,2026-06-24T00:00:00-05:00
ocds-dgv273-seacev3-2026-2543-235,ocds-dgv273-seacev3-2026-2543-235-2026-06-25T10:28:18.205256-05:00,1227967-L9000032928,690477.84,PEN,Soles,2026-06-23T00:00:00-05:00
ocds-dgv273-seacev3-1224201,ocds-dgv273-seacev3-1224201-2026-06-25T10:28:17.234962-05:00,1224201-10450322208,279335.5,PEN,Soles,2026-06-24T00:00:00-05:00
ocds-dgv273-seacev3-1222990,ocds-dgv273-seacev3-1222990-2026-06-25T10:28:17.011793-05:00,1222990-10422892830,219641.0,PEN,Soles,2026-06-19T00:00:00-05:00
ocds-dgv273-seacev3-1224197,ocds-dgv273-seacev3-1224197-2026-06-25T10:28:16.965395-05:00,1224197-20606950081,138029.81,PEN,Soles,2026-06-23T00:00:00-05:00
ocds-dgv273-seacev3-1221200,ocds-dgv273-seacev3-1221200-2026-06-25T10:28:16.842082-05:00,1221200-20610429565,99492.84,PEN,Soles,2026-06-11T00:00:00-05:00
ocds-dgv273-seacev3-1225388,ocds-dgv273-seacev3-1225388-2026-06-25T10:28:16.379658-05:00,1225388-20100102090,236700.0,PEN,Soles,2026-06-18T00:00:00-05:00
ocds-dgv273-seacev3-1222218,ocds-dgv273-seacev3-1222218-2026-06-25T10:28:16.123823-05:00,1222218-20605160264,75443.45,PEN,Soles,2026-06-11T00:00:00-05:00
ocds-dgv273-seacev3-1221583,ocds-dgv273-seacev3-1221583-2026-06-25T10:28:16.067920-05:00,1221583-10406503912,63800.0,PEN,Soles,2026-06-08T00:00:00-05:00
ocds-dgv273-seacev3-1222648,ocds-dgv273-seacev3-1222648-2026-06-25T10:28:15.658931-05:00,1222648-1798964,1103584.47,PEN,Soles,2026-06-05T00:00:00-05:00
ocds-dgv273-seacev3-1222939,ocds-dgv273-seacev3-1222939-2026-06-25T10:28:15.297521-05:00,1222939-20448691285,99624.0,PEN,Soles,2026-06-12T00:00:00-05:00
ocds-dgv273-seacev3-1222174,ocds-dgv273-seacev3-1222174-2026-06-25T10:28:15.026039-05:00,1222174-20506813191,61006.0,PEN,Soles,2026-06-15T00:00:00-05:00
ocds-dgv273-seacev3-1223626,ocds-dgv273-seacev3-1223626-2026-06-25T10:28:14.967584-05:00,1223626-10311873283,71920.0,PEN,Soles,2026-06-15T00:00:00-05:00
ocds-dgv273-seacev3-1221655,ocds-dgv273-seacev3-1221655-2026-06-25T10:28:14.790617-05:00,1221655-20609534401,99870.0,PEN,Soles,2026-06-08T00:00:00-05:00
ocds-dgv273-seacev3-1221133,ocds-dgv273-seacev3-1221133-2026-06-25T10:28:10.643523-05:00,1221133-20107034413,74054.11,PEN,Soles,2026-06-10T00:00:00-05:00
ocds-dgv273-seacev3-1227167,ocds-dgv273-seacev3-1227167-2026-06-25T10:28:08.405619-05:00,1227167-20602020798,2238579.6,PEN,Soles,2026-06-23T00:00:00-05:00
ocds-dgv273-seacev3-1222226,ocds-dgv273-seacev3-1222226-2026-06-25T10:28:08.232560-05:00,1222226-20607990868,59387.0,PEN,Soles,2026-06-09T00:00:00-05:00
ocds-dgv273-seacev3-1228021,ocds-dgv273-seacev3-1228021-2026-06-25T10:28:07.684915-05:00,1228021-L0603769486,2600.0,USD,Dólar Norteamericano,2026-06-23T00:00:00-05:00
ocds-dgv273-seacev3-1222348,ocds-dgv273-seacev3-1222348-2026-06-25T10:28:07.461569-05:00,1222348-20568210159,75540.0,PEN,Nuevos Soles,2026-06-10T00:00:00-05:00
ocds-dgv273-seacev3-1222729,ocds-dgv273-seacev3-1222729-2026-06-25T10:28:07.397555-05:00,1222729-10076817265,54905.0,PEN,Soles,2026-06-15T00:00:00-05:00
ocds-dgv273-seacev3-1221137,ocds-dgv273-seacev3-1221137-2026-06-25T10:28:05.470702-05:00,1221137-20607477672,66000.0,PEN,Soles,2026-06-05T00:00:00-05:00
ocds-dgv273-seacev3-2026-1947-56,ocds-dgv273-seacev3-2026-1947-56-2026-06-25T10:28:05.407364-05:00,1227409-L0000003649,9900.0,USD,Dólar Norteamericano,2026-06-22T00:00:00-05:00
ocds-dgv273-seacev3-1225791,ocds-dgv273-seacev3-1225791-2026-06-25T10:28:04.454541-05:00,1225791-20607756121,436600.0,PEN,Soles,2026-06-17T00:00:00-05:00
ocds-dgv273-seacev3-1225390,ocds-dgv273-seacev3-1225390-2026-06-25T10:28:04.222009-05:00,1225390-20614787997,82196.0,PEN,Soles,2026-06-15T00:00:00-05:00
ocds-dgv273-seacev3-1222818,ocds-dgv273-seacev3-1222818-2026-06-25T10:28:04.114974-05:00,1222818-20603847122,68000.0,PEN,Soles,2026-06-15T00:00:00-05:00
ocds-dgv273-seacev3-1225724,ocds-dgv273-seacev3-1225724-2026-06-25T10:27:58.643323-05:00,1225724-10231583799,420000.06,PEN,Soles,2026-06-17T00:00:00-05:00
ocds-dgv273-seacev3-1223472,ocds-dgv273-seacev3-1223472-2026-06-25T10:27:57.636552-05:00,1223472-10098092752,74304.0,PEN,Soles,2026-06-12T00:00:00-05:00
ocds-dgv273-seacev3-1224003,ocds-dgv273-seacev3-1224003-2026-06-25T10:27:57.309085-05:00,1224003-20539454499,98437.74,PEN,Soles,2026-06-16T00:00:00-05:00
ocds-dgv273-seacev3-1224404,ocds-dgv273-seacev3-1224404-2026-06-25T10:27:56.101135-05:00,1224404-20604751595,48440.0,PEN,Soles,2026-06-17T00:00:00-05:00
ocds-dgv273-seacev3-1222146,ocds-dgv273-seacev3-1222146-2026-06-25T10:27:56.022409-05:00,1222146-20494790344,162036.85,PEN,Soles,2026-06-16T00:00:00-05:00
ocds-dgv273-seacev3-2026-1947-187,ocds-dgv273-seacev3-2026-1947-187-2026-06-25T10:27:53.817527-05:00,1227730-L0609015983,62000.0,EUR,Euro,2026-06-22T00:00:00-05:00
ocds-dgv273-seacev3-1223613,ocds-dgv273-seacev3-1223613-2026-06-25T10:27:53.600381-05:00,1223613-20603084056,8175.64,PEN,Soles,2026-06-22T00:00:00-05:00
ocds-dgv273-seacev3-1222617,ocds-dgv273-seacev3-1222617-2026-06-25T10:27:53.331218-05:00,1222617-20553497541,142119.0,PEN,Soles,2026-06-17T00:00:00-05:00
ocds-dgv273-seacev3-1225686,ocds-dgv273-seacev3-1225686-2026-06-25T10:27:47.248653-05:00,1225686-20494626978,54870.0,PEN,Soles,2026-06-19T00:00:00-05:00
ocds-dgv273-seacev3-1222802,ocds-dgv273-seacev3-1222802-2026-06-25T10:27:47.123150-05:00,1222802-10718283901,87000.0,PEN,Soles,2026-06-15T00:00:00-05:00
ocds-dgv273-seacev3-1223799,ocds-dgv273-seacev3-1223799-2026-06-25T10:27:46.809648-05:00,1223799-20608554476,49990.0,PEN,Soles,2026-06-15T00:00:00-05:00
ocds-dgv273-seacev3-1224584,ocds-dgv273-seacev3-1224584-2026-06-25T10:27:46.717644-05:00,1224584-20100042500,16759.78,PEN,Soles,2026-06-22T00:00:00-05:00
ocds-dgv273-seacev3-1222641,ocds-dgv273-seacev3-1222641-2026-06-25T10:27:46.565920-05:00,1222641-10789699424,99680.0,PEN,Soles,2026-06-10T00:00:00-05:00
ocds-dgv273-seacev3-1227134,ocds-dgv273-seacev3-1227134-2026-06-25T10:27:46.235594-05:00,1227134-10460553836,43500.0,PEN,Nuevos Soles,2026-06-19T00:00:00-05:00
ocds-dgv273-seacev3-1225013,ocds-dgv273-seacev3-1225013-2026-06-25T10:27:45.119697-05:00,1225013-20605939466,583749.77,PEN,Soles,2026-06-15T00:00:00-05:00
ocds-dgv273-seacev3-1222191,ocds-dgv273-seacev3-1222191-2026-06-25T10:27:44.696439-05:00,1222191-20613500261,105000.0,PEN,Soles,2026-06-15T00:00:00-05:00
ocds-dgv273-seacev3-1221774,ocds-dgv273-seacev3-1221774-2026-06-25T10:27:44.625881-05:00,1221774-20604626693,53637.0,PEN,Soles,2026-06-10T00:00:00-05:00
ocds-dgv273-seacev3-1223347,ocds-dgv273-seacev3-1223347-2026-06-25T10:27:43.479492-05:00,1223347-20615153631,335000.0,PEN,Soles,2026-06-22T00:00:00-05:00
ocds-dgv273-seacev3-1225304,ocds-dgv273-seacev3-1225304-2026-06-25T10:27:43.199689-05:00,1225304-1802946,120452.5,PEN,Soles,2026-06-17T00:00:00-05:00
ocds-dgv273-seacev3-1222179,ocds-dgv273-seacev3-1222179-2026-06-25T10:27:41.649081-05:00,1222179-20610872264,90794.0,PEN,Soles,2026-06-09T00:00:00-05:00
ocds-dgv273-seacev3-1227667,ocds-dgv273-seacev3-1227667-2026-06-24T10:31:18.915813-05:00,1227667-10175354374,285113.94,PEN,Soles,2026-06-22T00:00:00-05:00
ocds-dgv273-seacev3-1226510,ocds-dgv273-seacev3-1226510-2026-06-24T10:31:18.287620-05:00,1226510-20615191753,53733.01,PEN,Soles,2026-06-19T00:00:00-05:00
ocds-dgv273-seacev3-1226506,ocds-dgv273-seacev3-1226506-2026-06-24T10:31:18.273858-05:00,1226506-20606854707,108680.41,PEN,Soles,2026-06-19T00:00:00-05:00
ocds-dgv273-seacev3-1226503,ocds-dgv273-seacev3-1226503-2026-06-24T10:31:18.252821-05:00,1226503-20606854707,69561.71,PEN,Soles,2026-06-19T00:00:00-05:00
ocds-dgv273-seacev3-1226124,ocds-dgv273-seacev3-1226124-2026-06-24T10:31:17.977736-05:00,1226124-1803441,284222.93,PEN,Soles,2026-06-17T00:00:00-05:00
ocds-dgv273-seacev3-1221427,ocds-dgv273-seacev3-1221427-2026-06-24T10:31:17.702840-05:00,1221427-20606123095,45600.0,PEN,Soles,2026-06-12T12:26:58-05:00
ocds-dgv273-seacev3-1221132,ocds-dgv273-seacev3-1221132-2026-06-24T10:31:16.936441-05:00,1221132-20607472531,157590.0,PEN,Soles,2026-06-12T16:04:36-05:00
ocds-dgv273-seacev3-1225665,ocds-dgv273-seacev3-1225665-2026-06-24T10:31:16.280826-05:00,1225665-10729157550,66000.0,PEN,Soles,2026-06-17T00:00:00-05:00
ocds-dgv273-seacev3-1221607,ocds-dgv273-seacev3-1221607-2026-06-24T10:31:13.493003-05:00,1221607-10232764789,153600.0,PEN,Soles,2026-06-04T00:00:00-05:00
ocds-dgv273-seacev3-1227318,ocds-dgv273-seacev3-1227318-2026-06-24T10:31:13.158131-05:00,1227318-1804778,1306606.21,PEN,Soles,2026-06-22T00:00:00-05:00
ocds-dgv273-seacev3-1223395,ocds-dgv273-seacev3-1223395-2026-06-24T10:31:12.028664-05:00,1223395-20574737461,87150.0,PEN,Soles,2026-06-12T00:00:00-05:00
ocds-dgv273-seacev3-1221451,ocds-dgv273-seacev3-1221451-2026-06-24T10:31:11.951656-05:00,1221451-10444684823,54725.0,PEN,Soles,2026-06-11T00:00:00-05:00
ocds-dgv273-seacev3-1222057,ocds-dgv273-seacev3-1222057-2026-06-24T10:31:05.630420-05:00,1222057-10422397901,4000.0,PEN,Soles,2026-06-22T00:00:00-05:00
ocds-dgv273-seacev3-1223770,ocds-dgv273-seacev3-1223770-2026-06-24T10:31:05.554736-05:00,1223770-20607097527,98960.0,PEN,Soles,2026-06-15T00:00:00-05:00
ocds-dgv273-seacev3-1223521,ocds-dgv273-seacev3-1223521-2026-06-24T10:31:05.363910-05:00,1223521-20600655770,94990.0,PEN,Soles,2026-06-15T00:00:00-05:00
ocds-dgv273-seacev3-1225669,ocds-dgv273-seacev3-1225669-2026-06-24T10:31:05.336345-05:00,1225669-20608170023,56875.76,PEN,Soles,2026-06-19T00:00:00-05:00
ocds-dgv273-seacev3-1226337,ocds-dgv273-seacev3-1226337-2026-06-24T10:31:04.553863-05:00,1226337-10329206829,50059.76,PEN,Nuevos Soles,2026-06-19T00:00:00-05:00
ocds-dgv273-seacev3-1222855,ocds-dgv273-seacev3-1222855-2026-06-24T10:31:04.472336-05:00,1222855-20600307453,93200.0,PEN,Soles,2026-06-15T00:00:00-05:00
ocds-dgv273-seacev3-2026-1926-158,ocds-dgv273-seacev3-2026-1926-158-2026-06-24T10:31:04.171832-05:00,1224380-L9000032895,25724.0,USD,Dólar Norteamericano,2026-06-11T00:00:00-05:00
ocds-dgv273-seacev3-1222689,ocds-dgv273-seacev3-1222689-2026-06-24T10:31:03.919555-05:00,1222689-20573182104,99520.0,PEN,Soles,2026-06-12T00:00:00-05:00
ocds-dgv273-seacev3-1227462,ocds-dgv273-seacev3-1227462-2026-06-24T10:31:02.361836-05:00,1227462-L0000002429,16588.0,USD,Dólar Norteamericano,2026-06-22T00:00:00-05:00
ocds-dgv273-seacev3-1223401,ocds-dgv273-seacev3-1223401-2026-06-24T10:31:01.652742-05:00,1223401-10329211105,99460.29,PEN,Soles,2026-06-12T00:00:00-05:00
ocds-dgv273-seacev3-1221222,ocds-dgv273-seacev3-1221222-2026-06-24T10:31:01.341961-05:00,1221222-20610760407,68990.0,PEN,Soles,2026-06-08T00:00:00-05:00
ocds-dgv273-seacev3-1223187,ocds-dgv273-seacev3-1223187-2026-06-24T10:31:01.207538-05:00,1223187-10712343490,8000.0,PEN,Soles,2026-06-22T00:00:00-05:00
ocds-dgv273-seacev3-2026-1947-157,ocds-dgv273-seacev3-2026-1947-157-2026-06-24T10:30:55.871781-05:00,1223736-L9000032893,53900.0,USD,Dólar Norteamericano,2026-06-10T00:00:00-05:00
ocds-dgv273-seacev3-1221192,ocds-dgv273-seacev3-1221192-2026-06-24T10:30:55.243459-05:00,1221192-20550683645,143000.0,PEN,Nuevos Soles,2026-06-15T00:00:00-05:00
ocds-dgv273-seacev3-2026-1947-65,ocds-dgv273-seacev3-2026-1947-65-2026-06-24T10:30:54.132535-05:00,1226533-L9000032909,30000.0,USD,Dólar Norteamericano,2026-06-18T00:00:00-05:00
ocds-dgv273-seacev3-1226481,ocds-dgv273-seacev3-1226481-2026-06-24T10:30:54.118253-05:00,1226481-20608170023,61780.79,PEN,Soles,2026-06-19T00:00:00-05:00
ocds-dgv273-seacev3-1221304,ocds-dgv273-seacev3-1221304-2026-06-24T10:30:53.823752-05:00,1221304-20611548878,190241.0,PEN,Soles,2026-06-05T00:00:00-05:00
ocds-dgv273-seacev3-1224366,ocds-dgv273-seacev3-1224366-2026-06-24T10:30:53.450120-05:00,1224366-L9000032903,162276.4,USD,Dólar Norteamericano,2026-06-16T00:00:00-05:00
ocds-dgv273-seacev3-1224448,ocds-dgv273-seacev3-1224448-2026-06-24T10:30:52.282274-05:00,1224448-20516935317,479994.8,PEN,Soles,2026-06-16T00:00:00-05:00
ocds-dgv273-seacev3-1221167,ocds-dgv273-seacev3-1221167-2026-06-24T10:30:52.091447-05:00,1221167-20603566409,57642.17,PEN,Soles,2026-06-22T00:00:00-05:00
ocds-dgv273-seacev3-2026-1926-164,ocds-dgv273-seacev3-2026-1926-164-2026-06-24T10:30:51.502475-05:00,1226207-L9000032907,16852.76,USD,Dólar Norteamericano,2026-06-17T00:00:00-05:00
ocds-dgv273-seacev3-1222413,ocds-dgv273-seacev3-1222413-2026-06-24T10:30:50.925313-05:00,1222413-20605654569,254799.0,PEN,Soles,2026-06-17T00:00:00-05:00
ocds-dgv273-seacev3-1220941,ocds-dgv273-seacev3-1220941-2026-06-24T10:30:50.902128-05:00,1220941-20509794074,95960.0,PEN,Soles,2026-06-11T00:00:00-05:00
ocds-dgv273-seacev3-1221339,ocds-dgv273-seacev3-1221339-2026-06-24T10:30:50.744697-05:00,1221339-20604778159,120000.0,PEN,Soles,2026-06-11T00:00:00-05:00
ocds-dgv273-seacev3-1223189,ocds-dgv273-seacev3-1223189-2026-06-24T10:30:49.661372-05:00,1223189-10438616336,8000.0,PEN,Soles,2026-06-22T00:00:00-05:00
ocds-dgv273-seacev3-1226475,ocds-dgv273-seacev3-1226475-2026-06-24T10:30:45.212217-05:00,1226475-20608170023,96783.53,PEN,Soles,2026-06-19T00:00:00-05:00
ocds-dgv273-seacev3-1221168,ocds-dgv273-seacev3-1221168-2026-06-24T10:30:43.658522-05:00,1221168-10738847577,6000.0,PEN,Soles,2026-06-22T00:00:00-05:00
ocds-dgv273-seacev3-1223251,ocds-dgv273-seacev3-1223251-2026-06-24T10:30:43.326813-05:00,1223251-20600571916,127606.5,PEN,Soles,2026-06-19T00:00:00-05:00
ocds-dgv273-seacev3-1225223,ocds-dgv273-seacev3-1225223-2026-06-24T10:30:43.280851-05:00,1225223-1804003,63282.0,USD,Dólar Norteamericano,2026-06-19T00:00:00-05:00
ocds-dgv273-seacev3-1226322,ocds-dgv273-seacev3-1226322-2026-06-24T10:30:43.133016-05:00,1226322-10415743594,48600.0,PEN,Soles,2026-06-22T00:00:00-05:00
ocds-dgv273-seacev3-1226524,ocds-dgv273-seacev3-1226524-2026-06-24T10:30:42.888223-05:00,1226524-20613126041,51916.32,PEN,Soles,2026-06-19T00:00:00-05:00
ocds-dgv273-seacev3-1226744,ocds-dgv273-seacev3-1226744-2026-06-24T10:30:41.318449-05:00,1226744-20513441208,2194500.0,PEN,Soles,2026-06-22T00:00:00-05:00
ocds-dgv273-seacev3-1221536,ocds-dgv273-seacev3-1221536-2026-06-24T10:30:40.386913-05:00,1221536-20529425351,100222.5,PEN,Soles,2026-06-15T00:00:00-05:00
ocds-dgv273-seacev3-1220932,ocds-dgv273-seacev3-1220932-2026-06-24T10:30:40.081754-05:00,1220932-10407921190,99366.0,PEN,Soles,2026-06-05T00:00:00-05:00
ocds-dgv273-seacev3-1221532,ocds-dgv273-seacev3-1221532-2026-06-24T10:30:39.193941-05:00,1221532-10765089803,55200.0,PEN,Soles,2026-06-11T00:00:00-05:00
ocds-dgv273-seacev3-1221193,ocds-dgv273-seacev3-1221193-2026-06-24T10:30:34.591162-05:00,1221193-20602383254,82416.5,PEN,Soles,2026-06-05T00:00:00-05:00
ocds-dgv273-seacev3-1223839,ocds-dgv273-seacev3-1223839-2026-06-24T10:30:33.411001-05:00,1223839-10031246941,82795.44,PEN,Soles,2026-06-22T00:00:00-05:00
ocds-dgv273-seacev3-1226460,ocds-dgv273-seacev3-1226460-2026-06-24T10:30:32.140441-05:00,1226460-20606896990,58600.0,PEN,Soles,2026-06-22T00:00:00-05:00
ocds-dgv273-seacev3-1222065,ocds-dgv273-seacev3-1222065-2026-06-24T10:30:31.493751-05:00,1222065-10426708634,12000.0,PEN,Soles,2026-06-22T00:00:00-05:00
ocds-dgv273-seacev3-1227720,ocds-dgv273-seacev3-1227720-2026-06-24T10:30:31.441859-05:00,1227720-20606275201,16560.0,PEN,Soles,2026-06-22T00:00:00-05:00
ocds-dgv273-seacev3-1224807,ocds-dgv273-seacev3-1224807-2026-06-24T10:30:31.401218-05:00,1224807-L9000032900,2960.0,USD,Dólar Norteamericano,2026-06-12T00:00:00-05:00
ocds-dgv273-seacev3-1221343,ocds-dgv273-seacev3-1221343-2026-06-24T10:30:31.282492-05:00,1221343-20611548878,269784.86,PEN,Nuevos Soles,2026-06-05T00:00:00-05:00
ocds-dgv273-seacev3-1224812,ocds-dgv273-seacev3-1224812-2026-06-24T10:30:31.059024-05:00,1224812-20212980774,2331648.0,PEN,Soles,2026-06-22T00:00:00-05:00
ocds-dgv273-seacev3-1220519,ocds-dgv273-seacev3-1220519-2026-06-24T10:30:30.074166-05:00,1220519-10769268524,91730.0,PEN,Soles,2026-06-08T00:00:00-05:00
ocds-dgv273-seacev3-1220629,ocds-dgv273-seacev3-1220629-2026-06-24T10:30:29.780021-05:00,1220629-1801763,97999.89,PEN,Soles,2026-06-15T00:00:00-05:00
ocds-dgv273-seacev3-1221272,ocds-dgv273-seacev3-1221272-2026-06-24T10:30:29.576269-05:00,1221272-20604053111,98365.0,PEN,Soles,2026-06-05T00:00:00-05:00
ocds-dgv273-seacev3-1226778,ocds-dgv273-seacev3-1226778-2026-06-24T10:30:28.175359-05:00,1226778-1804282,2741274.35,PEN,Soles,2026-06-22T00:00:00-05:00
ocds-dgv273-seacev3-1221960,ocds-dgv273-seacev3-1221960-2026-06-24T10:30:23.014968-05:00,1221960-10412435775,16000.0,PEN,Soles,2026-06-22T00:00:00-05:00
ocds-dgv273-seacev3-2026-275294-13,ocds-dgv273-seacev3-2026-275294-13-2026-06-24T10:30:22.405902-05:00,1227220-10759714429,24000.0,PEN,Soles,2026-06-22T00:00:00-05:00
ocds-dgv273-seacev3-1227573,ocds-dgv273-seacev3-1227573-2026-06-24T10:30:21.687385-05:00,1227573-10413644289,55000.0,PEN,Soles,2026-06-22T00:00:00-05:00
ocds-dgv273-seacev3-1226494,ocds-dgv273-seacev3-1226494-2026-06-24T10:30:21.539507-05:00,1226494-20606854707,68753.74,PEN,Soles,2026-06-19T00:00:00-05:00
ocds-dgv273-seacev3-1221012,ocds-dgv273-seacev3-1221012-2026-06-24T10:30:21.268572-05:00,1221012-10093425575,216000.0,PEN,Soles,2026-06-05T00:00:00-05:00
ocds-dgv273-seacev3-2026-275294-10,ocds-dgv273-seacev3-2026-275294-10-2026-06-24T10:30:20.599485-05:00,1227093-10771597144,24000.0,PEN,Soles,2026-06-22T00:00:00-05:00
ocds-dgv273-seacev3-2026-275294-11,ocds-dgv273-seacev3-2026-275294-11-2026-06-24T10:30:19.712858-05:00,1227111-10086740619,24000.0,PEN,Soles,2026-06-22T00:00:00-05:00
ocds-dgv273-seacev3-1226393,ocds-dgv273-seacev3-1226393-2026-06-24T10:30:18.006057-05:00,1226393-20608170023,96455.97,PEN,Soles,2026-06-19T00:00:00-05:00
ocds-dgv273-seacev3-1221787,ocds-dgv273-seacev3-1221787-2026-06-24T10:30:17.641384-05:00,1221787-20608942603,73965.94,PEN,Soles,2026-06-12T00:00:00-05:00
ocds-dgv273-seacev3-1224153,ocds-dgv273-seacev3-1224153-2026-06-24T10:30:11.382385-05:00,1224153-20378889821,80000.0,PEN,Soles,2026-06-22T00:00:00-05:00
ocds-dgv273-seacev3-2026-275294-12,ocds-dgv273-seacev3-2026-275294-12-2026-06-24T10:30:10.711410-05:00,1227141-10714326479,24000.0,PEN,Soles,2026-06-22T00:00:00-05:00
ocds-dgv273-seacev3-2026-275294-9,ocds-dgv273-seacev3-2026-275294-9-2026-06-24T10:30:10.521102-05:00,1227081-10106518471,24000.0,PEN,Soles,2026-06-22T00:00:00-05:00
ocds-dgv273-seacev3-1225073,ocds-dgv273-seacev3-1225073-2026-06-24T10:30:09.739019-05:00,1225073-1802189,80109.02,PEN,Soles,2026-06-15T00:00:00-05:00
ocds-dgv273-seacev3-1224409,ocds-dgv273-seacev3-1224409-2026-06-24T10:30:09.602837-05:00,1224409-10093161381,3500.0,PEN,Soles,2026-06-19T00:00:00-05:00
ocds-dgv273-seacev3-1223362,ocds-dgv273-seacev3-1223362-2026-06-24T10:30:08.278264-05:00,1223362-20407873999,1677960.0,PEN,Soles,2026-06-09T00:00:00-05:00
ocds-dgv273-seacev3-1227169,ocds-dgv273-seacev3-1227169-2026-06-24T10:30:07.560275-05:00,1227169-L9000032915,75213.6,PEN,Nuevos Soles,2026-06-19T00:00:00-05:00
ocds-dgv273-seacev3-1222432,ocds-dgv273-seacev3-1222432-2026-06-24T10:30:07.371960-05:00,1222432-20603336233,88179.0,PEN,Soles,2026-06-10T00:00:00-05:00
ocds-dgv273-seacev3-1221378,ocds-dgv273-seacev3-1221378-2026-06-24T10:30:05.732692-05:00,1221378-20610266445,296000.0,PEN,Soles,2026-06-15T00:00:00-05:00
ocds-dgv273-seacev3-1222516,ocds-dgv273-seacev3-1222516-2026-06-24T10:30:05.678158-05:00,1222516-10065617868,232050.0,PEN,Soles,2026-06-09T00:00:00-05:00
ocds-dgv273-seacev3-1224472,ocds-dgv273-seacev3-1224472-2026-06-24T10:30:05.353691-05:00,1224472-20545792924,313911.0,PEN,Soles,2026-06-22T00:00:00-05:00
ocds-dgv273-seacev3-1222934,ocds-dgv273-seacev3-1222934-2026-06-22T10:04:13.911560-05:00,1222934-20535632287,99945.0,PEN,Soles,2026-06-11T00:00:00-05:00
ocds-dgv273-seacev3-1225105,ocds-dgv273-seacev3-1225105-2026-06-21T10:12:32.968177-05:00,1225105-20477357858,73214.53,PEN,Soles,2026-06-12T00:00:00-05:00
ocds-dgv273-seacev3-1223266,ocds-dgv273-seacev3-1223266-2026-06-21T10:12:32.467954-05:00,1223266-20610621121,112500.0,PEN,Soles,2026-06-19T00:00:00-05:00
ocds-dgv273-seacev3-1223255,ocds-dgv273-seacev3-1223255-2026-06-21T10:12:32.455819-05:00,1223255-20611302399,64800.0,PEN,Soles,2026-06-12T00:00:00-05:00
ocds-dgv273-seacev3-1222668,ocds-dgv273-seacev3-1222668-2026-06-21T10:12:32.221934-05:00,1222668-20573182104,98950.0,PEN,Soles,2026-06-10T00:00:00-05:00
ocds-dgv273-seacev3-2026-761-7,ocds-dgv273-seacev3-2026-761-7-2026-06-21T10:12:29.896314-05:00,1221224-10423335209,64580.9,PEN,Soles,2026-06-12T00:00:00-05:00
ocds-dgv273-seacev3-1223077,ocds-dgv273-seacev3-1223077-2026-06-21T10:12:28.926055-05:00,1223077-20606258527,78000.0,PEN,Soles,2026-06-19T00:00:00-05:00
ocds-dgv273-seacev3-1221006,ocds-dgv273-seacev3-1221006-2026-06-21T10:12:28.561197-05:00,1221006-20605071717,199900.0,PEN,Soles,2026-06-11T00:00:00-05:00
ocds-dgv273-seacev3-1225253,ocds-dgv273-seacev3-1225253-2026-06-21T10:12:28.483620-05:00,1225253-20479790303,1210343.37,PEN,Soles,2026-06-19T00:00:00-05:00
ocds-dgv273-seacev3-1226915,ocds-dgv273-seacev3-1226915-2026-06-21T10:12:28.374558-05:00,1226915-L9000032911,15387.69,USD,Dólar Norteamericano,2026-06-18T00:00:00-05:00
ocds-dgv273-seacev3-1222080,ocds-dgv273-seacev3-1222080-2026-06-21T10:12:28.243905-05:00,1222080-20610917594,72500.0,PEN,Soles,2026-06-11T00:00:00-05:00
ocds-dgv273-seacev3-1221677,ocds-dgv273-seacev3-1221677-2026-06-21T10:12:27.769848-05:00,1221677-10706154375,224000.0,PEN,Soles,2026-06-11T16:57:35-05:00
ocds-dgv273-seacev3-1204220,ocds-dgv273-seacev3-1204220-2026-06-21T10:12:27.604312-05:00,1204220-10432357690,51450.0,PEN,Soles,2026-06-12T00:00:00-05:00
ocds-dgv273-seacev3-1221518,ocds-dgv273-seacev3-1221518-2026-06-21T10:12:27.483949-05:00,1221518-1799607,505997.15,PEN,Soles,2026-06-08T00:00:00-05:00
ocds-dgv273-seacev3-1221948,ocds-dgv273-seacev3-1221948-2026-06-21T10:12:27.411802-05:00,1221948-20566119324,130256.28,PEN,Soles,2026-06-04T00:00:00-05:00
ocds-dgv273-seacev3-1222579,ocds-dgv273-seacev3-1222579-2026-06-21T10:12:27.195125-05:00,1222579-20601428033,50000.0,PEN,Soles,2026-06-10T00:00:00-05:00
ocds-dgv273-seacev3-1221670,ocds-dgv273-seacev3-1221670-2026-06-21T10:12:26.997632-05:00,1221670-10805299962,76641.0,PEN,Soles,2026-06-08T00:00:00-05:00
ocds-dgv273-seacev3-1221246,ocds-dgv273-seacev3-1221246-2026-06-21T10:12:26.969677-05:00,1221246-20613912178,99743.8,PEN,Soles,2026-06-05T00:00:00-05:00
ocds-dgv273-seacev3-1224673,ocds-dgv273-seacev3-1224673-2026-06-21T10:12:26.822055-05:00,1224673-20144691173,4990184.34,PEN,Soles,2026-06-18T00:00:00-05:00
ocds-dgv273-seacev3-1221380,ocds-dgv273-seacev3-1221380-2026-06-21T10:12:21.370522-05:00,1221380-20609850681,42925.8,PEN,Soles,2026-06-11T00:00:00-05:00
ocds-dgv273-seacev3-1223301,ocds-dgv273-seacev3-1223301-2026-06-21T10:12:21.194232-05:00,1223301-20602624987,99750.0,PEN,Soles,2026-06-12T00:00:00-05:00
ocds-dgv273-seacev3-1221256,ocds-dgv273-seacev3-1221256-2026-06-21T10:12:20.988032-05:00,1221256-1800707,314821.52,PEN,Soles,2026-06-11T00:00:00-05:00
ocds-dgv273-seacev3-1224846,ocds-dgv273-seacev3-1224846-2026-06-21T10:12:20.598818-05:00,1224846-L0000005736,5000.0,USD,Dólar Norteamericano,2026-06-12T00:00:00-05:00
ocds-dgv273-seacev3-1226375,ocds-dgv273-seacev3-1226375-2026-06-21T10:12:20.463287-05:00,1226375-20486751151,170000.0,PEN,Soles,2026-06-19T00:00:00-05:00
ocds-dgv273-seacev3-1227000,ocds-dgv273-seacev3-1227000-2026-06-21T10:12:20.417688-05:00,1227000-L9000032913,4864.5,PEN,Soles,2026-06-18T00:00:00-05:00
ocds-dgv273-seacev3-1226517,ocds-dgv273-seacev3-1226517-2026-06-21T10:12:20.066383-05:00,1226517-1804487,1435074.17,PEN,Soles,2026-06-19T00:00:00-05:00
ocds-dgv273-seacev3-1221287,ocds-dgv273-seacev3-1221287-2026-06-21T10:12:19.314413-05:00,1221287-20601421357,101277.0,PEN,Soles,2026-06-11T00:00:00-05:00
ocds-dgv273-seacev3-1221202,ocds-dgv273-seacev3-1221202-2026-06-21T10:12:18.677703-05:00,1221202-10311851794,48500.0,PEN,Soles,2026-06-09T00:00:00-05:00
ocds-dgv273-seacev3-1222588,ocds-dgv273-seacev3-1222588-2026-06-21T10:12:18.006513-05:00,1222588-20425018168,264000.0,PEN,Soles,2026-06-19T00:00:00-05:00
ocds-dgv273-seacev3-2026-10550-6,ocds-dgv273-seacev3-2026-10550-6-2026-06-21T10:12:17.688922-05:00,1222571-20508879441,112200.0,PEN,Soles,2026-06-19T00:00:00-05:00
ocds-dgv273-seacev3-2026-10418-10,ocds-dgv273-seacev3-2026-10418-10-2026-06-21T10:12:17.089576-05:00,1221292-20610911561,69990.0,PEN,Soles,2026-06-08T00:00:00-05:00
ocds-dgv273-seacev3-1224836,ocds-dgv273-seacev3-1224836-2026-06-21T10:12:17.008326-05:00,1224836-L0606465534,7000.0,USD,Dólar Norteamericano,2026-06-12T00:00:00-05:00
ocds-dgv273-seacev3-1225800,ocds-dgv273-seacev3-1225800-2026-06-21T10:12:16.728532-05:00,1225800-20528382151,343640.95,PEN,Soles,2026-06-19T00:00:00-05:00
ocds-dgv273-seacev3-1221048,ocds-dgv273-seacev3-1221048-2026-06-21T10:12:16.605228-05:00,1221048-10803342411,142050.0,PEN,Soles,2026-06-11T21:47:58-05:00
ocds-dgv273-seacev3-1222552,ocds-dgv273-seacev3-1222552-2026-06-21T10:12:12.345217-05:00,1222552-L0611180110,43051.0,USD,Dólar Norteamericano,2026-06-17T00:00:00-05:00
ocds-dgv273-seacev3-1225212,ocds-dgv273-seacev3-1225212-2026-06-21T10:12:12.223171-05:00,1225212-20561338958,101000.0,PEN,Soles,2026-06-19T00:00:00-05:00
ocds-dgv273-seacev3-1224079,ocds-dgv273-seacev3-1224079-2026-06-21T10:12:08.498561-05:00,1224079-1802193,2923904.25,PEN,Soles,2026-06-15T00:00:00-05:00
ocds-dgv273-seacev3-1221107,ocds-dgv273-seacev3-1221107-2026-06-21T10:12:07.581553-05:00,1221107-20610907823,129253.8,PEN,Soles,2026-06-11T00:00:00-05:00
ocds-dgv273-seacev3-1221410,ocds-dgv273-seacev3-1221410-2026-06-21T10:12:07.340174-05:00,1221410-20452268834,69555.0,PEN,Soles,2026-06-12T00:00:00-05:00
ocds-dgv273-seacev3-1226204,ocds-dgv273-seacev3-1226204-2026-06-21T10:12:07.001924-05:00,1226204-20608104101,55263.5,PEN,Soles,2026-06-19T00:00:00-05:00
ocds-dgv273-seacev3-1221217,ocds-dgv273-seacev3-1221217-2026-06-21T10:12:06.903220-05:00,1221217-20615828085,408000.0,PEN,Soles,2026-06-10T00:00:00-05:00
ocds-dgv273-seacev3-1222795,ocds-dgv273-seacev3-1222795-2026-06-21T10:12:06.668345-05:00,1222795-20615093042,952812.5,PEN,Soles,2026-06-09T00:00:00-05:00
ocds-dgv273-seacev3-2026-1947-181,ocds-dgv273-seacev3-2026-1947-181-2026-06-21T10:12:06.506001-05:00,1226702-L0609017170,62000.0,EUR,Euro,2026-06-18T00:00:00-05:00
ocds-dgv273-seacev3-1222698,ocds-dgv273-seacev3-1222698-2026-06-21T10:12:01.278181-05:00,1222698-1799084,1547325.57,PEN,Soles,2026-06-05T00:00:00-05:00
ocds-dgv273-seacev3-1222921,ocds-dgv273-seacev3-1222921-2026-06-21T10:12:01.213476-05:00,1222921-20607575712,70560.0,PEN,Soles,2026-06-11T00:00:00-05:00
ocds-dgv273-seacev3-1223476,ocds-dgv273-seacev3-1223476-2026-06-21T10:12:01.028198-05:00,1223476-20600655770,89990.0,PEN,Soles,2026-06-12T00:00:00-05:00
ocds-dgv273-seacev3-1223433,ocds-dgv273-seacev3-1223433-2026-06-21T10:12:00.799102-05:00,1223433-20600655770,94990.0,PEN,Soles,2026-06-12T00:00:00-05:00
ocds-dgv273-seacev3-1220529,ocds-dgv273-seacev3-1220529-2026-06-21T10:12:00.728871-05:00,1220529-20613841530,46402.0,PEN,Soles,2026-06-08T00:00:00-05:00
ocds-dgv273-seacev3-1224654,ocds-dgv273-seacev3-1224654-2026-06-21T10:12:00.603769-05:00,1224654-20615961109,72504.0,PEN,Soles,2026-06-17T00:00:00-05:00
ocds-dgv273-seacev3-1222859,ocds-dgv273-seacev3-1222859-2026-06-21T10:12:00.183440-05:00,1222859-20610591338,286372.8,PEN,Soles,2026-06-18T00:00:00-05:00
ocds-dgv273-seacev3-1221327,ocds-dgv273-seacev3-1221327-2026-06-21T10:12:00.169413-05:00,1221327-10282916563,106000.0,PEN,Soles,2026-06-11T00:00:00-05:00
ocds-dgv273-seacev3-1223278,ocds-dgv273-seacev3-1223278-2026-06-21T10:11:59.605101-05:00,1223278-20494879329,54600.0,PEN,Soles,2026-06-10T00:00:00-05:00
ocds-dgv273-seacev3-1222907,ocds-dgv273-seacev3-1222907-2026-06-21T10:11:59.503421-05:00,1222907-1799056,1582867.03,PEN,Soles,2026-06-05T00:00:00-05:00
ocds-dgv273-seacev3-1222313,ocds-dgv273-seacev3-1222313-2026-06-21T10:11:59.261744-05:00,1222313-20541597574,215100.0,PEN,Soles,2026-06-19T10:29:23-05:00
ocds-dgv273-seacev3-1221288,ocds-dgv273-seacev3-1221288-2026-06-21T10:11:57.208824-05:00,1221288-1800646,64061.49,PEN,Soles,2026-06-19T00:00:00-05:00
ocds-dgv273-seacev3-1225415,ocds-dgv273-seacev3-1225415-2026-06-21T10:11:57.173724-05:00,1225415-L0606465534,8500.0,USD,Dólar Norteamericano,2026-06-15T00:00:00-05:00
ocds-dgv273-seacev3-1221533,ocds-dgv273-seacev3-1221533-2026-06-21T10:11:57.018538-05:00,1221533-20613474979,126000.0,PEN,Soles,2026-06-19T00:00:00-05:00
ocds-dgv273-seacev3-1221922,ocds-dgv273-seacev3-1221922-2026-06-20T10:19:18.771427-05:00,1221922-1800796,2748237.06,PEN,Soles,2026-06-10T00:00:00-05:00
ocds-dgv273-seacev3-2026-13-43,ocds-dgv273-seacev3-2026-13-43-2026-06-20T10:19:17.549084-05:00,1221045-L0000000748,143818.4,USD,Dólar Norteamericano,2026-06-01T00:00:00-05:00
ocds-dgv273-seacev3-1222647,ocds-dgv273-seacev3-1222647-2026-06-20T10:19:15.785086-05:00,1222647-20604470383,64020.0,PEN,Soles,2026-06-10T00:00:00-05:00
ocds-dgv273-seacev3-1223243,ocds-dgv273-seacev3-1223243-2026-06-20T10:19:15.734641-05:00,1223243-20607861600,507970.0,PEN,Soles,2026-06-09T00:00:00-05:00
ocds-dgv273-seacev3-1225457,ocds-dgv273-seacev3-1225457-2026-06-20T10:19:14.878880-05:00,1225457-10471063296,45000.0,PEN,Soles,2026-06-15T00:00:00-05:00
ocds-dgv273-seacev3-1225436,ocds-dgv273-seacev3-1225436-2026-06-20T10:19:14.864301-05:00,1225436-1802333,1321700.0,PEN,Soles,2026-06-15T00:00:00-05:00
ocds-dgv273-seacev3-1221400,ocds-dgv273-seacev3-1221400-2026-06-20T10:19:14.611624-05:00,1221400-1798126,228247.0,PEN,Soles,2026-06-04T00:00:00-05:00
ocds-dgv273-seacev3-1221926,ocds-dgv273-seacev3-1221926-2026-06-20T10:19:14.560679-05:00,1221926-20606566531,128255.58,PEN,Soles,2026-06-10T00:00:00-05:00
ocds-dgv273-seacev3-1222514,ocds-dgv273-seacev3-1222514-2026-06-20T10:19:13.918756-05:00,1222514-10789699424,70150.0,PEN,Soles,2026-06-10T00:00:00-05:00
ocds-dgv273-seacev3-1221155,ocds-dgv273-seacev3-1221155-2026-06-20T10:19:13.850784-05:00,1221155-20604928461,78500.0,PEN,Soles,2026-06-08T00:00:00-05:00
ocds-dgv273-seacev3-1221076,ocds-dgv273-seacev3-1221076-2026-06-20T10:19:09.355176-05:00,1221076-20610826955,99704.0,PEN,Soles,2026-06-05T00:00:00-05:00
ocds-dgv273-seacev3-1226737,ocds-dgv273-seacev3-1226737-2026-06-20T10:19:06.956874-05:00,1226737-20603484011,633433.0,PEN,Soles,2026-06-18T00:00:00-05:00
ocds-dgv273-seacev3-1224680,ocds-dgv273-seacev3-1224680-2026-06-20T10:19:06.769398-05:00,1224680-20606275201,62030.0,PEN,Soles,2026-06-18T00:00:00-05:00
ocds-dgv273-seacev3-1222491,ocds-dgv273-seacev3-1222491-2026-06-20T10:19:06.577311-05:00,1222491-20610271449,99800.0,PEN,Soles,2026-06-10T00:00:00-05:00
ocds-dgv273-seacev3-1222520,ocds-dgv273-seacev3-1222520-2026-06-20T10:19:06.510227-05:00,1222520-10411687894,72000.0,PEN,Soles,2026-06-10T00:00:00-05:00
ocds-dgv273-seacev3-1223857,ocds-dgv273-seacev3-1223857-2026-06-20T10:19:05.981010-05:00,1223857-1802154,163699.37,PEN,Soles,2026-06-15T00:00:00-05:00
ocds-dgv273-seacev3-1221575,ocds-dgv273-seacev3-1221575-2026-06-20T10:19:05.747442-05:00,1221575-20603365993,55477.5,PEN,Soles,2026-06-08T00:00:00-05:00
ocds-dgv273-seacev3-1221992,ocds-dgv273-seacev3-1221992-2026-06-20T10:19:05.111023-05:00,1221992-20609757893,63000.0,PEN,Soles,2026-06-09T00:00:00-05:00
ocds-dgv273-seacev3-1222397,ocds-dgv273-seacev3-1222397-2026-06-20T10:19:04.484551-05:00,1222397-20610275444,93400.0,PEN,Soles,2026-06-11T00:00:00-05:00
ocds-dgv273-seacev3-1221183,ocds-dgv273-seacev3-1221183-2026-06-20T10:19:03.771941-05:00,1221183-20613281283,78175.0,PEN,Soles,2026-06-09T00:00:00-05:00
ocds-dgv273-seacev3-1221746,ocds-dgv273-seacev3-1221746-2026-06-20T10:18:58.849189-05:00,1221746-20613257188,94800.0,PEN,Soles,2026-06-10T00:00:00-05:00
ocds-dgv273-seacev3-1226097,ocds-dgv273-seacev3-1226097-2026-06-20T10:18:57.897638-05:00,1226097-L9000032906,37340.0,USD,Dólar Norteamericano,2026-06-17T00:00:00-05:00
ocds-dgv273-seacev3-1223012,ocds-dgv273-seacev3-1223012-2026-06-20T10:18:57.827940-05:00,1223012-10425161836,49503.84,PEN,Soles,2026-06-11T00:00:00-05:00
ocds-dgv273-seacev3-1222597,ocds-dgv273-seacev3-1222597-2026-06-20T10:18:57.620273-05:00,1222597-10701669458,81840.0,PEN,Soles,2026-06-10T00:00:00-05:00
ocds-dgv273-seacev3-1226961,ocds-dgv273-seacev3-1226961-2026-06-20T10:18:56.528052-05:00,1226961-20494927315,150952.49,PEN,Soles,2026-06-18T00:00:00-05:00
ocds-dgv273-seacev3-1224028,ocds-dgv273-seacev3-1224028-2026-06-20T10:18:54.717312-05:00,1224028-1803249,139830.5,PEN,Soles,2026-06-17T00:00:00-05:00
ocds-dgv273-seacev3-1226360,ocds-dgv273-seacev3-1226360-2026-06-20T10:18:54.405435-05:00,1226360-20409473530,100506.21,PEN,Soles,2026-06-18T00:00:00-05:00
ocds-dgv273-seacev3-1221981,ocds-dgv273-seacev3-1221981-2026-06-20T10:18:53.854564-05:00,1221981-20549950834,98000.0,PEN,Soles,2026-06-09T00:00:00-05:00
ocds-dgv273-seacev3-1226734,ocds-dgv273-seacev3-1226734-2026-06-20T10:18:48.083150-05:00,1226734-L0000005736,6700.0,USD,Dólar Norteamericano,2026-06-18T00:00:00-05:00
ocds-dgv273-seacev3-1226732,ocds-dgv273-seacev3-1226732-2026-06-20T10:18:46.818355-05:00,1226732-L0603769486,11100.0,USD,Dólar Norteamericano,2026-06-18T00:00:00-05:00
ocds-dgv273-seacev3-1224538,ocds-dgv273-seacev3-1224538-2026-06-20T10:18:46.792483-05:00,1224538-10773348877,61526.8,PEN,Soles,2026-06-18T00:00:00-05:00
ocds-dgv273-seacev3-1224742,ocds-dgv273-seacev3-1224742-2026-06-20T10:18:46.401482-05:00,1224742-20601155207,282250.0,PEN,Soles,2026-06-15T00:00:00-05:00
ocds-dgv273-seacev3-1221797,ocds-dgv273-seacev3-1221797-2026-06-20T10:18:46.049004-05:00,1221797-20612772453,75000.0,PEN,Soles,2026-06-09T00:00:00-05:00
ocds-dgv273-seacev3-1221567,ocds-dgv273-seacev3-1221567-2026-06-20T10:18:45.883464-05:00,1221567-20613561545,98692.0,PEN,Soles,2026-06-08T00:00:00-05:00
ocds-dgv273-seacev3-1223621,ocds-dgv273-seacev3-1223621-2026-06-20T10:18:44.808108-05:00,1223621-20377339461,1485523.0,PEN,Soles,2026-06-18T00:00:00-05:00
ocds-dgv273-seacev3-1221839,ocds-dgv273-seacev3-1221839-2026-06-20T10:18:44.653696-05:00,1221839-20601952883,88000.0,PEN,Soles,2026-06-11T00:00:00-05:00
ocds-dgv273-seacev3-1222618,ocds-dgv273-seacev3-1222618-2026-06-20T10:18:43.840045-05:00,1222618-10455945157,67180.0,PEN,Soles,2026-06-10T00:00:00-05:00
ocds-dgv273-seacev3-1222558,ocds-dgv273-seacev3-1222558-2026-06-20T10:18:43.457953-05:00,1222558-L0603769486,9900.0,USD,Dólar Norteamericano,2026-06-04T00:00:00-05:00
ocds-dgv273-seacev3-1223928,ocds-dgv273-seacev3-1223928-2026-06-20T10:18:43.221135-05:00,1223928-1803255,139830.5,PEN,Soles,2026-06-17T00:00:00-05:00
ocds-dgv273-seacev3-1223095,ocds-dgv273-seacev3-1223095-2026-06-20T10:18:42.601684-05:00,1223095-20615305856,204469.4,PEN,Soles,2026-06-18T00:00:00-05:00
ocds-dgv273-seacev3-1223191,ocds-dgv273-seacev3-1223191-2026-06-20T10:18:42.301385-05:00,1223191-20100061474,156000.0,PEN,Soles,2026-06-18T00:00:00-05:00
ocds-dgv273-seacev3-1222163,ocds-dgv273-seacev3-1222163-2026-06-20T10:18:38.125236-05:00,1222163-20613661833,73920.0,PEN,Soles,2026-06-09T00:00:00-05:00
ocds-dgv273-seacev3-1222095,ocds-dgv273-seacev3-1222095-2026-06-20T10:18:36.971204-05:00,1222095-20610714294,99400.0,PEN,Soles,2026-06-09T00:00:00-05:00
ocds-dgv273-seacev3-1225199,ocds-dgv273-seacev3-1225199-2026-06-20T10:18:36.802599-05:00,1225199-1803694,13742195.59,PEN,Soles,2026-06-18T00:00:00-05:00
ocds-dgv273-seacev3-1226726,ocds-dgv273-seacev3-1226726-2026-06-20T10:18:36.038234-05:00,1226726-1803528,442419.18,PEN,Soles,2026-06-18T00:00:00-05:00
ocds-dgv273-seacev3-1220528,ocds-dgv273-seacev3-1220528-2026-06-20T10:18:35.267495-05:00,1220528-20606984520,180532.8,PEN,Soles,2026-06-10T00:00:00-05:00
ocds-dgv273-seacev3-1221646,ocds-dgv273-seacev3-1221646-2026-06-20T10:18:35.014998-05:00,1221646-20557788841,121050.0,PEN,Soles,2026-06-17T00:00:00-05:00
ocds-dgv273-seacev3-1221628,ocds-dgv273-seacev3-1221628-2026-06-20T10:18:33.000260-05:00,1221628-20100061474,126389.9,PEN,Soles,2026-06-08T00:00:00-05:00
ocds-dgv273-seacev3-1221208,ocds-dgv273-seacev3-1221208-2026-06-20T10:18:32.786751-05:00,1221208-20603842651,121205.0,PEN,Soles,2026-06-17T00:00:00-05:00
ocds-dgv273-seacev3-1223590,ocds-dgv273-seacev3-1223590-2026-06-20T10:18:31.871665-05:00,1223590-20106829595,420000.0,PEN,Soles,2026-06-12T00:00:00-05:00
ocds-dgv273-seacev3-1222242,ocds-dgv273-seacev3-1222242-2026-06-20T10:18:31.468202-05:00,1222242-20609513994,98826.0,PEN,Soles,2026-06-10T00:00:00-05:00
ocds-dgv273-seacev3-1222675,ocds-dgv273-seacev3-1222675-2026-06-20T10:18:27.189478-05:00,1222675-20600980093,86999.87,PEN,Nuevos Soles,2026-06-18T00:00:00-05:00
ocds-dgv273-seacev3-1222513,ocds-dgv273-seacev3-1222513-2026-06-20T10:18:26.846741-05:00,1222513-L0606465503,6890.67,USD,Dólar Norteamericano,2026-06-04T00:00:00-05:00
ocds-dgv273-seacev3-1224703,ocds-dgv273-seacev3-1224703-2026-06-20T10:18:24.243738-05:00,1224703-10064585865,46816.0,PEN,Soles,2026-06-15T00:00:00-05:00
ocds-dgv273-seacev3-1222406,ocds-dgv273-seacev3-1222406-2026-06-20T10:18:22.757769-05:00,1222406-20601580528,72895.0,PEN,Soles,2026-06-11T00:00:00-05:00
ocds-dgv273-seacev3-1223464,ocds-dgv273-seacev3-1223464-2026-06-20T10:18:14.979606-05:00,1223464-20489629551,112000.0,PEN,Soles,2026-06-11T00:00:00-05:00
ocds-dgv273-seacev3-1222140,ocds-dgv273-seacev3-1222140-2026-06-20T10:18:14.040083-05:00,1222140-20610714294,99400.0,PEN,Soles,2026-06-09T00:00:00-05:00
ocds-dgv273-seacev3-1221978,ocds-dgv273-seacev3-1221978-2026-06-20T10:18:13.413476-05:00,1221978-20549950834,98000.0,PEN,Soles,2026-06-09T00:00:00-05:00
ocds-dgv273-seacev3-1226642,ocds-dgv273-seacev3-1226642-2026-06-20T10:18:11.970736-05:00,1226642-1803538,461042.0,PEN,Soles,2026-06-18T00:00:00-05:00
ocds-dgv273-seacev3-1222045,ocds-dgv273-seacev3-1222045-2026-06-19T10:30:24.089611-05:00,1222045-20549704809,48400.0,PEN,Soles,2026-06-09T00:00:00-05:00
ocds-dgv273-seacev3-1221361,ocds-dgv273-seacev3-1221361-2026-06-19T10:30:21.417318-05:00,1221361-20611271906,53611.02,PEN,Soles,2026-06-15T00:00:00-05:00
ocds-dgv273-seacev3-1220568,ocds-dgv273-seacev3-1220568-2026-06-19T10:30:20.633417-05:00,1220568-20480836252,1470974.57,PEN,Soles,2026-06-17T00:00:00-05:00
ocds-dgv273-seacev3-1224544,ocds-dgv273-seacev3-1224544-2026-06-19T10:30:20.066615-05:00,1224544-10406621559,67210.0,PEN,Soles,2026-06-17T00:00:00-05:00
ocds-dgv273-seacev3-1221577,ocds-dgv273-seacev3-1221577-2026-06-19T10:30:19.979406-05:00,1221577-20611579765,229000.0,PEN,Soles,2026-06-05T00:00:00-05:00
ocds-dgv273-seacev3-1223676,ocds-dgv273-seacev3-1223676-2026-06-19T10:30:12.738180-05:00,1223676-1802091,79990.0,PEN,Soles,2026-06-17T00:00:00-05:00
ocds-dgv273-seacev3-1221039,ocds-dgv273-seacev3-1221039-2026-06-19T10:30:12.705638-05:00,1221039-20100099447,686.76,PEN,Soles,2026-06-17T00:00:00-05:00
ocds-dgv273-seacev3-1221039,ocds-dgv273-seacev3-1221039-2026-06-19T10:30:12.705638-05:00,1221039-20614332710,1820.57,PEN,Soles,2026-06-17T00:00:00-05:00
ocds-dgv273-seacev3-1224345,ocds-dgv273-seacev3-1224345-2026-06-19T10:30:08.986919-05:00,1224345-10416763289,243720.0,PEN,Soles,2026-06-17T00:00:00-05:00
ocds-dgv273-seacev3-1225556,ocds-dgv273-seacev3-1225556-2026-06-19T10:30:01.311216-05:00,1225556-20392535935,5916942.72,PEN,Soles,2026-06-17T00:00:00-05:00
ocds-dgv273-seacev3-1221205,ocds-dgv273-seacev3-1221205-2026-06-19T10:29:57.417383-05:00,1221205-20608013297,99014.0,PEN,Soles,2026-06-05T00:00:00-05:00
ocds-dgv273-seacev3-1221196,ocds-dgv273-seacev3-1221196-2026-06-19T10:29:50.395158-05:00,1221196-20601107105,76640.0,PEN,Soles,2026-06-05T00:00:00-05:00
ocds-dgv273-seacev3-1224915,ocds-dgv273-seacev3-1224915-2026-06-19T10:29:47.576097-05:00,1224915-10462594815,72000.0,PEN,Soles,2026-06-17T00:00:00-05:00
ocds-dgv273-seacev3-1221325,ocds-dgv273-seacev3-1221325-2026-06-19T10:29:47.065189-05:00,1221325-20607086185,79970.4,PEN,Soles,2026-06-05T00:00:00-05:00
ocds-dgv273-seacev3-1225589,ocds-dgv273-seacev3-1225589-2026-06-19T10:29:40.956834-05:00,1225589-20338570041,227200.0,PEN,Soles,2026-06-17T00:00:00-05:00
ocds-dgv273-seacev3-1221473,ocds-dgv273-seacev3-1221473-2026-06-19T10:29:40.052872-05:00,1221473-20393704099,97000.5,PEN,Soles,2026-06-08T00:00:00-05:00
ocds-dgv273-seacev3-1221917,ocds-dgv273-seacev3-1221917-2026-06-19T10:29:39.581150-05:00,1221917-20490157558,53000.0,PEN,Soles,2026-06-09T00:00:00-05:00
ocds-dgv273-seacev3-1221871,ocds-dgv273-seacev3-1221871-2026-06-19T10:29:38.724555-05:00,1221871-20490157558,47996.0,PEN,Soles,2026-06-09T00:00:00-05:00
ocds-dgv273-seacev3-1224601,ocds-dgv273-seacev3-1224601-2026-06-19T10:29:38.059481-05:00,1224601-20615961109,54830.0,PEN,Soles,2026-06-17T00:00:00-05:00
ocds-dgv273-seacev3-1220783,ocds-dgv273-seacev3-1220783-2026-06-19T10:29:35.667115-05:00,1220783-20615041638,91723.0,PEN,Soles,2026-06-05T00:00:00-05:00
ocds-dgv273-seacev3-1222752,ocds-dgv273-seacev3-1222752-2026-06-19T10:29:28.757652-05:00,1222752-20602239986,123373.49,PEN,Soles,2026-06-10T00:00:00-05:00
ocds-dgv273-seacev3-1223636,ocds-dgv273-seacev3-1223636-2026-06-19T10:29:27.678824-05:00,1223636-10093161381,4988.0,PEN,Soles,2026-06-16T00:00:00-05:00
ocds-dgv273-seacev3-1224068,ocds-dgv273-seacev3-1224068-2026-06-19T10:29:27.462392-05:00,1224068-10701688461,72000.0,PEN,Soles,2026-06-15T00:00:00-05:00
ocds-dgv273-seacev3-1224726,ocds-dgv273-seacev3-1224726-2026-06-19T10:29:26.882304-05:00,1224726-20611070803,75145.0,PEN,Soles,2026-06-17T00:00:00-05:00
ocds-dgv273-seacev3-1221791,ocds-dgv273-seacev3-1221791-2026-06-19T10:29:25.312565-05:00,1221791-20611357312,2806500.0,PEN,Soles,2026-06-08T00:00:00-05:00
ocds-dgv273-seacev3-1221501,ocds-dgv273-seacev3-1221501-2026-06-19T10:29:25.158098-05:00,1221501-20609901820,60500.0,PEN,Soles,2026-06-10T00:00:00-05:00
ocds-dgv273-seacev3-1223013,ocds-dgv273-seacev3-1223013-2026-06-19T10:29:24.303950-05:00,1223013-10028573354,62400.0,PEN,Soles,2026-06-10T00:00:00-05:00
ocds-dgv273-seacev3-1223670,ocds-dgv273-seacev3-1223670-2026-06-19T10:29:23.994198-05:00,1223670-10480170429,243329.5,PEN,Soles,2026-06-11T00:00:00-05:00
ocds-dgv273-seacev3-1224094,ocds-dgv273-seacev3-1224094-2026-06-19T10:29:17.788406-05:00,1224094-20601378371,160000.0,PEN,Soles,2026-06-12T00:00:00-05:00
ocds-dgv273-seacev3-1222914,ocds-dgv273-seacev3-1222914-2026-06-19T10:29:17.386429-05:00,1222914-10034714253,128640.0,PEN,Soles,2026-06-10T00:00:00-05:00
ocds-dgv273-seacev3-1221766,ocds-dgv273-seacev3-1221766-2026-06-19T10:29:15.435078-05:00,1221766-10101368926,92756.0,PEN,Soles,2026-06-08T00:00:00-05:00
ocds-dgv273-seacev3-1221151,ocds-dgv273-seacev3-1221151-2026-06-19T10:29:12.733237-05:00,1221151-10463328981,61803.0,PEN,Soles,2026-06-05T00:00:00-05:00
ocds-dgv273-seacev3-1221141,ocds-dgv273-seacev3-1221141-2026-06-19T10:29:12.386977-05:00,1221141-10414025809,83860.0,PEN,Soles,2026-06-05T00:00:00-05:00
ocds-dgv273-seacev3-1225345,ocds-dgv273-seacev3-1225345-2026-06-18T10:26:34.589868-05:00,1225345-20611592800,120000.0,PEN,Soles,2026-06-16T00:00:00-05:00
ocds-dgv273-seacev3-1221979,ocds-dgv273-seacev3-1221979-2026-06-18T10:26:32.606473-05:00,1221979-20549508538,88500.0,PEN,Soles,2026-06-15T00:00:00-05:00
ocds-dgv273-seacev3-1221974,ocds-dgv273-seacev3-1221974-2026-06-18T10:26:32.592452-05:00,1221974-10439510159,108000.0,PEN,Soles,2026-06-08T00:00:00-05:00
ocds-dgv273-seacev3-1221898,ocds-dgv273-seacev3-1221898-2026-06-18T10:26:32.564159-05:00,1221898-20531040881,73800.0,PEN,Soles,2026-06-09T00:00:00-05:00
ocds-dgv273-seacev3-1221172,ocds-dgv273-seacev3-1221172-2026-06-18T10:26:32.187770-05:00,1221172-20613826603,59700.0,PEN,Soles,2026-06-09T00:00:00-05:00
ocds-dgv273-seacev3-1221116,ocds-dgv273-seacev3-1221116-2026-06-18T10:26:32.151265-05:00,1221116-10767315771,77500.0,PEN,Soles,2026-06-08T00:00:00-05:00
ocds-dgv273-seacev3-1220530,ocds-dgv273-seacev3-1220530-2026-06-18T10:26:31.886737-05:00,1220530-20613841530,46019.0,PEN,Soles,2026-06-09T00:00:00-05:00
ocds-dgv273-seacev3-2026-251427-5,ocds-dgv273-seacev3-2026-251427-5-2026-06-18T10:26:19.848144-05:00,1221804-20516587360,49502.0,PEN,Soles,2026-06-15T00:00:00-05:00
ocds-dgv273-seacev3-1221527,ocds-dgv273-seacev3-1221527-2026-06-18T10:26:18.822664-05:00,1221527-1798112,84946.54,PEN,Soles,2026-06-03T00:00:00-05:00
ocds-dgv273-seacev3-1218273,ocds-dgv273-seacev3-1218273-2026-06-18T10:26:16.798153-05:00,1218273-10447751751,34000.0,PEN,Nuevos Soles,2026-06-16T00:00:00-05:00
ocds-dgv273-seacev3-1225077,ocds-dgv273-seacev3-1225077-2026-06-18T10:26:14.591239-05:00,1225077-20137015987,1190481.8,PEN,Soles,2026-06-16T00:00:00-05:00
ocds-dgv273-seacev3-1222443,ocds-dgv273-seacev3-1222443-2026-06-18T10:26:07.001762-05:00,1222443-20607882356,123417.6,PEN,Soles,2026-06-16T00:00:00-05:00
ocds-dgv273-seacev3-1222225,ocds-dgv273-seacev3-1222225-2026-06-18T10:26:04.661004-05:00,1222225-20610306315,51900.0,PEN,Soles,2026-06-16T00:00:00-05:00
ocds-dgv273-seacev3-1224935,ocds-dgv273-seacev3-1224935-2026-06-18T10:26:02.710412-05:00,1224935-20486368617,77400.0,PEN,Soles,2026-06-15T00:00:00-05:00
ocds-dgv273-seacev3-1221428,ocds-dgv273-seacev3-1221428-2026-06-18T10:26:00.853597-05:00,1221428-20605374043,75977.0,PEN,Soles,2026-06-08T00:00:00-05:00
ocds-dgv273-seacev3-1223122,ocds-dgv273-seacev3-1223122-2026-06-18T10:25:55.124717-05:00,1223122-20613297694,61150.0,PEN,Soles,2026-06-10T00:00:00-05:00
ocds-dgv273-seacev3-1225418,ocds-dgv273-seacev3-1225418-2026-06-18T10:25:55.087012-05:00,1225418-20608171704,93000.0,PEN,Soles,2026-06-16T00:00:00-05:00
ocds-dgv273-seacev3-1221029,ocds-dgv273-seacev3-1221029-2026-06-18T10:25:53.936732-05:00,1221029-20607612120,51700.0,PEN,Soles,2026-06-08T00:00:00-05:00
ocds-dgv273-seacev3-1224678,ocds-dgv273-seacev3-1224678-2026-06-18T10:25:53.678082-05:00,1224678-20612033014,649800.0,PEN,Soles,2026-06-11T00:00:00-05:00
ocds-dgv273-seacev3-1222360,ocds-dgv273-seacev3-1222360-2026-06-18T10:25:42.880886-05:00,1222360-20501887286,34301160.0,PEN,Soles,2026-06-16T00:00:00-05:00
ocds-dgv273-seacev3-1222435,ocds-dgv273-seacev3-1222435-2026-06-18T10:25:33.605417-05:00,1222435-20262996329,289000.0,PEN,Soles,2026-06-16T00:00:00-05:00
ocds-dgv273-seacev3-2026-251427-4,ocds-dgv273-seacev3-2026-251427-4-2026-06-18T10:25:31.340532-05:00,1221625-20516587360,46529.93,PEN,Soles,2026-06-15T00:00:00-05:00
ocds-dgv273-seacev3-1220336,ocds-dgv273-seacev3-1220336-2026-06-18T10:25:28.460847-05:00,1220336-10457343847,180000.0,PEN,Soles,2026-06-15T00:00:00-05:00
ocds-dgv273-seacev3-1224549,ocds-dgv273-seacev3-1224549-2026-06-18T10:25:21.286530-05:00,1224549-20100028698,3854360.5,PEN,Soles,2026-06-16T00:00:00-05:00
ocds-dgv273-seacev3-1222106,ocds-dgv273-seacev3-1222106-2026-06-18T10:25:19.668249-05:00,1222106-20601673003,324000.0,PEN,Soles,2026-06-16T00:00:00-05:00
ocds-dgv273-seacev3-1222172,ocds-dgv273-seacev3-1222172-2026-06-18T10:25:18.103198-05:00,1222172-20610306315,78900.0,PEN,Soles,2026-06-16T00:00:00-05:00
ocds-dgv273-seacev3-1225191,ocds-dgv273-seacev3-1225191-2026-06-17T10:34:11.959781-05:00,1225191-1802426,1383996.39,PEN,Soles,2026-06-15T00:00:00-05:00
ocds-dgv273-seacev3-1223415,ocds-dgv273-seacev3-1223415-2026-06-17T10:34:11.012660-05:00,1223415-20409357203,104575.44,PEN,Soles,2026-06-11T00:00:00-05:00
ocds-dgv273-seacev3-1221998,ocds-dgv273-seacev3-1221998-2026-06-17T10:34:10.137227-05:00,1221998-10415832601,6000.0,PEN,Soles,2026-06-12T00:00:00-05:00
ocds-dgv273-seacev3-1222000,ocds-dgv273-seacev3-1222000-2026-06-17T10:34:10.123087-05:00,1222000-10704625257,8000.0,PEN,Soles,2026-06-12T00:00:00-05:00
ocds-dgv273-seacev3-1225229,ocds-dgv273-seacev3-1225229-2026-06-17T10:34:09.731569-05:00,1225229-1802453,330140.66,PEN,Soles,2026-06-15T00:00:00-05:00
ocds-dgv273-seacev3-1221281,ocds-dgv273-seacev3-1221281-2026-06-17T10:34:08.829569-05:00,1221281-20602898521,55000.0,PEN,Soles,2026-06-05T00:00:00-05:00
ocds-dgv273-seacev3-1221324,ocds-dgv273-seacev3-1221324-2026-06-17T10:34:06.433386-05:00,1221324-10204375700,74360.0,PEN,Soles,2026-06-12T00:00:00-05:00
ocds-dgv273-seacev3-1222447,ocds-dgv273-seacev3-1222447-2026-06-17T10:34:06.313568-05:00,1222447-20603946643,82080.0,PEN,Soles,2026-06-10T00:00:00-05:00
ocds-dgv273-seacev3-1221367,ocds-dgv273-seacev3-1221367-2026-06-17T10:34:04.871772-05:00,1221367-20607817155,88800.0,PEN,Soles,2026-06-05T00:00:00-05:00
ocds-dgv273-seacev3-1223412,ocds-dgv273-seacev3-1223412-2026-06-17T10:33:57.636518-05:00,1223412-20610942548,53500.0,PEN,Soles,2026-06-11T00:00:00-05:00
ocds-dgv273-seacev3-1221923,ocds-dgv273-seacev3-1221923-2026-06-17T10:33:55.174167-05:00,1221923-10167328496,12000.0,PEN,Soles,2026-06-12T00:00:00-05:00
ocds-dgv273-seacev3-1223410,ocds-dgv273-seacev3-1223410-2026-06-17T10:33:53.736255-05:00,1223410-20409397256,135430.0,PEN,Soles,2026-06-11T00:00:00-05:00
ocds-dgv273-seacev3-1221049,ocds-dgv273-seacev3-1221049-2026-06-17T10:33:48.700469-05:00,1221049-20610988718,58012.5,PEN,Soles,2026-06-08T00:00:00-05:00
ocds-dgv273-seacev3-1224763,ocds-dgv273-seacev3-1224763-2026-06-17T10:33:48.071640-05:00,1224763-1801553,104924.75,PEN,Soles,2026-06-12T00:00:00-05:00
ocds-dgv273-seacev3-1223414,ocds-dgv273-seacev3-1223414-2026-06-17T10:33:46.674028-05:00,1223414-20612802395,481932.0,PEN,Soles,2026-06-11T00:00:00-05:00
ocds-dgv273-seacev3-1221938,ocds-dgv273-seacev3-1221938-2026-06-17T10:33:42.751469-05:00,1221938-10720960210,18000.0,PEN,Soles,2026-06-12T00:00:00-05:00
ocds-dgv273-seacev3-1222033,ocds-dgv273-seacev3-1222033-2026-06-17T10:33:42.003289-05:00,1222033-10426928804,30000.0,PEN,Soles,2026-06-12T00:00:00-05:00
ocds-dgv273-seacev3-1221891,ocds-dgv273-seacev3-1221891-2026-06-17T10:33:35.978783-05:00,1221891-10704649881,24000.0,PEN,Soles,2026-06-12T00:00:00-05:00
ocds-dgv273-seacev3-1221882,ocds-dgv273-seacev3-1221882-2026-06-17T10:33:35.778984-05:00,1221882-10427930853,16000.0,PEN,Soles,2026-06-12T00:00:00-05:00
ocds-dgv273-seacev3-1225125,ocds-dgv273-seacev3-1225125-2026-06-17T10:33:35.139902-05:00,1225125-20520533070,52887.6,PEN,Soles,2026-06-15T00:00:00-05:00
ocds-dgv273-seacev3-1221389,ocds-dgv273-seacev3-1221389-2026-06-17T10:33:33.221223-05:00,1221389-1797623,934069.32,PEN,Soles,2026-06-03T00:00:00-05:00
ocds-dgv273-seacev3-1224428,ocds-dgv273-seacev3-1224428-2026-06-17T10:33:33.174981-05:00,1224428-20263368992,789375.0,PEN,Soles,2026-06-15T00:00:00-05:00
ocds-dgv273-seacev3-1222027,ocds-dgv273-seacev3-1222027-2026-06-17T10:33:25.640289-05:00,1222027-10091420924,24000.0,PEN,Soles,2026-06-12T00:00:00-05:00
ocds-dgv273-seacev3-1222023,ocds-dgv273-seacev3-1222023-2026-06-17T10:33:25.336080-05:00,1222023-10444760864,18000.0,PEN,Soles,2026-06-12T00:00:00-05:00
ocds-dgv273-seacev3-1223439,ocds-dgv273-seacev3-1223439-2026-06-17T10:33:24.159654-05:00,1223439-20526291957,196792.0,PEN,Soles,2026-06-11T00:00:00-05:00
ocds-dgv273-seacev3-1221909,ocds-dgv273-seacev3-1221909-2026-06-17T10:33:23.370339-05:00,1221909-10458246322,12000.0,PEN,Soles,2026-06-12T00:00:00-05:00
ocds-dgv273-seacev3-1222217,ocds-dgv273-seacev3-1222217-2026-06-17T10:33:23.044582-05:00,1222217-20609495627,106931.2,PEN,Soles,2026-06-15T00:00:00-05:00
ocds-dgv273-seacev3-1221973,ocds-dgv273-seacev3-1221973-2026-06-17T10:33:13.778575-05:00,1221973-10456132371,12000.0,PEN,Soles,2026-06-12T00:00:00-05:00
ocds-dgv273-seacev3-1216796,ocds-dgv273-seacev3-1216796-2026-06-17T10:33:10.712587-05:00,1216796-20605909192,67680.0,PEN,Soles,2026-06-05T00:00:00-05:00
ocds-dgv273-seacev3-1221967,ocds-dgv273-seacev3-1221967-2026-06-17T10:33:01.778479-05:00,1221967-1802027,130500.0,PEN,Soles,2026-06-15T00:00:00-05:00
ocds-dgv273-seacev3-1223431,ocds-dgv273-seacev3-1223431-2026-06-17T10:33:01.053067-05:00,1223431-20409266747,434554.58,PEN,Soles,2026-06-11T00:00:00-05:00
ocds-dgv273-seacev3-1222862,ocds-dgv273-seacev3-1222862-2026-06-17T10:33:00.910741-05:00,1222862-20601378371,147915.0,PEN,Soles,2026-06-09T00:00:00-05:00
ocds-dgv273-seacev3-1222046,ocds-dgv273-seacev3-1222046-2026-06-17T10:33:00.239301-05:00,1222046-10432514680,16000.0,PEN,Soles,2026-06-12T00:00:00-05:00
ocds-dgv273-seacev3-1225328,ocds-dgv273-seacev3-1225328-2026-06-17T10:32:57.795289-05:00,1225328-1802296,737050.35,PEN,Soles,2026-06-15T00:00:00-05:00
ocds-dgv273-seacev3-1225097,ocds-dgv273-seacev3-1225097-2026-06-17T10:32:57.529129-05:00,1225097-10450152841,114750.0,PEN,Soles,2026-06-12T00:00:00-05:00
ocds-dgv273-seacev3-1223197,ocds-dgv273-seacev3-1223197-2026-06-14T10:13:34.960561-05:00,1223197-10403437927,12000.0,PEN,Soles,2026-06-12T00:00:00-05:00
ocds-dgv273-seacev3-1222829,ocds-dgv273-seacev3-1222829-2026-06-14T10:13:34.869167-05:00,1222829-10730202712,16000.0,PEN,Soles,2026-06-12T00:00:00-05:00
ocds-dgv273-seacev3-1222809,ocds-dgv273-seacev3-1222809-2026-06-14T10:13:34.844740-05:00,1222809-10098034841,20000.0,PEN,Soles,2026-06-12T00:00:00-05:00
ocds-dgv273-seacev3-1221968,ocds-dgv273-seacev3-1221968-2026-06-14T10:13:34.498430-05:00,1221968-1797996,56624.53,PEN,Soles,2026-06-03T00:00:00-05:00
ocds-dgv273-seacev3-1221762,ocds-dgv273-seacev3-1221762-2026-06-14T10:13:34.435959-05:00,1221762-20608742060,96202.5,PEN,Soles,2026-06-10T00:00:00-05:00
ocds-dgv273-seacev3-1223675,ocds-dgv273-seacev3-1223675-2026-06-14T10:13:29.313682-05:00,1223675-10726786530,8000.0,PEN,Soles,2026-06-12T00:00:00-05:00
ocds-dgv273-seacev3-1223086,ocds-dgv273-seacev3-1223086-2026-06-14T10:13:25.524441-05:00,1223086-L0000003168,98290.0,USD,Dólar Norteamericano,2026-06-09T00:00:00-05:00
ocds-dgv273-seacev3-1222072,ocds-dgv273-seacev3-1222072-2026-06-14T10:13:24.412396-05:00,1222072-20601001978,104998.31,PEN,Soles,2026-06-05T00:00:00-05:00
ocds-dgv273-seacev3-1223200,ocds-dgv273-seacev3-1223200-2026-06-14T10:13:23.643225-05:00,1223200-10715899235,12000.0,PEN,Soles,2026-06-12T00:00:00-05:00
ocds-dgv273-seacev3-1221190,ocds-dgv273-seacev3-1221190-2026-06-14T10:13:18.526385-05:00,1221190-20557047752,64850.0,PEN,Soles,2026-06-05T00:00:00-05:00
ocds-dgv273-seacev3-1224475,ocds-dgv273-seacev3-1224475-2026-06-14T10:13:17.592389-05:00,1224475-20601570972,6872202.76,PEN,Soles,2026-06-12T00:00:00-05:00
ocds-dgv273-seacev3-1221100,ocds-dgv273-seacev3-1221100-2026-06-14T10:13:17.552800-05:00,1221100-20604662657,96900.0,PEN,Soles,2026-06-12T00:00:00-05:00
ocds-dgv273-seacev3-1223465,ocds-dgv273-seacev3-1223465-2026-06-14T10:13:17.092221-05:00,1223465-20479790303,85010.0,PEN,Soles,2026-06-12T00:00:00-05:00
ocds-dgv273-seacev3-2026-2543-232,ocds-dgv273-seacev3-2026-2543-232-2026-06-14T10:13:15.814429-05:00,1224359-L9000032897,74748.96,PEN,Soles,2026-06-11T00:00:00-05:00
ocds-dgv273-seacev3-1222864,ocds-dgv273-seacev3-1222864-2026-06-14T10:13:14.600358-05:00,1222864-10754150322,8000.0,PEN,Soles,2026-06-12T00:00:00-05:00
ocds-dgv273-seacev3-1223192,ocds-dgv273-seacev3-1223192-2026-06-14T10:13:13.738364-05:00,1223192-10700698721,8000.0,PEN,Soles,2026-06-12T00:00:00-05:00
ocds-dgv273-seacev3-1222325,ocds-dgv273-seacev3-1222325-2026-06-14T10:13:08.826866-05:00,1222325-L9000032879,2040.0,USD,Dólar Norteamericano,2026-06-04T00:00:00-05:00
ocds-dgv273-seacev3-2026-1922-45,ocds-dgv273-seacev3-2026-1922-45-2026-06-14T10:13:07.875949-05:00,1225123-L9000032902,8825.28,USD,Dólar Norteamericano,2026-06-12T00:00:00-05:00
ocds-dgv273-seacev3-1223280,ocds-dgv273-seacev3-1223280-2026-06-14T10:13:07.622139-05:00,1223280-10481409301,12000.0,PEN,Soles,2026-06-12T00:00:00-05:00
ocds-dgv273-seacev3-1223673,ocds-dgv273-seacev3-1223673-2026-06-14T10:13:06.307735-05:00,1223673-10442041658,24000.0,PEN,Soles,2026-06-12T00:00:00-05:00
ocds-dgv273-seacev3-1224568,ocds-dgv273-seacev3-1224568-2026-06-14T10:13:05.264753-05:00,1224568-10459085641,16000.0,PEN,Soles,2026-06-12T00:00:00-05:00
ocds-dgv273-seacev3-1224779,ocds-dgv273-seacev3-1224779-2026-06-14T10:12:58.548423-05:00,1224779-20608077163,427550.0,PEN,Soles,2026-06-12T00:00:00-05:00
ocds-dgv273-seacev3-1222860,ocds-dgv273-seacev3-1222860-2026-06-14T10:12:57.528997-05:00,1222860-10462924670,16000.0,PEN,Soles,2026-06-12T00:00:00-05:00
ocds-dgv273-seacev3-1222489,ocds-dgv273-seacev3-1222489-2026-06-14T10:12:57.010288-05:00,1222489-10433825859,106854.0,PEN,Soles,2026-06-08T00:00:00-05:00
ocds-dgv273-seacev3-1224564,ocds-dgv273-seacev3-1224564-2026-06-14T10:12:54.996024-05:00,1224564-10436943640,12000.0,PEN,Soles,2026-06-12T00:00:00-05:00
ocds-dgv273-seacev3-1223853,ocds-dgv273-seacev3-1223853-2026-06-14T10:12:54.475105-05:00,1223853-1801502,1390000.0,PEN,Nuevos Soles,2026-06-12T00:00:00-05:00
ocds-dgv273-seacev3-1224148,ocds-dgv273-seacev3-1224148-2026-06-13T10:20:46.284342-05:00,1224148-L0000004405,3500.0,USD,Dólar Norteamericano,2026-06-10T00:00:00-05:00
ocds-dgv273-seacev3-1222587,ocds-dgv273-seacev3-1222587-2026-06-13T10:20:38.681003-05:00,1222587-L9000032880,7200.0,PEN,Soles,2026-06-04T00:00:00-05:00
ocds-dgv273-seacev3-1222787,ocds-dgv273-seacev3-1222787-2026-06-13T10:20:28.039781-05:00,1222787-L9000032882,5008.5,USD,Dólar Norteamericano,2026-06-05T00:00:00-05:00
ocds-dgv273-seacev3-1222007,ocds-dgv273-seacev3-1222007-2026-06-13T10:20:19.204214-05:00,1222007-20610643711,273000.0,PEN,Soles,2026-06-05T00:00:00-05:00
ocds-dgv273-seacev3-1222271,ocds-dgv273-seacev3-1222271-2026-06-13T10:20:18.310555-05:00,1222271-L0609014395,6936.0,USD,Dólar Norteamericano,2026-06-04T00:00:00-05:00
ocds-dgv273-seacev3-1223868,ocds-dgv273-seacev3-1223868-2026-06-13T10:20:16.264396-05:00,1223868-10439657150,170000.0,PEN,Soles,2026-06-09T00:00:00-05:00
ocds-dgv273-seacev3-1221556,ocds-dgv273-seacev3-1221556-2026-06-13T10:19:57.914743-05:00,1221556-20608557190,136439.1,PEN,Soles,2026-06-11T00:00:00-05:00
ocds-dgv273-seacev3-1221211,ocds-dgv273-seacev3-1221211-2026-06-13T10:19:47.273651-05:00,1221211-L9000032855,33000.0,USD,Dólar Norteamericano,2026-06-01T00:00:00-05:00
ocds-dgv273-seacev3-1223004,ocds-dgv273-seacev3-1223004-2026-06-12T10:33:17.636782-05:00,1223004-10104289512,120000.0,PEN,Soles,2026-06-10T00:00:00-05:00
ocds-dgv273-seacev3-1221555,ocds-dgv273-seacev3-1221555-2026-06-12T10:33:16.533908-05:00,1221555-20610643711,70250.89,PEN,Soles,2026-06-05T00:00:00-05:00
ocds-dgv273-seacev3-1223740,ocds-dgv273-seacev3-1223740-2026-06-12T10:33:13.478982-05:00,1223740-20601321875,912800.0,PEN,Soles,2026-06-10T00:00:00-05:00
ocds-dgv273-seacev3-1221629,ocds-dgv273-seacev3-1221629-2026-06-12T10:33:02.756738-05:00,1221629-20505110651,81700.0,PEN,Soles,2026-06-10T00:00:00-05:00
ocds-dgv273-seacev3-1222390,ocds-dgv273-seacev3-1222390-2026-06-12T10:32:39.198814-05:00,1222390-L0000000979,53000.0,USD,Dólar Norteamericano,2026-06-04T00:00:00-05:00
ocds-dgv273-seacev3-1224004,ocds-dgv273-seacev3-1224004-2026-06-12T10:32:38.163421-05:00,1224004-20520763407,157584.0,PEN,Soles,2026-06-10T00:00:00-05:00
ocds-dgv273-seacev3-1222690,ocds-dgv273-seacev3-1222690-2026-06-12T10:32:37.657221-05:00,1222690-L0606465390,38600.0,EUR,Euro,2026-06-05T00:00:00-05:00
ocds-dgv273-seacev3-1222349,ocds-dgv273-seacev3-1222349-2026-06-12T10:32:36.511876-05:00,1222349-L9000032876,3776.0,USD,Dólar Norteamericano,2026-06-04T00:00:00-05:00
ocds-dgv273-seacev3-1222256,ocds-dgv273-seacev3-1222256-2026-06-12T10:32:26.860206-05:00,1222256-L0000003645,15598.0,USD,Dólar Norteamericano,2026-06-03T00:00:00-05:00
ocds-dgv273-seacev3-1222973,ocds-dgv273-seacev3-1222973-2026-06-12T10:32:11.268902-05:00,1222973-10028716911,144000.0,PEN,Soles,2026-06-10T00:00:00-05:00
ocds-dgv273-seacev3-1221416,ocds-dgv273-seacev3-1221416-2026-06-12T10:32:04.416292-05:00,1221416-L9000032875,8850.0,USD,Dólar Norteamericano,2026-06-08T00:00:00-05:00
ocds-dgv273-seacev3-1221571,ocds-dgv273-seacev3-1221571-2026-06-11T10:26:31.421678-05:00,1221571-20601379946,163500.8,PEN,Soles,2026-06-02T00:00:00-05:00
ocds-dgv273-seacev3-1222310,ocds-dgv273-seacev3-1222310-2026-06-11T10:26:25.436028-05:00,1222310-L9000032886,782.49,USD,Dólar Norteamericano,2026-06-08T00:00:00-05:00
ocds-dgv273-seacev3-1222316,ocds-dgv273-seacev3-1222316-2026-06-11T10:26:25.012144-05:00,1222316-L0606465534,15000.0,USD,Dólar Norteamericano,2026-06-04T00:00:00-05:00
ocds-dgv273-seacev3-1222016,ocds-dgv273-seacev3-1222016-2026-06-11T10:26:23.787997-05:00,1222016-20494633834,8293278.0,PEN,Soles,2026-06-04T00:00:00-05:00
ocds-dgv273-seacev3-1222512,ocds-dgv273-seacev3-1222512-2026-06-11T10:26:21.185339-05:00,1222512-1799065,226999.0,PEN,Soles,2026-06-08T00:00:00-05:00
ocds-dgv273-seacev3-1222678,ocds-dgv273-seacev3-1222678-2026-06-11T10:26:21.159763-05:00,1222678-20120507126,2613156.0,PEN,Soles,2026-06-09T00:00:00-05:00
ocds-dgv273-seacev3-1221284,ocds-dgv273-seacev3-1221284-2026-06-11T10:26:13.801304-05:00,1221284-20569254222,209317.44,PEN,Soles,2026-06-04T00:00:00-05:00
ocds-dgv273-seacev3-1222333,ocds-dgv273-seacev3-1222333-2026-06-11T10:26:00.962993-05:00,1222333-L0603769486,22730.97,USD,Dólar Norteamericano,2026-06-04T00:00:00-05:00
ocds-dgv273-seacev3-1222367,ocds-dgv273-seacev3-1222367-2026-06-11T10:26:00.491617-05:00,1222367-L0000005736,11463.55,USD,Dólar Norteamericano,2026-06-04T00:00:00-05:00
ocds-dgv273-seacev3-2026-13-28,ocds-dgv273-seacev3-2026-13-28-2026-06-11T10:25:50.599989-05:00,1222054-L1042548785,72275.0,GBP,Libra Esterlina,2026-06-03T00:00:00-05:00
ocds-dgv273-seacev3-1221964,ocds-dgv273-seacev3-1221964-2026-06-11T10:25:46.678482-05:00,1221964-20607483907,99999.9,PEN,Nuevos Soles,2026-06-08T00:00:00-05:00
ocds-dgv273-seacev3-1222529,ocds-dgv273-seacev3-1222529-2026-06-11T10:25:39.762854-05:00,1222529-L9000032881,7700.0,PEN,Soles,2026-06-08T00:00:00-05:00
ocds-dgv273-seacev3-1222331,ocds-dgv273-seacev3-1222331-2026-06-11T10:25:28.103761-05:00,1222331-L0606465534,16482.93,USD,Dólar Norteamericano,2026-06-04T00:00:00-05:00
ocds-dgv273-seacev3-1223116,ocds-dgv273-seacev3-1223116-2026-06-11T10:25:26.327306-05:00,1223116-L9000032889,8428.57,USD,Dólar Norteamericano,2026-06-08T00:00:00-05:00
ocds-dgv273-seacev3-1223137,ocds-dgv273-seacev3-1223137-2026-06-11T10:25:11.803036-05:00,1223137-L9000032890,5.0,PEN,Soles,2026-06-08T00:00:00-05:00
ocds-dgv273-seacev3-1221274,ocds-dgv273-seacev3-1221274-2026-06-10T10:33:23.212696-05:00,1221274-20501887286,139405.0,PEN,Soles,2026-06-03T00:00:00-05:00
ocds-dgv273-seacev3-1223178,ocds-dgv273-seacev3-1223178-2026-06-10T10:32:58.010264-05:00,1223178-1799596,16337812.7,PEN,Nuevos Soles,2026-06-08T00:00:00-05:00
ocds-dgv273-seacev3-2026-200363-165,ocds-dgv273-seacev3-2026-200363-165-2026-06-10T10:32:57.995102-05:00,1222943-L9000032884,5061600.0,PEN,Soles,2026-06-05T00:00:00-05:00
ocds-dgv273-seacev3-1222326,ocds-dgv273-seacev3-1222326-2026-06-10T10:32:35.961747-05:00,1222326-10224204324,66000.0,PEN,Soles,2026-06-08T00:00:00-05:00
ocds-dgv273-seacev3-1221482,ocds-dgv273-seacev3-1221482-2026-06-10T10:32:23.877846-05:00,1221482-20610405411,49878.0,PEN,Soles,2026-06-05T00:00:00-05:00
ocds-dgv273-seacev3-1222763,ocds-dgv273-seacev3-1222763-2026-06-10T10:32:21.352347-05:00,1222763-20100050359,399545.64,PEN,Nuevos Soles,2026-06-05T00:00:00-05:00
ocds-dgv273-seacev3-1222850,ocds-dgv273-seacev3-1222850-2026-06-07T10:10:55.214622-05:00,1222850-L9000032883,43800.0,PEN,Soles,2026-06-05T00:00:00-05:00
ocds-dgv273-seacev3-2026-1947-61,ocds-dgv273-seacev3-2026-1947-61-2026-06-07T10:10:52.833491-05:00,1221987-L0000005107,19800.0,USD,Dólar Norteamericano,2026-06-03T00:00:00-05:00
ocds-dgv273-seacev3-1222710,ocds-dgv273-seacev3-1222710-2026-06-07T10:10:48.133022-05:00,1222710-20526651244,155760.0,PEN,Soles,2026-06-05T00:00:00-05:00
ocds-dgv273-seacev3-1222124,ocds-dgv273-seacev3-1222124-2026-06-07T10:10:19.406235-05:00,1222124-20600508742,99000.0,PEN,Soles,2026-06-05T00:00:00-05:00
ocds-dgv273-seacev3-1222479,ocds-dgv273-seacev3-1222479-2026-06-07T10:10:17.898143-05:00,1222479-20100123411,42855.59,USD,Dólar Norteamericano,2026-06-05T00:00:00-05:00
ocds-dgv273-seacev3-1222399,ocds-dgv273-seacev3-1222399-2026-06-06T10:21:33.450608-05:00,1222399-20549503579,1330849.63,PEN,Soles,2026-06-04T00:00:00-05:00
ocds-dgv273-seacev3-1221286,ocds-dgv273-seacev3-1221286-2026-06-06T10:21:09.411684-05:00,1221286-20605755501,207120.0,PEN,Soles,2026-06-01T00:00:00-05:00
ocds-dgv273-seacev3-1222329,ocds-dgv273-seacev3-1222329-2026-06-06T10:21:06.339536-05:00,1222329-20554329706,315729.66,USD,Dólar Norteamericano,2026-06-04T00:00:00-05:00
ocds-dgv273-seacev3-1222005,ocds-dgv273-seacev3-1222005-2026-06-06T10:20:58.883406-05:00,1222005-20429350264,2457640.69,PEN,Soles,2026-06-04T00:00:00-05:00
ocds-dgv273-seacev3-1221152,ocds-dgv273-seacev3-1221152-2026-06-05T10:31:03.175686-05:00,1221152-10440156831,12000.0,PEN,Soles,2026-06-03T00:00:00-05:00
ocds-dgv273-seacev3-1221061,ocds-dgv273-seacev3-1221061-2026-06-05T10:31:01.929930-05:00,1221061-10703153378,30000.0,PEN,Soles,2026-06-03T00:00:00-05:00
ocds-dgv273-seacev3-1221088,ocds-dgv273-seacev3-1221088-2026-06-05T10:31:00.158172-05:00,1221088-10103051075,30000.0,PEN,Soles,2026-06-03T00:00:00-05:00
ocds-dgv273-seacev3-2026-1947-147,ocds-dgv273-seacev3-2026-1947-147-2026-06-05T10:30:58.712246-05:00,1222053-L0606465503,13850.0,USD,Dólar Norteamericano,2026-06-03T00:00:00-05:00
ocds-dgv273-seacev3-1221083,ocds-dgv273-seacev3-1221083-2026-06-05T10:30:58.041776-05:00,1221083-10419671024,30000.0,PEN,Soles,2026-06-03T00:00:00-05:00
ocds-dgv273-seacev3-1221852,ocds-dgv273-seacev3-1221852-2026-06-05T10:30:54.098239-05:00,1221852-20515274376,58025.96,USD,Dólar Norteamericano,2026-06-03T00:00:00-05:00
ocds-dgv273-seacev3-1221122,ocds-dgv273-seacev3-1221122-2026-06-05T10:30:40.857788-05:00,1221122-10714310025,16000.0,PEN,Soles,2026-06-03T00:00:00-05:00
ocds-dgv273-seacev3-1221077,ocds-dgv273-seacev3-1221077-2026-06-05T10:30:39.255097-05:00,1221077-10099465897,16000.0,PEN,Soles,2026-06-03T00:00:00-05:00
ocds-dgv273-seacev3-1221219,ocds-dgv273-seacev3-1221219-2026-06-05T10:30:30.905676-05:00,1221219-10716248807,12000.0,PEN,Soles,2026-06-03T00:00:00-05:00
ocds-dgv273-seacev3-1221929,ocds-dgv273-seacev3-1221929-2026-06-05T10:30:28.896366-05:00,1221929-20467305931,165834.84,USD,Dólar Norteamericano,2026-06-03T00:00:00-05:00
ocds-dgv273-seacev3-2026-1947-148,ocds-dgv273-seacev3-2026-1947-148-2026-06-05T10:30:17.897425-05:00,1222086-L0603769486,19700.0,USD,Dólar Norteamericano,2026-06-03T00:00:00-05:00
ocds-dgv273-seacev3-1221194,ocds-dgv273-seacev3-1221194-2026-06-05T10:30:07.655300-05:00,1221194-10467107041,12000.0,PEN,Soles,2026-06-03T00:00:00-05:00
ocds-dgv273-seacev3-1221126,ocds-dgv273-seacev3-1221126-2026-06-05T10:30:06.630092-05:00,1221126-10454664324,30000.0,PEN,Soles,2026-06-03T00:00:00-05:00
ocds-dgv273-seacev3-1221097,ocds-dgv273-seacev3-1221097-2026-06-05T10:30:05.793472-05:00,1221097-10753959268,18000.0,PEN,Soles,2026-06-03T00:00:00-05:00
ocds-dgv273-seacev3-1221146,ocds-dgv273-seacev3-1221146-2026-06-05T10:30:05.376086-05:00,1221146-10419314761,16000.0,PEN,Soles,2026-06-03T00:00:00-05:00
ocds-dgv273-seacev3-1221090,ocds-dgv273-seacev3-1221090-2026-06-05T10:30:05.271807-05:00,1221090-10476328387,24000.0,PEN,Soles,2026-06-03T00:00:00-05:00
ocds-dgv273-seacev3-1221951,ocds-dgv273-seacev3-1221951-2026-06-05T10:29:59.213402-05:00,1221951-20259880603,865055.68,USD,Dólar Norteamericano,2026-06-03T00:00:00-05:00
ocds-dgv273-seacev3-1221059,ocds-dgv273-seacev3-1221059-2026-06-05T10:29:44.950552-05:00,1221059-10406679328,24000.0,PEN,Soles,2026-06-03T00:00:00-05:00
ocds-dgv273-seacev3-1221174,ocds-dgv273-seacev3-1221174-2026-06-05T10:29:43.009385-05:00,1221174-10475661325,16000.0,PEN,Soles,2026-06-03T00:00:00-05:00
