ocid,compiledRelease/id,compiledRelease/awards/0/id,compiledRelease/awards/0/value/amount,compiledRelease/awards/0/value/currency,compiledRelease/awards/0/value/currencyName,compiledRelease/awards/0/date
ocds-dgv273-seacev3-1251159,ocds-dgv273-seacev3-1251159-2026-09-18T10:23:24.489217-05:00,1251159-20539765061,490000.0,PEN,Soles,2026-09-17T00:00:00-05:00
ocds-dgv273-seacev3-1246642,ocds-dgv273-seacev3-1246642-2026-09-18T10:23:24.218374-05:00,1246642-20415955821,101750.0,PEN,Soles,2026-09-02T00:00:00-05:00
ocds-dgv273-seacev3-1243382,ocds-dgv273-seacev3-1243382-2026-09-18T10:23:24.196821-05:00,1243382-20615763889,77950.0,PEN,Soles,2026-08-27T00:00:00-05:00
ocds-dgv273-seacev3-1246804,ocds-dgv273-seacev3-1246804-2026-09-18T10:23:24.173978-05:00,1246804-1831770,6893593.39,PEN,Soles,2026-09-16T00:00:00-05:00
ocds-dgv273-seacev3-2026-10182-11,ocds-dgv273-seacev3-2026-10182-11-2026-09-18T10:23:24.143456-05:00,1242703-20603145870,177000.0,PEN,Soles,2026-09-09T00:00:00-05:00
ocds-dgv273-seacev3-2026-1921-69,ocds-dgv273-seacev3-2026-1921-69-2026-09-18T10:23:24.130387-05:00,1238553-20106636011,775850.0,PEN,Soles,2026-09-16T00:00:00-05:00
ocds-dgv273-seacev3-1244062,ocds-dgv273-seacev3-1244062-2026-09-18T10:23:23.985206-05:00,1244062-20601148235,242250.0,PEN,Soles,2026-09-08T00:00:00-05:00
ocds-dgv273-seacev3-1244958,ocds-dgv273-seacev3-1244958-2026-09-18T10:23:23.934066-05:00,1244958-10329640553,84360.0,PEN,Soles,2026-09-01T00:00:00-05:00
ocds-dgv273-seacev3-1238475,ocds-dgv273-seacev3-1238475-2026-09-18T10:23:23.891163-05:00,1238475-20606223553,122514.4,PEN,Soles,2026-08-25T00:00:00-05:00
ocds-dgv273-seacev3-1241594,ocds-dgv273-seacev3-1241594-2026-09-18T10:23:23.812186-05:00,1241594-20607123145,159750.0,PEN,Soles,2026-08-26T00:00:00-05:00
ocds-dgv273-seacev3-1241618,ocds-dgv273-seacev3-1241618-2026-09-18T10:23:23.680645-05:00,1241618-20604475059,49499.0,PEN,Soles,2026-09-08T00:00:00-05:00
ocds-dgv273-seacev3-1244772,ocds-dgv273-seacev3-1244772-2026-09-18T10:23:23.629091-05:00,1244772-20109709116,199000.0,PEN,Soles,2026-09-09T00:00:00-05:00
ocds-dgv273-seacev3-1246180,ocds-dgv273-seacev3-1246180-2026-09-18T10:23:23.559385-05:00,1246180-1830575,106694.03,PEN,Soles,2026-09-11T00:00:00-05:00
ocds-dgv273-seacev3-1244710,ocds-dgv273-seacev3-1244710-2026-09-18T10:23:23.478253-05:00,1244710-1830348,1413547.1,PEN,Soles,2026-09-16T00:00:00-05:00
ocds-dgv273-seacev3-1238071,ocds-dgv273-seacev3-1238071-2026-09-18T10:23:23.436315-05:00,1238071-20556580210,399359.13,PEN,Soles,2026-08-20T00:00:00-05:00
ocds-dgv273-seacev3-1238071,ocds-dgv273-seacev3-1238071-2026-09-18T10:23:23.436315-05:00,1238071-20117354793,196093.9,PEN,Soles,2026-08-20T00:00:00-05:00
ocds-dgv273-seacev3-1240193,ocds-dgv273-seacev3-1240193-2026-09-18T10:23:23.345758-05:00,1240193-1822669,395781.64,PEN,Soles,2026-08-24T00:00:00-05:00
ocds-dgv273-seacev3-1244427,ocds-dgv273-seacev3-1244427-2026-09-18T10:23:23.283273-05:00,1244427-10439657150,94980.8,PEN,Soles,2026-08-31T00:00:00-05:00
ocds-dgv273-seacev3-1243825,ocds-dgv273-seacev3-1243825-2026-09-18T10:23:23.189119-05:00,1243825-1827894,178135.23,PEN,Soles,2026-09-04T00:00:00-05:00
ocds-dgv273-seacev3-1243477,ocds-dgv273-seacev3-1243477-2026-09-18T10:23:23.040230-05:00,1243477-10437595157,102500.0,PEN,Soles,2026-09-02T00:00:00-05:00
ocds-dgv273-seacev3-1242340,ocds-dgv273-seacev3-1242340-2026-09-18T10:23:23.013014-05:00,1242340-20610870270,118990.0,PEN,Soles,2026-09-07T00:00:00-05:00
ocds-dgv273-seacev3-1250817,ocds-dgv273-seacev3-1250817-2026-09-18T10:23:22.502598-05:00,1250817-20600370805,138000.0,PEN,Soles,2026-09-16T00:00:00-05:00
ocds-dgv273-seacev3-1241570,ocds-dgv273-seacev3-1241570-2026-09-18T10:23:22.404738-05:00,1241570-20607007781,275000.0,PEN,Soles,2026-08-26T00:00:00-05:00
ocds-dgv273-seacev3-1242931,ocds-dgv273-seacev3-1242931-2026-09-18T10:23:22.328178-05:00,1242931-20490040952,155000.0,PEN,Soles,2026-08-31T16:36:13-05:00
ocds-dgv273-seacev3-2026-1336-4,ocds-dgv273-seacev3-2026-1336-4-2026-09-18T10:23:22.302821-05:00,1245090-20418896915,45900.0,PEN,Soles,2026-09-08T00:00:00-05:00
ocds-dgv273-seacev3-1239840,ocds-dgv273-seacev3-1239840-2026-09-18T10:23:22.287004-05:00,1239840-20604241341,170392.0,PEN,Soles,2026-09-02T00:00:00-05:00
ocds-dgv273-seacev3-1243859,ocds-dgv273-seacev3-1243859-2026-09-18T10:23:22.229185-05:00,1243859-20600533712,119500.0,PEN,Soles,2026-09-16T00:00:00-05:00
ocds-dgv273-seacev3-1245751,ocds-dgv273-seacev3-1245751-2026-09-18T10:23:22.173307-05:00,1245751-20564019624,121250.0,PEN,Soles,2026-09-17T00:00:00-05:00
ocds-dgv273-seacev3-1243282,ocds-dgv273-seacev3-1243282-2026-09-18T10:23:21.992263-05:00,1243282-20601556155,492550.7,PEN,Soles,2026-09-02T00:00:00-05:00
ocds-dgv273-seacev3-1250586,ocds-dgv273-seacev3-1250586-2026-09-18T10:23:21.960808-05:00,1250586-10106195671,36000.0,PEN,Soles,2026-09-16T00:00:00-05:00
ocds-dgv273-seacev3-1241123,ocds-dgv273-seacev3-1241123-2026-09-18T10:23:21.728864-05:00,1241123-20613527134,155250.0,PEN,Soles,2026-08-27T00:00:00-05:00
ocds-dgv273-seacev3-1239259,ocds-dgv273-seacev3-1239259-2026-09-18T10:23:21.686120-05:00,1239259-20609347377,239800.0,PEN,Soles,2026-09-16T00:00:00-05:00
ocds-dgv273-seacev3-1250261,ocds-dgv273-seacev3-1250261-2026-09-18T10:23:21.589011-05:00,1250261-10475490873,126342.39,PEN,Soles,2026-09-17T00:00:00-05:00
ocds-dgv273-seacev3-1243458,ocds-dgv273-seacev3-1243458-2026-09-18T10:23:21.520799-05:00,1243458-20463595004,40249.68,PEN,Soles,2026-09-09T00:00:00-05:00
ocds-dgv273-seacev3-1242453,ocds-dgv273-seacev3-1242453-2026-09-18T10:23:21.487500-05:00,1242453-20605995510,57960.0,PEN,Soles,2026-09-09T00:00:00-05:00
ocds-dgv273-seacev3-1241721,ocds-dgv273-seacev3-1241721-2026-09-18T10:23:21.470624-05:00,1241721-20600020634,218182.0,PEN,Soles,2026-08-28T00:00:00-05:00
ocds-dgv273-seacev3-2026-2543-685,ocds-dgv273-seacev3-2026-2543-685-2026-09-18T10:23:21.437825-05:00,1245963-20462793791,236990.4,PEN,Soles,2026-09-16T00:00:00-05:00
ocds-dgv273-seacev3-1245402,ocds-dgv273-seacev3-1245402-2026-09-18T10:23:21.398721-05:00,1245402-10251857470,56720.0,PEN,Soles,2026-09-08T00:00:00-05:00
ocds-dgv273-seacev3-1243724,ocds-dgv273-seacev3-1243724-2026-09-18T10:23:21.386641-05:00,1243724-20603365080,125634.6,PEN,Soles,2026-09-16T00:00:00-05:00
ocds-dgv273-seacev3-1242652,ocds-dgv273-seacev3-1242652-2026-09-18T10:23:21.313948-05:00,1242652-1826656,253592.61,PEN,Soles,2026-09-02T00:00:00-05:00
ocds-dgv273-seacev3-1238510,ocds-dgv273-seacev3-1238510-2026-09-18T10:23:21.288319-05:00,1238510-20538403378,100320.0,PEN,Soles,2026-08-19T00:00:00-05:00
ocds-dgv273-seacev3-1238510,ocds-dgv273-seacev3-1238510-2026-09-18T10:23:21.288319-05:00,1238510-20600907558,74400.0,PEN,Soles,2026-08-19T00:00:00-05:00
ocds-dgv273-seacev3-1242439,ocds-dgv273-seacev3-1242439-2026-09-18T10:23:21.113101-05:00,1242439-1826186,3198635.17,PEN,Soles,2026-09-04T00:00:00-05:00
ocds-dgv273-seacev3-2026-200191-4,ocds-dgv273-seacev3-2026-200191-4-2026-09-18T10:23:21.097248-05:00,1241806-10443351537,74000.0,PEN,Soles,2026-09-08T00:00:00-05:00
ocds-dgv273-seacev3-1245932,ocds-dgv273-seacev3-1245932-2026-09-18T10:23:21.069871-05:00,1245932-20607274810,131950.0,PEN,Soles,2026-09-17T00:00:00-05:00
ocds-dgv273-seacev3-1243659,ocds-dgv273-seacev3-1243659-2026-09-18T10:23:21.045218-05:00,1243659-20606723611,290000.0,PEN,Soles,2026-09-16T00:00:00-05:00
ocds-dgv273-seacev3-1243497,ocds-dgv273-seacev3-1243497-2026-09-18T10:23:21.025830-05:00,1243497-20534534494,360000.0,PEN,Soles,2026-09-17T00:00:00-05:00
ocds-dgv273-seacev3-1243334,ocds-dgv273-seacev3-1243334-2026-09-18T10:23:20.856597-05:00,1243334-20511037001,112634.34,PEN,Soles,2026-08-31T00:00:00-05:00
ocds-dgv273-seacev3-1243362,ocds-dgv273-seacev3-1243362-2026-09-18T10:23:20.842077-05:00,1243362-10472154988,70500.0,PEN,Soles,2026-08-31T00:00:00-05:00
ocds-dgv273-seacev3-1245694,ocds-dgv273-seacev3-1245694-2026-09-18T10:23:20.734665-05:00,1245694-1832365,1224600.73,PEN,Soles,2026-09-17T00:00:00-05:00
ocds-dgv273-seacev3-1245697,ocds-dgv273-seacev3-1245697-2026-09-18T10:23:20.719909-05:00,1245697-20608438751,199000.0,PEN,Soles,2026-09-17T00:00:00-05:00
ocds-dgv273-seacev3-1245213,ocds-dgv273-seacev3-1245213-2026-09-18T10:23:20.538571-05:00,1245213-1832685,70800.0,PEN,Soles,2026-09-17T00:00:00-05:00
ocds-dgv273-seacev3-1240907,ocds-dgv273-seacev3-1240907-2026-09-18T10:23:20.472363-05:00,1240907-20606748281,237000.0,PEN,Soles,2026-09-08T00:00:00-05:00
ocds-dgv273-seacev3-1239432,ocds-dgv273-seacev3-1239432-2026-09-18T10:23:20.457078-05:00,1239432-20573029764,2127150.0,PEN,Soles,2026-08-19T00:00:00-05:00
ocds-dgv273-seacev3-1249342,ocds-dgv273-seacev3-1249342-2026-09-18T10:23:20.421703-05:00,1249342-1831298,1095937.91,PEN,Soles,2026-09-10T00:00:00-05:00
ocds-dgv273-seacev3-1243465,ocds-dgv273-seacev3-1243465-2026-09-18T10:23:20.393125-05:00,1243465-10210146348,399000.0,PEN,Soles,2026-09-17T00:00:00-05:00
ocds-dgv273-seacev3-1243761,ocds-dgv273-seacev3-1243761-2026-09-18T10:23:20.338303-05:00,1243761-20603559968,72150.0,PEN,Soles,2026-09-03T00:00:00-05:00
ocds-dgv273-seacev3-1238958,ocds-dgv273-seacev3-1238958-2026-09-18T10:23:20.310993-05:00,1238958-20100057523,114984.0,PEN,Soles,2026-08-18T00:00:00-05:00
ocds-dgv273-seacev3-2026-200018-5,ocds-dgv273-seacev3-2026-200018-5-2026-09-18T10:23:20.286430-05:00,1238598-1829269,30896925.04,PEN,Soles,2026-09-16T00:00:00-05:00
ocds-dgv273-seacev3-1238072,ocds-dgv273-seacev3-1238072-2026-09-18T10:23:20.163049-05:00,1238072-20108629909,220000.0,PEN,Soles,2026-08-31T00:00:00-05:00
ocds-dgv273-seacev3-1244515,ocds-dgv273-seacev3-1244515-2026-09-18T10:23:20.149278-05:00,1244515-1828441,134500.0,PEN,Soles,2026-09-08T00:00:00-05:00
ocds-dgv273-seacev3-1244481,ocds-dgv273-seacev3-1244481-2026-09-18T10:23:20.099992-05:00,1244481-20390932864,78324.0,PEN,Soles,2026-09-07T00:00:00-05:00
ocds-dgv273-seacev3-1244962,ocds-dgv273-seacev3-1244962-2026-09-18T10:23:20.077305-05:00,1244962-20533020250,244224.0,PEN,Soles,2026-09-09T00:00:00-05:00
ocds-dgv273-seacev3-1243283,ocds-dgv273-seacev3-1243283-2026-09-18T10:23:20.062975-05:00,1243283-20601417449,79960.0,PEN,Soles,2026-08-31T00:00:00-05:00
ocds-dgv273-seacev3-1247472,ocds-dgv273-seacev3-1247472-2026-09-18T10:23:19.939926-05:00,1247472-20527332606,59826.0,PEN,Soles,2026-09-16T00:00:00-05:00
ocds-dgv273-seacev3-2026-10554-15,ocds-dgv273-seacev3-2026-10554-15-2026-09-18T10:23:19.890272-05:00,1238226-1829883,3040242.25,PEN,Soles,2026-09-16T00:00:00-05:00
ocds-dgv273-seacev3-1244444,ocds-dgv273-seacev3-1244444-2026-09-18T10:23:19.827853-05:00,1244444-20552452314,129780.0,PEN,Soles,2026-09-14T00:00:00-05:00
ocds-dgv273-seacev3-1243014,ocds-dgv273-seacev3-1243014-2026-09-18T10:23:19.799458-05:00,1243014-20611137347,139788.8,PEN,Soles,2026-09-08T00:00:00-05:00
ocds-dgv273-seacev3-1242055,ocds-dgv273-seacev3-1242055-2026-09-18T10:23:19.751587-05:00,1242055-20604202842,69458.0,PEN,Soles,2026-08-26T18:30:40-05:00
ocds-dgv273-seacev3-2026-243393-25,ocds-dgv273-seacev3-2026-243393-25-2026-09-18T10:23:19.737909-05:00,1240722-20603638558,98022.6,PEN,Soles,2026-09-09T00:00:00-05:00
ocds-dgv273-seacev3-1243172,ocds-dgv273-seacev3-1243172-2026-09-18T10:23:19.583099-05:00,1243172-1828964,300800.0,PEN,Soles,2026-09-10T00:00:00-05:00
ocds-dgv273-seacev3-1245599,ocds-dgv273-seacev3-1245599-2026-09-18T10:23:19.457358-05:00,1245599-20100144922,57221.46,PEN,Soles,2026-09-15T00:00:00-05:00
ocds-dgv273-seacev3-1239739,ocds-dgv273-seacev3-1239739-2026-09-18T10:23:19.325704-05:00,1239739-20534428384,112000.0,PEN,Soles,2026-09-01T00:00:00-05:00
ocds-dgv273-seacev3-1245553,ocds-dgv273-seacev3-1245553-2026-09-18T10:23:19.299480-05:00,1245553-1832093,1725607.0,PEN,Soles,2026-09-16T00:00:00-05:00
ocds-dgv273-seacev3-1243783,ocds-dgv273-seacev3-1243783-2026-09-18T10:23:19.216839-05:00,1243783-1831494,755597.0,PEN,Soles,2026-09-16T00:00:00-05:00
ocds-dgv273-seacev3-1238989,ocds-dgv273-seacev3-1238989-2026-09-18T10:23:19.201157-05:00,1238989-1832297,585150.0,PEN,Soles,2026-09-15T00:00:00-05:00
ocds-dgv273-seacev3-1241018,ocds-dgv273-seacev3-1241018-2026-09-18T10:23:19.187475-05:00,1241018-1832111,568496.14,PEN,Soles,2026-09-17T00:00:00-05:00
ocds-dgv273-seacev3-1244185,ocds-dgv273-seacev3-1244185-2026-09-18T10:23:19.039756-05:00,1244185-20548155810,56700.0,PEN,Soles,2026-09-09T00:00:00-05:00
ocds-dgv273-seacev3-2026-200029-48,ocds-dgv273-seacev3-2026-200029-48-2026-09-18T10:23:18.984351-05:00,1194948-20498418920,1198080.0,PEN,Soles,2026-04-30T00:00:00-05:00
ocds-dgv273-seacev3-1239051,ocds-dgv273-seacev3-1239051-2026-09-18T10:23:18.911694-05:00,1239051-20611540800,159564.0,PEN,Soles,2026-09-16T00:00:00-05:00
ocds-dgv273-seacev3-1244585,ocds-dgv273-seacev3-1244585-2026-09-18T10:23:18.890793-05:00,1244585-20614172488,79110.0,PEN,Soles,2026-09-03T00:00:00-05:00
ocds-dgv273-seacev3-1243844,ocds-dgv273-seacev3-1243844-2026-09-18T10:23:18.869986-05:00,1243844-20495883486,53800.0,PEN,Soles,2026-09-02T00:00:00-05:00
ocds-dgv273-seacev3-2026-30-9,ocds-dgv273-seacev3-2026-30-9-2026-09-18T10:23:18.795560-05:00,1242196-20510032684,301000.0,PEN,Soles,2026-09-16T00:00:00-05:00
ocds-dgv273-seacev3-1245381,ocds-dgv273-seacev3-1245381-2026-09-18T10:23:14.097078-05:00,1245381-20615367274,98000.0,PEN,Soles,2026-09-08T00:00:00-05:00
ocds-dgv273-seacev3-1241634,ocds-dgv273-seacev3-1241634-2026-09-18T10:23:14.029284-05:00,1241634-20606273275,54902.4,PEN,Soles,2026-08-28T00:00:00-05:00
ocds-dgv273-seacev3-1246159,ocds-dgv273-seacev3-1246159-2026-09-18T10:23:13.949501-05:00,1246159-1832359,207600.0,PEN,Soles,2026-09-17T00:00:00-05:00
ocds-dgv273-seacev3-1238760,ocds-dgv273-seacev3-1238760-2026-09-18T10:23:13.927896-05:00,1238760-20454700326,84000.0,PEN,Soles,2026-08-19T00:00:00-05:00
ocds-dgv273-seacev3-1241772,ocds-dgv273-seacev3-1241772-2026-09-18T10:23:13.860008-05:00,1241772-1826241,511661.64,PEN,Soles,2026-08-31T00:00:00-05:00
ocds-dgv273-seacev3-1248515,ocds-dgv273-seacev3-1248515-2026-09-18T10:23:13.813841-05:00,1248515-1831941,3006370.26,PEN,Soles,2026-09-16T00:00:00-05:00
ocds-dgv273-seacev3-1244507,ocds-dgv273-seacev3-1244507-2026-09-18T10:23:13.759101-05:00,1244507-20601607051,64539.0,PEN,Soles,2026-09-17T00:00:00-05:00
ocds-dgv273-seacev3-1240476,ocds-dgv273-seacev3-1240476-2026-09-18T10:23:13.737643-05:00,1240476-1822930,780000.0,PEN,Soles,2026-09-09T00:00:00-05:00
ocds-dgv273-seacev3-1238202,ocds-dgv273-seacev3-1238202-2026-09-18T10:23:13.721144-05:00,1238202-10725358496,381340.0,PEN,Soles,2026-09-16T00:00:00-05:00
ocds-dgv273-seacev3-1241599,ocds-dgv273-seacev3-1241599-2026-09-18T10:23:13.659934-05:00,1241599-20559644243,46900.0,PEN,Soles,2026-08-28T00:00:00-05:00
ocds-dgv273-seacev3-1244232,ocds-dgv273-seacev3-1244232-2026-09-18T10:23:13.600752-05:00,1244232-1830955,484000.0,PEN,Soles,2026-09-15T00:00:00-05:00
ocds-dgv273-seacev3-1243337,ocds-dgv273-seacev3-1243337-2026-09-18T10:23:13.455888-05:00,1243337-1827823,349804.0,PEN,Soles,2026-09-03T00:00:00-05:00
ocds-dgv273-seacev3-1246134,ocds-dgv273-seacev3-1246134-2026-09-18T10:23:13.414252-05:00,1246134-20607997587,69600.0,PEN,Soles,2026-09-04T00:00:00-05:00
ocds-dgv273-seacev3-2026-209149-9,ocds-dgv273-seacev3-2026-209149-9-2026-09-18T10:23:13.135929-05:00,1249116-10700652454,18000.0,PEN,Soles,2026-09-16T00:00:00-05:00
ocds-dgv273-seacev3-1242362,ocds-dgv273-seacev3-1242362-2026-09-18T10:23:13.081280-05:00,1242362-20134631661,205000.0,PEN,Soles,2026-09-03T00:00:00-05:00
ocds-dgv273-seacev3-1244973,ocds-dgv273-seacev3-1244973-2026-09-18T10:23:13.051730-05:00,1244973-20603871911,197751.66,PEN,Soles,2026-09-17T00:00:00-05:00
ocds-dgv273-seacev3-1242360,ocds-dgv273-seacev3-1242360-2026-09-18T10:23:12.904049-05:00,1242360-20479579319,62442.3,PEN,Soles,2026-09-09T00:00:00-05:00
ocds-dgv273-seacev3-1242303,ocds-dgv273-seacev3-1242303-2026-09-18T10:23:12.635299-05:00,1242303-20572246737,64012.5,PEN,Soles,2026-08-31T00:00:00-05:00
ocds-dgv273-seacev3-1239216,ocds-dgv273-seacev3-1239216-2026-09-18T10:23:12.617309-05:00,1239216-20608422499,161500.0,PEN,Soles,2026-09-17T00:00:00-05:00
ocds-dgv273-seacev3-1242515,ocds-dgv273-seacev3-1242515-2026-09-18T10:23:12.399026-05:00,1242515-1830497,178543.31,PEN,Soles,2026-09-17T00:00:00-05:00
ocds-dgv273-seacev3-1240766,ocds-dgv273-seacev3-1240766-2026-09-18T10:23:12.156072-05:00,1240766-20560102977,590000.0,PEN,Soles,2026-09-16T00:00:00-05:00
ocds-dgv273-seacev3-1242104,ocds-dgv273-seacev3-1242104-2026-09-18T10:23:12.136013-05:00,1242104-20615470709,92900.0,PEN,Soles,2026-09-08T00:00:00-05:00
ocds-dgv273-seacev3-1238862,ocds-dgv273-seacev3-1238862-2026-09-18T10:23:12.117918-05:00,1238862-10710403657,72780.0,PEN,Soles,2026-09-01T00:00:00-05:00
ocds-dgv273-seacev3-1238686,ocds-dgv273-seacev3-1238686-2026-09-18T10:23:12.022442-05:00,1238686-1822607,1720705.74,PEN,Soles,2026-08-21T00:00:00-05:00
ocds-dgv273-seacev3-1242266,ocds-dgv273-seacev3-1242266-2026-09-18T10:23:12.007666-05:00,1242266-20603333242,297960.0,PEN,Soles,2026-09-16T00:00:00-05:00
ocds-dgv273-seacev3-1245174,ocds-dgv273-seacev3-1245174-2026-09-18T10:23:11.335251-05:00,1245174-20527344019,474582.3,PEN,Soles,2026-09-09T00:00:00-05:00
ocds-dgv273-seacev3-1249186,ocds-dgv273-seacev3-1249186-2026-09-18T10:23:11.302397-05:00,1249186-10005061518,46800.0,PEN,Soles,2026-09-15T00:00:00-05:00
ocds-dgv273-seacev3-1243349,ocds-dgv273-seacev3-1243349-2026-09-18T10:23:11.198779-05:00,1243349-20511037001,84217.0,PEN,Soles,2026-08-31T00:00:00-05:00
ocds-dgv273-seacev3-1243459,ocds-dgv273-seacev3-1243459-2026-09-18T10:23:11.104693-05:00,1243459-1824985,1533501.5,PEN,Soles,2026-09-09T00:00:00-05:00
ocds-dgv273-seacev3-2026-200190-206,ocds-dgv273-seacev3-2026-200190-206-2026-09-18T10:23:11.090223-05:00,1237504-20253541505,220000.0,PEN,Soles,2026-09-17T00:00:00-05:00
ocds-dgv273-seacev3-1244719,ocds-dgv273-seacev3-1244719-2026-09-18T10:23:11.070308-05:00,1244719-20601176107,384000.0,PEN,Soles,2026-09-07T00:00:00-05:00
ocds-dgv273-seacev3-1240738,ocds-dgv273-seacev3-1240738-2026-09-18T10:23:10.981958-05:00,1240738-10407866644,51812.85,PEN,Soles,2026-09-16T00:00:00-05:00
ocds-dgv273-seacev3-1244285,ocds-dgv273-seacev3-1244285-2026-09-18T10:23:10.862770-05:00,1244285-20612907561,298851.0,PEN,Soles,2026-09-07T00:00:00-05:00
ocds-dgv273-seacev3-1242211,ocds-dgv273-seacev3-1242211-2026-09-18T10:23:10.847501-05:00,1242211-1828405,1236599.99,PEN,Soles,2026-09-09T00:00:00-05:00
ocds-dgv273-seacev3-2026-1302-3,ocds-dgv273-seacev3-2026-1302-3-2026-09-18T10:23:10.829642-05:00,1239443-1823635,1024460.28,PEN,Soles,2026-09-10T00:00:00-05:00
ocds-dgv273-seacev3-1240383,ocds-dgv273-seacev3-1240383-2026-09-18T10:23:10.761355-05:00,1240383-20526669534,139089.38,PEN,Soles,2026-09-10T00:00:00-05:00
ocds-dgv273-seacev3-1238140,ocds-dgv273-seacev3-1238140-2026-09-18T10:23:10.645950-05:00,1238140-20565534875,194940.0,PEN,Soles,2026-08-24T00:00:00-05:00
ocds-dgv273-seacev3-1242621,ocds-dgv273-seacev3-1242621-2026-09-18T10:23:10.468581-05:00,1242621-20553231273,99000.0,PEN,Soles,2026-09-08T00:00:00-05:00
ocds-dgv273-seacev3-1245033,ocds-dgv273-seacev3-1245033-2026-09-18T10:23:10.321923-05:00,1245033-1829822,7295916.18,PEN,Soles,2026-09-16T00:00:00-05:00
ocds-dgv273-seacev3-1244174,ocds-dgv273-seacev3-1244174-2026-09-18T10:23:10.306704-05:00,1244174-20477520350,1997636.17,PEN,Soles,2026-09-07T00:00:00-05:00
ocds-dgv273-seacev3-1236724,ocds-dgv273-seacev3-1236724-2026-09-18T10:23:10.290305-05:00,1236724-20536570790,165000.0,PEN,Soles,2026-09-09T00:00:00-05:00
ocds-dgv273-seacev3-1240889,ocds-dgv273-seacev3-1240889-2026-09-18T10:23:10.275876-05:00,1240889-20559644243,128000.0,PEN,Soles,2026-08-26T00:00:00-05:00
ocds-dgv273-seacev3-1240889,ocds-dgv273-seacev3-1240889-2026-09-18T10:23:10.275876-05:00,1240889-20100241022,128000.0,PEN,Soles,2026-09-09T11:50:02-05:00
ocds-dgv273-seacev3-1244744,ocds-dgv273-seacev3-1244744-2026-09-18T10:23:10.143081-05:00,1244744-1830249,1914252.66,PEN,Soles,2026-09-16T00:00:00-05:00
ocds-dgv273-seacev3-1243086,ocds-dgv273-seacev3-1243086-2026-09-18T10:23:10.129515-05:00,1243086-20431995281,130000.0,PEN,Soles,2026-09-14T00:00:00-05:00
ocds-dgv273-seacev3-1238637,ocds-dgv273-seacev3-1238637-2026-09-18T10:23:10.115226-05:00,1238637-20605092943,102900.0,PEN,Soles,2026-08-14T11:34:27-05:00
ocds-dgv273-seacev3-1238637,ocds-dgv273-seacev3-1238637-2026-09-18T10:23:10.115226-05:00,1238637-20490567969,103500.0,PEN,Soles,2026-09-08T00:00:00-05:00
ocds-dgv273-seacev3-1239924,ocds-dgv273-seacev3-1239924-2026-09-18T10:23:10.092896-05:00,1239924-20609117746,233880.0,PEN,Soles,2026-09-01T00:00:00-05:00
ocds-dgv273-seacev3-1246056,ocds-dgv273-seacev3-1246056-2026-09-18T10:23:10.073786-05:00,1246056-20262996329,16308417.05,PEN,Soles,2026-09-15T00:00:00-05:00
ocds-dgv273-seacev3-1238545,ocds-dgv273-seacev3-1238545-2026-09-18T10:23:09.915948-05:00,1238545-20100057523,664092.0,PEN,Soles,2026-08-18T00:00:00-05:00
ocds-dgv273-seacev3-1243569,ocds-dgv273-seacev3-1243569-2026-09-18T10:23:09.903600-05:00,1243569-20613107828,125570.0,PEN,Soles,2026-09-08T00:00:00-05:00
ocds-dgv273-seacev3-1237152,ocds-dgv273-seacev3-1237152-2026-09-18T10:23:09.825218-05:00,1237152-1821138,1308847.96,PEN,Soles,2026-08-21T00:00:00-05:00
ocds-dgv273-seacev3-1242489,ocds-dgv273-seacev3-1242489-2026-09-18T10:23:09.809299-05:00,1242489-20463595004,45936.0,PEN,Soles,2026-09-16T00:00:00-05:00
ocds-dgv273-seacev3-2026-178956-2,ocds-dgv273-seacev3-2026-178956-2-2026-09-18T10:23:09.713805-05:00,1239711-20610119736,98000.0,PEN,Soles,2026-09-09T00:00:00-05:00
ocds-dgv273-seacev3-1240475,ocds-dgv273-seacev3-1240475-2026-09-18T10:23:09.704378-05:00,1240475-1826545,2725908.02,PEN,Soles,2026-09-10T00:00:00-05:00
ocds-dgv273-seacev3-1238658,ocds-dgv273-seacev3-1238658-2026-09-18T10:23:09.588925-05:00,1238658-20602537952,81120.0,PEN,Soles,2026-08-19T00:00:00-05:00
ocds-dgv273-seacev3-1242999,ocds-dgv273-seacev3-1242999-2026-09-18T10:23:09.530920-05:00,1242999-20548124264,178180.0,PEN,Soles,2026-09-16T00:00:00-05:00
ocds-dgv273-seacev3-1243389,ocds-dgv273-seacev3-1243389-2026-09-18T10:23:09.465538-05:00,1243389-20610989897,156000.0,PEN,Soles,2026-09-01T11:49:06-05:00
ocds-dgv273-seacev3-1243366,ocds-dgv273-seacev3-1243366-2026-09-18T10:23:09.436403-05:00,1243366-20610782044,25000.0,PEN,Soles,2026-09-15T00:00:00-05:00
ocds-dgv273-seacev3-1243366,ocds-dgv273-seacev3-1243366-2026-09-18T10:23:09.436403-05:00,1243366-20611407107,19752.97,PEN,Soles,2026-09-15T00:00:00-05:00
ocds-dgv273-seacev3-1238505,ocds-dgv273-seacev3-1238505-2026-09-18T10:23:09.312380-05:00,1238505-20616147111,52925.0,PEN,Soles,2026-08-14T22:43:22-05:00
ocds-dgv273-seacev3-1238505,ocds-dgv273-seacev3-1238505-2026-09-18T10:23:09.312380-05:00,1238505-20511037001,54404.0,PEN,Soles,2026-09-02T00:00:00-05:00
ocds-dgv273-seacev3-1244424,ocds-dgv273-seacev3-1244424-2026-09-18T10:23:09.280167-05:00,1244424-10198923872,104377.0,PEN,Soles,2026-09-17T00:00:00-05:00
ocds-dgv273-seacev3-1245312,ocds-dgv273-seacev3-1245312-2026-09-18T10:23:09.201004-05:00,1245312-20507634479,699588.25,PEN,Soles,2026-09-17T00:00:00-05:00
ocds-dgv273-seacev3-1243780,ocds-dgv273-seacev3-1243780-2026-09-18T10:23:09.185743-05:00,1243780-1830095,316946.56,PEN,Soles,2026-09-16T00:00:00-05:00
ocds-dgv273-seacev3-1241197,ocds-dgv273-seacev3-1241197-2026-09-18T10:23:09.100795-05:00,1241197-20608866443,198200.0,PEN,Soles,2026-09-17T00:00:00-05:00
ocds-dgv273-seacev3-1239220,ocds-dgv273-seacev3-1239220-2026-09-18T10:23:09.008097-05:00,1239220-20487069168,93275.0,PEN,Soles,2026-09-09T00:00:00-05:00
ocds-dgv273-seacev3-1242023,ocds-dgv273-seacev3-1242023-2026-09-18T10:23:08.916417-05:00,1242023-20614246155,78715.0,PEN,Soles,2026-08-21T00:00:00-05:00
ocds-dgv273-seacev3-1242023,ocds-dgv273-seacev3-1242023-2026-09-18T10:23:08.916417-05:00,1242023-10769742919,78988.0,PEN,Soles,2026-09-10T00:00:00-05:00
ocds-dgv273-seacev3-1243017,ocds-dgv273-seacev3-1243017-2026-09-18T10:23:08.874798-05:00,1243017-20604427836,154713.6,PEN,Soles,2026-09-08T00:00:00-05:00
ocds-dgv273-seacev3-1246050,ocds-dgv273-seacev3-1246050-2026-09-18T10:23:08.778395-05:00,1246050-20604487090,209000.0,PEN,Soles,2026-09-09T00:00:00-05:00
ocds-dgv273-seacev3-1245787,ocds-dgv273-seacev3-1245787-2026-09-18T10:23:08.763262-05:00,1245787-20607746550,271000.0,PEN,Soles,2026-09-10T00:00:00-05:00
ocds-dgv273-seacev3-1242299,ocds-dgv273-seacev3-1242299-2026-09-18T10:23:08.732138-05:00,1242299-20601272335,139000.0,PEN,Soles,2026-09-01T00:00:00-05:00
ocds-dgv273-seacev3-1245973,ocds-dgv273-seacev3-1245973-2026-09-18T10:23:08.703629-05:00,1245973-1830607,143799.6,PEN,Soles,2026-09-16T00:00:00-05:00
ocds-dgv273-seacev3-1244066,ocds-dgv273-seacev3-1244066-2026-09-18T10:23:08.633772-05:00,1244066-20527868271,370828.0,PEN,Soles,2026-09-04T00:00:00-05:00
ocds-dgv273-seacev3-1243678,ocds-dgv273-seacev3-1243678-2026-09-18T10:23:08.619918-05:00,1243678-1828042,173520.95,PEN,Soles,2026-09-09T00:00:00-05:00
ocds-dgv273-seacev3-1245390,ocds-dgv273-seacev3-1245390-2026-09-18T10:23:08.584813-05:00,1245390-20559644243,53280.0,PEN,Soles,2026-09-08T00:00:00-05:00
ocds-dgv273-seacev3-1243064,ocds-dgv273-seacev3-1243064-2026-09-18T10:23:08.571435-05:00,1243064-20498412727,872760.0,PEN,Nuevos Soles,2026-09-17T00:00:00-05:00
ocds-dgv273-seacev3-1242681,ocds-dgv273-seacev3-1242681-2026-09-18T10:23:08.534956-05:00,1242681-20485988468,10369633.16,PEN,Soles,2026-09-10T00:00:00-05:00
ocds-dgv273-seacev3-1244325,ocds-dgv273-seacev3-1244325-2026-09-18T10:23:08.521882-05:00,1244325-1828305,181925.55,PEN,Soles,2026-09-09T00:00:00-05:00
ocds-dgv273-seacev3-1244989,ocds-dgv273-seacev3-1244989-2026-09-18T10:23:08.417345-05:00,1244989-20604917451,234720.0,PEN,Soles,2026-09-16T00:00:00-05:00
ocds-dgv273-seacev3-1242831,ocds-dgv273-seacev3-1242831-2026-09-18T10:23:08.403375-05:00,1242831-20408046760,51700.0,PEN,Soles,2026-08-27T00:00:00-05:00
ocds-dgv273-seacev3-1243072,ocds-dgv273-seacev3-1243072-2026-09-18T10:23:08.359240-05:00,1243072-20610542655,232020.0,PEN,Soles,2026-09-01T00:00:00-05:00
ocds-dgv273-seacev3-1237588,ocds-dgv273-seacev3-1237588-2026-09-18T10:23:08.287448-05:00,1237588-1822726,248548.07,PEN,Soles,2026-08-20T00:00:00-05:00
ocds-dgv273-seacev3-1242058,ocds-dgv273-seacev3-1242058-2026-09-18T10:23:08.236481-05:00,1242058-1828598,285050.0,PEN,Soles,2026-09-17T00:00:00-05:00
ocds-dgv273-seacev3-1242882,ocds-dgv273-seacev3-1242882-2026-09-18T10:23:08.206122-05:00,1242882-20603210531,470500.0,PEN,Soles,2026-08-31T00:00:00-05:00
ocds-dgv273-seacev3-1238530,ocds-dgv273-seacev3-1238530-2026-09-18T10:23:08.159801-05:00,1238530-10763052848,99807.0,PEN,Soles,2026-08-14T00:00:00-05:00
ocds-dgv273-seacev3-1238530,ocds-dgv273-seacev3-1238530-2026-09-18T10:23:08.159801-05:00,1238530-10468796738,99988.4,PEN,Soles,2026-09-16T00:00:00-05:00
ocds-dgv273-seacev3-1245234,ocds-dgv273-seacev3-1245234-2026-09-18T10:23:07.950799-05:00,1245234-10418950582,229674.25,PEN,Soles,2026-09-17T00:00:00-05:00
ocds-dgv273-seacev3-1242335,ocds-dgv273-seacev3-1242335-2026-09-18T10:23:07.929204-05:00,1242335-20601310695,149660.59,PEN,Soles,2026-09-09T00:00:00-05:00
ocds-dgv273-seacev3-1240134,ocds-dgv273-seacev3-1240134-2026-09-18T10:23:07.905728-05:00,1240134-1824253,2401827.22,PEN,Soles,2026-08-26T00:00:00-05:00
ocds-dgv273-seacev3-1242256,ocds-dgv273-seacev3-1242256-2026-09-18T10:23:07.871613-05:00,1242256-20566394201,70720.0,PEN,Soles,2026-08-26T00:00:00-05:00
ocds-dgv273-seacev3-1245700,ocds-dgv273-seacev3-1245700-2026-09-18T10:23:07.801434-05:00,1245700-1827408,136048.87,PEN,Soles,2026-09-03T00:00:00-05:00
ocds-dgv273-seacev3-1243523,ocds-dgv273-seacev3-1243523-2026-09-18T10:23:07.753367-05:00,1243523-20611896396,69460.0,PEN,Soles,2026-09-17T00:00:00-05:00
ocds-dgv273-seacev3-1241620,ocds-dgv273-seacev3-1241620-2026-09-18T10:23:07.740246-05:00,1241620-20612332704,62000.0,PEN,Soles,2026-09-16T00:00:00-05:00
ocds-dgv273-seacev3-1243694,ocds-dgv273-seacev3-1243694-2026-09-18T10:23:02.820097-05:00,1243694-20534892731,378000.0,PEN,Soles,2026-09-16T00:00:00-05:00
ocds-dgv273-seacev3-1241387,ocds-dgv273-seacev3-1241387-2026-09-18T10:23:02.804566-05:00,1241387-1824192,85392.83,PEN,Soles,2026-08-27T00:00:00-05:00
ocds-dgv273-seacev3-1240636,ocds-dgv273-seacev3-1240636-2026-09-18T10:23:02.793136-05:00,1240636-20612341487,395400.0,PEN,Soles,2026-09-10T00:00:00-05:00
ocds-dgv273-seacev3-1237203,ocds-dgv273-seacev3-1237203-2026-09-18T10:23:02.686012-05:00,1237203-20556411370,145498.71,PEN,Soles,2026-09-08T00:00:00-05:00
ocds-dgv273-seacev3-1245791,ocds-dgv273-seacev3-1245791-2026-09-18T10:23:02.628342-05:00,1245791-20609106426,48523.3,PEN,Soles,2026-09-04T00:00:00-05:00
ocds-dgv273-seacev3-1243496,ocds-dgv273-seacev3-1243496-2026-09-18T10:23:02.513677-05:00,1243496-20532492051,85005.0,PEN,Soles,2026-09-01T00:00:00-05:00
ocds-dgv273-seacev3-1243727,ocds-dgv273-seacev3-1243727-2026-09-18T10:23:02.465812-05:00,1243727-1829937,1177433.56,PEN,Soles,2026-09-09T00:00:00-05:00
ocds-dgv273-seacev3-1241292,ocds-dgv273-seacev3-1241292-2026-09-18T10:23:02.449819-05:00,1241292-10714842388,374136.0,PEN,Soles,2026-09-16T00:00:00-05:00
ocds-dgv273-seacev3-1242682,ocds-dgv273-seacev3-1242682-2026-09-18T10:23:02.422645-05:00,1242682-20614876761,181469.1,PEN,Soles,2026-09-09T00:00:00-05:00
ocds-dgv273-seacev3-2026-10568-1,ocds-dgv273-seacev3-2026-10568-1-2026-09-18T10:23:02.101631-05:00,1245638-1830315,2024318.9,PEN,Soles,2026-09-16T00:00:00-05:00
ocds-dgv273-seacev3-1244415,ocds-dgv273-seacev3-1244415-2026-09-18T10:23:01.842389-05:00,1244415-20607317250,56980.0,PEN,Soles,2026-09-09T00:00:00-05:00
ocds-dgv273-seacev3-1242016,ocds-dgv273-seacev3-1242016-2026-09-18T10:23:01.574653-05:00,1242016-20574764867,394766.25,PEN,Soles,2026-09-16T00:00:00-05:00
ocds-dgv273-seacev3-1240588,ocds-dgv273-seacev3-1240588-2026-09-18T10:23:01.516784-05:00,1240588-20615350223,96122.89,PEN,Soles,2026-09-17T00:00:00-05:00
ocds-dgv273-seacev3-1238860,ocds-dgv273-seacev3-1238860-2026-09-18T10:23:01.504062-05:00,1238860-1826884,241669.99,PEN,Soles,2026-09-07T00:00:00-05:00
ocds-dgv273-seacev3-1238705,ocds-dgv273-seacev3-1238705-2026-09-18T10:23:01.336825-05:00,1238705-1820996,3265749.44,PEN,Soles,2026-08-18T00:00:00-05:00
ocds-dgv273-seacev3-1250019,ocds-dgv273-seacev3-1250019-2026-09-18T10:23:01.295250-05:00,1250019-10421593421,30000.0,PEN,Nuevos Soles,2026-09-17T00:00:00-05:00
ocds-dgv273-seacev3-1246102,ocds-dgv273-seacev3-1246102-2026-09-18T10:23:01.189587-05:00,1246102-20614561034,99512.0,PEN,Soles,2026-09-08T00:00:00-05:00
ocds-dgv273-seacev3-1238366,ocds-dgv273-seacev3-1238366-2026-09-18T10:23:01.114000-05:00,1238366-1832710,25665051.7,PEN,Soles,2026-09-16T00:00:00-05:00
ocds-dgv273-seacev3-1246171,ocds-dgv273-seacev3-1246171-2026-09-18T10:23:00.874994-05:00,1246171-1831149,224982.57,PEN,Soles,2026-09-16T00:00:00-05:00
ocds-dgv273-seacev3-1245177,ocds-dgv273-seacev3-1245177-2026-09-18T10:23:00.859108-05:00,1245177-1832548,148000.0,PEN,Soles,2026-09-17T00:00:00-05:00
ocds-dgv273-seacev3-1245909,ocds-dgv273-seacev3-1245909-2026-09-18T10:23:00.703067-05:00,1245909-1830561,61655.0,PEN,Soles,2026-09-16T00:00:00-05:00
ocds-dgv273-seacev3-1244488,ocds-dgv273-seacev3-1244488-2026-09-18T10:23:00.660051-05:00,1244488-20608870092,70046.17,PEN,Soles,2026-09-08T00:00:00-05:00
ocds-dgv273-seacev3-2026-1926-205,ocds-dgv273-seacev3-2026-1926-205-2026-09-18T10:23:00.590121-05:00,1245801-20601999499,17322.4,USD,Dólar Norteamericano,2026-09-16T00:00:00-05:00
ocds-dgv273-seacev3-1242729,ocds-dgv273-seacev3-1242729-2026-09-18T10:22:59.842082-05:00,1242729-1828752,215000.0,PEN,Soles,2026-09-09T00:00:00-05:00
ocds-dgv273-seacev3-1243961,ocds-dgv273-seacev3-1243961-2026-09-18T10:22:59.734612-05:00,1243961-20613041193,139800.0,PEN,Soles,2026-09-16T00:00:00-05:00
ocds-dgv273-seacev3-1249114,ocds-dgv273-seacev3-1249114-2026-09-18T10:22:59.641116-05:00,1249114-1832803,1506688.0,PEN,Soles,2026-09-16T00:00:00-05:00
ocds-dgv273-seacev3-1239266,ocds-dgv273-seacev3-1239266-2026-09-18T10:22:59.488682-05:00,1239266-1830638,30272473.81,PEN,Soles,2026-09-15T00:00:00-05:00
ocds-dgv273-seacev3-1246791,ocds-dgv273-seacev3-1246791-2026-09-18T10:22:59.444385-05:00,1246791-10735131732,8733.33,PEN,Soles,2026-09-03T00:00:00-05:00
ocds-dgv273-seacev3-1244593,ocds-dgv273-seacev3-1244593-2026-09-18T10:22:59.429686-05:00,1244593-1830152,3044986.94,PEN,Soles,2026-09-16T00:00:00-05:00
ocds-dgv273-seacev3-1239231,ocds-dgv273-seacev3-1239231-2026-09-18T10:22:59.407540-05:00,1239231-20603963670,350550.0,PEN,Soles,2026-09-16T00:00:00-05:00
ocds-dgv273-seacev3-1245773,ocds-dgv273-seacev3-1245773-2026-09-18T10:22:59.380301-05:00,1245773-10475175617,24000.0,PEN,Soles,2026-09-14T00:00:00-05:00
ocds-dgv273-seacev3-1246027,ocds-dgv273-seacev3-1246027-2026-09-18T10:22:59.237921-05:00,1246027-20533773517,59850.0,PEN,Soles,2026-09-16T00:00:00-05:00
ocds-dgv273-seacev3-1242984,ocds-dgv273-seacev3-1242984-2026-09-18T10:22:58.986679-05:00,1242984-20605393072,87095.6,PEN,Nuevos Soles,2026-09-09T00:00:00-05:00
ocds-dgv273-seacev3-1238169,ocds-dgv273-seacev3-1238169-2026-09-18T10:22:58.931195-05:00,1238169-1822216,1196256.26,PEN,Soles,2026-08-20T00:00:00-05:00
ocds-dgv273-seacev3-1244597,ocds-dgv273-seacev3-1244597-2026-09-18T10:22:58.901074-05:00,1244597-20607984990,205609.0,PEN,Soles,2026-09-07T00:00:00-05:00
ocds-dgv273-seacev3-1250928,ocds-dgv273-seacev3-1250928-2026-09-18T10:22:58.861210-05:00,1250928-20482303189,165000.0,PEN,Soles,2026-09-17T00:00:00-05:00
ocds-dgv273-seacev3-1245792,ocds-dgv273-seacev3-1245792-2026-09-18T10:22:58.805690-05:00,1245792-20602517684,98770.0,PEN,Soles,2026-09-04T00:00:00-05:00
ocds-dgv273-seacev3-1239004,ocds-dgv273-seacev3-1239004-2026-09-18T10:22:58.792826-05:00,1239004-20601301513,119844.0,PEN,Soles,2026-09-08T00:00:00-05:00
ocds-dgv273-seacev3-1241938,ocds-dgv273-seacev3-1241938-2026-09-18T10:22:58.777835-05:00,1241938-1828293,400000.0,PEN,Soles,2026-09-14T00:00:00-05:00
ocds-dgv273-seacev3-1240205,ocds-dgv273-seacev3-1240205-2026-09-18T10:22:58.763660-05:00,1240205-1825849,451738.78,PEN,Soles,2026-08-28T00:00:00-05:00
ocds-dgv273-seacev3-1242331,ocds-dgv273-seacev3-1242331-2026-09-18T10:22:58.695032-05:00,1242331-1824070,59812.81,PEN,Soles,2026-08-25T00:00:00-05:00
ocds-dgv273-seacev3-1243209,ocds-dgv273-seacev3-1243209-2026-09-18T10:22:58.680343-05:00,1243209-20487201457,4094304.48,PEN,Soles,2026-09-04T00:00:00-05:00
ocds-dgv273-seacev3-1243224,ocds-dgv273-seacev3-1243224-2026-09-18T10:22:58.666797-05:00,1243224-10725358496,200300.0,PEN,Soles,2026-09-17T00:00:00-05:00
ocds-dgv273-seacev3-1239851,ocds-dgv273-seacev3-1239851-2026-09-18T10:22:58.608099-05:00,1239851-1822795,500593.35,PEN,Soles,2026-08-20T00:00:00-05:00
ocds-dgv273-seacev3-1239932,ocds-dgv273-seacev3-1239932-2026-09-18T10:22:58.526417-05:00,1239932-10016818211,139750.0,PEN,Soles,2026-08-21T00:00:00-05:00
ocds-dgv273-seacev3-1238446,ocds-dgv273-seacev3-1238446-2026-09-18T10:22:58.516015-05:00,1238446-20600495152,776888.0,PEN,Soles,2026-08-24T00:00:00-05:00
ocds-dgv273-seacev3-1245874,ocds-dgv273-seacev3-1245874-2026-09-18T10:22:58.435266-05:00,1245874-20610893920,885600.0,PEN,Soles,2026-09-17T00:00:00-05:00
ocds-dgv273-seacev3-1242084,ocds-dgv273-seacev3-1242084-2026-09-18T10:22:58.420580-05:00,1242084-1826404,1078481.1,PEN,Soles,2026-09-09T00:00:00-05:00
ocds-dgv273-seacev3-1240520,ocds-dgv273-seacev3-1240520-2026-09-18T10:22:58.397362-05:00,1240520-20552504641,223870.0,PEN,Soles,2026-09-09T00:00:00-05:00
ocds-dgv273-seacev3-1247152,ocds-dgv273-seacev3-1247152-2026-09-18T10:22:58.350204-05:00,1247152-10105428966,70000.0,PEN,Soles,2026-09-03T00:00:00-05:00
ocds-dgv273-seacev3-1243056,ocds-dgv273-seacev3-1243056-2026-09-18T10:22:58.277013-05:00,1243056-20452589711,90372.0,PEN,Soles,2026-08-26T00:00:00-05:00
ocds-dgv273-seacev3-1239966,ocds-dgv273-seacev3-1239966-2026-09-18T10:22:58.240518-05:00,1239966-10239818311,558000.0,PEN,Soles,2026-09-16T00:00:00-05:00
ocds-dgv273-seacev3-1238526,ocds-dgv273-seacev3-1238526-2026-09-18T10:22:58.093758-05:00,1238526-20605869298,128700.0,PEN,Soles,2026-08-17T00:00:00-05:00
ocds-dgv273-seacev3-1238526,ocds-dgv273-seacev3-1238526-2026-09-18T10:22:58.093758-05:00,1238526-20600497457,145000.0,PEN,Soles,2026-09-08T00:00:00-05:00
ocds-dgv273-seacev3-1244965,ocds-dgv273-seacev3-1244965-2026-09-18T10:22:58.065076-05:00,1244965-1830236,55980.0,PEN,Soles,2026-09-16T00:00:00-05:00
ocds-dgv273-seacev3-1243731,ocds-dgv273-seacev3-1243731-2026-09-18T10:22:58.052453-05:00,1243731-20606772361,139400.0,PEN,Soles,2026-09-17T00:00:00-05:00
ocds-dgv273-seacev3-2026-1894-9,ocds-dgv273-seacev3-2026-1894-9-2026-09-18T10:22:57.968014-05:00,1235279-20603358211,321600.0,PEN,Soles,2026-08-18T00:00:00-05:00
ocds-dgv273-seacev3-1246066,ocds-dgv273-seacev3-1246066-2026-09-18T10:22:57.955559-05:00,1246066-20611295651,239395.5,PEN,Soles,2026-09-09T12:47:05-05:00
ocds-dgv273-seacev3-1243203,ocds-dgv273-seacev3-1243203-2026-09-18T10:22:57.941000-05:00,1243203-20601972604,97300.23,PEN,Soles,2026-08-28T00:00:00-05:00
ocds-dgv273-seacev3-1245961,ocds-dgv273-seacev3-1245961-2026-09-18T10:22:57.880677-05:00,1245961-20610459651,79201.0,PEN,Soles,2026-09-09T00:00:00-05:00
ocds-dgv273-seacev3-1242409,ocds-dgv273-seacev3-1242409-2026-09-18T10:22:57.844603-05:00,1242409-10456643898,74999.0,PEN,Soles,2026-08-28T14:20:09-05:00
ocds-dgv273-seacev3-1244453,ocds-dgv273-seacev3-1244453-2026-09-18T10:22:57.719546-05:00,1244453-20534967684,71760.0,PEN,Soles,2026-09-08T00:00:00-05:00
ocds-dgv273-seacev3-1246994,ocds-dgv273-seacev3-1246994-2026-09-18T10:22:57.705889-05:00,1246994-20568355041,365128.62,PEN,Soles,2026-09-08T00:00:00-05:00
ocds-dgv273-seacev3-1238917,ocds-dgv273-seacev3-1238917-2026-09-18T10:22:57.691976-05:00,1238917-20100139848,51480.0,PEN,Soles,2026-08-25T00:00:00-05:00
ocds-dgv273-seacev3-1247021,ocds-dgv273-seacev3-1247021-2026-09-18T10:22:57.563866-05:00,1247021-1830167,110000.0,PEN,Soles,2026-09-17T00:00:00-05:00
ocds-dgv273-seacev3-1247229,ocds-dgv273-seacev3-1247229-2026-09-18T10:22:57.444168-05:00,1247229-20333266025,119935.2,PEN,Soles,2026-09-16T00:00:00-05:00
ocds-dgv273-seacev3-2026-1907-13,ocds-dgv273-seacev3-2026-1907-13-2026-09-18T10:22:57.417190-05:00,1238646-1822259,95500.0,PEN,Soles,2026-08-27T00:00:00-05:00
ocds-dgv273-seacev3-1239578,ocds-dgv273-seacev3-1239578-2026-09-18T10:22:57.359599-05:00,1239578-20543071448,196000.0,PEN,Soles,2026-08-24T00:00:00-05:00
ocds-dgv273-seacev3-1243536,ocds-dgv273-seacev3-1243536-2026-09-18T10:22:57.178542-05:00,1243536-1828766,3283703.93,PEN,Soles,2026-09-17T00:00:00-05:00
ocds-dgv273-seacev3-1244842,ocds-dgv273-seacev3-1244842-2026-09-18T10:22:57.158608-05:00,1244842-20155695901,92200.0,PEN,Soles,2026-09-10T00:00:00-05:00
ocds-dgv273-seacev3-1244856,ocds-dgv273-seacev3-1244856-2026-09-18T10:22:57.011064-05:00,1244856-20605292616,126270.59,PEN,Soles,2026-09-11T00:00:00-05:00
ocds-dgv273-seacev3-1242622,ocds-dgv273-seacev3-1242622-2026-09-18T10:22:56.991181-05:00,1242622-20565643496,318423.6,PEN,Soles,2026-09-08T00:00:00-05:00
ocds-dgv273-seacev3-1245237,ocds-dgv273-seacev3-1245237-2026-09-18T10:22:56.949439-05:00,1245237-10407628000,880000.0,PEN,Soles,2026-09-01T00:00:00-05:00
ocds-dgv273-seacev3-1243241,ocds-dgv273-seacev3-1243241-2026-09-18T10:22:56.871988-05:00,1243241-20559644243,55911.0,PEN,Soles,2026-08-31T16:11:31-05:00
ocds-dgv273-seacev3-1238857,ocds-dgv273-seacev3-1238857-2026-09-18T10:22:56.856020-05:00,1238857-1827350,553290.61,PEN,Soles,2026-09-02T00:00:00-05:00
ocds-dgv273-seacev3-1241908,ocds-dgv273-seacev3-1241908-2026-09-18T10:22:56.693056-05:00,1241908-20603358504,54500.0,PEN,Soles,2026-09-08T00:00:00-05:00
ocds-dgv273-seacev3-1244327,ocds-dgv273-seacev3-1244327-2026-09-18T10:22:56.583217-05:00,1244327-10436747468,208104.0,PEN,Soles,2026-09-16T00:00:00-05:00
ocds-dgv273-seacev3-1242595,ocds-dgv273-seacev3-1242595-2026-09-18T10:22:56.570000-05:00,1242595-20601792789,942670.42,PEN,Soles,2026-09-17T00:00:00-05:00
ocds-dgv273-seacev3-1240954,ocds-dgv273-seacev3-1240954-2026-09-18T10:22:56.553734-05:00,1240954-1822010,601878.55,PEN,Soles,2026-08-24T00:00:00-05:00
ocds-dgv273-seacev3-1247209,ocds-dgv273-seacev3-1247209-2026-09-18T10:22:56.538934-05:00,1247209-10067673803,60000.0,PEN,Soles,2026-09-03T00:00:00-05:00
ocds-dgv273-seacev3-1249910,ocds-dgv273-seacev3-1249910-2026-09-18T10:22:52.048938-05:00,1249910-10775336001,143000.0,PEN,Soles,2026-09-16T00:00:00-05:00
ocds-dgv273-seacev3-1240577,ocds-dgv273-seacev3-1240577-2026-09-18T10:22:52.000018-05:00,1240577-1829641,77000.0,PEN,Soles,2026-09-08T00:00:00-05:00
ocds-dgv273-seacev3-1242899,ocds-dgv273-seacev3-1242899-2026-09-18T10:22:51.984008-05:00,1242899-20602965890,69453.0,PEN,Soles,2026-08-31T00:00:00-05:00
ocds-dgv273-seacev3-1244727,ocds-dgv273-seacev3-1244727-2026-09-18T10:22:51.943902-05:00,1244727-10423344909,209542.41,PEN,Soles,2026-09-08T00:00:00-05:00
ocds-dgv273-seacev3-1246143,ocds-dgv273-seacev3-1246143-2026-09-18T10:22:51.892382-05:00,1246143-20610035541,61000.0,PEN,Soles,2026-09-17T00:00:00-05:00
ocds-dgv273-seacev3-1243156,ocds-dgv273-seacev3-1243156-2026-09-18T10:22:51.871020-05:00,1243156-20607509523,135125.0,PEN,Soles,2026-08-31T00:00:00-05:00
ocds-dgv273-seacev3-1242364,ocds-dgv273-seacev3-1242364-2026-09-18T10:22:51.857593-05:00,1242364-1828449,246247.76,PEN,Soles,2026-09-09T00:00:00-05:00
ocds-dgv273-seacev3-1245688,ocds-dgv273-seacev3-1245688-2026-09-18T10:22:51.816460-05:00,1245688-20413815071,86680.63,PEN,Soles,2026-09-16T00:00:00-05:00
ocds-dgv273-seacev3-1239033,ocds-dgv273-seacev3-1239033-2026-09-18T10:22:51.806338-05:00,1239033-1827112,1327500.0,PEN,Soles,2026-09-09T00:00:00-05:00
ocds-dgv273-seacev3-1238927,ocds-dgv273-seacev3-1238927-2026-09-18T10:22:51.736535-05:00,1238927-20455821836,260257.2,PEN,Soles,2026-08-26T00:00:00-05:00
ocds-dgv273-seacev3-1242052,ocds-dgv273-seacev3-1242052-2026-09-18T10:22:51.714718-05:00,1242052-1828915,855782.2,PEN,Soles,2026-09-09T00:00:00-05:00
ocds-dgv273-seacev3-1241285,ocds-dgv273-seacev3-1241285-2026-09-18T10:22:51.699991-05:00,1241285-1832474,474889.58,PEN,Soles,2026-09-17T00:00:00-05:00
ocds-dgv273-seacev3-1241070,ocds-dgv273-seacev3-1241070-2026-09-18T10:22:51.686050-05:00,1241070-1824163,339558.24,PEN,Soles,2026-09-01T00:00:00-05:00
ocds-dgv273-seacev3-1244457,ocds-dgv273-seacev3-1244457-2026-09-18T10:22:51.653155-05:00,1244457-20487569136,220554.74,PEN,Soles,2026-09-08T00:00:00-05:00
ocds-dgv273-seacev3-1247123,ocds-dgv273-seacev3-1247123-2026-09-18T10:22:51.606035-05:00,1247123-10465922848,20666.67,PEN,Soles,2026-09-03T00:00:00-05:00
ocds-dgv273-seacev3-2026-2383-187,ocds-dgv273-seacev3-2026-2383-187-2026-09-18T10:22:51.576594-05:00,1195627-20610826092,274872.15,PEN,Soles,2026-05-27T00:00:00-05:00
ocds-dgv273-seacev3-2026-2383-187,ocds-dgv273-seacev3-2026-2383-187-2026-09-18T10:22:51.576594-05:00,1195627-20611939931,167328.0,PEN,Soles,2026-05-27T00:00:00-05:00
ocds-dgv273-seacev3-2026-2383-187,ocds-dgv273-seacev3-2026-2383-187-2026-09-18T10:22:51.576594-05:00,1195627-20504109195,146107.5,PEN,Soles,2026-06-12T00:00:00-05:00
ocds-dgv273-seacev3-2026-2383-187,ocds-dgv273-seacev3-2026-2383-187-2026-09-18T10:22:51.576594-05:00,1238428-20551775381,30324.7,PEN,Soles,2026-09-09T00:00:00-05:00
ocds-dgv273-seacev3-1243154,ocds-dgv273-seacev3-1243154-2026-09-18T10:22:51.554479-05:00,1243154-20614195321,308627.0,PEN,Soles,2026-09-08T00:00:00-05:00
ocds-dgv273-seacev3-1244530,ocds-dgv273-seacev3-1244530-2026-09-18T10:22:51.469803-05:00,1244530-10166998056,192000.0,PEN,Soles,2026-09-07T00:00:00-05:00
ocds-dgv273-seacev3-1243956,ocds-dgv273-seacev3-1243956-2026-09-18T10:22:51.455305-05:00,1243956-20517146448,79500.0,PEN,Soles,2026-08-28T00:00:00-05:00
ocds-dgv273-seacev3-1241722,ocds-dgv273-seacev3-1241722-2026-09-18T10:22:51.439569-05:00,1241722-1826263,119999.0,PEN,Soles,2026-09-09T00:00:00-05:00
ocds-dgv273-seacev3-1245370,ocds-dgv273-seacev3-1245370-2026-09-18T10:22:51.240757-05:00,1245370-1831982,1641731.09,PEN,Soles,2026-09-16T00:00:00-05:00
ocds-dgv273-seacev3-1243270,ocds-dgv273-seacev3-1243270-2026-09-18T10:22:51.225198-05:00,1243270-20614587815,209718.6,PEN,Soles,2026-08-31T16:35:17-05:00
ocds-dgv273-seacev3-1242140,ocds-dgv273-seacev3-1242140-2026-09-18T10:22:51.211155-05:00,1242140-1826609,363472.27,PEN,Soles,2026-09-04T00:00:00-05:00
ocds-dgv273-seacev3-1242003,ocds-dgv273-seacev3-1242003-2026-09-18T10:22:51.108809-05:00,1242003-20615280390,59600.0,PEN,Soles,2026-08-25T00:00:00-05:00
ocds-dgv273-seacev3-1245853,ocds-dgv273-seacev3-1245853-2026-09-18T10:22:50.975681-05:00,1245853-20565534875,34860.0,PEN,Soles,2026-09-16T00:00:00-05:00
ocds-dgv273-seacev3-1245853,ocds-dgv273-seacev3-1245853-2026-09-18T10:22:50.975681-05:00,1245853-20606948507,90000.0,PEN,Soles,2026-09-16T00:00:00-05:00
ocds-dgv273-seacev3-1247207,ocds-dgv273-seacev3-1247207-2026-09-18T10:22:50.940952-05:00,1247207-20492353214,497794.8,PEN,Soles,2026-09-16T00:00:00-05:00
ocds-dgv273-seacev3-1244979,ocds-dgv273-seacev3-1244979-2026-09-18T10:22:50.771529-05:00,1244979-1829682,65500.0,PEN,Soles,2026-09-17T00:00:00-05:00
ocds-dgv273-seacev3-1241343,ocds-dgv273-seacev3-1241343-2026-09-18T10:22:50.703288-05:00,1241343-1826565,621156.91,PEN,Soles,2026-09-03T00:00:00-05:00
ocds-dgv273-seacev3-1244966,ocds-dgv273-seacev3-1244966-2026-09-18T10:22:50.639906-05:00,1244966-20601711878,57600.0,PEN,Soles,2026-09-09T00:00:00-05:00
ocds-dgv273-seacev3-1244408,ocds-dgv273-seacev3-1244408-2026-09-18T10:22:50.627008-05:00,1244408-20573334303,78700.0,PEN,Soles,2026-09-16T00:00:00-05:00
ocds-dgv273-seacev3-1243832,ocds-dgv273-seacev3-1243832-2026-09-18T10:22:50.612159-05:00,1243832-20515430769,117032.43,PEN,Soles,2026-09-07T00:00:00-05:00
ocds-dgv273-seacev3-1240333,ocds-dgv273-seacev3-1240333-2026-09-18T10:22:50.510510-05:00,1240333-20101337261,87800.0,PEN,Soles,2026-08-14T00:00:00-05:00
ocds-dgv273-seacev3-1245645,ocds-dgv273-seacev3-1245645-2026-09-18T10:22:50.482743-05:00,1245645-1830334,825733.62,PEN,Soles,2026-09-16T00:00:00-05:00
ocds-dgv273-seacev3-1244796,ocds-dgv273-seacev3-1244796-2026-09-18T10:22:50.469310-05:00,1244796-20545255244,355020.0,PEN,Soles,2026-09-08T00:00:00-05:00
ocds-dgv273-seacev3-1242772,ocds-dgv273-seacev3-1242772-2026-09-18T10:22:50.453544-05:00,1242772-1826625,87978.0,PEN,Soles,2026-09-09T00:00:00-05:00
ocds-dgv273-seacev3-1241385,ocds-dgv273-seacev3-1241385-2026-09-18T10:22:50.446192-05:00,1241385-10721486082,99750.0,PEN,Soles,2026-08-21T00:00:00-05:00
ocds-dgv273-seacev3-2026-492-3,ocds-dgv273-seacev3-2026-492-3-2026-09-18T10:22:50.433985-05:00,1240677-20370132691,370920.0,PEN,Soles,2026-09-04T16:56:20-05:00
ocds-dgv273-seacev3-1239956,ocds-dgv273-seacev3-1239956-2026-09-18T10:22:50.333660-05:00,1239956-10024434643,55984.0,PEN,Soles,2026-09-16T00:00:00-05:00
ocds-dgv273-seacev3-1244071,ocds-dgv273-seacev3-1244071-2026-09-18T10:22:50.094971-05:00,1244071-20450636747,79321.75,PEN,Soles,2026-08-31T00:00:00-05:00
ocds-dgv273-seacev3-1245146,ocds-dgv273-seacev3-1245146-2026-09-18T10:22:50.035602-05:00,1245146-1831728,2599902.96,PEN,Soles,2026-09-16T00:00:00-05:00
ocds-dgv273-seacev3-1245120,ocds-dgv273-seacev3-1245120-2026-09-18T10:22:49.933763-05:00,1245120-20491186608,74000.0,PEN,Soles,2026-09-09T00:00:00-05:00
ocds-dgv273-seacev3-1245665,ocds-dgv273-seacev3-1245665-2026-09-18T10:22:49.919970-05:00,1245665-10444403875,5000.0,PEN,Soles,2026-09-07T00:00:00-05:00
ocds-dgv273-seacev3-1240623,ocds-dgv273-seacev3-1240623-2026-09-18T10:22:49.899181-05:00,1240623-20608490541,202893.98,PEN,Soles,2026-08-25T00:00:00-05:00
ocds-dgv273-seacev3-1240660,ocds-dgv273-seacev3-1240660-2026-09-18T10:22:49.720922-05:00,1240660-20481547513,439918.5,PEN,Soles,2026-09-16T00:00:00-05:00
ocds-dgv273-seacev3-1240660,ocds-dgv273-seacev3-1240660-2026-09-18T10:22:49.720922-05:00,1240660-20539979885,439918.5,PEN,Soles,2026-09-16T00:00:00-05:00
ocds-dgv273-seacev3-1244855,ocds-dgv273-seacev3-1244855-2026-09-18T10:22:49.668070-05:00,1244855-1832335,543421.39,PEN,Soles,2026-09-17T00:00:00-05:00
ocds-dgv273-seacev3-2026-56441-1,ocds-dgv273-seacev3-2026-56441-1-2026-09-18T10:22:49.646792-05:00,1244190-20485927914,372000.0,PEN,Soles,2026-09-17T00:00:00-05:00
ocds-dgv273-seacev3-1239433,ocds-dgv273-seacev3-1239433-2026-09-18T10:22:49.540202-05:00,1239433-20609186748,232200.0,PEN,Soles,2026-08-21T00:00:00-05:00
ocds-dgv273-seacev3-1242057,ocds-dgv273-seacev3-1242057-2026-09-18T10:22:49.356960-05:00,1242057-1825157,267844.5,PEN,Soles,2026-08-27T00:00:00-05:00
ocds-dgv273-seacev3-1244033,ocds-dgv273-seacev3-1244033-2026-09-18T10:22:49.301587-05:00,1244033-10741721304,98000.0,PEN,Soles,2026-08-31T00:00:00-05:00
ocds-dgv273-seacev3-1243592,ocds-dgv273-seacev3-1243592-2026-09-18T10:22:49.288064-05:00,1243592-20252132466,438606.0,PEN,Soles,2026-09-16T00:00:00-05:00
ocds-dgv273-seacev3-1240919,ocds-dgv273-seacev3-1240919-2026-09-18T10:22:49.233494-05:00,1240919-20601629209,100300.0,PEN,Soles,2026-09-10T00:00:00-05:00
ocds-dgv273-seacev3-1241923,ocds-dgv273-seacev3-1241923-2026-09-18T10:22:49.161998-05:00,1241923-20603678991,57800.0,PEN,Soles,2026-09-02T00:00:00-05:00
ocds-dgv273-seacev3-1243506,ocds-dgv273-seacev3-1243506-2026-09-18T10:22:49.086421-05:00,1243506-20604924813,94950.0,PEN,Soles,2026-08-28T00:00:00-05:00
ocds-dgv273-seacev3-1241367,ocds-dgv273-seacev3-1241367-2026-09-18T10:22:48.463908-05:00,1241367-10455833081,83569.81,PEN,Soles,2026-09-17T00:00:00-05:00
ocds-dgv273-seacev3-1242820,ocds-dgv273-seacev3-1242820-2026-09-18T10:22:48.369034-05:00,1242820-20542387468,68500.0,PEN,Soles,2026-08-26T00:00:00-05:00
ocds-dgv273-seacev3-1240946,ocds-dgv273-seacev3-1240946-2026-09-18T10:22:48.240162-05:00,1240946-20568646879,119900.0,PEN,Soles,2026-09-03T00:00:00-05:00
ocds-dgv273-seacev3-1243677,ocds-dgv273-seacev3-1243677-2026-09-18T10:22:48.184538-05:00,1243677-20100017149,500000.0,PEN,Soles,2026-08-25T00:00:00-05:00
ocds-dgv273-seacev3-1243677,ocds-dgv273-seacev3-1243677-2026-09-18T10:22:48.184538-05:00,1243677-20100049008,1200000.0,PEN,Soles,2026-08-25T00:00:00-05:00
ocds-dgv273-seacev3-1243677,ocds-dgv273-seacev3-1243677-2026-09-18T10:22:48.184538-05:00,1243677-20100114420,1000000.0,PEN,Soles,2026-08-25T00:00:00-05:00
ocds-dgv273-seacev3-1243677,ocds-dgv273-seacev3-1243677-2026-09-18T10:22:48.184538-05:00,1243677-20100163986,1000000.0,PEN,Soles,2026-08-25T00:00:00-05:00
ocds-dgv273-seacev3-1243677,ocds-dgv273-seacev3-1243677-2026-09-18T10:22:48.184538-05:00,1243677-20492353214,200000.0,PEN,Soles,2026-08-25T00:00:00-05:00
ocds-dgv273-seacev3-1243677,ocds-dgv273-seacev3-1243677-2026-09-18T10:22:48.184538-05:00,1243677-20521683768,500000.0,PEN,Soles,2026-08-25T00:00:00-05:00
ocds-dgv273-seacev3-1243206,ocds-dgv273-seacev3-1243206-2026-09-18T10:22:48.169758-05:00,1243206-20607509523,107150.0,PEN,Soles,2026-08-31T00:00:00-05:00
ocds-dgv273-seacev3-1239599,ocds-dgv273-seacev3-1239599-2026-09-18T10:22:48.071744-05:00,1239599-10250753409,99796.6,PEN,Soles,2026-08-14T00:00:00-05:00
ocds-dgv273-seacev3-1243390,ocds-dgv273-seacev3-1243390-2026-09-18T10:22:48.045249-05:00,1243390-10442166728,296438.0,PEN,Soles,2026-09-09T00:00:00-05:00
ocds-dgv273-seacev3-1241500,ocds-dgv273-seacev3-1241500-2026-09-18T10:22:47.996539-05:00,1241500-1827343,200506.37,PEN,Soles,2026-09-08T00:00:00-05:00
ocds-dgv273-seacev3-1239377,ocds-dgv273-seacev3-1239377-2026-09-18T10:22:47.855563-05:00,1239377-1823048,405930.0,PEN,Soles,2026-09-16T00:00:00-05:00
ocds-dgv273-seacev3-1245082,ocds-dgv273-seacev3-1245082-2026-09-18T10:22:47.841639-05:00,1245082-1829384,311227.62,PEN,Soles,2026-09-08T00:00:00-05:00
ocds-dgv273-seacev3-1245012,ocds-dgv273-seacev3-1245012-2026-09-18T10:22:47.827217-05:00,1245012-1832319,155978.35,PEN,Soles,2026-09-16T00:00:00-05:00
ocds-dgv273-seacev3-1241118,ocds-dgv273-seacev3-1241118-2026-09-18T10:22:47.797599-05:00,1241118-1826431,3313151.42,PEN,Soles,2026-08-31T00:00:00-05:00
ocds-dgv273-seacev3-1243786,ocds-dgv273-seacev3-1243786-2026-09-18T10:22:47.658176-05:00,1243786-20449458436,68766.0,PEN,Soles,2026-09-02T14:50:30-05:00
ocds-dgv273-seacev3-1241659,ocds-dgv273-seacev3-1241659-2026-09-18T10:22:47.642998-05:00,1241659-20609994992,52720.0,PEN,Soles,2026-08-27T00:00:00-05:00
ocds-dgv273-seacev3-1240822,ocds-dgv273-seacev3-1240822-2026-09-18T10:22:47.628306-05:00,1240822-1831852,7344423.04,PEN,Soles,2026-09-15T00:00:00-05:00
ocds-dgv273-seacev3-1245341,ocds-dgv273-seacev3-1245341-2026-09-18T10:22:47.595160-05:00,1245341-10469644788,104980.0,PEN,Soles,2026-09-14T00:00:00-05:00
ocds-dgv273-seacev3-1242074,ocds-dgv273-seacev3-1242074-2026-09-18T10:22:47.579569-05:00,1242074-1824942,277131.9,PEN,Soles,2026-08-27T00:00:00-05:00
ocds-dgv273-seacev3-1242049,ocds-dgv273-seacev3-1242049-2026-09-18T10:22:47.565320-05:00,1242049-1826266,151075.54,PEN,Soles,2026-09-03T00:00:00-05:00
ocds-dgv273-seacev3-1244562,ocds-dgv273-seacev3-1244562-2026-09-18T10:22:47.545173-05:00,1244562-1829393,315914.12,PEN,Soles,2026-09-17T00:00:00-05:00
ocds-dgv273-seacev3-1240650,ocds-dgv273-seacev3-1240650-2026-09-18T10:22:47.530837-05:00,1240650-1827869,350000.0,PEN,Soles,2026-09-16T00:00:00-05:00
ocds-dgv273-seacev3-1238408,ocds-dgv273-seacev3-1238408-2026-09-18T10:22:47.514432-05:00,1238408-1821213,943174.37,PEN,Soles,2026-08-21T00:00:00-05:00
ocds-dgv273-seacev3-1242114,ocds-dgv273-seacev3-1242114-2026-09-18T10:22:47.447928-05:00,1242114-20610541098,807000.0,PEN,Soles,2026-09-03T16:55:37-05:00
ocds-dgv273-seacev3-1241838,ocds-dgv273-seacev3-1241838-2026-09-18T10:22:47.432291-05:00,1241838-1825163,95506.78,PEN,Soles,2026-08-28T00:00:00-05:00
ocds-dgv273-seacev3-1240908,ocds-dgv273-seacev3-1240908-2026-09-18T10:22:47.412062-05:00,1240908-10190837292,63600.0,PEN,Soles,2026-08-20T00:00:00-05:00
ocds-dgv273-seacev3-1244230,ocds-dgv273-seacev3-1244230-2026-09-18T10:22:47.331996-05:00,1244230-20533647724,72000.0,PEN,Soles,2026-09-17T00:00:00-05:00
ocds-dgv273-seacev3-1241907,ocds-dgv273-seacev3-1241907-2026-09-18T10:22:47.297584-05:00,1241907-1830781,67029.9,PEN,Soles,2026-09-16T00:00:00-05:00
ocds-dgv273-seacev3-1243919,ocds-dgv273-seacev3-1243919-2026-09-18T10:22:47.268061-05:00,1243919-1828397,893220.0,PEN,Soles,2026-09-08T00:00:00-05:00
ocds-dgv273-seacev3-1243526,ocds-dgv273-seacev3-1243526-2026-09-18T10:22:47.202034-05:00,1243526-20614987082,64030.0,PEN,Soles,2026-09-17T00:00:00-05:00
ocds-dgv273-seacev3-1242046,ocds-dgv273-seacev3-1242046-2026-09-18T10:22:47.178113-05:00,1242046-20601558042,125000.0,PEN,Soles,2026-09-17T00:00:00-05:00
ocds-dgv273-seacev3-2026-38209-1,ocds-dgv273-seacev3-2026-38209-1-2026-09-18T10:22:47.165193-05:00,1240014-20349792193,6438160.0,PEN,Soles,2026-09-17T00:00:00-05:00
ocds-dgv273-seacev3-1245684,ocds-dgv273-seacev3-1245684-2026-09-18T10:22:47.102285-05:00,1245684-10424614519,176356.13,PEN,Soles,2026-09-15T00:00:00-05:00
ocds-dgv273-seacev3-1244716,ocds-dgv273-seacev3-1244716-2026-09-18T10:22:47.080767-05:00,1244716-1830840,388010.0,PEN,Soles,2026-09-15T00:00:00-05:00
ocds-dgv273-seacev3-1243531,ocds-dgv273-seacev3-1243531-2026-09-18T10:22:47.066322-05:00,1243531-20490040952,49640.0,PEN,Soles,2026-08-31T00:00:00-05:00
ocds-dgv273-seacev3-1245314,ocds-dgv273-seacev3-1245314-2026-09-18T10:22:47.021919-05:00,1245314-20601990483,317160.0,PEN,Soles,2026-09-17T00:00:00-05:00
ocds-dgv273-seacev3-1242733,ocds-dgv273-seacev3-1242733-2026-09-18T10:22:46.998944-05:00,1242733-20606403993,349500.0,PEN,Soles,2026-09-09T00:00:00-05:00
ocds-dgv273-seacev3-2026-10141-26,ocds-dgv273-seacev3-2026-10141-26-2026-09-18T10:22:46.871008-05:00,1241390-20447678722,325000.0,PEN,Soles,2026-09-08T00:00:00-05:00
ocds-dgv273-seacev3-1238018,ocds-dgv273-seacev3-1238018-2026-09-18T10:22:46.856570-05:00,1238018-1831170,15861146.03,PEN,Soles,2026-09-15T00:00:00-05:00
ocds-dgv273-seacev3-1244638,ocds-dgv273-seacev3-1244638-2026-09-18T10:22:46.775758-05:00,1244638-20609957566,219000.0,PEN,Soles,2026-09-10T00:00:00-05:00
ocds-dgv273-seacev3-1246125,ocds-dgv273-seacev3-1246125-2026-09-18T10:22:46.721811-05:00,1246125-20600108370,185040.0,PEN,Soles,2026-09-09T00:00:00-05:00
ocds-dgv273-seacev3-1241828,ocds-dgv273-seacev3-1241828-2026-09-18T10:22:46.670281-05:00,1241828-20251267341,59200.0,PEN,Soles,2026-09-09T00:00:00-05:00
ocds-dgv273-seacev3-1244197,ocds-dgv273-seacev3-1244197-2026-09-18T10:22:46.642202-05:00,1244197-1831618,452881.45,PEN,Soles,2026-09-16T00:00:00-05:00
ocds-dgv273-seacev3-1243114,ocds-dgv273-seacev3-1243114-2026-09-18T10:22:46.628124-05:00,1243114-20100096936,160800.0,PEN,Soles,2026-09-07T00:00:00-05:00
ocds-dgv273-seacev3-1244269,ocds-dgv273-seacev3-1244269-2026-09-18T10:22:46.591008-05:00,1244269-20608145193,190000.0,PEN,Soles,2026-09-04T00:00:00-05:00
ocds-dgv273-seacev3-1241252,ocds-dgv273-seacev3-1241252-2026-09-18T10:22:46.576733-05:00,1241252-1824569,90744.08,PEN,Soles,2026-09-15T00:00:00-05:00
ocds-dgv273-seacev3-1240959,ocds-dgv273-seacev3-1240959-2026-09-18T10:22:46.484851-05:00,1240959-1832552,60543302.05,PEN,Soles,2026-09-16T00:00:00-05:00
ocds-dgv273-seacev3-1245532,ocds-dgv273-seacev3-1245532-2026-09-18T10:22:46.456898-05:00,1245532-20603871911,369342.0,PEN,Soles,2026-09-15T00:00:00-05:00
ocds-dgv273-seacev3-1244455,ocds-dgv273-seacev3-1244455-2026-09-18T10:22:46.377390-05:00,1244455-20612119784,757316.0,PEN,Soles,2026-09-03T00:00:00-05:00
ocds-dgv273-seacev3-1245210,ocds-dgv273-seacev3-1245210-2026-09-18T10:22:46.340594-05:00,1245210-1830226,1408424.21,PEN,Soles,2026-09-17T00:00:00-05:00
ocds-dgv273-seacev3-1245849,ocds-dgv273-seacev3-1245849-2026-09-18T10:22:46.292412-05:00,1245849-20601638615,42600.0,PEN,Soles,2026-09-17T00:00:00-05:00
ocds-dgv273-seacev3-1245769,ocds-dgv273-seacev3-1245769-2026-09-18T10:22:46.277300-05:00,1245769-10716218371,119892.0,PEN,Soles,2026-09-10T00:00:00-05:00
ocds-dgv273-seacev3-1241131,ocds-dgv273-seacev3-1241131-2026-09-18T10:22:46.262499-05:00,1241131-20610486259,258999.5,PEN,Soles,2026-09-17T00:00:00-05:00
ocds-dgv273-seacev3-1245246,ocds-dgv273-seacev3-1245246-2026-09-18T10:22:46.239278-05:00,1245246-1831836,330287.74,PEN,Soles,2026-09-15T00:00:00-05:00
ocds-dgv273-seacev3-1241200,ocds-dgv273-seacev3-1241200-2026-09-18T10:22:46.222262-05:00,1241200-20600433131,244950.0,PEN,Soles,2026-09-09T00:00:00-05:00
ocds-dgv273-seacev3-1244837,ocds-dgv273-seacev3-1244837-2026-09-18T10:22:46.151869-05:00,1244837-1828688,281372.05,PEN,Soles,2026-09-07T00:00:00-05:00
ocds-dgv273-seacev3-1244203,ocds-dgv273-seacev3-1244203-2026-09-18T10:22:46.137081-05:00,1244203-1829709,4180000.0,PEN,Soles,2026-09-09T00:00:00-05:00
ocds-dgv273-seacev3-1244394,ocds-dgv273-seacev3-1244394-2026-09-18T10:22:46.094953-05:00,1244394-20454935048,153640.0,PEN,Soles,2026-09-09T00:00:00-05:00
ocds-dgv273-seacev3-2026-1623-1,ocds-dgv273-seacev3-2026-1623-1-2026-09-18T10:22:46.080226-05:00,1243473-1827842,286352.75,PEN,Soles,2026-09-09T00:00:00-05:00
ocds-dgv273-seacev3-1242276,ocds-dgv273-seacev3-1242276-2026-09-18T10:22:46.057871-05:00,1242276-20449458436,81998.0,PEN,Soles,2026-08-28T00:00:00-05:00
ocds-dgv273-seacev3-2026-1899-6,ocds-dgv273-seacev3-2026-1899-6-2026-09-18T10:22:46.025214-05:00,1241103-1825666,69500.0,PEN,Soles,2026-09-09T00:00:00-05:00
ocds-dgv273-seacev3-1238393,ocds-dgv273-seacev3-1238393-2026-09-18T10:22:46.010524-05:00,1238393-20530880746,198884.82,PEN,Soles,2026-09-16T00:00:00-05:00
ocds-dgv273-seacev3-1238434,ocds-dgv273-seacev3-1238434-2026-09-18T10:22:45.954661-05:00,1238434-20600470664,57660.0,PEN,Soles,2026-09-16T00:00:00-05:00
ocds-dgv273-seacev3-1238301,ocds-dgv273-seacev3-1238301-2026-09-18T10:22:45.937194-05:00,1238301-20527256667,176000.0,PEN,Soles,2026-09-07T00:00:00-05:00
ocds-dgv273-seacev3-1243462,ocds-dgv273-seacev3-1243462-2026-09-18T10:22:45.902072-05:00,1243462-1827843,388422.2,PEN,Soles,2026-09-04T00:00:00-05:00
ocds-dgv273-seacev3-1244961,ocds-dgv273-seacev3-1244961-2026-09-18T10:22:45.864838-05:00,1244961-20408083886,79400.0,PEN,Soles,2026-09-16T00:00:00-05:00
ocds-dgv273-seacev3-1245397,ocds-dgv273-seacev3-1245397-2026-09-18T10:22:45.813746-05:00,1245397-20100312736,23529.2,PEN,Soles,2026-09-10T00:00:00-05:00
ocds-dgv273-seacev3-1244946,ocds-dgv273-seacev3-1244946-2026-09-18T10:22:45.798506-05:00,1244946-20404097343,294069.0,PEN,Soles,2026-09-08T00:00:00-05:00
ocds-dgv273-seacev3-1244978,ocds-dgv273-seacev3-1244978-2026-09-18T10:22:45.785638-05:00,1244978-20448439519,98910.0,PEN,Soles,2026-09-04T00:00:00-05:00
ocds-dgv273-seacev3-1243591,ocds-dgv273-seacev3-1243591-2026-09-18T10:22:45.770230-05:00,1243591-20545804795,89950.0,PEN,Soles,2026-09-16T00:00:00-05:00
ocds-dgv273-seacev3-1245050,ocds-dgv273-seacev3-1245050-2026-09-18T10:22:45.727743-05:00,1245050-10093024597,140000.0,PEN,Soles,2026-09-09T00:00:00-05:00
ocds-dgv273-seacev3-1244095,ocds-dgv273-seacev3-1244095-2026-09-18T10:22:45.712984-05:00,1244095-20614109310,380289.44,PEN,Soles,2026-09-09T00:00:00-05:00
ocds-dgv273-seacev3-1244030,ocds-dgv273-seacev3-1244030-2026-09-18T10:22:45.693808-05:00,1244030-20615442128,295700.0,PEN,Soles,2026-09-08T00:00:00-05:00
ocds-dgv273-seacev3-1243335,ocds-dgv273-seacev3-1243335-2026-09-18T10:22:45.679110-05:00,1243335-1827487,263264.0,PEN,Soles,2026-09-04T00:00:00-05:00
ocds-dgv273-seacev3-1244578,ocds-dgv273-seacev3-1244578-2026-09-18T10:22:45.617926-05:00,1244578-10404273537,93000.0,PEN,Soles,2026-09-16T00:00:00-05:00
ocds-dgv273-seacev3-1244237,ocds-dgv273-seacev3-1244237-2026-09-18T10:22:45.603548-05:00,1244237-1830271,83048.0,PEN,Soles,2026-09-10T00:00:00-05:00
ocds-dgv273-seacev3-1242718,ocds-dgv273-seacev3-1242718-2026-09-18T10:22:45.544310-05:00,1242718-1826707,218945.06,PEN,Soles,2026-09-08T00:00:00-05:00
ocds-dgv273-seacev3-1245191,ocds-dgv273-seacev3-1245191-2026-09-18T10:22:45.461816-05:00,1245191-20408046760,62500.0,PEN,Soles,2026-08-27T00:00:00-05:00
ocds-dgv273-seacev3-1247585,ocds-dgv273-seacev3-1247585-2026-09-18T10:22:45.432279-05:00,1247585-20143229816,96502.34,PEN,Soles,2026-09-16T00:00:00-05:00
ocds-dgv273-seacev3-1238172,ocds-dgv273-seacev3-1238172-2026-09-18T10:22:45.402010-05:00,1238172-1821495,590582.25,PEN,Soles,2026-08-27T00:00:00-05:00
ocds-dgv273-seacev3-1242762,ocds-dgv273-seacev3-1242762-2026-09-18T10:22:45.375112-05:00,1242762-10452170961,94440.0,PEN,Soles,2026-09-09T00:00:00-05:00
ocds-dgv273-seacev3-1246182,ocds-dgv273-seacev3-1246182-2026-09-18T10:22:45.334381-05:00,1246182-1831399,66182.78,PEN,Soles,2026-09-17T00:00:00-05:00
ocds-dgv273-seacev3-1245252,ocds-dgv273-seacev3-1245252-2026-09-18T10:22:45.320572-05:00,1245252-1830068,267673.25,PEN,Soles,2026-09-16T00:00:00-05:00
ocds-dgv273-seacev3-1243564,ocds-dgv273-seacev3-1243564-2026-09-18T10:22:45.292023-05:00,1243564-20600108906,173800.0,PEN,Soles,2026-09-08T00:00:00-05:00
ocds-dgv273-seacev3-2026-10151-6,ocds-dgv273-seacev3-2026-10151-6-2026-09-18T10:22:45.257520-05:00,1240294-10458652614,244689.64,PEN,Soles,2026-08-27T00:00:00-05:00
ocds-dgv273-seacev3-1251263,ocds-dgv273-seacev3-1251263-2026-09-18T10:22:40.873684-05:00,1251263-20611553855,145554.35,PEN,Soles,2026-09-17T00:00:00-05:00
ocds-dgv273-seacev3-1244620,ocds-dgv273-seacev3-1244620-2026-09-18T10:22:40.665068-05:00,1244620-20456006371,90600.0,PEN,Soles,2026-09-08T00:00:00-05:00
ocds-dgv273-seacev3-1236804,ocds-dgv273-seacev3-1236804-2026-09-18T10:22:40.647134-05:00,1236804-20603600194,154700.0,PEN,Soles,2026-09-07T00:00:00-05:00
ocds-dgv273-seacev3-1241282,ocds-dgv273-seacev3-1241282-2026-09-18T10:22:40.494730-05:00,1241282-20536937685,2973510.0,PEN,Soles,2026-09-17T00:00:00-05:00
ocds-dgv273-seacev3-1241211,ocds-dgv273-seacev3-1241211-2026-09-18T10:22:40.468306-05:00,1241211-1825423,434570.02,PEN,Soles,2026-08-28T00:00:00-05:00
ocds-dgv273-seacev3-1245030,ocds-dgv273-seacev3-1245030-2026-09-18T10:22:40.389654-05:00,1245030-10275478747,80000.0,PEN,Soles,2026-09-08T00:00:00-05:00
ocds-dgv273-seacev3-2026-1947-364,ocds-dgv273-seacev3-2026-1947-364-2026-09-18T10:22:40.375471-05:00,1243451-20449559381,59000.0,PEN,Soles,2026-09-08T00:00:00-05:00
ocds-dgv273-seacev3-1240403,ocds-dgv273-seacev3-1240403-2026-09-18T10:22:40.359973-05:00,1240403-1823761,403856.69,PEN,Soles,2026-08-26T00:00:00-05:00
ocds-dgv273-seacev3-2026-1947-372,ocds-dgv273-seacev3-2026-1947-372-2026-09-18T10:22:40.339476-05:00,1243044-20571573645,79800.0,PEN,Soles,2026-09-08T00:00:00-05:00
ocds-dgv273-seacev3-1238170,ocds-dgv273-seacev3-1238170-2026-09-18T10:22:40.305513-05:00,1238170-1830595,299500.0,PEN,Soles,2026-09-17T00:00:00-05:00
ocds-dgv273-seacev3-1245470,ocds-dgv273-seacev3-1245470-2026-09-18T10:22:40.257239-05:00,1245470-1832003,217419.51,PEN,Soles,2026-09-17T00:00:00-05:00
ocds-dgv273-seacev3-1243949,ocds-dgv273-seacev3-1243949-2026-09-18T10:22:40.237673-05:00,1243949-20519881757,250750.0,PEN,Soles,2026-09-15T00:00:00-05:00
ocds-dgv273-seacev3-1241296,ocds-dgv273-seacev3-1241296-2026-09-18T10:22:40.222758-05:00,1241296-1827230,4289497.33,PEN,Soles,2026-09-08T00:00:00-05:00
ocds-dgv273-seacev3-1238774,ocds-dgv273-seacev3-1238774-2026-09-18T10:22:40.102366-05:00,1238774-1822321,312166.38,PEN,Nuevos Soles,2026-08-21T00:00:00-05:00
ocds-dgv273-seacev3-1243615,ocds-dgv273-seacev3-1243615-2026-09-18T10:22:40.077552-05:00,1243615-20615719316,630650.0,PEN,Soles,2026-09-02T00:00:00-05:00
ocds-dgv273-seacev3-1238651,ocds-dgv273-seacev3-1238651-2026-09-18T10:22:40.031525-05:00,1238651-1820729,85600.0,PEN,Soles,2026-09-09T00:00:00-05:00
ocds-dgv273-seacev3-1238086,ocds-dgv273-seacev3-1238086-2026-09-18T10:22:39.994448-05:00,1238086-10238833561,427773.42000000004,PEN,Soles,2026-09-09T00:00:00-05:00
ocds-dgv273-seacev3-1243022,ocds-dgv273-seacev3-1243022-2026-09-18T10:22:39.972210-05:00,1243022-20606915668,40800.0,PEN,Soles,2026-09-08T00:00:00-05:00
ocds-dgv273-seacev3-1241771,ocds-dgv273-seacev3-1241771-2026-09-18T10:22:39.956728-05:00,1241771-1825583,2281599.14,PEN,Soles,2026-08-31T00:00:00-05:00
ocds-dgv273-seacev3-1244147,ocds-dgv273-seacev3-1244147-2026-09-18T10:22:39.895177-05:00,1244147-20615457192,51200.0,PEN,Soles,2026-08-31T00:00:00-05:00
ocds-dgv273-seacev3-1239255,ocds-dgv273-seacev3-1239255-2026-09-18T10:22:39.843438-05:00,1239255-1822200,1851112.56,PEN,Soles,2026-08-24T00:00:00-05:00
ocds-dgv273-seacev3-2026-1155-30,ocds-dgv273-seacev3-2026-1155-30-2026-09-18T10:22:39.784194-05:00,1239610-1823183,598469.97,PEN,Soles,2026-09-08T00:00:00-05:00
ocds-dgv273-seacev3-1239876,ocds-dgv273-seacev3-1239876-2026-09-18T10:22:39.734539-05:00,1239876-1830709,1740747.53,PEN,Soles,2026-09-17T00:00:00-05:00
ocds-dgv273-seacev3-1239796,ocds-dgv273-seacev3-1239796-2026-09-18T10:22:39.718807-05:00,1239796-20613268961,200000.0,PEN,Soles,2026-09-09T00:00:00-05:00
ocds-dgv273-seacev3-2026-146038-1,ocds-dgv273-seacev3-2026-146038-1-2026-09-18T10:22:39.693104-05:00,1244374-20554611126,153000.0,PEN,Soles,2026-09-08T00:00:00-05:00
ocds-dgv273-seacev3-1243593,ocds-dgv273-seacev3-1243593-2026-09-18T10:22:39.659452-05:00,1243593-20600782518,62208.0,PEN,Soles,2026-08-27T00:00:00-05:00
ocds-dgv273-seacev3-1251027,ocds-dgv273-seacev3-1251027-2026-09-18T10:22:39.638333-05:00,1251027-10181990282,1897792.44,PEN,Soles,2026-09-17T00:00:00-05:00
ocds-dgv273-seacev3-1250719,ocds-dgv273-seacev3-1250719-2026-09-18T10:22:39.604997-05:00,1250719-1833086,925457.97,PEN,Soles,2026-09-16T00:00:00-05:00
ocds-dgv273-seacev3-1245288,ocds-dgv273-seacev3-1245288-2026-09-18T10:22:39.548220-05:00,1245288-10181403212,73012.73,PEN,Soles,2026-09-16T00:00:00-05:00
ocds-dgv273-seacev3-1245561,ocds-dgv273-seacev3-1245561-2026-09-18T10:22:39.534875-05:00,1245561-20601173221,2704000.0,PEN,Soles,2026-09-17T00:00:00-05:00
ocds-dgv273-seacev3-1240052,ocds-dgv273-seacev3-1240052-2026-09-18T10:22:39.430866-05:00,1240052-20505110651,107485.0,PEN,Soles,2026-09-08T00:00:00-05:00
ocds-dgv273-seacev3-1239422,ocds-dgv273-seacev3-1239422-2026-09-18T10:22:39.415190-05:00,1239422-1822955,515823.51,PEN,Soles,2026-08-24T00:00:00-05:00
ocds-dgv273-seacev3-1240526,ocds-dgv273-seacev3-1240526-2026-09-18T10:22:39.351776-05:00,1240526-10707543146,74840.0,PEN,Soles,2026-08-26T00:00:00-05:00
ocds-dgv273-seacev3-1242102,ocds-dgv273-seacev3-1242102-2026-09-18T10:22:39.199236-05:00,1242102-1826954,542235.63,PEN,Soles,2026-09-09T00:00:00-05:00
ocds-dgv273-seacev3-1239048,ocds-dgv273-seacev3-1239048-2026-09-18T10:22:39.172992-05:00,1239048-20614279169,1080000.0,PEN,Soles,2026-09-03T00:00:00-05:00
ocds-dgv273-seacev3-1242034,ocds-dgv273-seacev3-1242034-2026-09-18T10:22:39.108781-05:00,1242034-20541181556,145000.0,PEN,Soles,2026-09-08T00:00:00-05:00
ocds-dgv273-seacev3-1242034,ocds-dgv273-seacev3-1242034-2026-09-18T10:22:39.108781-05:00,1242034-20541624644,209000.0,PEN,Soles,2026-09-08T00:00:00-05:00
ocds-dgv273-seacev3-1240074,ocds-dgv273-seacev3-1240074-2026-09-18T10:22:39.095548-05:00,1240074-20523476379,5514904.13,PEN,Soles,2026-09-16T00:00:00-05:00
ocds-dgv273-seacev3-2026-2364-20,ocds-dgv273-seacev3-2026-2364-20-2026-09-18T10:22:38.920425-05:00,1238263-20490294113,74800.0,PEN,Soles,2026-08-24T00:00:00-05:00
ocds-dgv273-seacev3-1245910,ocds-dgv273-seacev3-1245910-2026-09-18T10:22:38.825156-05:00,1245910-20608232975,45978.35,PEN,Soles,2026-09-08T00:00:00-05:00
ocds-dgv273-seacev3-1240047,ocds-dgv273-seacev3-1240047-2026-09-18T10:22:38.796256-05:00,1240047-1823397,2237593.78,PEN,Soles,2026-08-24T00:00:00-05:00
ocds-dgv273-seacev3-1242930,ocds-dgv273-seacev3-1242930-2026-09-18T10:22:38.742621-05:00,1242930-20609536129,135845.0,PEN,Soles,2026-09-03T20:43:39-05:00
ocds-dgv273-seacev3-1239160,ocds-dgv273-seacev3-1239160-2026-09-18T10:22:38.595764-05:00,1239160-20560145358,134720.0,PEN,Soles,2026-09-11T00:00:00-05:00
ocds-dgv273-seacev3-1238913,ocds-dgv273-seacev3-1238913-2026-09-18T10:22:38.544659-05:00,1238913-20100162238,296774.28,PEN,Soles,2026-09-16T00:00:00-05:00
ocds-dgv273-seacev3-1244695,ocds-dgv273-seacev3-1244695-2026-09-18T10:22:38.458494-05:00,1244695-20614004488,99850.0,PEN,Soles,2026-09-04T00:00:00-05:00
ocds-dgv273-seacev3-1242845,ocds-dgv273-seacev3-1242845-2026-09-18T10:22:38.443932-05:00,1242845-20606239051,80600.0,PEN,Soles,2026-09-09T00:00:00-05:00
ocds-dgv273-seacev3-1246062,ocds-dgv273-seacev3-1246062-2026-09-18T10:22:38.369174-05:00,1246062-1830994,1607641.81,PEN,Soles,2026-09-15T00:00:00-05:00
ocds-dgv273-seacev3-2026-1871-22,ocds-dgv273-seacev3-2026-1871-22-2026-09-18T10:22:38.355735-05:00,1245806-10058693486,400207.0,PEN,Soles,2026-09-15T00:00:00-05:00
ocds-dgv273-seacev3-1245311,ocds-dgv273-seacev3-1245311-2026-09-18T10:22:38.192105-05:00,1245311-20526944934,1217940.0,PEN,Soles,2026-09-17T14:40:28-05:00
ocds-dgv273-seacev3-1240654,ocds-dgv273-seacev3-1240654-2026-09-18T10:22:38.179731-05:00,1240654-1822603,2579290.08,PEN,Soles,2026-08-20T00:00:00-05:00
ocds-dgv273-seacev3-1241687,ocds-dgv273-seacev3-1241687-2026-09-18T10:22:38.165334-05:00,1241687-20602007970,71400.0,PEN,Soles,2026-09-17T00:00:00-05:00
ocds-dgv273-seacev3-1239944,ocds-dgv273-seacev3-1239944-2026-09-18T10:22:38.103248-05:00,1239944-1827187,666652.85,PEN,Soles,2026-09-17T00:00:00-05:00
ocds-dgv273-seacev3-2026-397-50,ocds-dgv273-seacev3-2026-397-50-2026-09-18T10:22:38.088115-05:00,1239681-1827791,981953.31,PEN,Soles,2026-09-09T00:00:00-05:00
ocds-dgv273-seacev3-1238208,ocds-dgv273-seacev3-1238208-2026-09-18T10:22:38.073064-05:00,1238208-20479748102,125000.0,PEN,Soles,2026-08-17T00:00:00-05:00
ocds-dgv273-seacev3-1239761,ocds-dgv273-seacev3-1239761-2026-09-18T10:22:38.021772-05:00,1239761-1823129,134553.77,PEN,Soles,2026-09-08T00:00:00-05:00
ocds-dgv273-seacev3-2026-2347-10,ocds-dgv273-seacev3-2026-2347-10-2026-09-18T10:22:38.007673-05:00,1195253-10444056105,178200.0,PEN,Soles,2026-04-17T00:00:00-05:00
ocds-dgv273-seacev3-2026-2347-10,ocds-dgv273-seacev3-2026-2347-10-2026-09-18T10:22:38.007673-05:00,1245887-10444056105,162840.0,PEN,Soles,2026-09-17T00:00:00-05:00
ocds-dgv273-seacev3-1243670,ocds-dgv273-seacev3-1243670-2026-09-18T10:22:37.993300-05:00,1243670-1828031,242101.51,PEN,Soles,2026-09-15T00:00:00-05:00
ocds-dgv273-seacev3-1244640,ocds-dgv273-seacev3-1244640-2026-09-18T10:22:37.950481-05:00,1244640-1831222,3860902.66,PEN,Soles,2026-09-14T00:00:00-05:00
ocds-dgv273-seacev3-1240321,ocds-dgv273-seacev3-1240321-2026-09-18T10:22:37.832679-05:00,1240321-1832376,3634714.55,PEN,Soles,2026-09-17T00:00:00-05:00
ocds-dgv273-seacev3-1243025,ocds-dgv273-seacev3-1243025-2026-09-18T10:22:37.668779-05:00,1243025-1827208,336500.8,PEN,Soles,2026-09-07T00:00:00-05:00
ocds-dgv273-seacev3-1241563,ocds-dgv273-seacev3-1241563-2026-09-18T10:22:37.653330-05:00,1241563-10475732974,89500.0,PEN,Soles,2026-09-10T00:00:00-05:00
ocds-dgv273-seacev3-1243020,ocds-dgv273-seacev3-1243020-2026-09-18T10:22:37.639790-05:00,1243020-1828968,130854.0,PEN,Soles,2026-09-16T00:00:00-05:00
ocds-dgv273-seacev3-1245628,ocds-dgv273-seacev3-1245628-2026-09-18T10:22:37.585507-05:00,1245628-20611553855,275.15,PEN,Soles,2026-09-09T00:00:00-05:00
ocds-dgv273-seacev3-1244110,ocds-dgv273-seacev3-1244110-2026-09-18T10:22:37.529931-05:00,1244110-20600566149,115540.0,PEN,Soles,2026-09-09T00:00:00-05:00
ocds-dgv273-seacev3-1242389,ocds-dgv273-seacev3-1242389-2026-09-18T10:22:37.441330-05:00,1242389-20601253608,82000.0,PEN,Soles,2026-09-08T00:00:00-05:00
ocds-dgv273-seacev3-1238582,ocds-dgv273-seacev3-1238582-2026-09-18T10:22:37.422679-05:00,1238582-1824353,228931.46,PEN,Soles,2026-09-02T00:00:00-05:00
ocds-dgv273-seacev3-1245419,ocds-dgv273-seacev3-1245419-2026-09-18T10:22:37.382494-05:00,1245419-20510274009,178182.95,USD,Dólar Norteamericano,2026-09-16T00:00:00-05:00
ocds-dgv273-seacev3-2026-10263-7,ocds-dgv273-seacev3-2026-10263-7-2026-09-18T10:22:37.360733-05:00,1243921-20600788826,398675.0,PEN,Soles,2026-09-09T00:00:00-05:00
ocds-dgv273-seacev3-1243800,ocds-dgv273-seacev3-1243800-2026-09-18T10:22:37.348407-05:00,1243800-20404553292,81600.0,PEN,Soles,2026-09-16T00:00:00-05:00
ocds-dgv273-seacev3-1240561,ocds-dgv273-seacev3-1240561-2026-09-18T10:22:36.719433-05:00,1240561-20604336644,94767.94,PEN,Soles,2026-08-18T00:00:00-05:00
ocds-dgv273-seacev3-1244653,ocds-dgv273-seacev3-1244653-2026-09-18T10:22:36.686146-05:00,1244653-20477246941,121700.0,PEN,Soles,2026-09-16T00:00:00-05:00
ocds-dgv273-seacev3-2026-80812-3,ocds-dgv273-seacev3-2026-80812-3-2026-09-18T10:22:36.669778-05:00,1238709-20538996921,270000.0,PEN,Soles,2026-08-20T00:00:00-05:00
ocds-dgv273-seacev3-1239492,ocds-dgv273-seacev3-1239492-2026-09-18T10:22:36.565366-05:00,1239492-20559644243,42700.0,PEN,Soles,2026-08-18T00:00:00-05:00
ocds-dgv273-seacev3-2026-1581-4,ocds-dgv273-seacev3-2026-1581-4-2026-09-18T10:22:36.549121-05:00,1236574-1824170,3440146.74,PEN,Soles,2026-08-27T00:00:00-05:00
ocds-dgv273-seacev3-1242006,ocds-dgv273-seacev3-1242006-2026-09-18T10:22:36.504191-05:00,1242006-20604990832,53000.0,PEN,Soles,2026-08-31T14:26:53-05:00
ocds-dgv273-seacev3-2026-200019-29,ocds-dgv273-seacev3-2026-200019-29-2026-09-18T10:22:36.384125-05:00,1240715-20606847751,203880.0,PEN,Soles,2026-09-08T00:00:00-05:00
ocds-dgv273-seacev3-1244474,ocds-dgv273-seacev3-1244474-2026-09-18T10:22:36.266246-05:00,1244474-20563136562,64492.8,PEN,Soles,2026-09-08T00:00:00-05:00
ocds-dgv273-seacev3-1242662,ocds-dgv273-seacev3-1242662-2026-09-18T10:22:36.249840-05:00,1242662-1827942,190299.27,PEN,Soles,2026-09-08T00:00:00-05:00
ocds-dgv273-seacev3-1241778,ocds-dgv273-seacev3-1241778-2026-09-18T10:22:35.969238-05:00,1241778-20613933141,99690.0,PEN,Soles,2026-08-21T00:00:00-05:00
ocds-dgv273-seacev3-2026-10141-20,ocds-dgv273-seacev3-2026-10141-20-2026-09-18T10:22:35.954226-05:00,1240743-20611748753,237666.22,PEN,Soles,2026-09-09T00:00:00-05:00
ocds-dgv273-seacev3-1245308,ocds-dgv273-seacev3-1245308-2026-09-18T10:22:35.912874-05:00,1245308-1832551,466100.0,PEN,Soles,2026-09-17T00:00:00-05:00
ocds-dgv273-seacev3-1244264,ocds-dgv273-seacev3-1244264-2026-09-18T10:22:35.891744-05:00,1244264-20601507855,115267.09,PEN,Soles,2026-09-07T00:00:00-05:00
ocds-dgv273-seacev3-1247112,ocds-dgv273-seacev3-1247112-2026-09-18T10:22:35.842649-05:00,1247112-20609605589,71390.0,PEN,Soles,2026-09-16T00:00:00-05:00
ocds-dgv273-seacev3-2026-289-5,ocds-dgv273-seacev3-2026-289-5-2026-09-18T10:22:35.816896-05:00,1238023-1828325,6048878.03,PEN,Soles,2026-09-07T00:00:00-05:00
ocds-dgv273-seacev3-2026-1983-31,ocds-dgv273-seacev3-2026-1983-31-2026-09-18T10:22:35.730314-05:00,1245592-20528976701,90978.0,PEN,Soles,2026-09-09T00:00:00-05:00
ocds-dgv273-seacev3-1245244,ocds-dgv273-seacev3-1245244-2026-09-18T10:22:35.717573-05:00,1245244-20608030035,108360.0,PEN,Soles,2026-09-09T00:00:00-05:00
ocds-dgv273-seacev3-1243562,ocds-dgv273-seacev3-1243562-2026-09-18T10:22:35.702825-05:00,1243562-20467534026,228896.0,PEN,Soles,2026-09-17T00:00:00-05:00
ocds-dgv273-seacev3-1239731,ocds-dgv273-seacev3-1239731-2026-09-18T10:22:35.688489-05:00,1239731-10723713655,525746.0,PEN,Soles,2026-09-08T00:00:00-05:00
ocds-dgv273-seacev3-1244735,ocds-dgv273-seacev3-1244735-2026-09-18T10:22:35.544930-05:00,1244735-20607530832,267000.0,PEN,Soles,2026-09-17T00:00:00-05:00
ocds-dgv273-seacev3-2026-1642-7,ocds-dgv273-seacev3-2026-1642-7-2026-09-18T10:22:35.529330-05:00,1239079-10181990282,1897792.44,PEN,Soles,2026-08-20T00:00:00-05:00
ocds-dgv273-seacev3-1245619,ocds-dgv273-seacev3-1245619-2026-09-18T10:22:35.462511-05:00,1245619-20609721546,142000.0,PEN,Soles,2026-09-17T00:00:00-05:00
ocds-dgv273-seacev3-1240059,ocds-dgv273-seacev3-1240059-2026-09-18T10:22:35.364242-05:00,1240059-10439819150,100000.0,PEN,Soles,2026-08-31T00:00:00-05:00
ocds-dgv273-seacev3-1239589,ocds-dgv273-seacev3-1239589-2026-09-18T10:22:35.349476-05:00,1239589-1825353,67555.0,PEN,Soles,2026-09-08T00:00:00-05:00
ocds-dgv273-seacev3-1238198,ocds-dgv273-seacev3-1238198-2026-09-18T10:22:35.223581-05:00,1238198-1830517,9071340.31,PEN,Soles,2026-09-16T00:00:00-05:00
ocds-dgv273-seacev3-2026-2396-15,ocds-dgv273-seacev3-2026-2396-15-2026-09-18T10:22:35.128299-05:00,1245991-20507634479,391754.2,PEN,Soles,2026-09-17T00:00:00-05:00
ocds-dgv273-seacev3-1238450,ocds-dgv273-seacev3-1238450-2026-09-18T10:22:35.114928-05:00,1238450-20604094781,90499.99,PEN,Soles,2026-09-15T00:00:00-05:00
ocds-dgv273-seacev3-1241388,ocds-dgv273-seacev3-1241388-2026-09-18T10:22:34.951261-05:00,1241388-20600530535,85668.0,PEN,Soles,2026-09-15T00:00:00-05:00
ocds-dgv273-seacev3-1243740,ocds-dgv273-seacev3-1243740-2026-09-18T10:22:34.836547-05:00,1243740-20606413476,203060.0,PEN,Soles,2026-09-08T00:00:00-05:00
ocds-dgv273-seacev3-1238866,ocds-dgv273-seacev3-1238866-2026-09-18T10:22:34.818237-05:00,1238866-20601638615,110330.0,PEN,Soles,2026-09-01T00:00:00-05:00
ocds-dgv273-seacev3-1244932,ocds-dgv273-seacev3-1244932-2026-09-18T10:22:34.804180-05:00,1244932-10450626550,83220.0,PEN,Soles,2026-09-01T00:00:00-05:00
ocds-dgv273-seacev3-1242632,ocds-dgv273-seacev3-1242632-2026-09-18T10:22:34.780579-05:00,1242632-20277897734,62190.0,PEN,Soles,2026-09-02T00:00:00-05:00
ocds-dgv273-seacev3-1245600,ocds-dgv273-seacev3-1245600-2026-09-18T10:22:34.663559-05:00,1245600-20533037063,112500.0,PEN,Soles,2026-09-17T00:00:00-05:00
ocds-dgv273-seacev3-1244976,ocds-dgv273-seacev3-1244976-2026-09-18T10:22:34.634620-05:00,1244976-20612298123,496402.5,PEN,Soles,2026-09-04T00:00:00-05:00
ocds-dgv273-seacev3-1243527,ocds-dgv273-seacev3-1243527-2026-09-18T10:22:34.620972-05:00,1243527-1828674,1300100.0,PEN,Soles,2026-09-17T00:00:00-05:00
ocds-dgv273-seacev3-1239809,ocds-dgv273-seacev3-1239809-2026-09-18T10:22:34.608581-05:00,1239809-10428867161,76950.0,PEN,Soles,2026-08-17T00:00:00-05:00
ocds-dgv273-seacev3-1239700,ocds-dgv273-seacev3-1239700-2026-09-18T10:22:34.591901-05:00,1239700-1823388,4170720.73,PEN,Soles,2026-08-31T00:00:00-05:00
ocds-dgv273-seacev3-1238937,ocds-dgv273-seacev3-1238937-2026-09-18T10:22:34.550294-05:00,1238937-1818913,761562.64,PEN,Soles,2026-08-10T00:00:00-05:00
ocds-dgv273-seacev3-1244480,ocds-dgv273-seacev3-1244480-2026-09-18T10:22:34.419168-05:00,1244480-10708524200,73150.0,PEN,Soles,2026-08-31T00:00:00-05:00
ocds-dgv273-seacev3-1239531,ocds-dgv273-seacev3-1239531-2026-09-18T10:22:34.405207-05:00,1239531-10012889220,115200.0,PEN,Soles,2026-09-16T00:00:00-05:00
ocds-dgv273-seacev3-1242883,ocds-dgv273-seacev3-1242883-2026-09-18T10:22:34.291478-05:00,1242883-20609031426,69500.0,PEN,Soles,2026-08-31T00:00:00-05:00
ocds-dgv273-seacev3-1242883,ocds-dgv273-seacev3-1242883-2026-09-18T10:22:34.291478-05:00,1242883-20574706409,75900.0,PEN,Soles,2026-09-08T00:00:00-05:00
ocds-dgv273-seacev3-1242883,ocds-dgv273-seacev3-1242883-2026-09-18T10:22:34.291478-05:00,1242883-20611043873,96000.0,PEN,Soles,2026-09-16T00:00:00-05:00
ocds-dgv273-seacev3-1240485,ocds-dgv273-seacev3-1240485-2026-09-18T10:22:34.274025-05:00,1240485-1831124,1583627.6,PEN,Soles,2026-09-16T00:00:00-05:00
ocds-dgv273-seacev3-1240485,ocds-dgv273-seacev3-1240485-2026-09-18T10:22:34.274025-05:00,1240485-1831126,909688.0,PEN,Soles,2026-09-16T00:00:00-05:00
ocds-dgv273-seacev3-1240485,ocds-dgv273-seacev3-1240485-2026-09-18T10:22:34.274025-05:00,1240485-20347475981,701958.4,PEN,Soles,2026-09-16T00:00:00-05:00
ocds-dgv273-seacev3-2026-200187-1,ocds-dgv273-seacev3-2026-200187-1-2026-09-18T10:22:34.227130-05:00,1243116-20450302610,63000.0,PEN,Soles,2026-09-01T00:00:00-05:00
ocds-dgv273-seacev3-1238779,ocds-dgv273-seacev3-1238779-2026-09-18T10:22:34.210605-05:00,1238779-1820997,2091252.85,PEN,Soles,2026-08-18T00:00:00-05:00
ocds-dgv273-seacev3-1247535,ocds-dgv273-seacev3-1247535-2026-09-18T10:22:34.129413-05:00,1247535-20613316141,105728.0,PEN,Soles,2026-09-16T00:00:00-05:00
ocds-dgv273-seacev3-1242835,ocds-dgv273-seacev3-1242835-2026-09-18T10:22:34.080090-05:00,1242835-1826626,439912.97,PEN,Soles,2026-09-01T00:00:00-05:00
ocds-dgv273-seacev3-1242079,ocds-dgv273-seacev3-1242079-2026-09-18T10:22:34.063411-05:00,1242079-1827016,120000.0,PEN,Soles,2026-09-09T00:00:00-05:00
ocds-dgv273-seacev3-1247523,ocds-dgv273-seacev3-1247523-2026-09-18T10:22:34.024770-05:00,1247523-10316820421,46143.9,PEN,Soles,2026-09-16T00:00:00-05:00
ocds-dgv273-seacev3-1245223,ocds-dgv273-seacev3-1245223-2026-09-18T10:22:33.997815-05:00,1245223-20605685138,398529.5,PEN,Soles,2026-09-09T00:00:00-05:00
ocds-dgv273-seacev3-1240246,ocds-dgv273-seacev3-1240246-2026-09-18T10:22:33.982421-05:00,1240246-20519374499,485905.0,PEN,Soles,2026-08-26T00:00:00-05:00
ocds-dgv273-seacev3-1245670,ocds-dgv273-seacev3-1245670-2026-09-18T10:22:33.890267-05:00,1245670-1827554,410470.0,PEN,Soles,2026-09-03T00:00:00-05:00
ocds-dgv273-seacev3-1244371,ocds-dgv273-seacev3-1244371-2026-09-18T10:22:29.113201-05:00,1244371-20604019444,76285.0,PEN,Soles,2026-09-09T00:00:00-05:00
ocds-dgv273-seacev3-1241830,ocds-dgv273-seacev3-1241830-2026-09-18T10:22:29.049861-05:00,1241830-20513891076,109600.0,PEN,Soles,2026-09-01T00:00:00-05:00
ocds-dgv273-seacev3-1247637,ocds-dgv273-seacev3-1247637-2026-09-18T10:22:29.011689-05:00,1247637-1830614,69900.0,PEN,Soles,2026-09-17T00:00:00-05:00
ocds-dgv273-seacev3-1241354,ocds-dgv273-seacev3-1241354-2026-09-18T10:22:28.991913-05:00,1241354-315681,242450.0,PEN,Soles,2026-09-16T00:00:00-05:00
ocds-dgv273-seacev3-1241354,ocds-dgv273-seacev3-1241354-2026-09-18T10:22:28.991913-05:00,1241354-20605724125,217500.0,PEN,Soles,2026-09-16T00:00:00-05:00
ocds-dgv273-seacev3-1245253,ocds-dgv273-seacev3-1245253-2026-09-18T10:22:28.896319-05:00,1245253-20609496275,103000.0,PEN,Soles,2026-09-09T00:00:00-05:00
ocds-dgv273-seacev3-1244567,ocds-dgv273-seacev3-1244567-2026-09-18T10:22:28.875572-05:00,1244567-20610973681,320000.0,PEN,Soles,2026-09-09T00:00:00-05:00
ocds-dgv273-seacev3-1244870,ocds-dgv273-seacev3-1244870-2026-09-18T10:22:28.816911-05:00,1244870-20610572333,424100.0,PEN,Soles,2026-09-08T00:00:00-05:00
ocds-dgv273-seacev3-1238607,ocds-dgv273-seacev3-1238607-2026-09-18T10:22:28.540916-05:00,1238607-1821739,55000.0,PEN,Soles,2026-08-24T00:00:00-05:00
ocds-dgv273-seacev3-1238745,ocds-dgv273-seacev3-1238745-2026-09-18T10:22:28.488702-05:00,1238745-20605122966,431500.0,PEN,Soles,2026-08-20T00:00:00-05:00
ocds-dgv273-seacev3-1238669,ocds-dgv273-seacev3-1238669-2026-09-18T10:22:28.475356-05:00,1238669-20490040952,101412.5,PEN,Soles,2026-08-20T09:28:47-05:00
ocds-dgv273-seacev3-1238669,ocds-dgv273-seacev3-1238669-2026-09-18T10:22:28.475356-05:00,1238669-10456643898,102709.25,PEN,Soles,2026-09-09T00:00:00-05:00
ocds-dgv273-seacev3-1243769,ocds-dgv273-seacev3-1243769-2026-09-18T10:22:28.446295-05:00,1243769-20537274922,340000.0,PEN,Soles,2026-09-16T00:00:00-05:00
ocds-dgv273-seacev3-1243556,ocds-dgv273-seacev3-1243556-2026-09-18T10:22:28.375432-05:00,1243556-20562647440,9625.0,PEN,Nuevos Soles,2026-09-10T00:00:00-05:00
ocds-dgv273-seacev3-1242522,ocds-dgv273-seacev3-1242522-2026-09-18T10:22:28.361258-05:00,1242522-20606293373,98800.0,PEN,Soles,2026-08-24T00:00:00-05:00
ocds-dgv273-seacev3-1239526,ocds-dgv273-seacev3-1239526-2026-09-18T10:22:28.335602-05:00,1239526-20480537425,96600.0,PEN,Soles,2026-08-27T00:00:00-05:00
ocds-dgv273-seacev3-1238716,ocds-dgv273-seacev3-1238716-2026-09-18T10:22:28.272725-05:00,1238716-1830147,197000.0,PEN,Soles,2026-09-10T00:00:00-05:00
ocds-dgv273-seacev3-1250284,ocds-dgv273-seacev3-1250284-2026-09-18T10:22:28.221933-05:00,1250284-10102855952,39000.0,PEN,Soles,2026-09-16T00:00:00-05:00
ocds-dgv273-seacev3-1244800,ocds-dgv273-seacev3-1244800-2026-09-18T10:22:28.176338-05:00,1244800-10732315638,135660.0,PEN,Soles,2026-09-09T00:00:00-05:00
ocds-dgv273-seacev3-1238378,ocds-dgv273-seacev3-1238378-2026-09-18T10:22:28.127091-05:00,1238378-20552452314,115560.0,PEN,Soles,2026-09-08T00:00:00-05:00
ocds-dgv273-seacev3-1239098,ocds-dgv273-seacev3-1239098-2026-09-18T10:22:28.071682-05:00,1239098-1822067,684946.26,PEN,Soles,2026-08-21T00:00:00-05:00
ocds-dgv273-seacev3-1241571,ocds-dgv273-seacev3-1241571-2026-09-18T10:22:27.940655-05:00,1241571-20538736695,149800.0,PEN,Soles,2026-08-28T00:00:00-05:00
ocds-dgv273-seacev3-1240849,ocds-dgv273-seacev3-1240849-2026-09-18T10:22:27.924978-05:00,1240849-1823678,344450.91,PEN,Soles,2026-08-25T00:00:00-05:00
ocds-dgv273-seacev3-1243008,ocds-dgv273-seacev3-1243008-2026-09-18T10:22:27.911200-05:00,1243008-20514137685,81125.0,PEN,Soles,2026-09-02T00:00:00-05:00
ocds-dgv273-seacev3-1242964,ocds-dgv273-seacev3-1242964-2026-09-18T10:22:27.850406-05:00,1242964-20559644243,71000.0,PEN,Soles,2026-09-03T00:00:00-05:00
ocds-dgv273-seacev3-1241428,ocds-dgv273-seacev3-1241428-2026-09-18T10:22:27.819798-05:00,1241428-20494064953,225002.0,PEN,Soles,2026-08-31T00:00:00-05:00
ocds-dgv273-seacev3-1250983,ocds-dgv273-seacev3-1250983-2026-09-18T10:22:27.807207-05:00,1250983-10104432731,24000.0,PEN,Soles,2026-09-17T00:00:00-05:00
ocds-dgv273-seacev3-1243309,ocds-dgv273-seacev3-1243309-2026-09-18T10:22:27.603306-05:00,1243309-20449458436,56788.0,PEN,Soles,2026-08-31T00:00:00-05:00
ocds-dgv273-seacev3-1247052,ocds-dgv273-seacev3-1247052-2026-09-18T10:22:27.590119-05:00,1247052-20349792193,352800.0,PEN,Soles,2026-09-16T00:00:00-05:00
ocds-dgv273-seacev3-1243705,ocds-dgv273-seacev3-1243705-2026-09-18T10:22:27.543684-05:00,1243705-20600779169,10670400.0,PEN,Soles,2026-09-16T00:00:00-05:00
ocds-dgv273-seacev3-1245207,ocds-dgv273-seacev3-1245207-2026-09-18T10:22:27.429380-05:00,1245207-20605849254,76168.0,PEN,Soles,2026-09-08T12:20:41-05:00
ocds-dgv273-seacev3-1250512,ocds-dgv273-seacev3-1250512-2026-09-18T10:22:27.390321-05:00,1250512-10087347538,46800.0,PEN,Soles,2026-09-16T00:00:00-05:00
ocds-dgv273-seacev3-1240901,ocds-dgv273-seacev3-1240901-2026-09-18T10:22:27.315599-05:00,1240901-20609329654,1213211.0,PEN,Soles,2026-09-17T00:00:00-05:00
ocds-dgv273-seacev3-1250334,ocds-dgv273-seacev3-1250334-2026-09-18T10:22:27.282748-05:00,1250334-20509074578,307700.33999999997,PEN,Soles,2026-09-16T00:00:00-05:00
ocds-dgv273-seacev3-1243307,ocds-dgv273-seacev3-1243307-2026-09-18T10:22:27.187968-05:00,1243307-20607472531,96000.0,PEN,Soles,2026-09-01T11:08:34-05:00
ocds-dgv273-seacev3-1239974,ocds-dgv273-seacev3-1239974-2026-09-18T10:22:27.138843-05:00,1239974-1824041,20025842.14,PEN,Soles,2026-08-26T00:00:00-05:00
ocds-dgv273-seacev3-1245636,ocds-dgv273-seacev3-1245636-2026-09-18T10:22:27.087575-05:00,1245636-20479611654,142305.0,PEN,Soles,2026-09-08T00:00:00-05:00
ocds-dgv273-seacev3-1250186,ocds-dgv273-seacev3-1250186-2026-09-18T10:22:27.034221-05:00,1250186-20136492277,13068.44,PEN,Soles,2026-09-15T00:00:00-05:00
ocds-dgv273-seacev3-1238432,ocds-dgv273-seacev3-1238432-2026-09-18T10:22:26.992121-05:00,1238432-1821407,778050.05,PEN,Soles,2026-08-19T00:00:00-05:00
ocds-dgv273-seacev3-1238916,ocds-dgv273-seacev3-1238916-2026-09-18T10:22:26.924749-05:00,1238916-20600567650,72000.0,PEN,Soles,2026-09-17T00:00:00-05:00
ocds-dgv273-seacev3-1243779,ocds-dgv273-seacev3-1243779-2026-09-18T10:22:26.883730-05:00,1243779-20602392474,88500.0,PEN,Soles,2026-08-28T00:00:00-05:00
ocds-dgv273-seacev3-1240578,ocds-dgv273-seacev3-1240578-2026-09-18T10:22:26.869516-05:00,1240578-1827211,1400621.2,PEN,Soles,2026-09-03T00:00:00-05:00
ocds-dgv273-seacev3-1238722,ocds-dgv273-seacev3-1238722-2026-09-18T10:22:26.855958-05:00,1238722-20542725703,314325.54,PEN,Soles,2026-09-17T00:00:00-05:00
ocds-dgv273-seacev3-1243684,ocds-dgv273-seacev3-1243684-2026-09-18T10:22:26.827372-05:00,1243684-1828016,98837.48,PEN,Soles,2026-09-17T00:00:00-05:00
ocds-dgv273-seacev3-2026-200029-67,ocds-dgv273-seacev3-2026-200029-67-2026-09-18T10:22:26.807660-05:00,1241665-20498418920,2425798.0,PEN,Soles,2026-09-17T00:00:00-05:00
ocds-dgv273-seacev3-1239205,ocds-dgv273-seacev3-1239205-2026-09-18T10:22:26.784896-05:00,1239205-1832876,739259.0,PEN,Soles,2026-09-17T00:00:00-05:00
ocds-dgv273-seacev3-1243213,ocds-dgv273-seacev3-1243213-2026-09-18T10:22:26.693198-05:00,1243213-20613235664,62481.22,PEN,Soles,2026-09-17T00:00:00-05:00
ocds-dgv273-seacev3-1245181,ocds-dgv273-seacev3-1245181-2026-09-18T10:22:26.603685-05:00,1245181-1829681,388424.95,PEN,Soles,2026-09-08T00:00:00-05:00
ocds-dgv273-seacev3-1244268,ocds-dgv273-seacev3-1244268-2026-09-18T10:22:26.254629-05:00,1244268-1831812,1237845.36,PEN,Soles,2026-09-17T00:00:00-05:00
ocds-dgv273-seacev3-1239465,ocds-dgv273-seacev3-1239465-2026-09-18T10:22:26.238125-05:00,1239465-20557788841,215000.0,PEN,Soles,2026-08-28T00:00:00-05:00
ocds-dgv273-seacev3-1245229,ocds-dgv273-seacev3-1245229-2026-09-18T10:22:26.196063-05:00,1245229-20481492433,818920.0,PEN,Soles,2026-09-01T00:00:00-05:00
ocds-dgv273-seacev3-1238828,ocds-dgv273-seacev3-1238828-2026-09-18T10:22:26.178478-05:00,1238828-1826989,279510.0,PEN,Soles,2026-09-08T00:00:00-05:00
ocds-dgv273-seacev3-1242464,ocds-dgv273-seacev3-1242464-2026-09-18T10:22:26.119003-05:00,1242464-1828504,756000.0,PEN,Soles,2026-09-08T00:00:00-05:00
ocds-dgv273-seacev3-1240516,ocds-dgv273-seacev3-1240516-2026-09-18T10:22:26.028904-05:00,1240516-20613009664,204975.0,PEN,Soles,2026-09-01T00:00:00-05:00
ocds-dgv273-seacev3-1244840,ocds-dgv273-seacev3-1244840-2026-09-18T10:22:25.994329-05:00,1244840-20516300338,426655.0,PEN,Soles,2026-09-08T22:29:06-05:00
ocds-dgv273-seacev3-1244414,ocds-dgv273-seacev3-1244414-2026-09-18T10:22:25.980545-05:00,1244414-1830252,1379177.0,PEN,Soles,2026-09-17T00:00:00-05:00
ocds-dgv273-seacev3-1241464,ocds-dgv273-seacev3-1241464-2026-09-18T10:22:25.899491-05:00,1241464-20602544789,103612.6,PEN,Soles,2026-08-28T17:39:22-05:00
ocds-dgv273-seacev3-1244221,ocds-dgv273-seacev3-1244221-2026-09-18T10:22:25.754812-05:00,1244221-20100061474,168220.8,PEN,Soles,2026-09-02T00:00:00-05:00
ocds-dgv273-seacev3-1243578,ocds-dgv273-seacev3-1243578-2026-09-18T10:22:25.742803-05:00,1243578-20525863728,321258.81,PEN,Soles,2026-09-16T00:00:00-05:00
ocds-dgv273-seacev3-1239513,ocds-dgv273-seacev3-1239513-2026-09-18T10:22:25.726070-05:00,1239513-1823872,405566.73,PEN,Soles,2026-08-26T00:00:00-05:00
ocds-dgv273-seacev3-1240664,ocds-dgv273-seacev3-1240664-2026-09-18T10:22:24.915064-05:00,1240664-1824700,745535.42,PEN,Soles,2026-08-26T00:00:00-05:00
ocds-dgv273-seacev3-1239957,ocds-dgv273-seacev3-1239957-2026-09-18T10:22:24.881142-05:00,1239957-20108629909,356400.0,PEN,Soles,2026-08-26T00:00:00-05:00
ocds-dgv273-seacev3-1244471,ocds-dgv273-seacev3-1244471-2026-09-18T10:22:24.797166-05:00,1244471-1829914,666526.79,PEN,Soles,2026-09-09T00:00:00-05:00
ocds-dgv273-seacev3-1240764,ocds-dgv273-seacev3-1240764-2026-09-18T10:22:24.781236-05:00,1240764-1823509,139000.0,PEN,Soles,2026-08-26T00:00:00-05:00
ocds-dgv273-seacev3-1244681,ocds-dgv273-seacev3-1244681-2026-09-18T10:22:24.702348-05:00,1244681-1830022,214000.0,PEN,Soles,2026-09-16T00:00:00-05:00
ocds-dgv273-seacev3-1241699,ocds-dgv273-seacev3-1241699-2026-09-18T10:22:24.686001-05:00,1241699-20603931786,84960.0,PEN,Soles,2026-09-09T00:00:00-05:00
ocds-dgv273-seacev3-1244336,ocds-dgv273-seacev3-1244336-2026-09-18T10:22:24.604681-05:00,1244336-20454935048,71785.0,PEN,Soles,2026-09-09T00:00:00-05:00
ocds-dgv273-seacev3-1246052,ocds-dgv273-seacev3-1246052-2026-09-18T10:22:24.517997-05:00,1246052-10285709411,79999.5,PEN,Soles,2026-09-09T00:00:00-05:00
ocds-dgv273-seacev3-1243951,ocds-dgv273-seacev3-1243951-2026-09-18T10:22:24.441228-05:00,1243951-20101260373,243390.0,PEN,Soles,2026-09-17T00:00:00-05:00
ocds-dgv273-seacev3-1244947,ocds-dgv273-seacev3-1244947-2026-09-18T10:22:24.393123-05:00,1244947-20605189084,82200.0,PEN,Soles,2026-09-16T00:00:00-05:00
ocds-dgv273-seacev3-1244959,ocds-dgv273-seacev3-1244959-2026-09-18T10:22:24.317725-05:00,1244959-10485242495,305000.0,PEN,Soles,2026-09-17T00:00:00-05:00
ocds-dgv273-seacev3-1245731,ocds-dgv273-seacev3-1245731-2026-09-18T10:22:24.186453-05:00,1245731-1832127,305661.23,PEN,Soles,2026-09-17T00:00:00-05:00
ocds-dgv273-seacev3-1240337,ocds-dgv273-seacev3-1240337-2026-09-18T10:22:24.137352-05:00,1240337-20521906732,311797.2,PEN,Soles,2026-09-10T00:00:00-05:00
ocds-dgv273-seacev3-1240279,ocds-dgv273-seacev3-1240279-2026-09-18T10:22:24.027925-05:00,1240279-20610079777,118809.59,PEN,Soles,2026-08-25T00:00:00-05:00
ocds-dgv273-seacev3-1246389,ocds-dgv273-seacev3-1246389-2026-09-18T10:22:23.955309-05:00,1246389-1829697,1026318.71,PEN,Soles,2026-09-09T00:00:00-05:00
ocds-dgv273-seacev3-1239414,ocds-dgv273-seacev3-1239414-2026-09-18T10:22:23.920909-05:00,1239414-10480174050,89000.0,PEN,Soles,2026-08-18T00:00:00-05:00
ocds-dgv273-seacev3-1239414,ocds-dgv273-seacev3-1239414-2026-09-18T10:22:23.920909-05:00,1239414-20600528743,95000.0,PEN,Soles,2026-08-18T00:00:00-05:00
ocds-dgv273-seacev3-1238735,ocds-dgv273-seacev3-1238735-2026-09-18T10:22:23.906235-05:00,1238735-10403969490,930000.0,PEN,Soles,2026-08-19T00:00:00-05:00
ocds-dgv273-seacev3-1248469,ocds-dgv273-seacev3-1248469-2026-09-18T10:22:23.762856-05:00,1248469-1831771,1063092.8,PEN,Soles,2026-09-16T00:00:00-05:00
ocds-dgv273-seacev3-1248468,ocds-dgv273-seacev3-1248468-2026-09-18T10:22:23.672546-05:00,1248468-10472468117,99000.0,PEN,Soles,2026-09-09T00:00:00-05:00
ocds-dgv273-seacev3-1240763,ocds-dgv273-seacev3-1240763-2026-09-18T10:22:23.643403-05:00,1240763-20491800985,73000.0,PEN,Soles,2026-09-09T00:00:00-05:00
ocds-dgv273-seacev3-1240816,ocds-dgv273-seacev3-1240816-2026-09-18T10:22:23.627744-05:00,1240816-10403859104,90192.0,PEN,Soles,2026-08-27T00:00:00-05:00
ocds-dgv273-seacev3-1238451,ocds-dgv273-seacev3-1238451-2026-09-18T10:22:23.605898-05:00,1238451-20494105650,86063.95,PEN,Soles,2026-08-26T00:00:00-05:00
ocds-dgv273-seacev3-1238007,ocds-dgv273-seacev3-1238007-2026-09-18T10:22:23.559562-05:00,1238007-1821317,3650343.65,PEN,Soles,2026-09-09T00:00:00-05:00
ocds-dgv273-seacev3-1242041,ocds-dgv273-seacev3-1242041-2026-09-18T10:22:23.472683-05:00,1242041-20572246737,146862.5,PEN,Soles,2026-08-31T18:53:14-05:00
ocds-dgv273-seacev3-2026-2409-35,ocds-dgv273-seacev3-2026-2409-35-2026-09-18T10:22:23.454642-05:00,1239046-1830834,1650000.0,PEN,Soles,2026-09-16T00:00:00-05:00
ocds-dgv273-seacev3-1247294,ocds-dgv273-seacev3-1247294-2026-09-18T10:22:23.397121-05:00,1247294-10068063707,60000.0,PEN,Soles,2026-09-03T00:00:00-05:00
ocds-dgv273-seacev3-1242416,ocds-dgv273-seacev3-1242416-2026-09-18T10:22:23.375791-05:00,1242416-1832347,2802512.61,PEN,Soles,2026-09-16T00:00:00-05:00
ocds-dgv273-seacev3-2026-10246-30,ocds-dgv273-seacev3-2026-10246-30-2026-09-18T10:22:23.316693-05:00,1243272-1829204,186900.0,PEN,Soles,2026-09-09T00:00:00-05:00
ocds-dgv273-seacev3-1239862,ocds-dgv273-seacev3-1239862-2026-09-18T10:22:23.301138-05:00,1239862-10266962636,202200.0,PEN,Soles,2026-09-02T00:00:00-05:00
ocds-dgv273-seacev3-1243165,ocds-dgv273-seacev3-1243165-2026-09-18T10:22:23.286152-05:00,1243165-1826817,101000.0,PEN,Soles,2026-09-09T00:00:00-05:00
ocds-dgv273-seacev3-1240283,ocds-dgv273-seacev3-1240283-2026-09-18T10:22:23.264224-05:00,1240283-20539807839,130277.24,PEN,Soles,2026-08-25T00:00:00-05:00
ocds-dgv273-seacev3-1238667,ocds-dgv273-seacev3-1238667-2026-09-18T10:22:23.246480-05:00,1238667-10775336001,219999.0,PEN,Soles,2026-08-18T00:00:00-05:00
ocds-dgv273-seacev3-2026-745-2,ocds-dgv273-seacev3-2026-745-2-2026-09-18T10:22:23.225193-05:00,1245987-20418896915,213773.65,PEN,Soles,2026-09-16T00:00:00-05:00
ocds-dgv273-seacev3-1244121,ocds-dgv273-seacev3-1244121-2026-09-18T10:22:23.202984-05:00,1244121-20533918779,484000.0,PEN,Soles,2026-09-04T00:00:00-05:00
ocds-dgv273-seacev3-1241440,ocds-dgv273-seacev3-1241440-2026-09-18T10:22:17.321102-05:00,1241440-1830229,278600.0,PEN,Soles,2026-09-17T00:00:00-05:00
ocds-dgv273-seacev3-1241597,ocds-dgv273-seacev3-1241597-2026-09-18T10:22:17.267181-05:00,1241597-20602524150,281981.42,PEN,Soles,2026-09-08T00:00:00-05:00
ocds-dgv273-seacev3-1239001,ocds-dgv273-seacev3-1239001-2026-09-18T10:22:17.246436-05:00,1239001-1828707,492453.05,PEN,Soles,2026-09-17T00:00:00-05:00
ocds-dgv273-seacev3-1242888,ocds-dgv273-seacev3-1242888-2026-09-18T10:22:17.162360-05:00,1242888-20511807124,219917.78,PEN,Soles,2026-09-04T00:00:00-05:00
ocds-dgv273-seacev3-1241847,ocds-dgv273-seacev3-1241847-2026-09-18T10:22:17.150426-05:00,1241847-20409401547,60000.0,PEN,Soles,2026-08-27T00:00:00-05:00
ocds-dgv273-seacev3-1239790,ocds-dgv273-seacev3-1239790-2026-09-18T10:22:17.134583-05:00,1239790-20608490541,1009268.79,PEN,Soles,2026-08-21T00:00:00-05:00
ocds-dgv273-seacev3-1244188,ocds-dgv273-seacev3-1244188-2026-09-18T10:22:17.066011-05:00,1244188-20605731075,200000.0,PEN,Soles,2026-09-17T00:00:00-05:00
ocds-dgv273-seacev3-1237580,ocds-dgv273-seacev3-1237580-2026-09-18T10:22:17.050696-05:00,1237580-1822649,437345.06,PEN,Soles,2026-08-20T00:00:00-05:00
ocds-dgv273-seacev3-2026-10218-10,ocds-dgv273-seacev3-2026-10218-10-2026-09-18T10:22:17.015617-05:00,1233770-20601328624,122064.0,PEN,Soles,2026-09-15T00:00:00-05:00
ocds-dgv273-seacev3-2026-10218-10,ocds-dgv273-seacev3-2026-10218-10-2026-09-18T10:22:17.015617-05:00,1243873-20612137472,59222.0,PEN,Soles,2026-09-16T00:00:00-05:00
ocds-dgv273-seacev3-1242288,ocds-dgv273-seacev3-1242288-2026-09-18T10:22:16.947614-05:00,1242288-1828560,376443.59,PEN,Soles,2026-09-10T00:00:00-05:00
ocds-dgv273-seacev3-1242265,ocds-dgv273-seacev3-1242265-2026-09-18T10:22:16.933428-05:00,1242265-20613509110,74085.45,PEN,Soles,2026-08-24T00:00:00-05:00
ocds-dgv273-seacev3-1245742,ocds-dgv273-seacev3-1245742-2026-09-18T10:22:16.883280-05:00,1245742-20450700771,102000.0,PEN,Soles,2026-09-09T00:00:00-05:00
ocds-dgv273-seacev3-1238907,ocds-dgv273-seacev3-1238907-2026-09-18T10:22:16.773526-05:00,1238907-1822765,1616440.23,PEN,Soles,2026-08-20T00:00:00-05:00
ocds-dgv273-seacev3-1241063,ocds-dgv273-seacev3-1241063-2026-09-18T10:22:16.720349-05:00,1241063-1825063,235390.74,PEN,Soles,2026-08-27T00:00:00-05:00
ocds-dgv273-seacev3-1245622,ocds-dgv273-seacev3-1245622-2026-09-18T10:22:16.372818-05:00,1245622-20520764713,468900.0,PEN,Soles,2026-09-16T00:00:00-05:00
ocds-dgv273-seacev3-1244986,ocds-dgv273-seacev3-1244986-2026-09-18T10:22:16.358463-05:00,1244986-1832860,50300.0,PEN,Soles,2026-09-16T00:00:00-05:00
ocds-dgv273-seacev3-1239699,ocds-dgv273-seacev3-1239699-2026-09-18T10:22:16.328653-05:00,1239699-20409401547,93500.0,PEN,Soles,2026-08-28T00:00:00-05:00
ocds-dgv273-seacev3-1245945,ocds-dgv273-seacev3-1245945-2026-09-18T10:22:16.289458-05:00,1245945-20615100316,73500.0,PEN,Soles,2026-09-16T00:00:00-05:00
ocds-dgv273-seacev3-1244525,ocds-dgv273-seacev3-1244525-2026-09-18T10:22:16.276082-05:00,1244525-20612028452,97776.0,PEN,Soles,2026-09-16T00:00:00-05:00
ocds-dgv273-seacev3-1244365,ocds-dgv273-seacev3-1244365-2026-09-18T10:22:16.262791-05:00,1244365-20606678712,64000.0,PEN,Soles,2026-09-15T00:00:00-05:00
ocds-dgv273-seacev3-1240195,ocds-dgv273-seacev3-1240195-2026-09-18T10:22:16.247740-05:00,1240195-1820633,1034423.11,PEN,Soles,2026-08-14T00:00:00-05:00
ocds-dgv273-seacev3-1243023,ocds-dgv273-seacev3-1243023-2026-09-18T10:22:16.149542-05:00,1243023-20525765122,751545.3,PEN,Soles,2026-09-04T00:00:00-05:00
ocds-dgv273-seacev3-1242403,ocds-dgv273-seacev3-1242403-2026-09-18T10:22:16.133414-05:00,1242403-20452611407,148364.0,PEN,Nuevos Soles,2026-08-31T00:00:00-05:00
ocds-dgv273-seacev3-1241988,ocds-dgv273-seacev3-1241988-2026-09-18T10:22:16.111147-05:00,1241988-20601321557,55000.0,PEN,Soles,2026-08-28T00:00:00-05:00
ocds-dgv273-seacev3-1239118,ocds-dgv273-seacev3-1239118-2026-09-18T10:22:16.054178-05:00,1239118-20495807461,273079.74,PEN,Soles,2026-09-09T00:00:00-05:00
ocds-dgv273-seacev3-1245457,ocds-dgv273-seacev3-1245457-2026-09-18T10:22:16.003855-05:00,1245457-20600871723,62460.0,PEN,Nuevos Soles,2026-09-08T00:00:00-05:00
ocds-dgv273-seacev3-1244776,ocds-dgv273-seacev3-1244776-2026-09-18T10:22:15.990508-05:00,1244776-20600893573,142185.64,PEN,Nuevos Soles,2026-09-17T00:00:00-05:00
ocds-dgv273-seacev3-1244757,ocds-dgv273-seacev3-1244757-2026-09-18T10:22:15.976825-05:00,1244757-1832432,2372855.15,PEN,Soles,2026-09-16T00:00:00-05:00
ocds-dgv273-seacev3-1241328,ocds-dgv273-seacev3-1241328-2026-09-18T10:22:15.956123-05:00,1241328-20100099447,264048.0,PEN,Soles,2026-08-25T00:00:00-05:00
ocds-dgv273-seacev3-1238507,ocds-dgv273-seacev3-1238507-2026-09-18T10:22:15.764119-05:00,1238507-20615123006,600000.0,PEN,Soles,2026-08-17T15:49:37-05:00
ocds-dgv273-seacev3-1245278,ocds-dgv273-seacev3-1245278-2026-09-18T10:22:15.647758-05:00,1245278-20505423942,384000.0,PEN,Soles,2026-09-17T00:00:00-05:00
ocds-dgv273-seacev3-1243541,ocds-dgv273-seacev3-1243541-2026-09-18T10:22:15.633971-05:00,1243541-1828496,398888.44,PEN,Soles,2026-09-09T00:00:00-05:00
ocds-dgv273-seacev3-1236862,ocds-dgv273-seacev3-1236862-2026-09-18T10:22:15.612273-05:00,1236862-1822590,297926.84,PEN,Soles,2026-08-28T00:00:00-05:00
ocds-dgv273-seacev3-1242961,ocds-dgv273-seacev3-1242961-2026-09-18T10:22:15.498559-05:00,1242961-20600832817,141100.0,PEN,Soles,2026-09-09T00:00:00-05:00
ocds-dgv273-seacev3-1244541,ocds-dgv273-seacev3-1244541-2026-09-18T10:22:15.355477-05:00,1244541-1829429,186449.97,PEN,Soles,2026-09-09T00:00:00-05:00
ocds-dgv273-seacev3-1245948,ocds-dgv273-seacev3-1245948-2026-09-18T10:22:15.208340-05:00,1245948-1831340,524850.0,PEN,Soles,2026-09-17T00:00:00-05:00
ocds-dgv273-seacev3-1240408,ocds-dgv273-seacev3-1240408-2026-09-18T10:22:15.194169-05:00,1240408-20511037001,493221.12,PEN,Soles,2026-08-20T00:00:00-05:00
ocds-dgv273-seacev3-1241698,ocds-dgv273-seacev3-1241698-2026-09-18T10:22:15.171978-05:00,1241698-1826635,293000.0,PEN,Soles,2026-09-09T00:00:00-05:00
ocds-dgv273-seacev3-1246142,ocds-dgv273-seacev3-1246142-2026-09-18T10:22:15.108271-05:00,1246142-20600092490,333139.68,PEN,Soles,2026-09-10T00:00:00-05:00
ocds-dgv273-seacev3-1237503,ocds-dgv273-seacev3-1237503-2026-09-18T10:22:15.072418-05:00,1237503-20601004098,260840.0,PEN,Soles,2026-08-17T00:00:00-05:00
ocds-dgv273-seacev3-2026-170996-15,ocds-dgv273-seacev3-2026-170996-15-2026-09-18T10:22:15.027061-05:00,1244311-10066615141,227148.0,PEN,Soles,2026-09-16T00:00:00-05:00
ocds-dgv273-seacev3-1242723,ocds-dgv273-seacev3-1242723-2026-09-18T10:22:14.919696-05:00,1242723-10250087182,70000.0,PEN,Soles,2026-08-27T00:00:00-05:00
ocds-dgv273-seacev3-1243247,ocds-dgv273-seacev3-1243247-2026-09-18T10:22:14.906569-05:00,1243247-20602646301,69000.0,PEN,Soles,2026-09-09T00:00:00-05:00
ocds-dgv273-seacev3-1239518,ocds-dgv273-seacev3-1239518-2026-09-18T10:22:14.893049-05:00,1239518-20602777945,234000.0,PEN,Soles,2026-09-16T00:00:00-05:00
ocds-dgv273-seacev3-1245888,ocds-dgv273-seacev3-1245888-2026-09-18T10:22:14.858182-05:00,1245888-10465847421,314440.0,PEN,Soles,2026-09-11T00:00:00-05:00
ocds-dgv273-seacev3-1244020,ocds-dgv273-seacev3-1244020-2026-09-18T10:22:14.845183-05:00,1244020-20613107828,115594.0,PEN,Soles,2026-09-08T00:00:00-05:00
ocds-dgv273-seacev3-1240151,ocds-dgv273-seacev3-1240151-2026-09-18T10:22:14.741751-05:00,1240151-1822811,265846.41,PEN,Soles,2026-08-21T00:00:00-05:00
ocds-dgv273-seacev3-2026-1530-7,ocds-dgv273-seacev3-2026-1530-7-2026-09-18T10:22:14.631084-05:00,1242242-1827577,2606578.82,PEN,Soles,2026-09-08T00:00:00-05:00
ocds-dgv273-seacev3-1242773,ocds-dgv273-seacev3-1242773-2026-09-18T10:22:14.605799-05:00,1242773-1827119,220500.0,PEN,Soles,2026-09-17T00:00:00-05:00
ocds-dgv273-seacev3-1241014,ocds-dgv273-seacev3-1241014-2026-09-18T10:22:14.593226-05:00,1241014-20614587815,105443.5,PEN,Soles,2026-08-26T00:00:00-05:00
ocds-dgv273-seacev3-1240716,ocds-dgv273-seacev3-1240716-2026-09-18T10:22:14.577495-05:00,1240716-1824373,1231168.26,PEN,Soles,2026-08-25T00:00:00-05:00
ocds-dgv273-seacev3-1239607,ocds-dgv273-seacev3-1239607-2026-09-18T10:22:14.493521-05:00,1239607-1829742,175905.0,PEN,Soles,2026-09-09T00:00:00-05:00
ocds-dgv273-seacev3-1245545,ocds-dgv273-seacev3-1245545-2026-09-18T10:22:14.438390-05:00,1245545-20610552120,62480.0,PEN,Soles,2026-09-07T00:00:00-05:00
ocds-dgv273-seacev3-1240534,ocds-dgv273-seacev3-1240534-2026-09-18T10:22:14.418045-05:00,1240534-10441718409,207469.72,PEN,Soles,2026-09-03T00:00:00-05:00
ocds-dgv273-seacev3-1245709,ocds-dgv273-seacev3-1245709-2026-09-18T10:22:14.390479-05:00,1245709-20100205492,148500.0,PEN,Soles,2026-09-17T00:00:00-05:00
ocds-dgv273-seacev3-1242426,ocds-dgv273-seacev3-1242426-2026-09-18T10:22:14.376814-05:00,1242426-20572246737,48500.0,PEN,Soles,2026-08-31T00:00:00-05:00
ocds-dgv273-seacev3-1242233,ocds-dgv273-seacev3-1242233-2026-09-18T10:22:14.311353-05:00,1242233-10725358496,131300.0,PEN,Soles,2026-09-10T00:00:00-05:00
ocds-dgv273-seacev3-1245920,ocds-dgv273-seacev3-1245920-2026-09-18T10:22:14.286887-05:00,1245920-20611556625,112974.69,PEN,Soles,2026-09-17T00:00:00-05:00
ocds-dgv273-seacev3-1244991,ocds-dgv273-seacev3-1244991-2026-09-18T10:22:14.265540-05:00,1244991-1829732,56300.0,PEN,Soles,2026-09-17T00:00:00-05:00
ocds-dgv273-seacev3-1240388,ocds-dgv273-seacev3-1240388-2026-09-18T10:22:14.244306-05:00,1240388-1827199,1398674.2,PEN,Soles,2026-09-04T00:00:00-05:00
ocds-dgv273-seacev3-1243842,ocds-dgv273-seacev3-1243842-2026-09-18T10:22:14.211752-05:00,1243842-1831969,3815396.36,PEN,Soles,2026-09-16T00:00:00-05:00
ocds-dgv273-seacev3-1244096,ocds-dgv273-seacev3-1244096-2026-09-18T10:22:14.129640-05:00,1244096-20527874671,198000.0,PEN,Soles,2026-09-16T00:00:00-05:00
ocds-dgv273-seacev3-1245695,ocds-dgv273-seacev3-1245695-2026-09-18T10:22:14.103858-05:00,1245695-20448817050,69996.0,PEN,Soles,2026-09-07T00:00:00-05:00
ocds-dgv273-seacev3-1241483,ocds-dgv273-seacev3-1241483-2026-09-18T10:22:14.090694-05:00,1241483-10800878191,48372.0,PEN,Soles,2026-09-08T00:00:00-05:00
ocds-dgv273-seacev3-1239906,ocds-dgv273-seacev3-1239906-2026-09-18T10:22:14.067546-05:00,1239906-20514505668,53842.1,PEN,Soles,2026-09-16T00:00:00-05:00
ocds-dgv273-seacev3-1239261,ocds-dgv273-seacev3-1239261-2026-09-18T10:22:13.998270-05:00,1239261-20601110301,60000.0,PEN,Soles,2026-08-19T00:00:00-05:00
ocds-dgv273-seacev3-1243238,ocds-dgv273-seacev3-1243238-2026-09-18T10:22:13.827064-05:00,1243238-20564071979,246770.0,PEN,Soles,2026-09-07T00:00:00-05:00
ocds-dgv273-seacev3-1240676,ocds-dgv273-seacev3-1240676-2026-09-18T10:22:13.812736-05:00,1240676-1830788,3768576.93,PEN,Soles,2026-09-15T00:00:00-05:00
ocds-dgv273-seacev3-1244334,ocds-dgv273-seacev3-1244334-2026-09-18T10:22:13.791540-05:00,1244334-20605273123,194687.41,PEN,Soles,2026-09-09T00:00:00-05:00
ocds-dgv273-seacev3-1243220,ocds-dgv273-seacev3-1243220-2026-09-18T10:22:13.660215-05:00,1243220-1827917,1368796.78,PEN,Soles,2026-09-03T00:00:00-05:00
ocds-dgv273-seacev3-1243075,ocds-dgv273-seacev3-1243075-2026-09-18T10:22:13.646238-05:00,1243075-20604777861,85500.0,PEN,Soles,2026-09-09T00:00:00-05:00
ocds-dgv273-seacev3-1239182,ocds-dgv273-seacev3-1239182-2026-09-18T10:22:13.616257-05:00,1239182-20608136895,80000.0,PEN,Soles,2026-09-08T00:00:00-05:00
ocds-dgv273-seacev3-1245256,ocds-dgv273-seacev3-1245256-2026-09-18T10:22:13.520663-05:00,1245256-10742331925,99800.0,PEN,Soles,2026-09-02T00:00:00-05:00
ocds-dgv273-seacev3-1245150,ocds-dgv273-seacev3-1245150-2026-09-18T10:22:12.578852-05:00,1245150-1830778,221865.1,PEN,Soles,2026-09-16T00:00:00-05:00
ocds-dgv273-seacev3-1243673,ocds-dgv273-seacev3-1243673-2026-09-18T10:22:12.564787-05:00,1243673-10432900750,87890.0,PEN,Soles,2026-08-27T00:00:00-05:00
ocds-dgv273-seacev3-1243616,ocds-dgv273-seacev3-1243616-2026-09-18T10:22:12.549356-05:00,1243616-20603163606,127500.0,PEN,Soles,2026-09-03T00:00:00-05:00
ocds-dgv273-seacev3-1243137,ocds-dgv273-seacev3-1243137-2026-09-18T10:22:12.534007-05:00,1243137-1827361,407209.05,PEN,Soles,2026-09-02T00:00:00-05:00
ocds-dgv273-seacev3-1243834,ocds-dgv273-seacev3-1243834-2026-09-18T10:22:12.435425-05:00,1243834-20557788841,48800.0,PEN,Soles,2026-09-17T00:00:00-05:00
ocds-dgv273-seacev3-1240043,ocds-dgv273-seacev3-1240043-2026-09-18T10:22:12.428126-05:00,1240043-10440407001,68100.5,PEN,Soles,2026-08-14T00:00:00-05:00
ocds-dgv273-seacev3-1240314,ocds-dgv273-seacev3-1240314-2026-09-18T10:22:12.413856-05:00,1240314-20300795821,264063.0,PEN,Soles,2026-08-31T18:09:13-05:00
ocds-dgv273-seacev3-1240314,ocds-dgv273-seacev3-1240314-2026-09-18T10:22:12.413856-05:00,1240314-20600934873,18539150.0,PEN,Soles,2026-08-31T18:09:25-05:00
ocds-dgv273-seacev3-1242188,ocds-dgv273-seacev3-1242188-2026-09-18T10:22:12.363225-05:00,1242188-10725358496,197598.0,PEN,Soles,2026-09-16T00:00:00-05:00
ocds-dgv273-seacev3-1239313,ocds-dgv273-seacev3-1239313-2026-09-18T10:22:12.349060-05:00,1239313-20613909991,54990.0,PEN,Soles,2026-09-09T00:00:00-05:00
ocds-dgv273-seacev3-1244098,ocds-dgv273-seacev3-1244098-2026-09-18T10:22:12.241624-05:00,1244098-20602175899,127500.0,PEN,Soles,2026-09-08T00:00:00-05:00
ocds-dgv273-seacev3-1243488,ocds-dgv273-seacev3-1243488-2026-09-18T10:22:12.227802-05:00,1243488-1828731,679522.25,PEN,Soles,2026-09-11T00:00:00-05:00
ocds-dgv273-seacev3-1239017,ocds-dgv273-seacev3-1239017-2026-09-18T10:22:12.212825-05:00,1239017-1822378,910551.99,PEN,Soles,2026-09-04T00:00:00-05:00
ocds-dgv273-seacev3-1241271,ocds-dgv273-seacev3-1241271-2026-09-18T10:22:12.182483-05:00,1241271-20603145870,157000.0,PEN,Soles,2026-09-08T00:00:00-05:00
ocds-dgv273-seacev3-1240185,ocds-dgv273-seacev3-1240185-2026-09-18T10:22:12.085335-05:00,1240185-1825260,1449784.11,PEN,Soles,2026-08-28T00:00:00-05:00
ocds-dgv273-seacev3-1239546,ocds-dgv273-seacev3-1239546-2026-09-18T10:22:11.981171-05:00,1239546-20601014816,104500.0,PEN,Soles,2026-09-17T00:00:00-05:00
ocds-dgv273-seacev3-1239546,ocds-dgv273-seacev3-1239546-2026-09-18T10:22:11.981171-05:00,1239546-20611011181,52500.0,PEN,Soles,2026-09-17T00:00:00-05:00
ocds-dgv273-seacev3-1238477,ocds-dgv273-seacev3-1238477-2026-09-18T10:22:11.965541-05:00,1238477-20526246901,183068.3,PEN,Soles,2026-08-18T00:00:00-05:00
ocds-dgv273-seacev3-2026-1998-8,ocds-dgv273-seacev3-2026-1998-8-2026-09-18T10:22:11.905296-05:00,1238603-20601343372,196352.72,PEN,Soles,2026-08-26T00:00:00-05:00
ocds-dgv273-seacev3-1240440,ocds-dgv273-seacev3-1240440-2026-09-18T10:22:11.876342-05:00,1240440-20610447245,100000.0,PEN,Soles,2026-08-26T00:00:00-05:00
ocds-dgv273-seacev3-1245172,ocds-dgv273-seacev3-1245172-2026-09-18T10:22:11.804508-05:00,1245172-20603941943,116500.0,PEN,Soles,2026-09-16T00:00:00-05:00
ocds-dgv273-seacev3-1244216,ocds-dgv273-seacev3-1244216-2026-09-18T10:22:11.759963-05:00,1244216-20606026081,225488.8,PEN,Soles,2026-09-08T00:00:00-05:00
ocds-dgv273-seacev3-1242894,ocds-dgv273-seacev3-1242894-2026-09-18T10:22:11.738678-05:00,1242894-20106897914,229877.54,PEN,Soles,2026-09-15T00:00:00-05:00
ocds-dgv273-seacev3-1244907,ocds-dgv273-seacev3-1244907-2026-09-18T10:22:11.677232-05:00,1244907-1830260,1044250.97,PEN,Soles,2026-09-17T00:00:00-05:00
ocds-dgv273-seacev3-1241868,ocds-dgv273-seacev3-1241868-2026-09-18T10:22:11.634501-05:00,1241868-1825188,1628392.79,PEN,Soles,2026-08-28T00:00:00-05:00
ocds-dgv273-seacev3-1243375,ocds-dgv273-seacev3-1243375-2026-09-18T10:22:11.575883-05:00,1243375-20611282649,79500.0,PEN,Soles,2026-08-31T00:00:00-05:00
ocds-dgv273-seacev3-1242240,ocds-dgv273-seacev3-1242240-2026-09-18T10:22:11.555994-05:00,1242240-10422439833,402500.0,PEN,Soles,2026-09-16T00:00:00-05:00
ocds-dgv273-seacev3-1243347,ocds-dgv273-seacev3-1243347-2026-09-18T10:22:11.397438-05:00,1243347-1827382,4617263.44,PEN,Soles,2026-09-02T00:00:00-05:00
ocds-dgv273-seacev3-2026-1926-186,ocds-dgv273-seacev3-2026-1926-186-2026-09-17T10:20:24.901660-05:00,1240818-20472595840,159310.0,PEN,Soles,2026-08-31T00:00:00-05:00
ocds-dgv273-seacev3-1245225,ocds-dgv273-seacev3-1245225-2026-09-17T10:20:24.543333-05:00,1245225-20612222658,99235.0,PEN,Soles,2026-09-03T00:00:00-05:00
ocds-dgv273-seacev3-1240877,ocds-dgv273-seacev3-1240877-2026-09-17T10:20:24.436585-05:00,1240877-20448133517,332850.0,PEN,Soles,2026-09-15T00:00:00-05:00
ocds-dgv273-seacev3-1240616,ocds-dgv273-seacev3-1240616-2026-09-17T10:20:24.398557-05:00,1240616-20606823976,117000.0,PEN,Nuevos Soles,2026-08-28T00:00:00-05:00
ocds-dgv273-seacev3-1238042,ocds-dgv273-seacev3-1238042-2026-09-17T10:20:24.069467-05:00,1238042-20100027021,430700.0,USD,Dólar Norteamericano,2026-09-15T00:00:00-05:00
ocds-dgv273-seacev3-1239640,ocds-dgv273-seacev3-1239640-2026-09-17T10:20:23.977760-05:00,1239640-20613960237,123931.5,PEN,Soles,2026-09-11T00:00:00-05:00
ocds-dgv273-seacev3-1243788,ocds-dgv273-seacev3-1243788-2026-09-17T10:20:23.502146-05:00,1243788-20487637743,98220.0,PEN,Soles,2026-09-07T00:00:00-05:00
ocds-dgv273-seacev3-1242033,ocds-dgv273-seacev3-1242033-2026-09-17T10:20:23.475323-05:00,1242033-20613264591,125837.43,PEN,Soles,2026-09-15T00:00:00-05:00
ocds-dgv273-seacev3-1241636,ocds-dgv273-seacev3-1241636-2026-09-17T10:20:23.300080-05:00,1241636-1827338,1050000.0,PEN,Soles,2026-09-03T00:00:00-05:00
ocds-dgv273-seacev3-1238822,ocds-dgv273-seacev3-1238822-2026-09-17T10:20:23.260282-05:00,1238822-20531055722,102000.0,PEN,Soles,2026-08-31T00:00:00-05:00
ocds-dgv273-seacev3-1243277,ocds-dgv273-seacev3-1243277-2026-09-17T10:20:23.117436-05:00,1243277-20609287803,83500.0,PEN,Soles,2026-09-07T00:00:00-05:00
ocds-dgv273-seacev3-1242970,ocds-dgv273-seacev3-1242970-2026-09-17T10:20:22.807927-05:00,1242970-1828071,74621.8,PEN,Soles,2026-09-07T00:00:00-05:00
ocds-dgv273-seacev3-1241437,ocds-dgv273-seacev3-1241437-2026-09-17T10:20:22.240320-05:00,1241437-20602034675,149997.47,PEN,Soles,2026-09-07T00:00:00-05:00
ocds-dgv273-seacev3-1249800,ocds-dgv273-seacev3-1249800-2026-09-17T10:20:22.041698-05:00,1249800-10079719086,45000.0,PEN,Soles,2026-09-14T00:00:00-05:00
ocds-dgv273-seacev3-1244642,ocds-dgv273-seacev3-1244642-2026-09-17T10:20:21.997738-05:00,1244642-1829124,303732.45,PEN,Soles,2026-09-14T00:00:00-05:00
ocds-dgv273-seacev3-1243712,ocds-dgv273-seacev3-1243712-2026-09-17T10:20:21.694016-05:00,1243712-20608226231,163897.0,PEN,Soles,2026-09-15T00:00:00-05:00
ocds-dgv273-seacev3-1245364,ocds-dgv273-seacev3-1245364-2026-09-17T10:20:21.121805-05:00,1245364-20459153871,68199.29,PEN,Soles,2026-09-11T00:00:00-05:00
ocds-dgv273-seacev3-1245565,ocds-dgv273-seacev3-1245565-2026-09-17T10:20:21.099829-05:00,1245565-20600130189,47800.0,PEN,Soles,2026-09-04T00:00:00-05:00
ocds-dgv273-seacev3-1245432,ocds-dgv273-seacev3-1245432-2026-09-17T10:20:21.016025-05:00,1245432-1830851,791828.79,PEN,Soles,2026-09-15T00:00:00-05:00
ocds-dgv273-seacev3-1241579,ocds-dgv273-seacev3-1241579-2026-09-17T10:20:20.841626-05:00,1241579-20610547134,308000.0,PEN,Soles,2026-09-04T00:00:00-05:00
ocds-dgv273-seacev3-1241411,ocds-dgv273-seacev3-1241411-2026-09-17T10:20:20.708573-05:00,1241411-1825694,310162.98,PEN,Soles,2026-08-28T00:00:00-05:00
ocds-dgv273-seacev3-1242700,ocds-dgv273-seacev3-1242700-2026-09-17T10:20:20.674408-05:00,1242700-1829505,110816.57,PEN,Soles,2026-09-15T00:00:00-05:00
ocds-dgv273-seacev3-2026-10248-41,ocds-dgv273-seacev3-2026-10248-41-2026-09-17T10:20:20.526627-05:00,1237231-20100041953,478100.6,USD,Dólar Norteamericano,2026-09-15T00:00:00-05:00
ocds-dgv273-seacev3-1238146,ocds-dgv273-seacev3-1238146-2026-09-17T10:20:20.248861-05:00,1238146-1821002,384300.31,PEN,Soles,2026-09-15T00:00:00-05:00
ocds-dgv273-seacev3-1241224,ocds-dgv273-seacev3-1241224-2026-09-17T10:20:20.171187-05:00,1241224-20610723811,120800.0,PEN,Soles,2026-08-31T00:00:00-05:00
ocds-dgv273-seacev3-1238231,ocds-dgv273-seacev3-1238231-2026-09-17T10:20:19.910507-05:00,1238231-20536429183,273000.0,PEN,Soles,2026-08-21T00:00:00-05:00
ocds-dgv273-seacev3-1244598,ocds-dgv273-seacev3-1244598-2026-09-17T10:20:19.831947-05:00,1244598-20610776648,73500.0,PEN,Soles,2026-09-15T00:00:00-05:00
ocds-dgv273-seacev3-1244880,ocds-dgv273-seacev3-1244880-2026-09-17T10:20:19.760284-05:00,1244880-20608550926,301680.0,PEN,Soles,2026-09-07T15:57:13-05:00
ocds-dgv273-seacev3-1244963,ocds-dgv273-seacev3-1244963-2026-09-17T10:20:19.540266-05:00,1244963-10311356700,119366.0,PEN,Soles,2026-09-04T00:00:00-05:00
ocds-dgv273-seacev3-1243317,ocds-dgv273-seacev3-1243317-2026-09-17T10:20:19.387157-05:00,1243317-20604057923,124922.0,PEN,Soles,2026-09-15T00:00:00-05:00
ocds-dgv273-seacev3-1239769,ocds-dgv273-seacev3-1239769-2026-09-17T10:20:19.223860-05:00,1239769-10466911807,23850.0,PEN,Soles,2026-08-21T00:00:00-05:00
ocds-dgv273-seacev3-1239769,ocds-dgv273-seacev3-1239769-2026-09-17T10:20:19.223860-05:00,1239769-10477333350,23850.0,PEN,Soles,2026-08-21T00:00:00-05:00
ocds-dgv273-seacev3-1239769,ocds-dgv273-seacev3-1239769-2026-09-17T10:20:19.223860-05:00,1239769-10479577426,23850.0,PEN,Soles,2026-08-21T00:00:00-05:00
ocds-dgv273-seacev3-1239769,ocds-dgv273-seacev3-1239769-2026-09-17T10:20:19.223860-05:00,1239769-10487561695,23850.0,PEN,Soles,2026-08-21T00:00:00-05:00
ocds-dgv273-seacev3-1239769,ocds-dgv273-seacev3-1239769-2026-09-17T10:20:19.223860-05:00,1239769-10710589734,23850.0,PEN,Soles,2026-08-21T00:00:00-05:00
ocds-dgv273-seacev3-1239769,ocds-dgv273-seacev3-1239769-2026-09-17T10:20:19.223860-05:00,1239769-10718822683,23850.0,PEN,Soles,2026-08-21T00:00:00-05:00
ocds-dgv273-seacev3-1239769,ocds-dgv273-seacev3-1239769-2026-09-17T10:20:19.223860-05:00,1239769-10731144627,23850.0,PEN,Soles,2026-08-21T00:00:00-05:00
ocds-dgv273-seacev3-1239769,ocds-dgv273-seacev3-1239769-2026-09-17T10:20:19.223860-05:00,1239769-10761694605,23850.0,PEN,Soles,2026-08-21T00:00:00-05:00
ocds-dgv273-seacev3-1239769,ocds-dgv273-seacev3-1239769-2026-09-17T10:20:19.223860-05:00,1239769-10773839323,23850.0,PEN,Soles,2026-08-21T00:00:00-05:00
ocds-dgv273-seacev3-1242399,ocds-dgv273-seacev3-1242399-2026-09-17T10:20:19.009224-05:00,1242399-99000036745,2829670.8,USD,Dólar Norteamericano,2026-09-07T00:00:00-05:00
ocds-dgv273-seacev3-1243744,ocds-dgv273-seacev3-1243744-2026-09-17T10:20:18.921270-05:00,1243744-20610941355,52500.0,PEN,Soles,2026-09-07T00:00:00-05:00
ocds-dgv273-seacev3-1240742,ocds-dgv273-seacev3-1240742-2026-09-17T10:20:18.865606-05:00,1240742-20448294448,98102.0,PEN,Soles,2026-08-28T00:00:00-05:00
ocds-dgv273-seacev3-1244490,ocds-dgv273-seacev3-1244490-2026-09-17T10:20:18.759264-05:00,1244490-1828789,761453.41,PEN,Soles,2026-09-07T00:00:00-05:00
ocds-dgv273-seacev3-1243239,ocds-dgv273-seacev3-1243239-2026-09-17T10:20:18.745744-05:00,1243239-20601838088,212008.0,PEN,Soles,2026-09-07T00:00:00-05:00
ocds-dgv273-seacev3-1239544,ocds-dgv273-seacev3-1239544-2026-09-17T10:20:18.680177-05:00,1239544-10605699605,98240.0,PEN,Soles,2026-08-25T00:00:00-05:00
ocds-dgv273-seacev3-1240033,ocds-dgv273-seacev3-1240033-2026-09-17T10:20:13.907600-05:00,1240033-1824054,402879.93,PEN,Soles,2026-08-26T00:00:00-05:00
ocds-dgv273-seacev3-2026-1947-361,ocds-dgv273-seacev3-2026-1947-361-2026-09-17T10:20:13.712541-05:00,1246063-20525139795,92700.0,PEN,Soles,2026-09-15T00:00:00-05:00
ocds-dgv273-seacev3-2026-1833-2,ocds-dgv273-seacev3-2026-1833-2-2026-09-17T10:20:13.406753-05:00,1244643-20449314868,340340.0,PEN,Soles,2026-09-04T00:00:00-05:00
ocds-dgv273-seacev3-1241622,ocds-dgv273-seacev3-1241622-2026-09-17T10:20:13.393133-05:00,1241622-10043223173,67600.0,PEN,Soles,2026-08-26T00:00:00-05:00
ocds-dgv273-seacev3-1246083,ocds-dgv273-seacev3-1246083-2026-09-17T10:20:13.353488-05:00,1246083-20573828055,134280.0,PEN,Soles,2026-09-14T00:00:00-05:00
ocds-dgv273-seacev3-1242412,ocds-dgv273-seacev3-1242412-2026-09-17T10:20:13.181017-05:00,1242412-10200562289,164500.0,PEN,Soles,2026-09-15T00:00:00-05:00
ocds-dgv273-seacev3-1242121,ocds-dgv273-seacev3-1242121-2026-09-17T10:20:13.167318-05:00,1242121-1825748,92990.0,PEN,Soles,2026-09-07T00:00:00-05:00
ocds-dgv273-seacev3-1241796,ocds-dgv273-seacev3-1241796-2026-09-17T10:20:12.710386-05:00,1241796-20601858615,239890.0,PEN,Soles,2026-09-03T00:00:00-05:00
ocds-dgv273-seacev3-1242753,ocds-dgv273-seacev3-1242753-2026-09-17T10:20:12.355529-05:00,1242753-1829769,716018.91,PEN,Soles,2026-09-09T00:00:00-05:00
ocds-dgv273-seacev3-1239124,ocds-dgv273-seacev3-1239124-2026-09-17T10:20:12.340618-05:00,1239124-20513441208,206990.0,PEN,Soles,2026-08-25T00:00:00-05:00
ocds-dgv273-seacev3-1241198,ocds-dgv273-seacev3-1241198-2026-09-17T10:20:12.259130-05:00,1241198-10249658079,118300.0,PEN,Soles,2026-09-15T00:00:00-05:00
ocds-dgv273-seacev3-1240266,ocds-dgv273-seacev3-1240266-2026-09-17T10:20:12.199313-05:00,1240266-20613870173,57237.79,PEN,Soles,2026-08-20T00:00:00-05:00
ocds-dgv273-seacev3-1245160,ocds-dgv273-seacev3-1245160-2026-09-17T10:20:12.009945-05:00,1245160-20532492051,95618.6,PEN,Soles,2026-09-07T00:00:00-05:00
ocds-dgv273-seacev3-1239189,ocds-dgv273-seacev3-1239189-2026-09-17T10:20:11.906862-05:00,1239189-10481028006,149637.0,PEN,Soles,2026-08-24T00:00:00-05:00
ocds-dgv273-seacev3-1238361,ocds-dgv273-seacev3-1238361-2026-09-17T10:20:11.891674-05:00,1238361-20610573224,175000.0,PEN,Soles,2026-09-04T00:00:00-05:00
ocds-dgv273-seacev3-1241789,ocds-dgv273-seacev3-1241789-2026-09-17T10:20:11.826639-05:00,1241789-20613500261,144044.0,PEN,Soles,2026-08-27T00:00:00-05:00
ocds-dgv273-seacev3-1243246,ocds-dgv273-seacev3-1243246-2026-09-17T10:20:10.676588-05:00,1243246-20605603883,98474.0,PEN,Soles,2026-09-15T00:00:00-05:00
ocds-dgv273-seacev3-1239178,ocds-dgv273-seacev3-1239178-2026-09-17T10:20:10.285724-05:00,1239178-1826170,2264160.0,PEN,Soles,2026-09-08T00:00:00-05:00
ocds-dgv273-seacev3-1247907,ocds-dgv273-seacev3-1247907-2026-09-17T10:20:10.234067-05:00,1247907-20532371342,275000.0,PEN,Soles,2026-09-15T00:00:00-05:00
ocds-dgv273-seacev3-1245324,ocds-dgv273-seacev3-1245324-2026-09-17T10:20:10.151892-05:00,1245324-20608144588,213300.0,PEN,Soles,2026-09-15T00:00:00-05:00
ocds-dgv273-seacev3-1245340,ocds-dgv273-seacev3-1245340-2026-09-17T10:20:10.071239-05:00,1245340-1831070,338660.0,PEN,Soles,2026-09-14T00:00:00-05:00
ocds-dgv273-seacev3-1243891,ocds-dgv273-seacev3-1243891-2026-09-17T10:20:10.056491-05:00,1243891-20490593293,225000.0,PEN,Soles,2026-09-03T00:00:00-05:00
ocds-dgv273-seacev3-1243733,ocds-dgv273-seacev3-1243733-2026-09-17T10:20:09.960105-05:00,1243733-20508497084,170500.0,PEN,Soles,2026-09-07T00:00:00-05:00
ocds-dgv273-seacev3-1243259,ocds-dgv273-seacev3-1243259-2026-09-17T10:20:09.945317-05:00,1243259-1827446,994177.28,PEN,Soles,2026-09-03T00:00:00-05:00
ocds-dgv273-seacev3-1239684,ocds-dgv273-seacev3-1239684-2026-09-17T10:20:09.886376-05:00,1239684-10454517712,89450.0,PEN,Soles,2026-08-18T00:00:00-05:00
ocds-dgv273-seacev3-1239684,ocds-dgv273-seacev3-1239684-2026-09-17T10:20:09.886376-05:00,1239684-20615215849,91750.0,PEN,Soles,2026-09-04T00:00:00-05:00
ocds-dgv273-seacev3-1249834,ocds-dgv273-seacev3-1249834-2026-09-17T10:20:09.871932-05:00,1249834-20494395046,251127.3,PEN,Soles,2026-09-14T00:00:00-05:00
ocds-dgv273-seacev3-1239244,ocds-dgv273-seacev3-1239244-2026-09-17T10:20:09.757852-05:00,1239244-20611556625,171210.55,PEN,Soles,2026-09-15T00:00:00-05:00
ocds-dgv273-seacev3-1243737,ocds-dgv273-seacev3-1243737-2026-09-17T10:20:09.464777-05:00,1243737-20449458436,287600.0,PEN,Soles,2026-09-07T14:26:40-05:00
ocds-dgv273-seacev3-1241841,ocds-dgv273-seacev3-1241841-2026-09-17T10:20:09.426617-05:00,1241841-20604867500,66084.0,PEN,Soles,2026-08-27T00:00:00-05:00
ocds-dgv273-seacev3-1245179,ocds-dgv273-seacev3-1245179-2026-09-17T10:20:09.187838-05:00,1245179-20601258812,239932.8,PEN,Soles,2026-09-14T00:00:00-05:00
ocds-dgv273-seacev3-1240927,ocds-dgv273-seacev3-1240927-2026-09-17T10:20:09.018307-05:00,1240927-1827091,122822.45,PEN,Soles,2026-09-07T00:00:00-05:00
ocds-dgv273-seacev3-1244868,ocds-dgv273-seacev3-1244868-2026-09-17T10:20:08.952536-05:00,1244868-20607160938,74798.13,PEN,Soles,2026-09-07T00:00:00-05:00
ocds-dgv273-seacev3-1243470,ocds-dgv273-seacev3-1243470-2026-09-17T10:20:08.839229-05:00,1243470-20607512184,55860.0,PEN,Soles,2026-09-15T00:00:00-05:00
ocds-dgv273-seacev3-1243260,ocds-dgv273-seacev3-1243260-2026-09-17T10:20:08.747809-05:00,1243260-20607632724,135000.0,PEN,Soles,2026-08-27T00:00:00-05:00
ocds-dgv273-seacev3-1245310,ocds-dgv273-seacev3-1245310-2026-09-17T10:20:07.985405-05:00,1245310-10414173671,48691.0,PEN,Soles,2026-09-15T00:00:00-05:00
ocds-dgv273-seacev3-1244467,ocds-dgv273-seacev3-1244467-2026-09-17T10:20:07.971847-05:00,1244467-1828497,644959.47,PEN,Soles,2026-09-07T00:00:00-05:00
ocds-dgv273-seacev3-1241081,ocds-dgv273-seacev3-1241081-2026-09-17T10:20:07.942989-05:00,1241081-10419769946,184000.0,PEN,Soles,2026-08-24T00:00:00-05:00
ocds-dgv273-seacev3-1241081,ocds-dgv273-seacev3-1241081-2026-09-17T10:20:07.942989-05:00,1241081-20608196634,188500.0,PEN,Soles,2026-09-15T00:00:00-05:00
ocds-dgv273-seacev3-1244482,ocds-dgv273-seacev3-1244482-2026-09-17T10:20:07.813333-05:00,1244482-20456021680,131999.0,PEN,Soles,2026-09-07T00:00:00-05:00
ocds-dgv273-seacev3-1246068,ocds-dgv273-seacev3-1246068-2026-09-17T10:20:03.208452-05:00,1246068-1830644,328046.87,PEN,Soles,2026-09-15T00:00:00-05:00
ocds-dgv273-seacev3-1241425,ocds-dgv273-seacev3-1241425-2026-09-17T10:20:02.996662-05:00,1241425-1824507,1362442.0,PEN,Soles,2026-08-27T00:00:00-05:00
ocds-dgv273-seacev3-1245112,ocds-dgv273-seacev3-1245112-2026-09-17T10:20:02.904385-05:00,1245112-20608307053,51800.0,PEN,Soles,2026-09-07T18:27:58-05:00
ocds-dgv273-seacev3-1240248,ocds-dgv273-seacev3-1240248-2026-09-17T10:20:02.803466-05:00,1240248-1826967,205000.0,PEN,Soles,2026-09-07T00:00:00-05:00
ocds-dgv273-seacev3-1243439,ocds-dgv273-seacev3-1243439-2026-09-17T10:20:02.776669-05:00,1243439-20481011273,4082716.43,PEN,Soles,2026-09-07T00:00:00-05:00
ocds-dgv273-seacev3-1238802,ocds-dgv273-seacev3-1238802-2026-09-17T10:20:02.450106-05:00,1238802-20564495663,185000.0,PEN,Soles,2026-09-15T00:00:00-05:00
ocds-dgv273-seacev3-2026-1493-13,ocds-dgv273-seacev3-2026-1493-13-2026-09-17T10:20:02.402955-05:00,1245445-1831662,201446.0,PEN,Soles,2026-09-15T00:00:00-05:00
ocds-dgv273-seacev3-1238372,ocds-dgv273-seacev3-1238372-2026-09-17T10:20:02.239689-05:00,1238372-1820554,279525.85,PEN,Soles,2026-08-20T00:00:00-05:00
ocds-dgv273-seacev3-1243975,ocds-dgv273-seacev3-1243975-2026-09-17T10:20:02.014130-05:00,1243975-1831361,90129.85,PEN,Soles,2026-09-15T00:00:00-05:00
ocds-dgv273-seacev3-1239756,ocds-dgv273-seacev3-1239756-2026-09-17T10:20:01.886763-05:00,1239756-10016946490,166400.0,PEN,Soles,2026-08-17T20:18:06-05:00
ocds-dgv273-seacev3-1241364,ocds-dgv273-seacev3-1241364-2026-09-17T10:20:01.824417-05:00,1241364-10022970319,744800.0,PEN,Soles,2026-09-14T00:00:00-05:00
ocds-dgv273-seacev3-1242115,ocds-dgv273-seacev3-1242115-2026-09-17T10:20:01.770454-05:00,1242115-1828548,4515207.32,PEN,Soles,2026-09-15T00:00:00-05:00
ocds-dgv273-seacev3-1241929,ocds-dgv273-seacev3-1241929-2026-09-17T10:20:01.416981-05:00,1241929-20550925592,64350.0,PEN,Soles,2026-09-07T00:00:00-05:00
ocds-dgv273-seacev3-1245905,ocds-dgv273-seacev3-1245905-2026-09-17T10:20:01.389361-05:00,1245905-20448760783,48945.0,PEN,Soles,2026-09-07T00:00:00-05:00
ocds-dgv273-seacev3-1241641,ocds-dgv273-seacev3-1241641-2026-09-17T10:20:01.183427-05:00,1241641-20606189711,290271.0,PEN,Soles,2026-09-07T00:00:00-05:00
ocds-dgv273-seacev3-1242047,ocds-dgv273-seacev3-1242047-2026-09-17T10:20:01.029371-05:00,1242047-20487198561,93000.0,PEN,Soles,2026-09-15T00:00:00-05:00
ocds-dgv273-seacev3-1240212,ocds-dgv273-seacev3-1240212-2026-09-17T10:20:00.862541-05:00,1240212-20496180420,60900.0,PEN,Soles,2026-09-02T00:00:00-05:00
ocds-dgv273-seacev3-1247692,ocds-dgv273-seacev3-1247692-2026-09-17T10:20:00.730517-05:00,1247692-1830504,175590.71,PEN,Soles,2026-09-14T00:00:00-05:00
ocds-dgv273-seacev3-1245685,ocds-dgv273-seacev3-1245685-2026-09-17T10:20:00.598464-05:00,1245685-20564526135,71840.0,PEN,Soles,2026-09-15T00:00:00-05:00
ocds-dgv273-seacev3-1244206,ocds-dgv273-seacev3-1244206-2026-09-17T10:20:00.472982-05:00,1244206-20602522998,560811.6,PEN,Soles,2026-09-15T00:00:00-05:00
ocds-dgv273-seacev3-1238501,ocds-dgv273-seacev3-1238501-2026-09-17T10:20:00.234473-05:00,1238501-1821134,1356990.21,PEN,Soles,2026-08-21T00:00:00-05:00
ocds-dgv273-seacev3-1242378,ocds-dgv273-seacev3-1242378-2026-09-17T10:19:59.628888-05:00,1242378-20611417161,98390.59,PEN,Soles,2026-09-08T00:00:00-05:00
ocds-dgv273-seacev3-1239570,ocds-dgv273-seacev3-1239570-2026-09-17T10:19:59.546623-05:00,1239570-20277185076,180061.9,PEN,Soles,2026-09-01T00:00:00-05:00
ocds-dgv273-seacev3-1240762,ocds-dgv273-seacev3-1240762-2026-09-17T10:19:59.442634-05:00,1240762-1828610,4302214.88,PEN,Soles,2026-09-15T00:00:00-05:00
ocds-dgv273-seacev3-1245425,ocds-dgv273-seacev3-1245425-2026-09-17T10:19:59.228385-05:00,1245425-20601431697,300000.0,PEN,Soles,2026-09-15T00:00:00-05:00
ocds-dgv273-seacev3-2026-2376-4,ocds-dgv273-seacev3-2026-2376-4-2026-09-17T10:19:59.143039-05:00,1237836-20609569779,119896.0,PEN,Soles,2026-09-15T00:00:00-05:00
ocds-dgv273-seacev3-1241155,ocds-dgv273-seacev3-1241155-2026-09-17T10:19:59.069303-05:00,1241155-20342857214,189970.0,PEN,Soles,2026-08-28T00:00:00-05:00
ocds-dgv273-seacev3-1241924,ocds-dgv273-seacev3-1241924-2026-09-17T10:19:58.949995-05:00,1241924-1826094,960567.26,PEN,Soles,2026-08-31T00:00:00-05:00
ocds-dgv273-seacev3-2026-12-6,ocds-dgv273-seacev3-2026-12-6-2026-09-17T10:19:58.833757-05:00,1239638-20106897914,265324.8,PEN,Soles,2026-09-14T00:00:00-05:00
ocds-dgv273-seacev3-1244833,ocds-dgv273-seacev3-1244833-2026-09-17T10:19:58.819435-05:00,1244833-20532795118,50000.0,PEN,Soles,2026-09-02T00:00:00-05:00
ocds-dgv273-seacev3-1238412,ocds-dgv273-seacev3-1238412-2026-09-17T10:19:58.575791-05:00,1238412-20600623380,79726.15,PEN,Soles,2026-08-28T00:00:00-05:00
ocds-dgv273-seacev3-2026-1947-371,ocds-dgv273-seacev3-2026-1947-371-2026-09-17T10:19:58.515769-05:00,1242407-20409401032,81000.0,PEN,Soles,2026-09-07T00:00:00-05:00
ocds-dgv273-seacev3-1239824,ocds-dgv273-seacev3-1239824-2026-09-17T10:19:58.493683-05:00,1239824-1822609,2701395.57,PEN,Soles,2026-08-20T00:00:00-05:00
ocds-dgv273-seacev3-1243448,ocds-dgv273-seacev3-1243448-2026-09-17T10:19:58.371731-05:00,1243448-20546561497,46800.0,PEN,Soles,2026-09-15T00:00:00-05:00
ocds-dgv273-seacev3-1244326,ocds-dgv273-seacev3-1244326-2026-09-17T10:19:58.336566-05:00,1244326-20611474041,52006.5,PEN,Soles,2026-09-07T00:00:00-05:00
ocds-dgv273-seacev3-1241873,ocds-dgv273-seacev3-1241873-2026-09-17T10:19:58.022747-05:00,1241873-20615558592,50100.0,PEN,Soles,2026-08-24T00:00:00-05:00
ocds-dgv273-seacev3-1244734,ocds-dgv273-seacev3-1244734-2026-09-17T10:19:57.954447-05:00,1244734-10440653371,726800.0,PEN,Soles,2026-09-15T00:00:00-05:00
ocds-dgv273-seacev3-1244726,ocds-dgv273-seacev3-1244726-2026-09-17T10:19:57.940550-05:00,1244726-1829540,239262.81,PEN,Soles,2026-09-15T00:00:00-05:00
ocds-dgv273-seacev3-2026-742-41,ocds-dgv273-seacev3-2026-742-41-2026-09-17T10:19:57.858849-05:00,1240232-20523470761,91695.47,PEN,Soles,2026-09-15T00:00:00-05:00
ocds-dgv273-seacev3-1243041,ocds-dgv273-seacev3-1243041-2026-09-17T10:19:57.740034-05:00,1243041-1828378,1934364.17,PEN,Soles,2026-09-07T00:00:00-05:00
ocds-dgv273-seacev3-1243967,ocds-dgv273-seacev3-1243967-2026-09-17T10:19:57.726210-05:00,1243967-20542374480,80160.0,PEN,Soles,2026-09-07T00:00:00-05:00
ocds-dgv273-seacev3-1239612,ocds-dgv273-seacev3-1239612-2026-09-17T10:19:57.512858-05:00,1239612-1824413,525207.79,PEN,Soles,2026-08-27T00:00:00-05:00
ocds-dgv273-seacev3-1238788,ocds-dgv273-seacev3-1238788-2026-09-17T10:19:57.453733-05:00,1238788-20607783838,220000.0,PEN,Soles,2026-08-28T00:00:00-05:00
ocds-dgv273-seacev3-1245914,ocds-dgv273-seacev3-1245914-2026-09-17T10:19:57.342426-05:00,1245914-20611396326,248000.0,PEN,Soles,2026-09-15T00:00:00-05:00
ocds-dgv273-seacev3-1237294,ocds-dgv273-seacev3-1237294-2026-09-17T10:19:57.329182-05:00,1237294-1826806,187651.3,PEN,Soles,2026-09-07T00:00:00-05:00
ocds-dgv273-seacev3-1239100,ocds-dgv273-seacev3-1239100-2026-09-17T10:19:57.307508-05:00,1239100-20602258522,396076.1,PEN,Soles,2026-08-28T00:00:00-05:00
ocds-dgv273-seacev3-1245822,ocds-dgv273-seacev3-1245822-2026-09-17T10:19:57.287020-05:00,1245822-10713404239,54370.65,PEN,Soles,2026-09-04T00:00:00-05:00
ocds-dgv273-seacev3-1244988,ocds-dgv273-seacev3-1244988-2026-09-17T10:19:57.266403-05:00,1244988-20600493583,699011.96,PEN,Soles,2026-09-15T00:00:00-05:00
ocds-dgv273-seacev3-1243032,ocds-dgv273-seacev3-1243032-2026-09-17T10:19:57.182522-05:00,1243032-1828200,347264.4,PEN,Soles,2026-09-08T00:00:00-05:00
ocds-dgv273-seacev3-1243027,ocds-dgv273-seacev3-1243027-2026-09-17T10:19:57.170345-05:00,1243027-20564007707,64470.0,PEN,Soles,2026-09-07T00:00:00-05:00
ocds-dgv273-seacev3-1245825,ocds-dgv273-seacev3-1245825-2026-09-17T10:19:56.924770-05:00,1245825-10484212193,49955.0,PEN,Soles,2026-09-07T00:00:00-05:00
ocds-dgv273-seacev3-1245958,ocds-dgv273-seacev3-1245958-2026-09-17T10:19:56.547266-05:00,1245958-20331688291,55932.0,PEN,Soles,2026-09-15T00:00:00-05:00
ocds-dgv273-seacev3-1244286,ocds-dgv273-seacev3-1244286-2026-09-17T10:19:52.057762-05:00,1244286-10401873827,108720.0,PEN,Soles,2026-09-07T00:00:00-05:00
ocds-dgv273-seacev3-2026-13-12,ocds-dgv273-seacev3-2026-13-12-2026-09-17T10:19:51.982542-05:00,1242911-20542590344,88000.0,PEN,Soles,2026-09-07T00:00:00-05:00
ocds-dgv273-seacev3-1244826,ocds-dgv273-seacev3-1244826-2026-09-17T10:19:51.955421-05:00,1244826-10400470354,99100.0,PEN,Soles,2026-09-02T00:00:00-05:00
ocds-dgv273-seacev3-1244686,ocds-dgv273-seacev3-1244686-2026-09-17T10:19:51.928085-05:00,1244686-20601075971,65700.0,PEN,Soles,2026-09-15T00:00:00-05:00
ocds-dgv273-seacev3-1241220,ocds-dgv273-seacev3-1241220-2026-09-17T10:19:51.807700-05:00,1241220-10407610143,134736.0,PEN,Soles,2026-08-28T00:00:00-05:00
ocds-dgv273-seacev3-2026-200475-1,ocds-dgv273-seacev3-2026-200475-1-2026-09-17T10:19:51.798047-05:00,1207117-1797769,426297.5,PEN,Soles,2026-06-12T00:00:00-05:00
ocds-dgv273-seacev3-1239920,ocds-dgv273-seacev3-1239920-2026-09-17T10:19:51.636821-05:00,1239920-10449720925,43425.0,PEN,Soles,2026-09-15T00:00:00-05:00
ocds-dgv273-seacev3-1241916,ocds-dgv273-seacev3-1241916-2026-09-17T10:19:51.614117-05:00,1241916-10407315281,78731.08,PEN,Soles,2026-08-31T00:00:00-05:00
ocds-dgv273-seacev3-1241654,ocds-dgv273-seacev3-1241654-2026-09-17T10:19:51.599477-05:00,1241654-1825660,998102.4,PEN,Soles,2026-09-03T00:00:00-05:00
ocds-dgv273-seacev3-1244626,ocds-dgv273-seacev3-1244626-2026-09-17T10:19:51.580776-05:00,1244626-20606539844,93960.0,PEN,Soles,2026-09-07T00:00:00-05:00
ocds-dgv273-seacev3-1242866,ocds-dgv273-seacev3-1242866-2026-09-17T10:19:51.555926-05:00,1242866-1827411,2447547.99,PEN,Soles,2026-09-08T00:00:00-05:00
ocds-dgv273-seacev3-1241416,ocds-dgv273-seacev3-1241416-2026-09-17T10:19:51.298891-05:00,1241416-20603676808,70496.6,PEN,Soles,2026-08-24T00:00:00-05:00
ocds-dgv273-seacev3-1246547,ocds-dgv273-seacev3-1246547-2026-09-17T10:19:51.228291-05:00,1246547-1828859,3845300.98,PEN,Soles,2026-09-08T00:00:00-05:00
ocds-dgv273-seacev3-1238839,ocds-dgv273-seacev3-1238839-2026-09-17T10:19:51.080496-05:00,1238839-20448439519,91022.0,PEN,Soles,2026-08-24T00:00:00-05:00
ocds-dgv273-seacev3-1244589,ocds-dgv273-seacev3-1244589-2026-09-17T10:19:50.958514-05:00,1244589-10462356795,243532.06,PEN,Soles,2026-09-15T00:00:00-05:00
ocds-dgv273-seacev3-1239372,ocds-dgv273-seacev3-1239372-2026-09-17T10:19:50.939963-05:00,1239372-1830157,662700.0,PEN,Soles,2026-09-15T00:00:00-05:00
ocds-dgv273-seacev3-1244803,ocds-dgv273-seacev3-1244803-2026-09-17T10:19:50.583199-05:00,1244803-99999999999,20385443.330000002,PEN,Soles,2026-09-04T00:00:00-05:00
ocds-dgv273-seacev3-1250201,ocds-dgv273-seacev3-1250201-2026-09-17T10:19:50.526068-05:00,1250201-20492213552,60450.0,PEN,Soles,2026-09-15T00:00:00-05:00
ocds-dgv273-seacev3-1242383,ocds-dgv273-seacev3-1242383-2026-09-17T10:19:50.470555-05:00,1242383-1825762,229240.92,PEN,Soles,2026-08-28T00:00:00-05:00
ocds-dgv273-seacev3-1239168,ocds-dgv273-seacev3-1239168-2026-09-17T10:19:50.456888-05:00,1239168-20601674000,8145000.0,PEN,Soles,2026-08-19T00:00:00-05:00
ocds-dgv273-seacev3-1243323,ocds-dgv273-seacev3-1243323-2026-09-17T10:19:50.424446-05:00,1243323-1827999,432000.0,PEN,Soles,2026-09-11T00:00:00-05:00
ocds-dgv273-seacev3-1246156,ocds-dgv273-seacev3-1246156-2026-09-17T10:19:50.086831-05:00,1246156-20605503765,70504.0,PEN,Soles,2026-09-07T00:00:00-05:00
ocds-dgv273-seacev3-2026-1899-18,ocds-dgv273-seacev3-2026-1899-18-2026-09-17T10:19:49.965358-05:00,1238397-10413726854,1324312.0,PEN,Soles,2026-09-15T00:00:00-05:00
ocds-dgv273-seacev3-1244341,ocds-dgv273-seacev3-1244341-2026-09-17T10:19:49.920666-05:00,1244341-20527055840,295657.0,PEN,Soles,2026-09-07T00:00:00-05:00
ocds-dgv273-seacev3-1239990,ocds-dgv273-seacev3-1239990-2026-09-17T10:19:49.892780-05:00,1239990-20604394342,1389000.0,PEN,Soles,2026-09-15T00:00:00-05:00
ocds-dgv273-seacev3-1244112,ocds-dgv273-seacev3-1244112-2026-09-17T10:19:49.642417-05:00,1244112-20559122549,107853.5,PEN,Soles,2026-09-04T00:00:00-05:00
ocds-dgv273-seacev3-1243773,ocds-dgv273-seacev3-1243773-2026-09-17T10:19:49.574477-05:00,1243773-1831068,736098.63,PEN,Soles,2026-09-14T00:00:00-05:00
ocds-dgv273-seacev3-1243498,ocds-dgv273-seacev3-1243498-2026-09-17T10:19:49.559220-05:00,1243498-20609516870,78498.0,PEN,Soles,2026-09-15T00:00:00-05:00
ocds-dgv273-seacev3-1241236,ocds-dgv273-seacev3-1241236-2026-09-17T10:19:49.432349-05:00,1241236-20605603883,156474.0,PEN,Soles,2026-09-15T00:00:00-05:00
ocds-dgv273-seacev3-1245588,ocds-dgv273-seacev3-1245588-2026-09-17T10:19:49.348506-05:00,1245588-20514781851,185970.0,PEN,Soles,2026-09-14T00:00:00-05:00
ocds-dgv273-seacev3-1243880,ocds-dgv273-seacev3-1243880-2026-09-17T10:19:49.333923-05:00,1243880-20615698581,136000.0,PEN,Soles,2026-09-15T00:00:00-05:00
ocds-dgv273-seacev3-1239689,ocds-dgv273-seacev3-1239689-2026-09-17T10:19:49.311525-05:00,1239689-1822928,1329562.22,PEN,Soles,2026-08-21T00:00:00-05:00
ocds-dgv273-seacev3-1245469,ocds-dgv273-seacev3-1245469-2026-09-17T10:19:49.236343-05:00,1245469-20610208755,99504.68,PEN,Soles,2026-08-31T00:00:00-05:00
ocds-dgv273-seacev3-1250145,ocds-dgv273-seacev3-1250145-2026-09-17T10:19:49.216295-05:00,1250145-1832575,124089.12,PEN,Soles,2026-09-15T00:00:00-05:00
ocds-dgv273-seacev3-1244191,ocds-dgv273-seacev3-1244191-2026-09-17T10:19:49.170254-05:00,1244191-1828847,2579575.45,PEN,Soles,2026-09-15T00:00:00-05:00
ocds-dgv273-seacev3-1240263,ocds-dgv273-seacev3-1240263-2026-09-17T10:19:49.118943-05:00,1240263-10323042662,64900.0,PEN,Soles,2026-08-24T00:00:00-05:00
ocds-dgv273-seacev3-1242217,ocds-dgv273-seacev3-1242217-2026-09-17T10:19:49.061377-05:00,1242217-1827134,457249.06,PEN,Soles,2026-09-15T00:00:00-05:00
ocds-dgv273-seacev3-1240894,ocds-dgv273-seacev3-1240894-2026-09-17T10:19:48.998427-05:00,1240894-1826161,414600.0,PEN,Soles,2026-09-01T00:00:00-05:00
ocds-dgv273-seacev3-1242904,ocds-dgv273-seacev3-1242904-2026-09-17T10:19:48.788157-05:00,1242904-20613416626,69967.5,PEN,Soles,2026-09-02T00:00:00-05:00
ocds-dgv273-seacev3-1242053,ocds-dgv273-seacev3-1242053-2026-09-17T10:19:48.519469-05:00,1242053-20297566866,1209000.0,PEN,Soles,2026-09-11T00:00:00-05:00
ocds-dgv273-seacev3-1245733,ocds-dgv273-seacev3-1245733-2026-09-17T10:19:48.415936-05:00,1245733-20609292955,470233.71,PEN,Soles,2026-09-11T00:00:00-05:00
ocds-dgv273-seacev3-1238034,ocds-dgv273-seacev3-1238034-2026-09-17T10:19:48.368346-05:00,1238034-20610870661,109200.0,PEN,Soles,2026-09-04T00:00:00-05:00
ocds-dgv273-seacev3-1243048,ocds-dgv273-seacev3-1243048-2026-09-17T10:19:48.287458-05:00,1243048-1826857,492214.63,PEN,Soles,2026-09-07T00:00:00-05:00
ocds-dgv273-seacev3-1244180,ocds-dgv273-seacev3-1244180-2026-09-17T10:19:47.643197-05:00,1244180-1828418,62000.0,PEN,Soles,2026-09-07T00:00:00-05:00
ocds-dgv273-seacev3-2026-2368-3,ocds-dgv273-seacev3-2026-2368-3-2026-09-17T10:19:47.624302-05:00,1242246-20452262399,300555.0,PEN,Soles,2026-09-07T00:00:00-05:00
ocds-dgv273-seacev3-1240135,ocds-dgv273-seacev3-1240135-2026-09-17T10:19:47.527873-05:00,1240135-1823519,394343.1,PEN,Soles,2026-08-25T00:00:00-05:00
ocds-dgv273-seacev3-1245348,ocds-dgv273-seacev3-1245348-2026-09-17T10:19:47.489551-05:00,1245348-20609292955,477346.99,PEN,Soles,2026-09-11T00:00:00-05:00
ocds-dgv273-seacev3-1245118,ocds-dgv273-seacev3-1245118-2026-09-17T10:19:47.277346-05:00,1245118-20532492051,37751.78,PEN,Soles,2026-09-07T00:00:00-05:00
ocds-dgv273-seacev3-1243764,ocds-dgv273-seacev3-1243764-2026-09-17T10:19:47.263348-05:00,1243764-10404821321,95040.0,PEN,Soles,2026-08-28T00:00:00-05:00
ocds-dgv273-seacev3-1238099,ocds-dgv273-seacev3-1238099-2026-09-17T10:19:47.234776-05:00,1238099-1830213,6105526.69,PEN,Soles,2026-09-15T00:00:00-05:00
ocds-dgv273-seacev3-1238932,ocds-dgv273-seacev3-1238932-2026-09-17T10:19:47.214541-05:00,1238932-20487346692,124753.5,PEN,Soles,2026-08-25T00:00:00-05:00
ocds-dgv273-seacev3-1242032,ocds-dgv273-seacev3-1242032-2026-09-17T10:19:46.991591-05:00,1242032-20611399694,59986.95,PEN,Soles,2026-09-03T00:00:00-05:00
ocds-dgv273-seacev3-1241726,ocds-dgv273-seacev3-1241726-2026-09-17T10:19:46.975985-05:00,1241726-1829273,214478.0,PEN,Soles,2026-09-07T00:00:00-05:00
ocds-dgv273-seacev3-1244746,ocds-dgv273-seacev3-1244746-2026-09-17T10:19:46.916464-05:00,1244746-20541393651,119820.0,PEN,Soles,2026-09-15T00:00:00-05:00
ocds-dgv273-seacev3-1244600,ocds-dgv273-seacev3-1244600-2026-09-17T10:19:46.895652-05:00,1244600-1826240,914802.34,PEN,Soles,2026-08-28T00:00:00-05:00
ocds-dgv273-seacev3-1244008,ocds-dgv273-seacev3-1244008-2026-09-17T10:19:46.825149-05:00,1244008-20605432477,116000.0,PEN,Soles,2026-09-15T00:00:00-05:00
ocds-dgv273-seacev3-1242536,ocds-dgv273-seacev3-1242536-2026-09-17T10:19:46.805136-05:00,1242536-20604202842,661500.0,PEN,Soles,2026-09-02T00:00:00-05:00
ocds-dgv273-seacev3-1240463,ocds-dgv273-seacev3-1240463-2026-09-17T10:19:46.726312-05:00,1240463-20512153110,113200.0,PEN,Soles,2026-08-25T00:00:00-05:00
ocds-dgv273-seacev3-1241889,ocds-dgv273-seacev3-1241889-2026-09-17T10:19:46.552467-05:00,1241889-20605225587,83600.0,PEN,Soles,2026-08-21T00:00:00-05:00
ocds-dgv273-seacev3-1244290,ocds-dgv273-seacev3-1244290-2026-09-17T10:19:46.419526-05:00,1244290-10401873827,174420.0,PEN,Soles,2026-09-07T00:00:00-05:00
ocds-dgv273-seacev3-1243672,ocds-dgv273-seacev3-1243672-2026-09-17T10:19:46.407527-05:00,1243672-20611418681,79500.0,PEN,Soles,2026-09-04T00:00:00-05:00
ocds-dgv273-seacev3-1243547,ocds-dgv273-seacev3-1243547-2026-09-17T10:19:46.294826-05:00,1243547-10416152743,69588.0,PEN,Soles,2026-09-08T00:00:00-05:00
ocds-dgv273-seacev3-1238780,ocds-dgv273-seacev3-1238780-2026-09-17T10:19:46.279040-05:00,1238780-10436032884,45900.0,PEN,Soles,2026-08-18T13:04:57-05:00
ocds-dgv273-seacev3-1244317,ocds-dgv273-seacev3-1244317-2026-09-17T10:19:46.257990-05:00,1244317-20513345748,269808.0,PEN,Soles,2026-09-07T00:00:00-05:00
ocds-dgv273-seacev3-1244511,ocds-dgv273-seacev3-1244511-2026-09-17T10:19:46.024733-05:00,1244511-1828456,212690.28,PEN,Soles,2026-09-07T00:00:00-05:00
ocds-dgv273-seacev3-1244580,ocds-dgv273-seacev3-1244580-2026-09-17T10:19:45.973854-05:00,1244580-1830780,510465.5,PEN,Soles,2026-09-15T00:00:00-05:00
ocds-dgv273-seacev3-1244079,ocds-dgv273-seacev3-1244079-2026-09-17T10:19:45.812377-05:00,1244079-20603339682,250000.0,PEN,Soles,2026-09-01T00:00:00-05:00
ocds-dgv273-seacev3-1243230,ocds-dgv273-seacev3-1243230-2026-09-17T10:19:45.797988-05:00,1243230-10455937910,123000.0,PEN,Soles,2026-09-07T00:00:00-05:00
ocds-dgv273-seacev3-1244263,ocds-dgv273-seacev3-1244263-2026-09-17T10:19:45.705798-05:00,1244263-20564183009,99000.0,PEN,Nuevos Soles,2026-09-08T00:00:00-05:00
ocds-dgv273-seacev3-1238882,ocds-dgv273-seacev3-1238882-2026-09-17T10:19:45.612854-05:00,1238882-1827179,336044.49,PEN,Soles,2026-09-07T00:00:00-05:00
ocds-dgv273-seacev3-1244971,ocds-dgv273-seacev3-1244971-2026-09-17T10:19:45.577408-05:00,1244971-20601668247,99135.0,PEN,Soles,2026-09-01T00:00:00-05:00
ocds-dgv273-seacev3-1244383,ocds-dgv273-seacev3-1244383-2026-09-17T10:19:45.563633-05:00,1244383-10282916563,342622.0,PEN,Soles,2026-09-07T00:00:00-05:00
ocds-dgv273-seacev3-1242341,ocds-dgv273-seacev3-1242341-2026-09-17T10:19:45.531754-05:00,1242341-1826235,587792.21,PEN,Soles,2026-09-07T00:00:00-05:00
ocds-dgv273-seacev3-1235231,ocds-dgv273-seacev3-1235231-2026-09-17T10:19:45.517432-05:00,1235231-1820843,1298634.14,PEN,Soles,2026-09-15T00:00:00-05:00
ocds-dgv273-seacev3-1244677,ocds-dgv273-seacev3-1244677-2026-09-17T10:19:45.483737-05:00,1244677-1829210,145500.0,PEN,Soles,2026-09-14T00:00:00-05:00
ocds-dgv273-seacev3-1241150,ocds-dgv273-seacev3-1241150-2026-09-17T10:19:45.461418-05:00,1241150-20610282122,50044.54,PEN,Nuevos Soles,2026-09-03T00:00:00-05:00
ocds-dgv273-seacev3-1243381,ocds-dgv273-seacev3-1243381-2026-09-17T10:19:45.426911-05:00,1243381-1827573,2385016.61,PEN,Soles,2026-09-03T00:00:00-05:00
ocds-dgv273-seacev3-1240841,ocds-dgv273-seacev3-1240841-2026-09-17T10:19:45.213822-05:00,1240841-1824763,143020.81,PEN,Soles,2026-09-01T00:00:00-05:00
ocds-dgv273-seacev3-1238251,ocds-dgv273-seacev3-1238251-2026-09-17T10:19:45.143330-05:00,1238251-1824467,63000.0,PEN,Soles,2026-08-28T00:00:00-05:00
ocds-dgv273-seacev3-1245643,ocds-dgv273-seacev3-1245643-2026-09-17T10:19:40.473248-05:00,1245643-L9000033094,30220.53,USD,Dólar Norteamericano,2026-09-03T00:00:00-05:00
ocds-dgv273-seacev3-1243329,ocds-dgv273-seacev3-1243329-2026-09-17T10:19:40.219000-05:00,1243329-10722455687,95000.0,PEN,Soles,2026-08-31T00:00:00-05:00
ocds-dgv273-seacev3-1244850,ocds-dgv273-seacev3-1244850-2026-09-17T10:19:40.137095-05:00,1244850-1830845,1099999.99,PEN,Soles,2026-09-15T00:00:00-05:00
ocds-dgv273-seacev3-1239174,ocds-dgv273-seacev3-1239174-2026-09-17T10:19:40.128632-05:00,1239174-1821705,126341.65,PEN,Soles,2026-08-21T00:00:00-05:00
ocds-dgv273-seacev3-1243675,ocds-dgv273-seacev3-1243675-2026-09-17T10:19:40.086875-05:00,1243675-10420843491,387000.0,PEN,Soles,2026-09-15T00:00:00-05:00
ocds-dgv273-seacev3-1245465,ocds-dgv273-seacev3-1245465-2026-09-17T10:19:40.028607-05:00,1245465-10422890730,65000.0,PEN,Soles,2026-09-09T00:00:00-05:00
ocds-dgv273-seacev3-1240353,ocds-dgv273-seacev3-1240353-2026-09-17T10:19:39.865704-05:00,1240353-20503870542,2849999.18,PEN,Soles,2026-08-25T00:00:00-05:00
ocds-dgv273-seacev3-1246129,ocds-dgv273-seacev3-1246129-2026-09-17T10:19:39.711131-05:00,1246129-20602855326,245000.0,PEN,Soles,2026-09-11T00:00:00-05:00
ocds-dgv273-seacev3-1242512,ocds-dgv273-seacev3-1242512-2026-09-17T10:19:39.689605-05:00,1242512-20559644243,68000.0,PEN,Soles,2026-08-28T00:00:00-05:00
ocds-dgv273-seacev3-1245424,ocds-dgv273-seacev3-1245424-2026-09-17T10:19:39.630379-05:00,1245424-20601245869,83550.0,PEN,Soles,2026-09-15T00:00:00-05:00
ocds-dgv273-seacev3-2026-200191-52,ocds-dgv273-seacev3-2026-200191-52-2026-09-17T10:19:39.564432-05:00,1243009-20184662796,44800.0,PEN,Soles,2026-09-07T00:00:00-05:00
ocds-dgv273-seacev3-1238579,ocds-dgv273-seacev3-1238579-2026-09-17T10:19:39.542444-05:00,1238579-20539916379,233549.19,PEN,Nuevos Soles,2026-08-19T00:00:00-05:00
ocds-dgv273-seacev3-1227431,ocds-dgv273-seacev3-1227431-2026-09-17T10:19:39.366006-05:00,1227431-1829704,693000.0,PEN,Soles,2026-09-15T00:00:00-05:00
ocds-dgv273-seacev3-2026-200195-145,ocds-dgv273-seacev3-2026-200195-145-2026-09-17T10:19:39.260097-05:00,1242562-20600563654,214623.12,PEN,Soles,2026-09-15T00:00:00-05:00
ocds-dgv273-seacev3-1243985,ocds-dgv273-seacev3-1243985-2026-09-17T10:19:38.075167-05:00,1243985-1828348,115967.8,PEN,Soles,2026-09-08T00:00:00-05:00
ocds-dgv273-seacev3-1241168,ocds-dgv273-seacev3-1241168-2026-09-17T10:19:38.052487-05:00,1241168-1824079,129000.0,PEN,Soles,2026-08-28T00:00:00-05:00
ocds-dgv273-seacev3-1241217,ocds-dgv273-seacev3-1241217-2026-09-17T10:19:37.768457-05:00,1241217-1826805,1092040.46,PEN,Soles,2026-09-07T00:00:00-05:00
ocds-dgv273-seacev3-1244897,ocds-dgv273-seacev3-1244897-2026-09-17T10:19:37.662695-05:00,1244897-1827009,2866398.0,PEN,Soles,2026-09-07T00:00:00-05:00
ocds-dgv273-seacev3-1243010,ocds-dgv273-seacev3-1243010-2026-09-17T10:19:37.549629-05:00,1243010-10199320721,130000.0,PEN,Soles,2026-09-15T00:00:00-05:00
ocds-dgv273-seacev3-1243010,ocds-dgv273-seacev3-1243010-2026-09-17T10:19:37.549629-05:00,1243010-20554712828,98500.0,PEN,Soles,2026-09-15T00:00:00-05:00
ocds-dgv273-seacev3-1238161,ocds-dgv273-seacev3-1238161-2026-09-17T10:19:37.464374-05:00,1238161-20418896915,13188.67,USD,Dólar Norteamericano,2026-08-25T00:00:00-05:00
ocds-dgv273-seacev3-1241967,ocds-dgv273-seacev3-1241967-2026-09-17T10:19:37.434333-05:00,1241967-1825790,423530.0,PEN,Soles,2026-09-01T00:00:00-05:00
ocds-dgv273-seacev3-1245197,ocds-dgv273-seacev3-1245197-2026-09-17T10:19:37.348364-05:00,1245197-1831274,230811.79,PEN,Soles,2026-09-14T00:00:00-05:00
ocds-dgv273-seacev3-1239547,ocds-dgv273-seacev3-1239547-2026-09-17T10:19:37.188209-05:00,1239547-20212561534,210111.0,PEN,Soles,2026-09-14T00:00:00-05:00
ocds-dgv273-seacev3-1244109,ocds-dgv273-seacev3-1244109-2026-09-17T10:19:37.168445-05:00,1244109-1829377,328414.28,PEN,Soles,2026-09-15T00:00:00-05:00
ocds-dgv273-seacev3-1244289,ocds-dgv273-seacev3-1244289-2026-09-17T10:19:36.969983-05:00,1244289-20604912246,87900.0,PEN,Soles,2026-09-15T00:00:00-05:00
ocds-dgv273-seacev3-1242192,ocds-dgv273-seacev3-1242192-2026-09-17T10:19:36.851380-05:00,1242192-10247187630,75200.0,PEN,Soles,2026-08-24T00:00:00-05:00
ocds-dgv273-seacev3-1245896,ocds-dgv273-seacev3-1245896-2026-09-17T10:19:36.837751-05:00,1245896-1830719,131954.94,PEN,Soles,2026-09-15T00:00:00-05:00
ocds-dgv273-seacev3-1237339,ocds-dgv273-seacev3-1237339-2026-09-17T10:19:36.816756-05:00,1237339-20608317407,2447440.0,PEN,Soles,2026-09-15T00:00:00-05:00
ocds-dgv273-seacev3-1241959,ocds-dgv273-seacev3-1241959-2026-09-17T10:19:36.120743-05:00,1241959-10747302621,75000.0,PEN,Soles,2026-08-28T00:00:00-05:00
ocds-dgv273-seacev3-1241959,ocds-dgv273-seacev3-1241959-2026-09-17T10:19:36.120743-05:00,1241959-20607472531,80000.0,PEN,Soles,2026-09-15T00:00:00-05:00
ocds-dgv273-seacev3-1241663,ocds-dgv273-seacev3-1241663-2026-09-17T10:19:35.923079-05:00,1241663-20546675310,15912720.0,PEN,Soles,2026-09-07T00:00:00-05:00
ocds-dgv273-seacev3-1238482,ocds-dgv273-seacev3-1238482-2026-09-17T10:19:35.909737-05:00,1238482-20602162274,78859.0,PEN,Soles,2026-09-15T00:00:00-05:00
ocds-dgv273-seacev3-1233641,ocds-dgv273-seacev3-1233641-2026-09-17T10:19:35.896679-05:00,1233641-20540726788,98750.0,PEN,Soles,2026-09-08T00:00:00-05:00
ocds-dgv273-seacev3-1239071,ocds-dgv273-seacev3-1239071-2026-09-17T10:19:35.787610-05:00,1239071-20608651439,2910006.04,PEN,Soles,2026-09-15T00:00:00-05:00
ocds-dgv273-seacev3-1240682,ocds-dgv273-seacev3-1240682-2026-09-17T10:19:35.439266-05:00,1240682-10401974691,103809.75,PEN,Soles,2026-08-26T00:00:00-05:00
ocds-dgv273-seacev3-1239714,ocds-dgv273-seacev3-1239714-2026-09-17T10:19:35.422143-05:00,1239714-10440757176,120625.0,PEN,Soles,2026-08-25T00:00:00-05:00
ocds-dgv273-seacev3-1239298,ocds-dgv273-seacev3-1239298-2026-09-17T10:19:35.331576-05:00,1239298-10093652164,134899.99,PEN,Soles,2026-09-15T00:00:00-05:00
ocds-dgv273-seacev3-1245161,ocds-dgv273-seacev3-1245161-2026-09-17T10:19:34.781508-05:00,1245161-20609994992,113850.0,PEN,Soles,2026-09-07T00:00:00-05:00
ocds-dgv273-seacev3-1239392,ocds-dgv273-seacev3-1239392-2026-09-17T10:19:34.746132-05:00,1239392-20513227621,332692.35,PEN,Soles,2026-09-15T00:00:00-05:00
ocds-dgv273-seacev3-1240915,ocds-dgv273-seacev3-1240915-2026-09-17T10:19:34.570480-05:00,1240915-10710975600,70750.0,PEN,Soles,2026-08-18T00:00:00-05:00
ocds-dgv273-seacev3-1237554,ocds-dgv273-seacev3-1237554-2026-09-17T10:19:34.554523-05:00,1237554-20571157005,1027287.74,PEN,Nuevos Soles,2026-08-20T00:00:00-05:00
ocds-dgv273-seacev3-1241497,ocds-dgv273-seacev3-1241497-2026-09-17T10:19:34.511363-05:00,1241497-15314069355,107000.0,PEN,Soles,2026-09-15T00:00:00-05:00
ocds-dgv273-seacev3-1241497,ocds-dgv273-seacev3-1241497-2026-09-17T10:19:34.511363-05:00,1241497-20607632724,163000.0,PEN,Soles,2026-09-15T00:00:00-05:00
ocds-dgv273-seacev3-1243310,ocds-dgv273-seacev3-1243310-2026-09-17T10:19:34.475489-05:00,1243310-20602142711,270000.0,PEN,Soles,2026-09-03T00:00:00-05:00
ocds-dgv273-seacev3-1243312,ocds-dgv273-seacev3-1243312-2026-09-17T10:19:34.461504-05:00,1243312-20600354451,75600.0,PEN,Soles,2026-08-28T00:00:00-05:00
ocds-dgv273-seacev3-1243853,ocds-dgv273-seacev3-1243853-2026-09-17T10:19:34.417455-05:00,1243853-20487976955,1891539.14,PEN,Soles,2026-09-08T00:00:00-05:00
ocds-dgv273-seacev3-1243774,ocds-dgv273-seacev3-1243774-2026-09-17T10:19:34.403538-05:00,1243774-10736127216,61424.0,PEN,Soles,2026-08-28T00:00:00-05:00
ocds-dgv273-seacev3-1242500,ocds-dgv273-seacev3-1242500-2026-09-17T10:19:34.372626-05:00,1242500-1827548,1050000.0,PEN,Soles,2026-09-07T00:00:00-05:00
ocds-dgv273-seacev3-1240035,ocds-dgv273-seacev3-1240035-2026-09-17T10:19:33.978368-05:00,1240035-20462793791,141372.0,PEN,Soles,2026-08-28T00:00:00-05:00
ocds-dgv273-seacev3-1238954,ocds-dgv273-seacev3-1238954-2026-09-17T10:19:33.924223-05:00,1238954-10097924258,133513.07,PEN,Soles,2026-08-24T00:00:00-05:00
ocds-dgv273-seacev3-1238954,ocds-dgv273-seacev3-1238954-2026-09-17T10:19:33.924223-05:00,1238954-20518861604,133513.07,PEN,Soles,2026-09-07T00:00:00-05:00
ocds-dgv273-seacev3-1245710,ocds-dgv273-seacev3-1245710-2026-09-17T10:19:33.793948-05:00,1245710-20111611891,2777777.0,PEN,Soles,2026-09-04T00:00:00-05:00
ocds-dgv273-seacev3-2026-1922-137,ocds-dgv273-seacev3-2026-1922-137-2026-09-17T10:19:33.780395-05:00,1243822-20521435357,99057.23,PEN,Soles,2026-09-07T00:00:00-05:00
ocds-dgv273-seacev3-1246039,ocds-dgv273-seacev3-1246039-2026-09-17T10:19:29.404625-05:00,1246039-20605428780,84197.0,PEN,Soles,2026-09-15T00:00:00-05:00
ocds-dgv273-seacev3-1246005,ocds-dgv273-seacev3-1246005-2026-09-17T10:19:29.390910-05:00,1246005-10403297661,450000.0,PEN,Soles,2026-09-01T00:00:00-05:00
ocds-dgv273-seacev3-1244604,ocds-dgv273-seacev3-1244604-2026-09-17T10:19:29.376617-05:00,1244604-20528071156,92000.0,PEN,Soles,2026-09-07T00:00:00-05:00
ocds-dgv273-seacev3-2026-178956-3,ocds-dgv273-seacev3-2026-178956-3-2026-09-17T10:19:29.244237-05:00,1240270-20600606884,53523.02,PEN,Soles,2026-09-07T00:00:00-05:00
ocds-dgv273-seacev3-1242353,ocds-dgv273-seacev3-1242353-2026-09-17T10:19:29.173122-05:00,1242353-20528383808,498654.11,PEN,Soles,2026-09-02T00:00:00-05:00
ocds-dgv273-seacev3-1243900,ocds-dgv273-seacev3-1243900-2026-09-17T10:19:29.160864-05:00,1243900-20198274705,4245622.51,PEN,Soles,2026-08-27T00:00:00-05:00
ocds-dgv273-seacev3-1242369,ocds-dgv273-seacev3-1242369-2026-09-17T10:19:28.999739-05:00,1242369-1825821,316568.0,PEN,Soles,2026-09-01T00:00:00-05:00
ocds-dgv273-seacev3-1244613,ocds-dgv273-seacev3-1244613-2026-09-17T10:19:28.950575-05:00,1244613-20534810271,45000.0,PEN,Soles,2026-09-15T00:00:00-05:00
ocds-dgv273-seacev3-1243899,ocds-dgv273-seacev3-1243899-2026-09-17T10:19:28.936799-05:00,1243899-10311243743,183260.0,PEN,Soles,2026-09-03T15:35:57-05:00
ocds-dgv273-seacev3-1243305,ocds-dgv273-seacev3-1243305-2026-09-17T10:19:28.798396-05:00,1243305-20518861604,138261.89,PEN,Soles,2026-09-04T00:00:00-05:00
ocds-dgv273-seacev3-1243811,ocds-dgv273-seacev3-1243811-2026-09-17T10:19:28.785348-05:00,1243811-20471476898,138828.0,PEN,Soles,2026-09-15T00:00:00-05:00
ocds-dgv273-seacev3-1244380,ocds-dgv273-seacev3-1244380-2026-09-17T10:19:28.594186-05:00,1244380-20486952483,263040.0,PEN,Soles,2026-09-08T00:00:00-05:00
ocds-dgv273-seacev3-2026-1493-15,ocds-dgv273-seacev3-2026-1493-15-2026-09-17T10:19:28.400931-05:00,1245485-1831690,205957.0,PEN,Soles,2026-09-15T00:00:00-05:00
ocds-dgv273-seacev3-1248496,ocds-dgv273-seacev3-1248496-2026-09-17T10:19:28.204836-05:00,1248496-20615539687,73450.0,PEN,Soles,2026-09-15T00:00:00-05:00
ocds-dgv273-seacev3-1247087,ocds-dgv273-seacev3-1247087-2026-09-17T10:19:28.059872-05:00,1247087-1831631,3405521.98,PEN,Soles,2026-09-15T00:00:00-05:00
ocds-dgv273-seacev3-1244054,ocds-dgv273-seacev3-1244054-2026-09-17T10:19:28.021804-05:00,1244054-20607446751,397996.0,PEN,Soles,2026-09-15T00:00:00-05:00
ocds-dgv273-seacev3-1243989,ocds-dgv273-seacev3-1243989-2026-09-17T10:19:28.007556-05:00,1243989-1829257,570871.86,PEN,Soles,2026-09-15T00:00:00-05:00
ocds-dgv273-seacev3-1242573,ocds-dgv273-seacev3-1242573-2026-09-17T10:19:27.996646-05:00,1242573-1827989,271666.26,PEN,Soles,2026-09-08T00:00:00-05:00
ocds-dgv273-seacev3-2026-200387-2,ocds-dgv273-seacev3-2026-200387-2-2026-09-17T10:19:27.829174-05:00,1239239-20490567969,54120.0,PEN,Soles,2026-08-18T00:00:00-05:00
ocds-dgv273-seacev3-2026-200387-2,ocds-dgv273-seacev3-2026-200387-2-2026-09-17T10:19:27.829174-05:00,1239239-20490593293,62000.0,PEN,Soles,2026-09-04T00:00:00-05:00
ocds-dgv273-seacev3-1244246,ocds-dgv273-seacev3-1244246-2026-09-17T10:19:27.363279-05:00,1244246-20611752157,47487.5,PEN,Soles,2026-09-01T00:00:00-05:00
ocds-dgv273-seacev3-1243269,ocds-dgv273-seacev3-1243269-2026-09-17T10:19:27.345773-05:00,1243269-20603724730,92000.0,PEN,Soles,2026-09-07T00:00:00-05:00
ocds-dgv273-seacev3-1243035,ocds-dgv273-seacev3-1243035-2026-09-17T10:19:27.265686-05:00,1243035-20615293289,110124.0,PEN,Soles,2026-09-01T00:00:00-05:00
ocds-dgv273-seacev3-1244333,ocds-dgv273-seacev3-1244333-2026-09-17T10:19:27.219460-05:00,1244333-1829225,179050.0,PEN,Soles,2026-09-15T00:00:00-05:00
ocds-dgv273-seacev3-1241607,ocds-dgv273-seacev3-1241607-2026-09-17T10:19:27.024652-05:00,1241607-20600194349,59800.0,PEN,Soles,2026-08-21T00:00:00-05:00
ocds-dgv273-seacev3-1241510,ocds-dgv273-seacev3-1241510-2026-09-17T10:19:27.007190-05:00,1241510-10406491949,119990.0,PEN,Soles,2026-08-26T00:00:00-05:00
ocds-dgv273-seacev3-1242488,ocds-dgv273-seacev3-1242488-2026-09-17T10:19:26.655633-05:00,1242488-20407836872,136385.7,PEN,Soles,2026-09-07T00:00:00-05:00
ocds-dgv273-seacev3-1243839,ocds-dgv273-seacev3-1243839-2026-09-17T10:19:26.614665-05:00,1243839-20611295651,155530.0,PEN,Soles,2026-09-02T00:00:00-05:00
ocds-dgv273-seacev3-1240665,ocds-dgv273-seacev3-1240665-2026-09-17T10:19:26.562589-05:00,1240665-20603464258,173850.0,PEN,Soles,2026-09-15T00:00:00-05:00
ocds-dgv273-seacev3-1245527,ocds-dgv273-seacev3-1245527-2026-09-17T10:19:26.353960-05:00,1245527-10423655688,270000.0,PEN,Soles,2026-09-15T00:00:00-05:00
ocds-dgv273-seacev3-1240505,ocds-dgv273-seacev3-1240505-2026-09-17T10:19:26.293428-05:00,1240505-20565643496,82787.8,PEN,Soles,2026-08-31T00:00:00-05:00
ocds-dgv273-seacev3-2026-2543-812,ocds-dgv273-seacev3-2026-2543-812-2026-09-17T10:19:26.280698-05:00,1240234-20100096936,166924.8,PEN,Soles,2026-09-15T00:00:00-05:00
ocds-dgv273-seacev3-1244940,ocds-dgv273-seacev3-1244940-2026-09-17T10:19:26.064269-05:00,1244940-10404273537,95000.0,PEN,Soles,2026-09-15T00:00:00-05:00
ocds-dgv273-seacev3-1246032,ocds-dgv273-seacev3-1246032-2026-09-17T10:19:25.972749-05:00,1246032-10214972137,474542.31,PEN,Soles,2026-09-15T00:00:00-05:00
ocds-dgv273-seacev3-1238324,ocds-dgv273-seacev3-1238324-2026-09-17T10:19:25.941156-05:00,1238324-20601892309,63745.0,PEN,Soles,2026-09-08T00:00:00-05:00
ocds-dgv273-seacev3-1246076,ocds-dgv273-seacev3-1246076-2026-09-17T10:19:25.856208-05:00,1246076-20563262355,98400.0,PEN,Soles,2026-09-04T00:00:00-05:00
ocds-dgv273-seacev3-1243974,ocds-dgv273-seacev3-1243974-2026-09-17T10:19:25.815052-05:00,1243974-20602965890,70000.0,PEN,Soles,2026-09-07T12:32:54-05:00
ocds-dgv273-seacev3-2026-10576-1,ocds-dgv273-seacev3-2026-10576-1-2026-09-17T10:19:25.702810-05:00,1211660-20406230601,67299.5,PEN,Nuevos Soles,2026-08-31T00:00:00-05:00
ocds-dgv273-seacev3-1241478,ocds-dgv273-seacev3-1241478-2026-09-17T10:19:25.640555-05:00,1241478-20498677437,102161.6,PEN,Soles,2026-08-25T16:03:53-05:00
ocds-dgv273-seacev3-1242525,ocds-dgv273-seacev3-1242525-2026-09-17T10:19:25.522509-05:00,1242525-20511037001,127186.62,PEN,Soles,2026-08-28T00:00:00-05:00
ocds-dgv273-seacev3-1240317,ocds-dgv273-seacev3-1240317-2026-09-17T10:19:24.721245-05:00,1240317-1827937,590174.23,PEN,Soles,2026-09-15T00:00:00-05:00
ocds-dgv273-seacev3-1240227,ocds-dgv273-seacev3-1240227-2026-09-17T10:19:24.629178-05:00,1240227-20197705249,186480.0,PEN,Soles,2026-09-07T00:00:00-05:00
ocds-dgv273-seacev3-1238191,ocds-dgv273-seacev3-1238191-2026-09-17T10:19:24.614578-05:00,1238191-1823721,191519.9,PEN,Soles,2026-09-15T00:00:00-05:00
ocds-dgv273-seacev3-2026-1337-32,ocds-dgv273-seacev3-2026-1337-32-2026-09-17T10:19:24.429522-05:00,1201003-20613536966,74851.0,PEN,Soles,2026-04-06T00:00:00-05:00
ocds-dgv273-seacev3-2026-1337-32,ocds-dgv273-seacev3-2026-1337-32-2026-09-17T10:19:24.429522-05:00,1201003-10712870368,75000.0,PEN,Soles,2026-05-14T00:00:00-05:00
ocds-dgv273-seacev3-2026-1337-32,ocds-dgv273-seacev3-2026-1337-32-2026-09-17T10:19:24.429522-05:00,1243696-20614582252,65000.0,PEN,Soles,2026-09-15T00:00:00-05:00
ocds-dgv273-seacev3-1239326,ocds-dgv273-seacev3-1239326-2026-09-17T10:19:24.281846-05:00,1239326-1822187,271447.2,PEN,Soles,2026-08-19T00:00:00-05:00
ocds-dgv273-seacev3-1242518,ocds-dgv273-seacev3-1242518-2026-09-17T10:19:24.115997-05:00,1242518-20547629338,114420.0,PEN,Soles,2026-09-01T00:00:00-05:00
ocds-dgv273-seacev3-1241079,ocds-dgv273-seacev3-1241079-2026-09-17T10:19:23.848859-05:00,1241079-20546691862,138016.66,PEN,Soles,2026-09-03T00:00:00-05:00
ocds-dgv273-seacev3-1240063,ocds-dgv273-seacev3-1240063-2026-09-17T10:19:23.458877-05:00,1240063-1831083,1260733.19,PEN,Soles,2026-09-14T00:00:00-05:00
ocds-dgv273-seacev3-1248534,ocds-dgv273-seacev3-1248534-2026-09-17T10:19:23.329141-05:00,1248534-1831960,670455.08,PEN,Soles,2026-09-14T00:00:00-05:00
ocds-dgv273-seacev3-1239277,ocds-dgv273-seacev3-1239277-2026-09-17T10:19:23.299041-05:00,1239277-1822164,85000.0,PEN,Soles,2026-08-21T00:00:00-05:00
ocds-dgv273-seacev3-1237547,ocds-dgv273-seacev3-1237547-2026-09-17T10:19:23.205778-05:00,1237547-20608266535,49619.0,PEN,Soles,2026-08-14T00:00:00-05:00
ocds-dgv273-seacev3-1241139,ocds-dgv273-seacev3-1241139-2026-09-17T10:19:17.575885-05:00,1241139-20615604985,61000.0,PEN,Soles,2026-08-25T00:00:00-05:00
ocds-dgv273-seacev3-1245672,ocds-dgv273-seacev3-1245672-2026-09-17T10:19:17.495606-05:00,1245672-20563801833,58825.0,PEN,Soles,2026-09-07T00:00:00-05:00
ocds-dgv273-seacev3-1244811,ocds-dgv273-seacev3-1244811-2026-09-17T10:19:17.470739-05:00,1244811-20532615586,173910.0,PEN,Soles,2026-09-07T00:00:00-05:00
ocds-dgv273-seacev3-1248942,ocds-dgv273-seacev3-1248942-2026-09-17T10:19:17.144877-05:00,1248942-1832282,1913662.56,PEN,Soles,2026-09-15T00:00:00-05:00
ocds-dgv273-seacev3-1244902,ocds-dgv273-seacev3-1244902-2026-09-17T10:19:17.058418-05:00,1244902-20492988201,67614.0,PEN,Soles,2026-09-07T00:00:00-05:00
ocds-dgv273-seacev3-1244902,ocds-dgv273-seacev3-1244902-2026-09-17T10:19:17.058418-05:00,1244902-20608870092,75000.0,PEN,Soles,2026-09-07T00:00:00-05:00
ocds-dgv273-seacev3-1239887,ocds-dgv273-seacev3-1239887-2026-09-17T10:19:16.934198-05:00,1239887-20101102204,87300.0,PEN,Soles,2026-09-14T00:00:00-05:00
ocds-dgv273-seacev3-1241068,ocds-dgv273-seacev3-1241068-2026-09-17T10:19:16.889299-05:00,1241068-20608287958,470613.69,PEN,Soles,2026-09-02T00:00:00-05:00
ocds-dgv273-seacev3-1241068,ocds-dgv273-seacev3-1241068-2026-09-17T10:19:16.889299-05:00,1241068-20608550683,123900.0,PEN,Soles,2026-09-02T00:00:00-05:00
ocds-dgv273-seacev3-1243991,ocds-dgv273-seacev3-1243991-2026-09-17T10:19:16.829016-05:00,1243991-1827935,619147.12,PEN,Soles,2026-09-15T00:00:00-05:00
ocds-dgv273-seacev3-1245570,ocds-dgv273-seacev3-1245570-2026-09-17T10:19:16.720410-05:00,1245570-20608393651,73000.0,PEN,Soles,2026-09-15T00:00:00-05:00
ocds-dgv273-seacev3-1244494,ocds-dgv273-seacev3-1244494-2026-09-17T10:19:16.645515-05:00,1244494-1828306,409331.16,PEN,Soles,2026-09-08T00:00:00-05:00
ocds-dgv273-seacev3-1245749,ocds-dgv273-seacev3-1245749-2026-09-17T10:19:16.617670-05:00,1245749-1831044,2666042.29,PEN,Soles,2026-09-15T00:00:00-05:00
ocds-dgv273-seacev3-1238544,ocds-dgv273-seacev3-1238544-2026-09-17T10:19:16.604560-05:00,1238544-20101279635,54199.0,PEN,Soles,2026-09-04T00:00:00-05:00
ocds-dgv273-seacev3-1245760,ocds-dgv273-seacev3-1245760-2026-09-17T10:19:16.513236-05:00,1245760-1830699,200081.44,PEN,Soles,2026-09-15T00:00:00-05:00
ocds-dgv273-seacev3-1243908,ocds-dgv273-seacev3-1243908-2026-09-17T10:19:16.454701-05:00,1243908-1828388,680510.32,PEN,Soles,2026-09-08T00:00:00-05:00
ocds-dgv273-seacev3-1241921,ocds-dgv273-seacev3-1241921-2026-09-17T10:19:16.307193-05:00,1241921-20601613086,250000.0,PEN,Soles,2026-09-07T00:00:00-05:00
ocds-dgv273-seacev3-1239145,ocds-dgv273-seacev3-1239145-2026-09-17T10:19:16.243290-05:00,1239145-10238671430,59025.0,PEN,Soles,2026-08-24T00:00:00-05:00
ocds-dgv273-seacev3-1241630,ocds-dgv273-seacev3-1241630-2026-09-17T10:19:16.035352-05:00,1241630-1824673,968374.25,PEN,Soles,2026-09-03T00:00:00-05:00
ocds-dgv273-seacev3-1245238,ocds-dgv273-seacev3-1245238-2026-09-17T10:19:15.671981-05:00,1245238-20518283210,72089.0,PEN,Soles,2026-09-15T00:00:00-05:00
ocds-dgv273-seacev3-1245495,ocds-dgv273-seacev3-1245495-2026-09-17T10:19:15.491496-05:00,1245495-20530349188,139500.0,PEN,Soles,2026-09-15T00:00:00-05:00
ocds-dgv273-seacev3-1243093,ocds-dgv273-seacev3-1243093-2026-09-17T10:19:15.475954-05:00,1243093-1828175,150000.0,PEN,Soles,2026-09-09T00:00:00-05:00
ocds-dgv273-seacev3-1240930,ocds-dgv273-seacev3-1240930-2026-09-17T10:19:15.416463-05:00,1240930-1824624,191024.0,PEN,Soles,2026-09-01T00:00:00-05:00
ocds-dgv273-seacev3-1248091,ocds-dgv273-seacev3-1248091-2026-09-17T10:19:15.383494-05:00,1248091-1831204,3144117.74,PEN,Soles,2026-09-14T00:00:00-05:00
ocds-dgv273-seacev3-1242088,ocds-dgv273-seacev3-1242088-2026-09-17T10:19:15.254760-05:00,1242088-20490867334,61100.0,PEN,Soles,2026-09-04T00:00:00-05:00
ocds-dgv273-seacev3-1240306,ocds-dgv273-seacev3-1240306-2026-09-17T10:19:15.052410-05:00,1240306-20600939140,5000000.0,PEN,Soles,2026-09-02T00:00:00-05:00
ocds-dgv273-seacev3-1245088,ocds-dgv273-seacev3-1245088-2026-09-17T10:19:14.948073-05:00,1245088-20532492051,0.0,PEN,Soles,2026-09-15T15:01:18-05:00
ocds-dgv273-seacev3-1240706,ocds-dgv273-seacev3-1240706-2026-09-17T10:19:14.844661-05:00,1240706-20527055840,176150.0,PEN,Soles,2026-09-07T00:00:00-05:00
ocds-dgv273-seacev3-2026-200195-96,ocds-dgv273-seacev3-2026-200195-96-2026-09-17T10:19:14.698929-05:00,1242089-20602162274,54600.0,PEN,Soles,2026-09-07T00:00:00-05:00
ocds-dgv273-seacev3-1242934,ocds-dgv273-seacev3-1242934-2026-09-17T10:19:14.569149-05:00,1242934-1826753,1435916.1,PEN,Soles,2026-09-02T00:00:00-05:00
ocds-dgv273-seacev3-1239394,ocds-dgv273-seacev3-1239394-2026-09-17T10:19:14.556045-05:00,1239394-20294789457,290700.0,PEN,Soles,2026-09-14T00:00:00-05:00
ocds-dgv273-seacev3-1239671,ocds-dgv273-seacev3-1239671-2026-09-17T10:19:14.461593-05:00,1239671-10754520952,99480.0,PEN,Soles,2026-08-31T00:00:00-05:00
ocds-dgv273-seacev3-1245546,ocds-dgv273-seacev3-1245546-2026-09-17T10:19:14.378621-05:00,1245546-1831253,172000.0,PEN,Soles,2026-09-15T00:00:00-05:00
ocds-dgv273-seacev3-1241379,ocds-dgv273-seacev3-1241379-2026-09-17T10:19:14.208378-05:00,1241379-1828400,416548.65,PEN,Soles,2026-09-15T00:00:00-05:00
ocds-dgv273-seacev3-1241768,ocds-dgv273-seacev3-1241768-2026-09-17T10:19:14.082192-05:00,1241768-20534157500,1768900.0,PEN,Soles,2026-09-07T00:00:00-05:00
ocds-dgv273-seacev3-1242858,ocds-dgv273-seacev3-1242858-2026-09-17T10:19:14.019383-05:00,1242858-20600561023,399998.0,PEN,Soles,2026-09-04T00:00:00-05:00
ocds-dgv273-seacev3-1239070,ocds-dgv273-seacev3-1239070-2026-09-17T10:19:13.957447-05:00,1239070-20448294448,226800.0,PEN,Soles,2026-08-21T00:00:00-05:00
ocds-dgv273-seacev3-1245006,ocds-dgv273-seacev3-1245006-2026-09-17T10:19:12.313520-05:00,1245006-1830073,134604.3,PEN,Soles,2026-09-15T00:00:00-05:00
ocds-dgv273-seacev3-1244304,ocds-dgv273-seacev3-1244304-2026-09-17T10:19:12.291489-05:00,1244304-20612154482,126000.0,PEN,Soles,2026-09-15T00:00:00-05:00
ocds-dgv273-seacev3-2026-1079-1,ocds-dgv273-seacev3-2026-1079-1-2026-09-17T10:19:12.279387-05:00,1243763-20563136562,98985.52,PEN,Soles,2026-09-07T00:00:00-05:00
ocds-dgv273-seacev3-1238768,ocds-dgv273-seacev3-1238768-2026-09-17T10:19:12.223255-05:00,1238768-10420107710,199328.7,PEN,Soles,2026-09-15T00:00:00-05:00
ocds-dgv273-seacev3-1243492,ocds-dgv273-seacev3-1243492-2026-09-17T10:19:12.141544-05:00,1243492-20609516870,61740.0,PEN,Soles,2026-09-15T00:00:00-05:00
ocds-dgv273-seacev3-1244546,ocds-dgv273-seacev3-1244546-2026-09-17T10:19:12.020545-05:00,1244546-1826109,5439252.59,PEN,Soles,2026-08-28T00:00:00-05:00
ocds-dgv273-seacev3-1241948,ocds-dgv273-seacev3-1241948-2026-09-17T10:19:11.917220-05:00,1241948-1829551,893180.99,PEN,Soles,2026-09-15T00:00:00-05:00
ocds-dgv273-seacev3-1238732,ocds-dgv273-seacev3-1238732-2026-09-17T10:19:11.575796-05:00,1238732-1823708,2384944.16,PEN,Soles,2026-09-01T00:00:00-05:00
ocds-dgv273-seacev3-1246003,ocds-dgv273-seacev3-1246003-2026-09-17T10:19:11.527336-05:00,1246003-10443965390,132050.0,PEN,Soles,2026-09-15T00:00:00-05:00
ocds-dgv273-seacev3-1241737,ocds-dgv273-seacev3-1241737-2026-09-16T10:19:17.528179-05:00,1241737-1824958,117000.0,PEN,Soles,2026-09-04T00:00:00-05:00
ocds-dgv273-seacev3-1243906,ocds-dgv273-seacev3-1243906-2026-09-16T10:19:17.449528-05:00,1243906-20609721546,228875.2,PEN,Soles,2026-09-14T00:00:00-05:00
ocds-dgv273-seacev3-1244074,ocds-dgv273-seacev3-1244074-2026-09-16T10:19:17.188573-05:00,1244074-20542663163,139712.0,PEN,Soles,2026-09-14T00:00:00-05:00
ocds-dgv273-seacev3-1244179,ocds-dgv273-seacev3-1244179-2026-09-16T10:19:17.083224-05:00,1244179-10278450355,111300.0,PEN,Soles,2026-09-14T00:00:00-05:00
ocds-dgv273-seacev3-1238187,ocds-dgv273-seacev3-1238187-2026-09-16T10:19:17.039162-05:00,1238187-1821482,4522445.08,PEN,Soles,2026-08-25T00:00:00-05:00
ocds-dgv273-seacev3-1238230,ocds-dgv273-seacev3-1238230-2026-09-16T10:19:16.590194-05:00,1238230-20604499748,242524.56,PEN,Soles,2026-09-04T00:00:00-05:00
ocds-dgv273-seacev3-1245860,ocds-dgv273-seacev3-1245860-2026-09-16T10:19:16.489879-05:00,1245860-20613194577,86400.0,PEN,Soles,2026-09-04T00:00:00-05:00
ocds-dgv273-seacev3-2026-200904-6,ocds-dgv273-seacev3-2026-200904-6-2026-09-16T10:19:16.446891-05:00,1242624-20100018625,188000.0,PEN,Soles,2026-09-14T00:00:00-05:00
ocds-dgv273-seacev3-1242327,ocds-dgv273-seacev3-1242327-2026-09-16T10:19:16.391994-05:00,1242327-1825667,1384326.0,PEN,Soles,2026-08-28T00:00:00-05:00
ocds-dgv273-seacev3-1243876,ocds-dgv273-seacev3-1243876-2026-09-16T10:19:16.223174-05:00,1243876-1829591,436883.79,PEN,Soles,2026-09-09T00:00:00-05:00
ocds-dgv273-seacev3-1249992,ocds-dgv273-seacev3-1249992-2026-09-16T10:19:16.025955-05:00,1249992-1832141,164268.0,PEN,Soles,2026-09-14T00:00:00-05:00
ocds-dgv273-seacev3-1238979,ocds-dgv273-seacev3-1238979-2026-09-16T10:19:15.863383-05:00,1238979-10416195477,390000.0,PEN,Soles,2026-08-19T00:00:00-05:00
ocds-dgv273-seacev3-1243489,ocds-dgv273-seacev3-1243489-2026-09-16T10:19:15.713214-05:00,1243489-20606702419,99000.0,PEN,Soles,2026-08-27T00:00:00-05:00
ocds-dgv273-seacev3-1242825,ocds-dgv273-seacev3-1242825-2026-09-16T10:19:15.596204-05:00,1242825-20612211265,309000.0,PEN,Soles,2026-09-03T00:00:00-05:00
ocds-dgv273-seacev3-1240418,ocds-dgv273-seacev3-1240418-2026-09-16T10:19:14.662725-05:00,1240418-10456643898,149500.0,PEN,Soles,2026-08-24T11:44:21-05:00
ocds-dgv273-seacev3-1243707,ocds-dgv273-seacev3-1243707-2026-09-16T10:19:14.574866-05:00,1243707-20608465775,154167.17,PEN,Soles,2026-09-07T00:00:00-05:00
ocds-dgv273-seacev3-1240481,ocds-dgv273-seacev3-1240481-2026-09-16T10:19:14.546653-05:00,1240481-20442152684,269000.0,PEN,Soles,2026-09-04T00:00:00-05:00
ocds-dgv273-seacev3-1241394,ocds-dgv273-seacev3-1241394-2026-09-16T10:19:14.044187-05:00,1241394-1825304,1221424.97,PEN,Nuevos Soles,2026-09-04T00:00:00-05:00
ocds-dgv273-seacev3-1240153,ocds-dgv273-seacev3-1240153-2026-09-16T10:19:13.934935-05:00,1240153-20512153110,80400.0,PEN,Soles,2026-08-25T00:00:00-05:00
ocds-dgv273-seacev3-1242748,ocds-dgv273-seacev3-1242748-2026-09-16T10:19:13.890754-05:00,1242748-10413159976,476800.0,PEN,Soles,2026-09-04T00:00:00-05:00
ocds-dgv273-seacev3-1244243,ocds-dgv273-seacev3-1244243-2026-09-16T10:19:13.798212-05:00,1244243-20501549801,177288.0,PEN,Soles,2026-09-14T00:00:00-05:00
ocds-dgv273-seacev3-1249698,ocds-dgv273-seacev3-1249698-2026-09-16T10:19:13.751117-05:00,1249698-10074157713,11000.0,PEN,Soles,2026-09-11T00:00:00-05:00
ocds-dgv273-seacev3-1240348,ocds-dgv273-seacev3-1240348-2026-09-16T10:19:13.589144-05:00,1240348-1822921,352698.0,PEN,Soles,2026-08-24T00:00:00-05:00
ocds-dgv273-seacev3-2026-45-28,ocds-dgv273-seacev3-2026-45-28-2026-09-16T10:19:13.512426-05:00,1223150-10421629531,54100.0,PEN,Soles,2026-06-23T00:00:00-05:00
ocds-dgv273-seacev3-2026-45-28,ocds-dgv273-seacev3-2026-45-28-2026-09-16T10:19:13.512426-05:00,1244277-20610281258,67800.0,PEN,Soles,2026-09-04T00:00:00-05:00
ocds-dgv273-seacev3-1241246,ocds-dgv273-seacev3-1241246-2026-09-16T10:19:13.482724-05:00,1241246-20608030035,79610.0,PEN,Soles,2026-08-25T00:00:00-05:00
ocds-dgv273-seacev3-1243302,ocds-dgv273-seacev3-1243302-2026-09-16T10:19:13.451511-05:00,1243302-20612452645,121200.0,PEN,Soles,2026-09-14T00:00:00-05:00
ocds-dgv273-seacev3-1246140,ocds-dgv273-seacev3-1246140-2026-09-16T10:19:13.386908-05:00,1246140-20611032090,218500.0,PEN,Soles,2026-09-14T00:00:00-05:00
ocds-dgv273-seacev3-1239491,ocds-dgv273-seacev3-1239491-2026-09-16T10:19:13.273354-05:00,1239491-20541260260,152697.61,PEN,Soles,2026-09-14T00:00:00-05:00
ocds-dgv273-seacev3-1244108,ocds-dgv273-seacev3-1244108-2026-09-16T10:19:13.168284-05:00,1244108-20613107828,340380.0,PEN,Soles,2026-09-03T00:00:00-05:00
ocds-dgv273-seacev3-1244724,ocds-dgv273-seacev3-1244724-2026-09-16T10:19:13.155926-05:00,1244724-20610079050,207924.0,PEN,Soles,2026-09-04T00:00:00-05:00
ocds-dgv273-seacev3-1241511,ocds-dgv273-seacev3-1241511-2026-09-16T10:19:13.141209-05:00,1241511-20564154831,49984.0,PEN,Soles,2026-08-25T00:00:00-05:00
ocds-dgv273-seacev3-1242005,ocds-dgv273-seacev3-1242005-2026-09-16T10:19:13.066638-05:00,1242005-20604513376,375000.0,PEN,Soles,2026-09-03T00:00:00-05:00
ocds-dgv273-seacev3-1238032,ocds-dgv273-seacev3-1238032-2026-09-16T10:19:12.851047-05:00,1238032-20527589801,317203.0,PEN,Soles,2026-08-25T00:00:00-05:00
ocds-dgv273-seacev3-1246158,ocds-dgv273-seacev3-1246158-2026-09-16T10:19:12.678774-05:00,1246158-1828247,1185258.72,PEN,Soles,2026-09-04T00:00:00-05:00
ocds-dgv273-seacev3-1244261,ocds-dgv273-seacev3-1244261-2026-09-16T10:19:12.603084-05:00,1244261-10212866267,11000.0,PEN,Soles,2026-09-08T00:00:00-05:00
ocds-dgv273-seacev3-1244261,ocds-dgv273-seacev3-1244261-2026-09-16T10:19:12.603084-05:00,1244261-10410239308,11000.0,PEN,Nuevos Soles,2026-09-08T00:00:00-05:00
ocds-dgv273-seacev3-1244261,ocds-dgv273-seacev3-1244261-2026-09-16T10:19:12.603084-05:00,1244261-10424677740,11000.0,PEN,Soles,2026-09-08T00:00:00-05:00
ocds-dgv273-seacev3-1244261,ocds-dgv273-seacev3-1244261-2026-09-16T10:19:12.603084-05:00,1244261-10442791819,11000.0,PEN,Nuevos Soles,2026-09-08T00:00:00-05:00
ocds-dgv273-seacev3-1244261,ocds-dgv273-seacev3-1244261-2026-09-16T10:19:12.603084-05:00,1244261-10712295266,11000.0,PEN,Soles,2026-09-08T00:00:00-05:00
ocds-dgv273-seacev3-1244261,ocds-dgv273-seacev3-1244261-2026-09-16T10:19:12.603084-05:00,1244261-10718822667,11000.0,PEN,Nuevos Soles,2026-09-08T00:00:00-05:00
ocds-dgv273-seacev3-1244261,ocds-dgv273-seacev3-1244261-2026-09-16T10:19:12.603084-05:00,1244261-10743642690,11000.0,PEN,Soles,2026-09-08T00:00:00-05:00
ocds-dgv273-seacev3-1239256,ocds-dgv273-seacev3-1239256-2026-09-16T10:19:12.566453-05:00,1239256-20509860981,70492.92,PEN,Soles,2026-09-04T00:00:00-05:00
ocds-dgv273-seacev3-1238383,ocds-dgv273-seacev3-1238383-2026-09-16T10:19:12.146482-05:00,1238383-1821854,281161.41,PEN,Soles,2026-08-18T00:00:00-05:00
ocds-dgv273-seacev3-1249788,ocds-dgv273-seacev3-1249788-2026-09-16T10:19:12.063589-05:00,1249788-1832083,3639310.12,PEN,Soles,2026-09-14T00:00:00-05:00
ocds-dgv273-seacev3-1245519,ocds-dgv273-seacev3-1245519-2026-09-16T10:19:11.982559-05:00,1245519-20612332704,90000.0,PEN,Soles,2026-09-11T00:00:00-05:00
ocds-dgv273-seacev3-1239471,ocds-dgv273-seacev3-1239471-2026-09-16T10:19:11.966346-05:00,1239471-1822174,201178.45,PEN,Soles,2026-08-24T00:00:00-05:00
ocds-dgv273-seacev3-1238150,ocds-dgv273-seacev3-1238150-2026-09-16T10:19:11.950984-05:00,1238150-1829525,13281724.38,PEN,Soles,2026-09-14T00:00:00-05:00
ocds-dgv273-seacev3-1243437,ocds-dgv273-seacev3-1243437-2026-09-16T10:19:11.841874-05:00,1243437-20565643496,276372.0,PEN,Soles,2026-09-14T00:00:00-05:00
ocds-dgv273-seacev3-1243355,ocds-dgv273-seacev3-1243355-2026-09-16T10:19:11.828314-05:00,1243355-1828198,1322627.33,PEN,Soles,2026-09-04T00:00:00-05:00
ocds-dgv273-seacev3-1218245,ocds-dgv273-seacev3-1218245-2026-09-16T10:19:11.731462-05:00,1218245-20600413571,47600.0,PEN,Soles,2026-08-21T00:00:00-05:00
ocds-dgv273-seacev3-1218245,ocds-dgv273-seacev3-1218245-2026-09-16T10:19:11.731462-05:00,1218245-20604767513,49565.0,PEN,Nuevos Soles,2026-08-21T00:00:00-05:00
ocds-dgv273-seacev3-1244555,ocds-dgv273-seacev3-1244555-2026-09-16T10:19:11.555776-05:00,1244555-1829727,169000.0,PEN,Soles,2026-09-11T00:00:00-05:00
ocds-dgv273-seacev3-1243784,ocds-dgv273-seacev3-1243784-2026-09-16T10:19:11.540458-05:00,1243784-20552452314,174850.0,PEN,Soles,2026-09-14T00:00:00-05:00
ocds-dgv273-seacev3-1241591,ocds-dgv273-seacev3-1241591-2026-09-16T10:19:11.526325-05:00,1241591-10410566295,97920.0,PEN,Soles,2026-08-21T00:00:00-05:00
ocds-dgv273-seacev3-1242585,ocds-dgv273-seacev3-1242585-2026-09-16T10:19:11.366928-05:00,1242585-20528078592,71400.0,PEN,Soles,2026-09-03T00:00:00-05:00
ocds-dgv273-seacev3-1240683,ocds-dgv273-seacev3-1240683-2026-09-16T10:19:11.270127-05:00,1240683-10416813073,171324.0,PEN,Soles,2026-09-14T00:00:00-05:00
ocds-dgv273-seacev3-1239198,ocds-dgv273-seacev3-1239198-2026-09-16T10:19:11.259648-05:00,1239198-1827229,369800.0,PEN,Soles,2026-09-07T00:00:00-05:00
ocds-dgv273-seacev3-1247786,ocds-dgv273-seacev3-1247786-2026-09-16T10:19:11.147443-05:00,1247786-1830765,1935374.1,PEN,Soles,2026-09-14T00:00:00-05:00
ocds-dgv273-seacev3-1238674,ocds-dgv273-seacev3-1238674-2026-09-16T10:19:06.719157-05:00,1238674-10400964641,62000.0,PEN,Soles,2026-09-03T00:00:00-05:00
ocds-dgv273-seacev3-1242170,ocds-dgv273-seacev3-1242170-2026-09-16T10:19:06.507391-05:00,1242170-20601858879,161969.12,PEN,Soles,2026-09-14T00:00:00-05:00
ocds-dgv273-seacev3-1242238,ocds-dgv273-seacev3-1242238-2026-09-16T10:19:06.376407-05:00,1242238-1826254,247690.0,PEN,Soles,2026-09-01T00:00:00-05:00
ocds-dgv273-seacev3-1240644,ocds-dgv273-seacev3-1240644-2026-09-16T10:19:05.950686-05:00,1240644-10764673684,76092.0,PEN,Soles,2026-09-11T00:00:00-05:00
ocds-dgv273-seacev3-1238373,ocds-dgv273-seacev3-1238373-2026-09-16T10:19:05.881319-05:00,1238373-1821474,1137107.41,PEN,Soles,2026-08-21T00:00:00-05:00
ocds-dgv273-seacev3-1242797,ocds-dgv273-seacev3-1242797-2026-09-16T10:19:05.753673-05:00,1242797-20559644243,58670.0,PEN,Soles,2026-08-28T00:00:00-05:00
ocds-dgv273-seacev3-1236743,ocds-dgv273-seacev3-1236743-2026-09-16T10:19:05.625796-05:00,1236743-1832024,1036652.34,PEN,Soles,2026-09-14T00:00:00-05:00
ocds-dgv273-seacev3-2026-6-99,ocds-dgv273-seacev3-2026-6-99-2026-09-16T10:19:05.552536-05:00,1245691-20504747981,219000.0,PEN,Soles,2026-09-14T00:00:00-05:00
ocds-dgv273-seacev3-1241522,ocds-dgv273-seacev3-1241522-2026-09-16T10:19:05.452317-05:00,1241522-20601908183,60000.0,PEN,Soles,2026-08-25T00:00:00-05:00
ocds-dgv273-seacev3-1245767,ocds-dgv273-seacev3-1245767-2026-09-16T10:19:05.081251-05:00,1245767-10294784760,129800.0,PEN,Soles,2026-09-14T00:00:00-05:00
ocds-dgv273-seacev3-2026-705-29,ocds-dgv273-seacev3-2026-705-29-2026-09-16T10:19:05.047219-05:00,1244287-20607840980,98147.26,PEN,Soles,2026-09-10T00:00:00-05:00
ocds-dgv273-seacev3-1240072,ocds-dgv273-seacev3-1240072-2026-09-16T10:19:05.023691-05:00,1240072-20509860981,655800.0,PEN,Soles,2026-08-19T18:40:49-05:00
ocds-dgv273-seacev3-1239950,ocds-dgv273-seacev3-1239950-2026-09-16T10:19:04.866490-05:00,1239950-1824111,249893.51,PEN,Soles,2026-09-04T00:00:00-05:00
ocds-dgv273-seacev3-1243728,ocds-dgv273-seacev3-1243728-2026-09-16T10:19:03.978272-05:00,1243728-20559644243,253402.0,PEN,Soles,2026-09-03T00:00:00-05:00
ocds-dgv273-seacev3-1239566,ocds-dgv273-seacev3-1239566-2026-09-16T10:19:03.795301-05:00,1239566-1824697,220000.0,PEN,Soles,2026-09-04T00:00:00-05:00
ocds-dgv273-seacev3-1245659,ocds-dgv273-seacev3-1245659-2026-09-16T10:19:03.573448-05:00,1245659-20604570132,56000.0,PEN,Soles,2026-09-03T00:00:00-05:00
ocds-dgv273-seacev3-1245606,ocds-dgv273-seacev3-1245606-2026-09-16T10:19:03.561361-05:00,1245606-10412538418,319000.0,PEN,Soles,2026-09-14T00:00:00-05:00
ocds-dgv273-seacev3-1243599,ocds-dgv273-seacev3-1243599-2026-09-16T10:19:03.488600-05:00,1243599-20602314058,88350.49,PEN,Soles,2026-09-03T00:00:00-05:00
ocds-dgv273-seacev3-1239286,ocds-dgv273-seacev3-1239286-2026-09-16T10:19:03.439301-05:00,1239286-20603238673,313000.0,PEN,Soles,2026-08-21T00:00:00-05:00
ocds-dgv273-seacev3-2026-1959-30,ocds-dgv273-seacev3-2026-1959-30-2026-09-16T10:19:03.304584-05:00,1239028-20545751811,128800.0,PEN,Soles,2026-09-01T00:00:00-05:00
ocds-dgv273-seacev3-1244090,ocds-dgv273-seacev3-1244090-2026-09-16T10:19:03.270926-05:00,1244090-20449465483,174000.0,PEN,Soles,2026-09-14T19:24:28-05:00
ocds-dgv273-seacev3-1239965,ocds-dgv273-seacev3-1239965-2026-09-16T10:19:03.251688-05:00,1239965-20511037001,481200.0,PEN,Soles,2026-09-02T00:00:00-05:00
ocds-dgv273-seacev3-1243320,ocds-dgv273-seacev3-1243320-2026-09-16T10:19:03.207634-05:00,1243320-10722200891,88450.0,PEN,Soles,2026-08-27T00:00:00-05:00
ocds-dgv273-seacev3-2026-857-7,ocds-dgv273-seacev3-2026-857-7-2026-09-16T10:19:03.043318-05:00,1245344-10199201978,53990.0,PEN,Soles,2026-09-14T00:00:00-05:00
ocds-dgv273-seacev3-2026-2378-81,ocds-dgv273-seacev3-2026-2378-81-2026-09-16T10:19:02.953777-05:00,1244262-20609614839,130000.0,PEN,Soles,2026-09-14T00:00:00-05:00
ocds-dgv273-seacev3-1240284,ocds-dgv273-seacev3-1240284-2026-09-16T10:19:02.818985-05:00,1240284-L9000033055,6593.93,USD,Dólar Norteamericano,2026-08-11T00:00:00-05:00
ocds-dgv273-seacev3-1242814,ocds-dgv273-seacev3-1242814-2026-09-16T10:19:02.730463-05:00,1242814-20600815467,112990.0,PEN,Soles,2026-09-14T00:00:00-05:00
ocds-dgv273-seacev3-1244443,ocds-dgv273-seacev3-1244443-2026-09-16T10:19:02.616635-05:00,1244443-1828101,254758.48,PEN,Soles,2026-09-07T00:00:00-05:00
ocds-dgv273-seacev3-1245869,ocds-dgv273-seacev3-1245869-2026-09-16T10:19:02.364965-05:00,1245869-20608562851,60400.0,PEN,Soles,2026-09-04T00:00:00-05:00
ocds-dgv273-seacev3-1240681,ocds-dgv273-seacev3-1240681-2026-09-16T10:19:02.170183-05:00,1240681-10253285937,128000.0,PEN,Soles,2026-08-26T00:00:00-05:00
ocds-dgv273-seacev3-1245385,ocds-dgv273-seacev3-1245385-2026-09-16T10:19:01.923162-05:00,1245385-20600225805,646511.93,PEN,Soles,2026-09-14T00:00:00-05:00
ocds-dgv273-seacev3-2026-2543-158,ocds-dgv273-seacev3-2026-2543-158-2026-09-16T10:19:01.909513-05:00,1245052-20491592690,70000.0,PEN,Soles,2026-09-14T00:00:00-05:00
ocds-dgv273-seacev3-1244172,ocds-dgv273-seacev3-1244172-2026-09-16T10:19:01.646387-05:00,1244172-20546461433,269772.0,PEN,Soles,2026-09-14T00:00:00-05:00
ocds-dgv273-seacev3-1242018,ocds-dgv273-seacev3-1242018-2026-09-16T10:19:01.349357-05:00,1242018-20609319071,228282.8,PEN,Soles,2026-09-02T00:00:00-05:00
ocds-dgv273-seacev3-1248435,ocds-dgv273-seacev3-1248435-2026-09-16T10:19:01.304556-05:00,1248435-10463838793,30000.0,PEN,Soles,2026-09-11T00:00:00-05:00
ocds-dgv273-seacev3-1243573,ocds-dgv273-seacev3-1243573-2026-09-16T10:19:01.156726-05:00,1243573-10723244906,75320.0,PEN,Soles,2026-08-31T00:00:00-05:00
ocds-dgv273-seacev3-2026-2009-24,ocds-dgv273-seacev3-2026-2009-24-2026-09-16T10:19:01.128119-05:00,1242951-20563978091,900000.0,PEN,Soles,2026-08-31T00:00:00-05:00
ocds-dgv273-seacev3-1242458,ocds-dgv273-seacev3-1242458-2026-09-16T10:19:00.964051-05:00,1242458-1827982,428577.5,PEN,Soles,2026-09-07T00:00:00-05:00
ocds-dgv273-seacev3-1244342,ocds-dgv273-seacev3-1244342-2026-09-16T10:18:55.557166-05:00,1244342-20377339461,101105.0,PEN,Soles,2026-09-11T00:00:00-05:00
ocds-dgv273-seacev3-1244003,ocds-dgv273-seacev3-1244003-2026-09-16T10:18:55.542255-05:00,1244003-20490443054,474250.0,PEN,Soles,2026-09-14T00:00:00-05:00
ocds-dgv273-seacev3-1244784,ocds-dgv273-seacev3-1244784-2026-09-16T10:18:55.397365-05:00,1244784-1829910,405432.51,PEN,Soles,2026-09-11T00:00:00-05:00
ocds-dgv273-seacev3-1243922,ocds-dgv273-seacev3-1243922-2026-09-16T10:18:55.381799-05:00,1243922-20551064523,78726.0,PEN,Soles,2026-09-07T00:00:00-05:00
ocds-dgv273-seacev3-1242936,ocds-dgv273-seacev3-1242936-2026-09-16T10:18:55.293246-05:00,1242936-20573029764,118149.12,PEN,Soles,2026-09-02T18:57:00-05:00
ocds-dgv273-seacev3-1243393,ocds-dgv273-seacev3-1243393-2026-09-16T10:18:55.176326-05:00,1243393-1827385,934045.11,PEN,Soles,2026-09-04T00:00:00-05:00
ocds-dgv273-seacev3-1238636,ocds-dgv273-seacev3-1238636-2026-09-16T10:18:54.958370-05:00,1238636-1829513,974201.49,PEN,Soles,2026-09-14T00:00:00-05:00
ocds-dgv273-seacev3-1245029,ocds-dgv273-seacev3-1245029-2026-09-16T10:18:54.936586-05:00,1245029-1831851,439183.35,PEN,Soles,2026-09-14T00:00:00-05:00
ocds-dgv273-seacev3-1244785,ocds-dgv273-seacev3-1244785-2026-09-16T10:18:54.920068-05:00,1244785-20494442141,63180.0,PEN,Soles,2026-09-14T00:00:00-05:00
ocds-dgv273-seacev3-1245992,ocds-dgv273-seacev3-1245992-2026-09-16T10:18:54.437944-05:00,1245992-20601906822,369900.0,PEN,Soles,2026-09-11T00:00:00-05:00
ocds-dgv273-seacev3-1244335,ocds-dgv273-seacev3-1244335-2026-09-16T10:18:53.938336-05:00,1244335-20610869191,79149.0,PEN,Soles,2026-09-14T00:00:00-05:00
ocds-dgv273-seacev3-1244335,ocds-dgv273-seacev3-1244335-2026-09-16T10:18:53.938336-05:00,1244335-20616380525,139500.0,PEN,Soles,2026-09-14T00:00:00-05:00
ocds-dgv273-seacev3-1240136,ocds-dgv273-seacev3-1240136-2026-09-16T10:18:53.868309-05:00,1240136-20601148235,1980000.0,PEN,Soles,2026-09-01T00:00:00-05:00
ocds-dgv273-seacev3-1244893,ocds-dgv273-seacev3-1244893-2026-09-16T10:18:53.819281-05:00,1244893-10238934694,89644.0,PEN,Soles,2026-09-14T00:00:00-05:00
ocds-dgv273-seacev3-1242775,ocds-dgv273-seacev3-1242775-2026-09-16T10:18:53.613376-05:00,1242775-1826885,435416.4,PEN,Soles,2026-09-03T00:00:00-05:00
ocds-dgv273-seacev3-1242962,ocds-dgv273-seacev3-1242962-2026-09-16T10:18:53.510348-05:00,1242962-1827651,209600.0,PEN,Soles,2026-09-14T00:00:00-05:00
ocds-dgv273-seacev3-1239828,ocds-dgv273-seacev3-1239828-2026-09-16T10:18:52.976139-05:00,1239828-20610281258,109100.0,PEN,Soles,2026-08-19T00:00:00-05:00
ocds-dgv273-seacev3-1249540,ocds-dgv273-seacev3-1249540-2026-09-16T10:18:52.943688-05:00,1249540-10476260626,30000.0,PEN,Soles,2026-09-11T00:00:00-05:00
ocds-dgv273-seacev3-1238942,ocds-dgv273-seacev3-1238942-2026-09-16T10:18:52.341430-05:00,1238942-20549112031,74485.36,PEN,Soles,2026-09-14T00:00:00-05:00
ocds-dgv273-seacev3-2026-237-5,ocds-dgv273-seacev3-2026-237-5-2026-09-16T10:18:52.313623-05:00,1240095-20613179136,579889.0,PEN,Soles,2026-09-02T00:00:00-05:00
ocds-dgv273-seacev3-1238155,ocds-dgv273-seacev3-1238155-2026-09-16T10:18:52.152564-05:00,1238155-20518777727,1175000.0,PEN,Soles,2026-09-07T00:00:00-05:00
ocds-dgv273-seacev3-1240555,ocds-dgv273-seacev3-1240555-2026-09-16T10:18:51.986845-05:00,1240555-20606160489,88500.0,PEN,Soles,2026-09-01T00:00:00-05:00
ocds-dgv273-seacev3-1243653,ocds-dgv273-seacev3-1243653-2026-09-16T10:18:51.596790-05:00,1243653-10739340981,306250.0,PEN,Soles,2026-09-04T00:00:00-05:00
ocds-dgv273-seacev3-1240960,ocds-dgv273-seacev3-1240960-2026-09-16T10:18:51.555413-05:00,1240960-1831520,8273780.59,PEN,Soles,2026-09-14T00:00:00-05:00
ocds-dgv273-seacev3-1244025,ocds-dgv273-seacev3-1244025-2026-09-16T10:18:51.534731-05:00,1244025-1830242,344400.0,PEN,Soles,2026-09-14T00:00:00-05:00
ocds-dgv273-seacev3-1241576,ocds-dgv273-seacev3-1241576-2026-09-16T10:18:51.402544-05:00,1241576-20543926133,306429.95,PEN,Soles,2026-09-08T00:00:00-05:00
ocds-dgv273-seacev3-1249639,ocds-dgv273-seacev3-1249639-2026-09-16T10:18:51.356283-05:00,1249639-20302061425,199000.0,PEN,Soles,2026-09-11T00:00:00-05:00
ocds-dgv273-seacev3-1244921,ocds-dgv273-seacev3-1244921-2026-09-16T10:18:51.277539-05:00,1244921-10437609891,95400.0,PEN,Soles,2026-09-04T00:00:00-05:00
ocds-dgv273-seacev3-1238575,ocds-dgv273-seacev3-1238575-2026-09-16T10:18:51.135810-05:00,1238575-1823758,1697669.94,PEN,Nuevos Soles,2026-08-25T00:00:00-05:00
ocds-dgv273-seacev3-1234590,ocds-dgv273-seacev3-1234590-2026-09-16T10:18:51.121083-05:00,1234590-10244867150,518000.0,PEN,Soles,2026-09-07T00:00:00-05:00
ocds-dgv273-seacev3-2026-2543-489,ocds-dgv273-seacev3-2026-2543-489-2026-09-16T10:18:50.927067-05:00,1245924-20602090532,447220.0,PEN,Soles,2026-09-11T00:00:00-05:00
ocds-dgv273-seacev3-1238415,ocds-dgv273-seacev3-1238415-2026-09-16T10:18:50.829014-05:00,1238415-20600170300,126100.0,PEN,Soles,2026-08-25T00:00:00-05:00
ocds-dgv273-seacev3-1242910,ocds-dgv273-seacev3-1242910-2026-09-16T10:18:50.637137-05:00,1242910-20563817161,189760.0,PEN,Nuevos Soles,2026-09-04T00:00:00-05:00
ocds-dgv273-seacev3-1240209,ocds-dgv273-seacev3-1240209-2026-09-16T10:18:50.587536-05:00,1240209-10450152841,251430.0,PEN,Soles,2026-08-25T00:00:00-05:00
ocds-dgv273-seacev3-1239339,ocds-dgv273-seacev3-1239339-2026-09-16T10:18:50.499919-05:00,1239339-20600626893,233000.0,PEN,Soles,2026-09-14T00:00:00-05:00
ocds-dgv273-seacev3-1241757,ocds-dgv273-seacev3-1241757-2026-09-16T10:18:50.424132-05:00,1241757-1825574,924696.12,PEN,Soles,2026-09-04T00:00:00-05:00
ocds-dgv273-seacev3-1245377,ocds-dgv273-seacev3-1245377-2026-09-16T10:18:50.387956-05:00,1245377-20608715593,125734.0,PEN,Soles,2026-09-14T00:00:00-05:00
ocds-dgv273-seacev3-1242366,ocds-dgv273-seacev3-1242366-2026-09-16T10:18:50.372899-05:00,1242366-1828929,128118.37,PEN,Soles,2026-09-14T00:00:00-05:00
ocds-dgv273-seacev3-1244817,ocds-dgv273-seacev3-1244817-2026-09-16T10:18:50.267667-05:00,1244817-20604079030,250000.0,PEN,Soles,2026-09-11T00:00:00-05:00
ocds-dgv273-seacev3-1244542,ocds-dgv273-seacev3-1244542-2026-09-16T10:18:50.162665-05:00,1244542-1828923,303071.8,PEN,Soles,2026-09-11T00:00:00-05:00
ocds-dgv273-seacev3-1245320,ocds-dgv273-seacev3-1245320-2026-09-16T10:18:49.917494-05:00,1245320-20100162238,63975.0,PEN,Soles,2026-09-14T00:00:00-05:00
ocds-dgv273-seacev3-1245579,ocds-dgv273-seacev3-1245579-2026-09-16T10:18:49.855448-05:00,1245579-20541393651,250000.0,PEN,Soles,2026-09-14T00:00:00-05:00
ocds-dgv273-seacev3-1238558,ocds-dgv273-seacev3-1238558-2026-09-16T10:18:49.698583-05:00,1238558-20608861549,110832.7,PEN,Soles,2026-08-13T00:00:00-05:00
ocds-dgv273-seacev3-1245775,ocds-dgv273-seacev3-1245775-2026-09-16T10:18:49.544844-05:00,1245775-20543071448,123370.0,PEN,Soles,2026-09-14T00:00:00-05:00
ocds-dgv273-seacev3-2026-1965-4,ocds-dgv273-seacev3-2026-1965-4-2026-09-16T10:18:49.345067-05:00,1242223-20524279160,604369.92,PEN,Soles,2026-09-04T00:00:00-05:00
ocds-dgv273-seacev3-1244406,ocds-dgv273-seacev3-1244406-2026-09-16T10:18:49.059137-05:00,1244406-20609563169,153000.0,PEN,Soles,2026-09-04T00:00:00-05:00
ocds-dgv273-seacev3-1242623,ocds-dgv273-seacev3-1242623-2026-09-16T10:18:48.984091-05:00,1242623-1827634,250000.0,PEN,Soles,2026-09-14T00:00:00-05:00
ocds-dgv273-seacev3-1247435,ocds-dgv273-seacev3-1247435-2026-09-16T10:18:48.882522-05:00,1247435-10731267982,167000.0,PEN,Soles,2026-09-14T00:00:00-05:00
ocds-dgv273-seacev3-1241717,ocds-dgv273-seacev3-1241717-2026-09-16T10:18:44.589502-05:00,1241717-20527055840,256139.35,PEN,Soles,2026-09-11T00:00:00-05:00
ocds-dgv273-seacev3-2026-10569-6,ocds-dgv273-seacev3-2026-10569-6-2026-09-16T10:18:44.434203-05:00,1223598-20609364484,98000.0,PEN,Soles,2026-09-07T00:00:00-05:00
ocds-dgv273-seacev3-1243420,ocds-dgv273-seacev3-1243420-2026-09-16T10:18:44.295610-05:00,1243420-1830114,69968.65,PEN,Soles,2026-09-09T00:00:00-05:00
ocds-dgv273-seacev3-1240538,ocds-dgv273-seacev3-1240538-2026-09-16T10:18:44.281019-05:00,1240538-10036687989,85091.0,PEN,Soles,2026-09-02T00:00:00-05:00
ocds-dgv273-seacev3-1243935,ocds-dgv273-seacev3-1243935-2026-09-16T10:18:44.227802-05:00,1243935-1829195,59294.82,PEN,Soles,2026-09-11T00:00:00-05:00
ocds-dgv273-seacev3-1241518,ocds-dgv273-seacev3-1241518-2026-09-16T10:18:43.937218-05:00,1241518-1826748,393168.33,PEN,Soles,2026-09-04T00:00:00-05:00
ocds-dgv273-seacev3-1245353,ocds-dgv273-seacev3-1245353-2026-09-16T10:18:43.882802-05:00,1245353-1829401,223294.68,PEN,Soles,2026-09-14T00:00:00-05:00
ocds-dgv273-seacev3-1244848,ocds-dgv273-seacev3-1244848-2026-09-16T10:18:43.770533-05:00,1244848-20602624987,78298.0,PEN,Soles,2026-09-01T00:00:00-05:00
ocds-dgv273-seacev3-1243005,ocds-dgv273-seacev3-1243005-2026-09-16T10:18:43.679988-05:00,1243005-1829940,79095.84,PEN,Soles,2026-09-10T00:00:00-05:00
ocds-dgv273-seacev3-1243914,ocds-dgv273-seacev3-1243914-2026-09-16T10:18:43.622778-05:00,1243914-20612787701,346500.0,PEN,Soles,2026-09-09T00:00:00-05:00
ocds-dgv273-seacev3-1246009,ocds-dgv273-seacev3-1246009-2026-09-16T10:18:43.488393-05:00,1246009-10224630471,112677.0,PEN,Soles,2026-09-14T00:00:00-05:00
ocds-dgv273-seacev3-2026-2392-1,ocds-dgv273-seacev3-2026-2392-1-2026-09-16T10:18:43.421922-05:00,1246105-20102306598,320900.0,PEN,Soles,2026-09-14T00:00:00-05:00
ocds-dgv273-seacev3-1240329,ocds-dgv273-seacev3-1240329-2026-09-16T10:18:43.398339-05:00,1240329-1825275,1108169.94,PEN,Soles,2026-08-28T00:00:00-05:00
ocds-dgv273-seacev3-1243082,ocds-dgv273-seacev3-1243082-2026-09-16T10:18:43.282200-05:00,1243082-20555113499,200000.0,PEN,Soles,2026-08-25T00:00:00-05:00
ocds-dgv273-seacev3-1243261,ocds-dgv273-seacev3-1243261-2026-09-16T10:18:43.239368-05:00,1243261-20600145763,57680.0,PEN,Soles,2026-08-26T00:00:00-05:00
ocds-dgv273-seacev3-1239458,ocds-dgv273-seacev3-1239458-2026-09-16T10:18:43.183982-05:00,1239458-20489461600,353245.0,PEN,Soles,2026-09-04T00:00:00-05:00
ocds-dgv273-seacev3-1244107,ocds-dgv273-seacev3-1244107-2026-09-16T10:18:43.141000-05:00,1244107-10722465950,178500.0,PEN,Soles,2026-09-04T00:00:00-05:00
ocds-dgv273-seacev3-1239354,ocds-dgv273-seacev3-1239354-2026-09-16T10:18:42.852674-05:00,1239354-1825838,120000.0,PEN,Soles,2026-09-04T00:00:00-05:00
ocds-dgv273-seacev3-1246104,ocds-dgv273-seacev3-1246104-2026-09-16T10:18:42.787903-05:00,1246104-1831886,1958079.67,PEN,Soles,2026-09-14T00:00:00-05:00
ocds-dgv273-seacev3-1245802,ocds-dgv273-seacev3-1245802-2026-09-16T10:18:42.775516-05:00,1245802-10415082440,61000.0,PEN,Soles,2026-09-04T00:00:00-05:00
ocds-dgv273-seacev3-1239053,ocds-dgv273-seacev3-1239053-2026-09-16T10:18:42.719980-05:00,1239053-1821941,234262.37,PEN,Soles,2026-08-18T00:00:00-05:00
ocds-dgv273-seacev3-2026-2378-9,ocds-dgv273-seacev3-2026-2378-9-2026-09-16T10:18:42.705056-05:00,1240375-20100257298,70198.2,PEN,Soles,2026-08-21T00:00:00-05:00
ocds-dgv273-seacev3-1238445,ocds-dgv273-seacev3-1238445-2026-09-16T10:18:42.668466-05:00,1238445-20605220631,870700.0,PEN,Soles,2026-09-11T00:00:00-05:00
ocds-dgv273-seacev3-1242419,ocds-dgv273-seacev3-1242419-2026-09-16T10:18:42.435045-05:00,1242419-1831134,118258.2,PEN,Soles,2026-09-14T00:00:00-05:00
ocds-dgv273-seacev3-1242784,ocds-dgv273-seacev3-1242784-2026-09-16T10:18:42.385293-05:00,1242784-20615945430,68000.0,PEN,Soles,2026-09-04T00:00:00-05:00
ocds-dgv273-seacev3-1240525,ocds-dgv273-seacev3-1240525-2026-09-16T10:18:42.370492-05:00,1240525-20605908137,149640.0,PEN,Soles,2026-09-14T00:00:00-05:00
ocds-dgv273-seacev3-1243892,ocds-dgv273-seacev3-1243892-2026-09-16T10:18:42.310966-05:00,1243892-20495635822,184937.98,PEN,Soles,2026-09-11T00:00:00-05:00
ocds-dgv273-seacev3-1241299,ocds-dgv273-seacev3-1241299-2026-09-16T10:18:42.251585-05:00,1241299-20600352947,209400.0,PEN,Soles,2026-09-07T00:00:00-05:00
ocds-dgv273-seacev3-1243292,ocds-dgv273-seacev3-1243292-2026-09-16T10:18:42.152140-05:00,1243292-20605949917,417211.8,PEN,Soles,2026-09-01T00:00:00-05:00
ocds-dgv273-seacev3-2026-10181-2,ocds-dgv273-seacev3-2026-10181-2-2026-09-16T10:18:42.137731-05:00,1239882-20600730992,118886.5,PEN,Soles,2026-09-04T00:00:00-05:00
ocds-dgv273-seacev3-1242926,ocds-dgv273-seacev3-1242926-2026-09-16T10:18:41.928961-05:00,1242926-1822721,355612.78,PEN,Soles,2026-08-19T00:00:00-05:00
ocds-dgv273-seacev3-1241045,ocds-dgv273-seacev3-1241045-2026-09-16T10:18:41.899781-05:00,1241045-20568257465,287900.0,PEN,Soles,2026-09-03T00:00:00-05:00
ocds-dgv273-seacev3-1245427,ocds-dgv273-seacev3-1245427-2026-09-16T10:18:41.851082-05:00,1245427-1830327,652196.21,PEN,Soles,2026-09-11T00:00:00-05:00
ocds-dgv273-seacev3-2026-705-39,ocds-dgv273-seacev3-2026-705-39-2026-09-16T10:18:41.790771-05:00,1238918-1821997,114645.66,PEN,Soles,2026-09-14T00:00:00-05:00
ocds-dgv273-seacev3-1244379,ocds-dgv273-seacev3-1244379-2026-09-16T10:18:41.406865-05:00,1244379-20532492051,379044.79,PEN,Soles,2026-09-03T00:00:00-05:00
ocds-dgv273-seacev3-1242965,ocds-dgv273-seacev3-1242965-2026-09-16T10:18:41.346683-05:00,1242965-1828425,1189322.98,PEN,Soles,2026-09-04T00:00:00-05:00
ocds-dgv273-seacev3-1240354,ocds-dgv273-seacev3-1240354-2026-09-16T10:18:40.590284-05:00,1240354-10456643898,181000.0,PEN,Soles,2026-08-24T11:49:29-05:00
ocds-dgv273-seacev3-1243525,ocds-dgv273-seacev3-1243525-2026-09-16T10:18:40.554561-05:00,1243525-20451525701,159000.0,PEN,Soles,2026-09-04T00:00:00-05:00
ocds-dgv273-seacev3-1243237,ocds-dgv273-seacev3-1243237-2026-09-16T10:18:40.463863-05:00,1243237-20490593293,132000.0,PEN,Soles,2026-09-01T00:00:00-05:00
ocds-dgv273-seacev3-1241035,ocds-dgv273-seacev3-1241035-2026-09-16T10:18:40.436009-05:00,1241035-20555904437,114317.43,PEN,Soles,2026-09-04T00:00:00-05:00
ocds-dgv273-seacev3-1244911,ocds-dgv273-seacev3-1244911-2026-09-16T10:18:40.271681-05:00,1244911-20613107828,208250.0,PEN,Soles,2026-09-14T00:00:00-05:00
ocds-dgv273-seacev3-1243482,ocds-dgv273-seacev3-1243482-2026-09-16T10:18:40.125158-05:00,1243482-20532492051,69720.0,PEN,Soles,2026-09-03T00:00:00-05:00
ocds-dgv273-seacev3-1243211,ocds-dgv273-seacev3-1243211-2026-09-16T10:18:40.112238-05:00,1243211-20101260373,69797.0,PEN,Soles,2026-09-11T00:00:00-05:00
ocds-dgv273-seacev3-1239230,ocds-dgv273-seacev3-1239230-2026-09-16T10:18:40.017379-05:00,1239230-1821769,504903.91,PEN,Soles,2026-08-18T00:00:00-05:00
ocds-dgv273-seacev3-1239192,ocds-dgv273-seacev3-1239192-2026-09-16T10:18:40.000594-05:00,1239192-20610968423,467800.0,PEN,Soles,2026-09-14T00:00:00-05:00
ocds-dgv273-seacev3-1244460,ocds-dgv273-seacev3-1244460-2026-09-16T10:18:39.966636-05:00,1244460-20605622080,1610000.0,PEN,Soles,2026-08-28T00:00:00-05:00
ocds-dgv273-seacev3-1240334,ocds-dgv273-seacev3-1240334-2026-09-16T10:18:39.611335-05:00,1240334-20611136375,423575.1,PEN,Soles,2026-09-11T00:00:00-05:00
ocds-dgv273-seacev3-1243106,ocds-dgv273-seacev3-1243106-2026-09-16T10:18:39.559343-05:00,1243106-1827553,119757.6,PEN,Soles,2026-09-03T00:00:00-05:00
ocds-dgv273-seacev3-1240137,ocds-dgv273-seacev3-1240137-2026-09-16T10:18:39.523532-05:00,1240137-20449458436,56288.0,PEN,Soles,2026-08-19T20:00:45-05:00
ocds-dgv273-seacev3-1243059,ocds-dgv273-seacev3-1243059-2026-09-16T10:18:39.440426-05:00,1243059-1828971,4467631.06,PEN,Soles,2026-09-14T00:00:00-05:00
ocds-dgv273-seacev3-1243118,ocds-dgv273-seacev3-1243118-2026-09-16T10:18:39.337352-05:00,1243118-20600360389,94635.0,PEN,Soles,2026-09-07T00:00:00-05:00
ocds-dgv273-seacev3-1242481,ocds-dgv273-seacev3-1242481-2026-09-16T10:18:39.323542-05:00,1242481-1828979,114654.0,PEN,Nuevos Soles,2026-09-14T00:00:00-05:00
ocds-dgv273-seacev3-1246121,ocds-dgv273-seacev3-1246121-2026-09-16T10:18:39.270474-05:00,1246121-1830853,270937.64,PEN,Soles,2026-09-10T00:00:00-05:00
ocds-dgv273-seacev3-1241775,ocds-dgv273-seacev3-1241775-2026-09-16T10:18:38.946040-05:00,1241775-1829476,118920.94,PEN,Soles,2026-09-14T00:00:00-05:00
ocds-dgv273-seacev3-1244571,ocds-dgv273-seacev3-1244571-2026-09-16T10:18:38.932523-05:00,1244571-20100061474,208818.11,PEN,Soles,2026-09-01T00:00:00-05:00
ocds-dgv273-seacev3-1245044,ocds-dgv273-seacev3-1245044-2026-09-16T10:18:38.863639-05:00,1245044-20448419241,95195.36,PEN,Soles,2026-09-03T00:00:00-05:00
ocds-dgv273-seacev3-1241169,ocds-dgv273-seacev3-1241169-2026-09-16T10:18:38.765957-05:00,1241169-20600852346,153725.0,PEN,Soles,2026-08-24T00:00:00-05:00
ocds-dgv273-seacev3-1244914,ocds-dgv273-seacev3-1244914-2026-09-16T10:18:38.738596-05:00,1244914-1829963,802530.44,PEN,Soles,2026-09-11T00:00:00-05:00
ocds-dgv273-seacev3-1239792,ocds-dgv273-seacev3-1239792-2026-09-16T10:18:38.549485-05:00,1239792-1820672,554109.66,PEN,Soles,2026-08-14T00:00:00-05:00
ocds-dgv273-seacev3-2026-821-6,ocds-dgv273-seacev3-2026-821-6-2026-09-16T10:18:38.511540-05:00,1239614-1827872,1176661.4,PEN,Soles,2026-09-04T00:00:00-05:00
ocds-dgv273-seacev3-1245761,ocds-dgv273-seacev3-1245761-2026-09-16T10:18:38.396721-05:00,1245761-20607502863,133000.0,PEN,Soles,2026-09-14T00:00:00-05:00
ocds-dgv273-seacev3-1245902,ocds-dgv273-seacev3-1245902-2026-09-16T10:18:38.377755-05:00,1245902-20605486348,97802.0,PEN,Soles,2026-09-07T00:00:00-05:00
ocds-dgv273-seacev3-1243718,ocds-dgv273-seacev3-1243718-2026-09-16T10:18:38.225253-05:00,1243718-20602552242,70020.0,PEN,Soles,2026-08-31T00:00:00-05:00
ocds-dgv273-seacev3-1241066,ocds-dgv273-seacev3-1241066-2026-09-16T10:18:38.190812-05:00,1241066-20559644243,119000.0,PEN,Nuevos Soles,2026-08-31T19:41:30-05:00
ocds-dgv273-seacev3-1239487,ocds-dgv273-seacev3-1239487-2026-09-16T10:18:38.070935-05:00,1239487-20611795191,78000.0,PEN,Soles,2026-08-19T17:30:21-05:00
ocds-dgv273-seacev3-1244673,ocds-dgv273-seacev3-1244673-2026-09-16T10:18:37.982652-05:00,1244673-10250001300,1350000.0,PEN,Soles,2026-08-31T00:00:00-05:00
ocds-dgv273-seacev3-1238744,ocds-dgv273-seacev3-1238744-2026-09-16T10:18:37.966126-05:00,1238744-20604886059,108570.0,PEN,Soles,2026-08-21T00:00:00-05:00
ocds-dgv273-seacev3-1244804,ocds-dgv273-seacev3-1244804-2026-09-16T10:18:37.857951-05:00,1244804-1831859,3633151.49,PEN,Soles,2026-09-14T00:00:00-05:00
ocds-dgv273-seacev3-1243421,ocds-dgv273-seacev3-1243421-2026-09-16T10:18:37.821553-05:00,1243421-1830126,86934.97,PEN,Soles,2026-09-09T00:00:00-05:00
ocds-dgv273-seacev3-1247541,ocds-dgv273-seacev3-1247541-2026-09-16T10:18:37.772601-05:00,1247541-1829037,678638.95,PEN,Soles,2026-09-11T00:00:00-05:00
ocds-dgv273-seacev3-1243621,ocds-dgv273-seacev3-1243621-2026-09-16T10:18:37.752139-05:00,1243621-20536598708,100115.0,PEN,Soles,2026-09-02T00:00:00-05:00
ocds-dgv273-seacev3-1240133,ocds-dgv273-seacev3-1240133-2026-09-16T10:18:37.725344-05:00,1240133-10105257100,153350.0,PEN,Soles,2026-09-14T00:00:00-05:00
ocds-dgv273-seacev3-1241899,ocds-dgv273-seacev3-1241899-2026-09-16T10:18:37.698799-05:00,1241899-1828360,56860.66,PEN,Soles,2026-09-07T00:00:00-05:00
ocds-dgv273-seacev3-2026-425-15,ocds-dgv273-seacev3-2026-425-15-2026-09-16T10:18:33.248928-05:00,1240004-20523470761,140793.5,PEN,Soles,2026-09-11T00:00:00-05:00
ocds-dgv273-seacev3-1239781,ocds-dgv273-seacev3-1239781-2026-09-16T10:18:33.214656-05:00,1239781-20498587012,124555.0,PEN,Soles,2026-09-07T00:00:00-05:00
ocds-dgv273-seacev3-1239548,ocds-dgv273-seacev3-1239548-2026-09-16T10:18:32.991631-05:00,1239548-10721130938,130000.0,PEN,Soles,2026-08-26T00:00:00-05:00
ocds-dgv273-seacev3-1242686,ocds-dgv273-seacev3-1242686-2026-09-16T10:18:32.420057-05:00,1242686-20610800824,388300.0,PEN,Soles,2026-09-04T00:00:00-05:00
ocds-dgv273-seacev3-1242994,ocds-dgv273-seacev3-1242994-2026-09-16T10:18:32.181597-05:00,1242994-1828052,2627880.61,PEN,Soles,2026-09-04T00:00:00-05:00
ocds-dgv273-seacev3-1239812,ocds-dgv273-seacev3-1239812-2026-09-16T10:18:32.039565-05:00,1239812-20369117433,80680.0,PEN,Soles,2026-09-02T00:00:00-05:00
ocds-dgv273-seacev3-1242039,ocds-dgv273-seacev3-1242039-2026-09-16T10:18:31.837271-05:00,1242039-20606160489,56925.0,PEN,Soles,2026-08-31T00:00:00-05:00
ocds-dgv273-seacev3-1239579,ocds-dgv273-seacev3-1239579-2026-09-16T10:18:31.820635-05:00,1239579-20605005706,117000.0,PEN,Soles,2026-08-20T00:00:00-05:00
ocds-dgv273-seacev3-1244687,ocds-dgv273-seacev3-1244687-2026-09-16T10:18:31.758122-05:00,1244687-20521487748,1396787.0,PEN,Soles,2026-09-14T00:00:00-05:00
ocds-dgv273-seacev3-1240108,ocds-dgv273-seacev3-1240108-2026-09-16T10:18:31.747097-05:00,1240108-20609099985,160000.0,PEN,Soles,2026-09-07T00:00:00-05:00
ocds-dgv273-seacev3-1244441,ocds-dgv273-seacev3-1244441-2026-09-16T10:18:31.620837-05:00,1244441-20607451410,375000.0,PEN,Soles,2026-09-04T00:00:00-05:00
ocds-dgv273-seacev3-1244954,ocds-dgv273-seacev3-1244954-2026-09-16T10:18:31.458029-05:00,1244954-10025271586,62720.0,PEN,Soles,2026-09-04T00:00:00-05:00
ocds-dgv273-seacev3-2026-1621-1,ocds-dgv273-seacev3-2026-1621-1-2026-09-16T10:18:31.443215-05:00,1238066-1826281,267694.8,PEN,Soles,2026-09-07T00:00:00-05:00
ocds-dgv273-seacev3-1243550,ocds-dgv273-seacev3-1243550-2026-09-16T10:18:31.317444-05:00,1243550-20600108906,56300.0,PEN,Soles,2026-09-04T00:00:00-05:00
ocds-dgv273-seacev3-1242479,ocds-dgv273-seacev3-1242479-2026-09-16T10:18:31.299589-05:00,1242479-20512636854,126660.0,PEN,Soles,2026-09-01T00:00:00-05:00
ocds-dgv273-seacev3-2026-1621-3,ocds-dgv273-seacev3-2026-1621-3-2026-09-16T10:18:31.157607-05:00,1238229-1826297,265500.0,PEN,Soles,2026-09-07T00:00:00-05:00
ocds-dgv273-seacev3-1241554,ocds-dgv273-seacev3-1241554-2026-09-16T10:18:31.066577-05:00,1241554-20558349116,53000.0,PEN,Soles,2026-08-27T00:00:00-05:00
ocds-dgv273-seacev3-1238129,ocds-dgv273-seacev3-1238129-2026-09-16T10:18:31.002882-05:00,1238129-20137976171,98742.4,PEN,Soles,2026-08-24T00:00:00-05:00
ocds-dgv273-seacev3-1238129,ocds-dgv273-seacev3-1238129-2026-09-16T10:18:31.002882-05:00,1238129-20519060711,109830.0,PEN,Soles,2026-08-24T00:00:00-05:00
ocds-dgv273-seacev3-1245794,ocds-dgv273-seacev3-1245794-2026-09-16T10:18:30.832970-05:00,1245794-20600108370,62370.0,PEN,Soles,2026-09-04T00:00:00-05:00
ocds-dgv273-seacev3-1240533,ocds-dgv273-seacev3-1240533-2026-09-16T10:18:30.808792-05:00,1240533-20568288778,88000.0,PEN,Soles,2026-08-17T00:00:00-05:00
ocds-dgv273-seacev3-1249795,ocds-dgv273-seacev3-1249795-2026-09-16T10:18:30.347163-05:00,1249795-20610907360,139606.98,PEN,Soles,2026-09-14T00:00:00-05:00
ocds-dgv273-seacev3-1236761,ocds-dgv273-seacev3-1236761-2026-09-16T10:18:30.153604-05:00,1236761-1828566,5823031.23,PEN,Soles,2026-09-11T00:00:00-05:00
ocds-dgv273-seacev3-1239301,ocds-dgv273-seacev3-1239301-2026-09-16T10:18:30.117726-05:00,1239301-20600871723,274027.4,PEN,Soles,2026-09-01T10:37:00-05:00
ocds-dgv273-seacev3-1246984,ocds-dgv273-seacev3-1246984-2026-09-16T10:18:30.063785-05:00,1246984-1829458,78605.7,PEN,Soles,2026-09-14T00:00:00-05:00
ocds-dgv273-seacev3-2026-1998-17,ocds-dgv273-seacev3-2026-1998-17-2026-09-16T10:18:29.786040-05:00,1242598-10087519843,99000.0,PEN,Soles,2026-09-14T00:00:00-05:00
ocds-dgv273-seacev3-1242816,ocds-dgv273-seacev3-1242816-2026-09-16T10:18:29.628140-05:00,1242816-10428066559,310180.0,PEN,Soles,2026-09-14T00:00:00-05:00
ocds-dgv273-seacev3-1238085,ocds-dgv273-seacev3-1238085-2026-09-16T10:18:29.555378-05:00,1238085-20476532311,118387.39,PEN,Soles,2026-08-17T00:00:00-05:00
ocds-dgv273-seacev3-1244752,ocds-dgv273-seacev3-1244752-2026-09-16T10:18:28.702592-05:00,1244752-20102032951,89900.0,PEN,Soles,2026-09-11T00:00:00-05:00
ocds-dgv273-seacev3-1238956,ocds-dgv273-seacev3-1238956-2026-09-16T10:18:28.044967-05:00,1238956-1830149,921000.0,PEN,Soles,2026-09-14T00:00:00-05:00
ocds-dgv273-seacev3-1244041,ocds-dgv273-seacev3-1244041-2026-09-16T10:18:27.987013-05:00,1244041-20574706409,119850.0,PEN,Soles,2026-09-03T00:00:00-05:00
ocds-dgv273-seacev3-1243598,ocds-dgv273-seacev3-1243598-2026-09-16T10:18:27.658008-05:00,1243598-20448580611,85100.0,PEN,Soles,2026-08-27T00:00:00-05:00
ocds-dgv273-seacev3-1242031,ocds-dgv273-seacev3-1242031-2026-09-16T10:18:27.584157-05:00,1242031-20498664459,3664231.92,PEN,Soles,2026-09-01T00:00:00-05:00
ocds-dgv273-seacev3-1239677,ocds-dgv273-seacev3-1239677-2026-09-16T10:18:27.360503-05:00,1239677-1825966,463843.67,PEN,Soles,2026-09-14T00:00:00-05:00
ocds-dgv273-seacev3-1244040,ocds-dgv273-seacev3-1244040-2026-09-16T10:18:27.333637-05:00,1244040-10454626911,109080.0,PEN,Soles,2026-09-02T16:48:01-05:00
ocds-dgv273-seacev3-1239425,ocds-dgv273-seacev3-1239425-2026-09-16T10:18:27.318913-05:00,1239425-20431084172,180000.0,PEN,Soles,2026-08-24T00:00:00-05:00
ocds-dgv273-seacev3-1245204,ocds-dgv273-seacev3-1245204-2026-09-16T10:18:27.185570-05:00,1245204-20611098406,117311.71,PEN,Soles,2026-09-14T00:00:00-05:00
ocds-dgv273-seacev3-1241708,ocds-dgv273-seacev3-1241708-2026-09-16T10:18:26.914192-05:00,1241708-20600746457,149702.0,PEN,Soles,2026-08-28T00:00:00-05:00
ocds-dgv273-seacev3-1248427,ocds-dgv273-seacev3-1248427-2026-09-16T10:18:26.881879-05:00,1248427-1831433,1857978.64,PEN,Soles,2026-09-14T00:00:00-05:00
ocds-dgv273-seacev3-1240755,ocds-dgv273-seacev3-1240755-2026-09-16T10:18:26.729235-05:00,1240755-20524284597,462675.0,PEN,Soles,2026-09-04T00:00:00-05:00
ocds-dgv273-seacev3-1242205,ocds-dgv273-seacev3-1242205-2026-09-16T10:18:21.930058-05:00,1242205-20608810898,437800.0,PEN,Nuevos Soles,2026-09-14T00:00:00-05:00
ocds-dgv273-seacev3-1240230,ocds-dgv273-seacev3-1240230-2026-09-16T10:18:21.242113-05:00,1240230-1823020,97215.76,PEN,Soles,2026-08-21T00:00:00-05:00
ocds-dgv273-seacev3-2026-99-5,ocds-dgv273-seacev3-2026-99-5-2026-09-16T10:18:21.078421-05:00,1238284-1822956,2666275.0,PEN,Soles,2026-08-21T00:00:00-05:00
ocds-dgv273-seacev3-1244448,ocds-dgv273-seacev3-1244448-2026-09-16T10:18:21.053684-05:00,1244448-20533692606,49310.0,PEN,Soles,2026-09-03T00:00:00-05:00
ocds-dgv273-seacev3-1239185,ocds-dgv273-seacev3-1239185-2026-09-16T10:18:20.643032-05:00,1239185-20569108595,555000.0,PEN,Soles,2026-09-14T00:00:00-05:00
ocds-dgv273-seacev3-1239247,ocds-dgv273-seacev3-1239247-2026-09-16T10:18:20.449697-05:00,1239247-1829764,14836549.4,PEN,Soles,2026-09-14T00:00:00-05:00
ocds-dgv273-seacev3-1244844,ocds-dgv273-seacev3-1244844-2026-09-16T10:18:20.413520-05:00,1244844-1829302,460200.0,PEN,Soles,2026-09-08T00:00:00-05:00
ocds-dgv273-seacev3-1244550,ocds-dgv273-seacev3-1244550-2026-09-16T10:18:20.348429-05:00,1244550-20103921288,663096.77,PEN,Soles,2026-09-11T00:00:00-05:00
ocds-dgv273-seacev3-1240446,ocds-dgv273-seacev3-1240446-2026-09-16T10:18:20.318758-05:00,1240446-20611707127,44000.0,PEN,Soles,2026-09-14T00:00:00-05:00
ocds-dgv273-seacev3-1241194,ocds-dgv273-seacev3-1241194-2026-09-16T10:18:20.112330-05:00,1241194-20611086033,312000.0,PEN,Soles,2026-09-14T00:00:00-05:00
ocds-dgv273-seacev3-1240551,ocds-dgv273-seacev3-1240551-2026-09-16T10:18:20.097825-05:00,1240551-20568288778,80000.0,PEN,Soles,2026-08-17T00:00:00-05:00
ocds-dgv273-seacev3-1242803,ocds-dgv273-seacev3-1242803-2026-09-16T10:18:19.896517-05:00,1242803-20100017149,472705.33,PEN,Soles,2026-08-24T00:00:00-05:00
ocds-dgv273-seacev3-1242803,ocds-dgv273-seacev3-1242803-2026-09-16T10:18:19.896517-05:00,1242803-20100049008,1753857.6,PEN,Soles,2026-08-24T00:00:00-05:00
ocds-dgv273-seacev3-1242803,ocds-dgv273-seacev3-1242803-2026-09-16T10:18:19.896517-05:00,1242803-20100114420,446040.0,PEN,Soles,2026-08-24T00:00:00-05:00
ocds-dgv273-seacev3-1242803,ocds-dgv273-seacev3-1242803-2026-09-16T10:18:19.896517-05:00,1242803-20100163986,947354.15,PEN,Soles,2026-08-24T00:00:00-05:00
ocds-dgv273-seacev3-1242803,ocds-dgv273-seacev3-1242803-2026-09-16T10:18:19.896517-05:00,1242803-20100210658,44604.0,PEN,Soles,2026-08-24T00:00:00-05:00
ocds-dgv273-seacev3-1242803,ocds-dgv273-seacev3-1242803-2026-09-16T10:18:19.896517-05:00,1242803-20105887079,50526.78,PEN,Soles,2026-08-24T00:00:00-05:00
ocds-dgv273-seacev3-1242803,ocds-dgv273-seacev3-1242803-2026-09-16T10:18:19.896517-05:00,1242803-20113126087,265500.0,PEN,Soles,2026-08-24T00:00:00-05:00
ocds-dgv273-seacev3-1242803,ocds-dgv273-seacev3-1242803-2026-09-16T10:18:19.896517-05:00,1242803-20113367360,152928.0,PEN,Soles,2026-08-24T00:00:00-05:00
ocds-dgv273-seacev3-1242803,ocds-dgv273-seacev3-1242803-2026-09-16T10:18:19.896517-05:00,1242803-20129570505,49701.6,PEN,Soles,2026-08-24T00:00:00-05:00
ocds-dgv273-seacev3-1242803,ocds-dgv273-seacev3-1242803-2026-09-16T10:18:19.896517-05:00,1242803-20142002583,85639.68,PEN,Soles,2026-08-24T00:00:00-05:00
ocds-dgv273-seacev3-1242803,ocds-dgv273-seacev3-1242803-2026-09-16T10:18:19.896517-05:00,1242803-20143229816,92910.74,PEN,Soles,2026-08-24T00:00:00-05:00
ocds-dgv273-seacev3-1242803,ocds-dgv273-seacev3-1242803-2026-09-16T10:18:19.896517-05:00,1242803-20271691476,186912.0,PEN,Soles,2026-08-24T00:00:00-05:00
ocds-dgv273-seacev3-1242803,ocds-dgv273-seacev3-1242803-2026-09-16T10:18:19.896517-05:00,1242803-20331551156,89208.0,PEN,Soles,2026-08-24T00:00:00-05:00
ocds-dgv273-seacev3-1242803,ocds-dgv273-seacev3-1242803-2026-09-16T10:18:19.896517-05:00,1242803-20333266025,118944.0,PEN,Soles,2026-08-24T00:00:00-05:00
ocds-dgv273-seacev3-1242803,ocds-dgv273-seacev3-1242803-2026-09-16T10:18:19.896517-05:00,1242803-20338915471,140651.28,PEN,Soles,2026-08-24T00:00:00-05:00
ocds-dgv273-seacev3-1242803,ocds-dgv273-seacev3-1242803-2026-09-16T10:18:19.896517-05:00,1242803-20378726876,273101.03,PEN,Soles,2026-08-24T00:00:00-05:00
ocds-dgv273-seacev3-1242803,ocds-dgv273-seacev3-1242803-2026-09-16T10:18:19.896517-05:00,1242803-20382350368,386568.0,PEN,Soles,2026-08-24T00:00:00-05:00
ocds-dgv273-seacev3-1242803,ocds-dgv273-seacev3-1242803-2026-09-16T10:18:19.896517-05:00,1242803-20389161811,191160.0,PEN,Soles,2026-08-24T00:00:00-05:00
ocds-dgv273-seacev3-1242803,ocds-dgv273-seacev3-1242803-2026-09-16T10:18:19.896517-05:00,1242803-20443478818,57918.33,PEN,Soles,2026-08-24T00:00:00-05:00
ocds-dgv273-seacev3-1242803,ocds-dgv273-seacev3-1242803-2026-09-16T10:18:19.896517-05:00,1242803-20481828954,203007.2,PEN,Soles,2026-08-24T00:00:00-05:00
ocds-dgv273-seacev3-1242803,ocds-dgv273-seacev3-1242803-2026-09-16T10:18:19.896517-05:00,1242803-20492353214,444529.60000000003,PEN,Soles,2026-08-24T00:00:00-05:00
ocds-dgv273-seacev3-1242803,ocds-dgv273-seacev3-1242803-2026-09-16T10:18:19.896517-05:00,1242803-20505448180,72216.0,PEN,Soles,2026-08-24T00:00:00-05:00
ocds-dgv273-seacev3-1242803,ocds-dgv273-seacev3-1242803-2026-09-16T10:18:19.896517-05:00,1242803-20511315922,280996.55,PEN,Soles,2026-08-24T00:00:00-05:00
ocds-dgv273-seacev3-1242803,ocds-dgv273-seacev3-1242803-2026-09-16T10:18:19.896517-05:00,1242803-20513113456,438424.45,PEN,Soles,2026-08-24T00:00:00-05:00
ocds-dgv273-seacev3-1242803,ocds-dgv273-seacev3-1242803-2026-09-16T10:18:19.896517-05:00,1242803-20513792507,119239.0,PEN,Soles,2026-08-24T00:00:00-05:00
ocds-dgv273-seacev3-1242803,ocds-dgv273-seacev3-1242803-2026-09-16T10:18:19.896517-05:00,1242803-20513953012,264259.8,PEN,Soles,2026-08-24T00:00:00-05:00
ocds-dgv273-seacev3-1242803,ocds-dgv273-seacev3-1242803-2026-09-16T10:18:19.896517-05:00,1242803-20516529084,106130.38,PEN,Soles,2026-08-24T00:00:00-05:00
ocds-dgv273-seacev3-1242803,ocds-dgv273-seacev3-1242803-2026-09-16T10:18:19.896517-05:00,1242803-20521683768,415950.0,PEN,Soles,2026-08-24T00:00:00-05:00
ocds-dgv273-seacev3-1242803,ocds-dgv273-seacev3-1242803-2026-09-16T10:18:19.896517-05:00,1242803-20529465069,50976.0,PEN,Soles,2026-08-24T00:00:00-05:00
ocds-dgv273-seacev3-1242803,ocds-dgv273-seacev3-1242803-2026-09-16T10:18:19.896517-05:00,1242803-20537088118,65973.32,PEN,Soles,2026-08-24T00:00:00-05:00
ocds-dgv273-seacev3-1242803,ocds-dgv273-seacev3-1242803-2026-09-16T10:18:19.896517-05:00,1242803-20548247854,116700.03,PEN,Soles,2026-08-24T00:00:00-05:00
ocds-dgv273-seacev3-1242803,ocds-dgv273-seacev3-1242803-2026-09-16T10:18:19.896517-05:00,1242803-20553069239,261624.19,PEN,Soles,2026-08-24T00:00:00-05:00
ocds-dgv273-seacev3-1242803,ocds-dgv273-seacev3-1242803-2026-09-16T10:18:19.896517-05:00,1242803-20556111651,83780.0,PEN,Soles,2026-08-24T00:00:00-05:00
ocds-dgv273-seacev3-1242803,ocds-dgv273-seacev3-1242803-2026-09-16T10:18:19.896517-05:00,1242803-20562632256,59641.92,PEN,Soles,2026-08-24T00:00:00-05:00
ocds-dgv273-seacev3-1242803,ocds-dgv273-seacev3-1242803-2026-09-16T10:18:19.896517-05:00,1242803-20600319541,69305.29,PEN,Soles,2026-08-24T00:00:00-05:00
ocds-dgv273-seacev3-1242803,ocds-dgv273-seacev3-1242803-2026-09-16T10:18:19.896517-05:00,1242803-20600550099,74245.6,PEN,Soles,2026-08-24T00:00:00-05:00
ocds-dgv273-seacev3-1242803,ocds-dgv273-seacev3-1242803-2026-09-16T10:18:19.896517-05:00,1242803-20604033528,55617.33,PEN,Soles,2026-08-24T00:00:00-05:00
ocds-dgv273-seacev3-1242803,ocds-dgv273-seacev3-1242803-2026-09-16T10:18:19.896517-05:00,1242803-20604673594,61065.0,PEN,Soles,2026-08-24T00:00:00-05:00
ocds-dgv273-seacev3-1242803,ocds-dgv273-seacev3-1242803-2026-09-16T10:18:19.896517-05:00,1242803-20605818910,173512.0,PEN,Soles,2026-08-24T00:00:00-05:00
ocds-dgv273-seacev3-1242803,ocds-dgv273-seacev3-1242803-2026-09-16T10:18:19.896517-05:00,1242803-20610396233,47790.0,PEN,Soles,2026-08-24T00:00:00-05:00
ocds-dgv273-seacev3-1242803,ocds-dgv273-seacev3-1242803-2026-09-16T10:18:19.896517-05:00,1242803-20610650563,152898.5,PEN,Soles,2026-08-24T00:00:00-05:00
ocds-dgv273-seacev3-1242803,ocds-dgv273-seacev3-1242803-2026-09-16T10:18:19.896517-05:00,1242803-20611114100,95070.24,PEN,Soles,2026-08-24T00:00:00-05:00
ocds-dgv273-seacev3-1242803,ocds-dgv273-seacev3-1242803-2026-09-16T10:18:19.896517-05:00,1242803-20611968311,87168.96,PEN,Soles,2026-08-24T00:00:00-05:00
ocds-dgv273-seacev3-1236179,ocds-dgv273-seacev3-1236179-2026-09-16T10:18:19.867334-05:00,1236179-20521606003,210105.0,PEN,Soles,2026-09-04T00:00:00-05:00
ocds-dgv273-seacev3-1238316,ocds-dgv273-seacev3-1238316-2026-09-16T10:18:19.790228-05:00,1238316-1821354,1594661.43,PEN,Soles,2026-08-21T00:00:00-05:00
ocds-dgv273-seacev3-1239682,ocds-dgv273-seacev3-1239682-2026-09-16T10:18:19.395030-05:00,1239682-1829950,3235100.0,PEN,Soles,2026-09-14T00:00:00-05:00
ocds-dgv273-seacev3-2026-2392-101,ocds-dgv273-seacev3-2026-2392-101-2026-09-16T10:18:19.035018-05:00,1243656-10459075416,159800.0,PEN,Soles,2026-09-04T00:00:00-05:00
ocds-dgv273-seacev3-1245702,ocds-dgv273-seacev3-1245702-2026-09-16T10:18:18.775548-05:00,1245702-20610825371,83000.0,PEN,Soles,2026-09-03T00:00:00-05:00
ocds-dgv273-seacev3-1246018,ocds-dgv273-seacev3-1246018-2026-09-16T10:18:18.675631-05:00,1246018-20513447079,97200.0,PEN,Soles,2026-09-04T00:00:00-05:00
ocds-dgv273-seacev3-1245349,ocds-dgv273-seacev3-1245349-2026-09-16T10:18:18.436082-05:00,1245349-1829974,349058.88,PEN,Soles,2026-09-14T00:00:00-05:00
ocds-dgv273-seacev3-2026-23308-3,ocds-dgv273-seacev3-2026-23308-3-2026-09-16T10:18:18.412358-05:00,1244152-1829900,150000.0,PEN,Soles,2026-09-14T00:00:00-05:00
ocds-dgv273-seacev3-2026-2354-1,ocds-dgv273-seacev3-2026-2354-1-2026-09-16T10:18:18.360036-05:00,1245073-20603341717,84300.0,PEN,Soles,2026-09-02T00:00:00-05:00
ocds-dgv273-seacev3-1244901,ocds-dgv273-seacev3-1244901-2026-09-16T10:18:18.304103-05:00,1244901-1829321,378072.0,PEN,Soles,2026-09-08T00:00:00-05:00
ocds-dgv273-seacev3-2026-705-27,ocds-dgv273-seacev3-2026-705-27-2026-09-16T10:18:18.276308-05:00,1239120-1823322,117856.51,PEN,Soles,2026-09-07T00:00:00-05:00
ocds-dgv273-seacev3-1244049,ocds-dgv273-seacev3-1244049-2026-09-16T10:18:18.227510-05:00,1244049-1828184,3287206.33,PEN,Soles,2026-09-07T00:00:00-05:00
ocds-dgv273-seacev3-1246466,ocds-dgv273-seacev3-1246466-2026-09-16T10:18:16.909147-05:00,1246466-20228848591,724191.78,PEN,Soles,2026-09-14T00:00:00-05:00
ocds-dgv273-seacev3-2026-251399-3,ocds-dgv273-seacev3-2026-251399-3-2026-09-16T10:18:16.803512-05:00,1243586-20603600402,84983.76,PEN,Soles,2026-09-04T00:00:00-05:00
ocds-dgv273-seacev3-1239002,ocds-dgv273-seacev3-1239002-2026-09-16T10:18:16.704667-05:00,1239002-10443629225,68390.0,PEN,Soles,2026-08-12T00:00:00-05:00
ocds-dgv273-seacev3-1239563,ocds-dgv273-seacev3-1239563-2026-09-16T10:18:16.604471-05:00,1239563-20602323600,84292.0,PEN,Soles,2026-08-28T00:00:00-05:00
ocds-dgv273-seacev3-1246112,ocds-dgv273-seacev3-1246112-2026-09-16T10:18:16.436300-05:00,1246112-20608622340,77425.0,PEN,Soles,2026-09-04T00:00:00-05:00
ocds-dgv273-seacev3-1242396,ocds-dgv273-seacev3-1242396-2026-09-16T10:18:16.287889-05:00,1242396-20605395466,66369.66,PEN,Soles,2026-08-28T00:00:00-05:00
ocds-dgv273-seacev3-1243798,ocds-dgv273-seacev3-1243798-2026-09-16T10:18:16.090179-05:00,1243798-20607317250,68480.0,PEN,Soles,2026-09-14T00:00:00-05:00
ocds-dgv273-seacev3-1241716,ocds-dgv273-seacev3-1241716-2026-09-16T10:18:09.706093-05:00,1241716-20606795867,148000.0,PEN,Soles,2026-08-21T00:00:00-05:00
ocds-dgv273-seacev3-1244935,ocds-dgv273-seacev3-1244935-2026-09-16T10:18:09.663661-05:00,1244935-20610931821,222200.0,PEN,Soles,2026-09-14T00:00:00-05:00
ocds-dgv273-seacev3-1242431,ocds-dgv273-seacev3-1242431-2026-09-16T10:18:09.556026-05:00,1242431-20489414946,66654.0,PEN,Soles,2026-08-28T00:00:00-05:00
ocds-dgv273-seacev3-1241091,ocds-dgv273-seacev3-1241091-2026-09-16T10:18:09.165082-05:00,1241091-10253285937,82500.0,PEN,Soles,2026-08-27T00:00:00-05:00
ocds-dgv273-seacev3-1242348,ocds-dgv273-seacev3-1242348-2026-09-16T10:18:08.850088-05:00,1242348-20539788940,230750.0,PEN,Soles,2026-09-04T00:00:00-05:00
ocds-dgv273-seacev3-1242987,ocds-dgv273-seacev3-1242987-2026-09-16T10:18:08.538098-05:00,1242987-20609832607,141120.0,PEN,Soles,2026-09-07T00:00:00-05:00
ocds-dgv273-seacev3-2026-200195-149,ocds-dgv273-seacev3-2026-200195-149-2026-09-16T10:18:08.490494-05:00,1241013-1825282,316959.96,PEN,Soles,2026-09-14T00:00:00-05:00
ocds-dgv273-seacev3-1243060,ocds-dgv273-seacev3-1243060-2026-09-16T10:18:08.423132-05:00,1243060-20611978228,87114.48,PEN,Soles,2026-09-04T00:00:00-05:00
ocds-dgv273-seacev3-1243243,ocds-dgv273-seacev3-1243243-2026-09-16T10:18:08.073325-05:00,1243243-20604109630,61028.0,PEN,Soles,2026-09-14T00:00:00-05:00
ocds-dgv273-seacev3-1244830,ocds-dgv273-seacev3-1244830-2026-09-16T10:18:07.837505-05:00,1244830-20609840791,161551.25,PEN,Soles,2026-09-04T00:00:00-05:00
ocds-dgv273-seacev3-1242478,ocds-dgv273-seacev3-1242478-2026-09-16T10:18:07.681109-05:00,1242478-10415949834,140400.0,PEN,Nuevos Soles,2026-08-20T00:00:00-05:00
ocds-dgv273-seacev3-1239672,ocds-dgv273-seacev3-1239672-2026-09-16T10:18:07.652748-05:00,1239672-20529425351,59528.4,PEN,Soles,2026-09-04T00:00:00-05:00
ocds-dgv273-seacev3-1249978,ocds-dgv273-seacev3-1249978-2026-09-16T10:18:07.441015-05:00,1249978-20610379363,55001.5,PEN,Soles,2026-09-14T00:00:00-05:00
ocds-dgv273-seacev3-1242117,ocds-dgv273-seacev3-1242117-2026-09-16T10:18:07.259313-05:00,1242117-20609494582,55000.0,PEN,Soles,2026-09-14T00:00:00-05:00
ocds-dgv273-seacev3-2026-1896-8,ocds-dgv273-seacev3-2026-1896-8-2026-09-16T10:18:07.252605-05:00,1186104-10224993680,1914605.0,PEN,Soles,2026-04-16T00:00:00-05:00
ocds-dgv273-seacev3-1246035,ocds-dgv273-seacev3-1246035-2026-09-16T10:18:07.154186-05:00,1246035-20613080768,160000.0,PEN,Soles,2026-09-14T00:00:00-05:00
ocds-dgv273-seacev3-1241261,ocds-dgv273-seacev3-1241261-2026-09-16T10:18:07.014098-05:00,1241261-20558049589,135400.0,PEN,Soles,2026-09-04T00:00:00-05:00
ocds-dgv273-seacev3-1245230,ocds-dgv273-seacev3-1245230-2026-09-16T10:18:06.987416-05:00,1245230-1831337,106686.63,PEN,Soles,2026-09-14T00:00:00-05:00
ocds-dgv273-seacev3-1241626,ocds-dgv273-seacev3-1241626-2026-09-16T10:18:06.861213-05:00,1241626-20601939941,42499.0,PEN,Soles,2026-08-26T00:00:00-05:00
ocds-dgv273-seacev3-1238027,ocds-dgv273-seacev3-1238027-2026-09-16T10:18:06.846379-05:00,1238027-1820532,629421.67,PEN,Soles,2026-08-21T00:00:00-05:00
ocds-dgv273-seacev3-1240515,ocds-dgv273-seacev3-1240515-2026-09-16T10:18:06.752738-05:00,1240515-20610324976,111804.0,PEN,Soles,2026-09-14T00:00:00-05:00
ocds-dgv273-seacev3-1242704,ocds-dgv273-seacev3-1242704-2026-09-16T10:18:06.686102-05:00,1242704-20511037001,41042.0,PEN,Soles,2026-08-28T00:00:00-05:00
ocds-dgv273-seacev3-1241787,ocds-dgv273-seacev3-1241787-2026-09-16T10:18:06.610875-05:00,1241787-20100257298,49390.97,PEN,Soles,2026-08-31T00:00:00-05:00
ocds-dgv273-seacev3-1244693,ocds-dgv273-seacev3-1244693-2026-09-16T10:18:06.576290-05:00,1244693-1829743,706976.83,PEN,Soles,2026-09-11T00:00:00-05:00
ocds-dgv273-seacev3-1241257,ocds-dgv273-seacev3-1241257-2026-09-16T10:18:06.564211-05:00,1241257-20613080768,116500.0,PEN,Soles,2026-09-04T00:00:00-05:00
ocds-dgv273-seacev3-1239393,ocds-dgv273-seacev3-1239393-2026-09-16T10:18:06.547111-05:00,1239393-20486764997,204780.0,PEN,Soles,2026-09-04T00:00:00-05:00
ocds-dgv273-seacev3-1244407,ocds-dgv273-seacev3-1244407-2026-09-16T10:18:06.430286-05:00,1244407-20603960590,72000.0,PEN,Soles,2026-09-04T00:00:00-05:00
ocds-dgv273-seacev3-1239207,ocds-dgv273-seacev3-1239207-2026-09-16T10:18:06.391256-05:00,1239207-20468787360,8997350.0,PEN,Soles,2026-08-20T00:00:00-05:00
ocds-dgv273-seacev3-1242086,ocds-dgv273-seacev3-1242086-2026-09-16T10:18:06.289675-05:00,1242086-10462139441,206602.0,PEN,Soles,2026-09-03T00:00:00-05:00
ocds-dgv273-seacev3-1239729,ocds-dgv273-seacev3-1239729-2026-09-16T10:18:06.107154-05:00,1239729-20533168087,111798.7,PEN,Soles,2026-09-14T00:00:00-05:00
ocds-dgv273-seacev3-1244052,ocds-dgv273-seacev3-1244052-2026-09-16T10:18:06.000301-05:00,1244052-20604700109,141180.0,PEN,Soles,2026-09-14T00:00:00-05:00
ocds-dgv273-seacev3-1244557,ocds-dgv273-seacev3-1244557-2026-09-16T10:18:05.888292-05:00,1244557-10414102641,53900.0,PEN,Soles,2026-09-07T00:00:00-05:00
ocds-dgv273-seacev3-1243716,ocds-dgv273-seacev3-1243716-2026-09-16T10:18:05.873877-05:00,1243716-20613448676,170900.0,PEN,Soles,2026-09-04T00:00:00-05:00
ocds-dgv273-seacev3-1240125,ocds-dgv273-seacev3-1240125-2026-09-16T10:18:05.693154-05:00,1240125-1823076,3368890.37,PEN,Soles,2026-08-21T00:00:00-05:00
ocds-dgv273-seacev3-1239485,ocds-dgv273-seacev3-1239485-2026-09-16T10:18:04.341638-05:00,1239485-20602972608,74000.0,PEN,Soles,2026-08-26T00:00:00-05:00
ocds-dgv273-seacev3-1242535,ocds-dgv273-seacev3-1242535-2026-09-16T10:18:04.211440-05:00,1242535-1826866,669257.11,PEN,Soles,2026-09-03T00:00:00-05:00
ocds-dgv273-seacev3-2026-2543-495,ocds-dgv273-seacev3-2026-2543-495-2026-09-16T10:18:04.192421-05:00,1244754-20600074246,114000.0,PEN,Soles,2026-09-10T00:00:00-05:00
ocds-dgv273-seacev3-1237953,ocds-dgv273-seacev3-1237953-2026-09-16T10:18:04.148825-05:00,1237953-10436346439,130176.0,PEN,Soles,2026-09-01T00:00:00-05:00
ocds-dgv273-seacev3-1246092,ocds-dgv273-seacev3-1246092-2026-09-16T10:18:03.805146-05:00,1246092-20605026134,67359.0,PEN,Soles,2026-09-07T00:00:00-05:00
ocds-dgv273-seacev3-1244753,ocds-dgv273-seacev3-1244753-2026-09-16T10:18:03.593162-05:00,1244753-20393379911,99727.0,PEN,Soles,2026-09-04T00:00:00-05:00
ocds-dgv273-seacev3-1244572,ocds-dgv273-seacev3-1244572-2026-09-16T10:18:03.529955-05:00,1244572-20608589041,52570.0,PEN,Soles,2026-09-02T00:00:00-05:00
ocds-dgv273-seacev3-1241157,ocds-dgv273-seacev3-1241157-2026-09-15T10:09:42.152401-05:00,1241157-20600852346,153188.0,PEN,Soles,2026-09-03T11:04:04-05:00
ocds-dgv273-seacev3-1241670,ocds-dgv273-seacev3-1241670-2026-09-15T10:09:42.137153-05:00,1241670-20612653195,294900.0,PEN,Soles,2026-09-03T00:00:00-05:00
ocds-dgv273-seacev3-1244635,ocds-dgv273-seacev3-1244635-2026-09-14T09:59:18.888177-05:00,1244635-1829699,339150.0,PEN,Soles,2026-09-11T00:00:00-05:00
ocds-dgv273-seacev3-1242728,ocds-dgv273-seacev3-1242728-2026-09-14T09:59:18.818066-05:00,1242728-20602056199,150000.0,PEN,Nuevos Soles,2026-09-10T00:00:00-05:00
ocds-dgv273-seacev3-1243770,ocds-dgv273-seacev3-1243770-2026-09-14T09:59:17.617994-05:00,1243770-10766592843,64222.0,PEN,Soles,2026-09-04T00:00:00-05:00
ocds-dgv273-seacev3-1243924,ocds-dgv273-seacev3-1243924-2026-09-14T09:59:16.346249-05:00,1243924-1827077,1229724.35,PEN,Soles,2026-09-04T00:00:00-05:00
ocds-dgv273-seacev3-1243529,ocds-dgv273-seacev3-1243529-2026-09-14T09:59:14.755269-05:00,1243529-1827896,1291397.16,PEN,Soles,2026-09-04T00:00:00-05:00
ocds-dgv273-seacev3-1243034,ocds-dgv273-seacev3-1243034-2026-09-14T09:59:13.390363-05:00,1243034-1826791,2004424.2,PEN,Soles,2026-09-02T00:00:00-05:00
ocds-dgv273-seacev3-1239149,ocds-dgv273-seacev3-1239149-2026-09-14T09:59:13.014830-05:00,1239149-20610919759,114000.0,PEN,Soles,2026-09-01T00:00:00-05:00
ocds-dgv273-seacev3-1243214,ocds-dgv273-seacev3-1243214-2026-09-13T12:05:45.372882-05:00,1243214-20376181015,230256.0,PEN,Soles,2026-09-09T00:00:00-05:00
ocds-dgv273-seacev3-1245564,ocds-dgv273-seacev3-1245564-2026-09-13T12:05:45.242018-05:00,1245564-20561174823,77812.5,PEN,Soles,2026-09-03T00:00:00-05:00
ocds-dgv273-seacev3-1241461,ocds-dgv273-seacev3-1241461-2026-09-13T12:05:45.166464-05:00,1241461-1824777,327999.99,PEN,Soles,2026-09-03T00:00:00-05:00
ocds-dgv273-seacev3-1244004,ocds-dgv273-seacev3-1244004-2026-09-13T12:05:45.132316-05:00,1244004-1829602,124216.9,PEN,Soles,2026-09-11T00:00:00-05:00
ocds-dgv273-seacev3-1240540,ocds-dgv273-seacev3-1240540-2026-09-13T12:05:45.074073-05:00,1240540-20612573175,235710.0,PEN,Soles,2026-08-28T00:00:00-05:00
ocds-dgv273-seacev3-1239462,ocds-dgv273-seacev3-1239462-2026-09-13T12:05:45.058250-05:00,1239462-10249943571,172800.0,PEN,Soles,2026-09-10T00:00:00-05:00
ocds-dgv273-seacev3-1242988,ocds-dgv273-seacev3-1242988-2026-09-13T12:05:44.984512-05:00,1242988-20480833822,424738.47,PEN,Soles,2026-09-03T00:00:00-05:00
ocds-dgv273-seacev3-1243887,ocds-dgv273-seacev3-1243887-2026-09-13T12:05:44.951987-05:00,1243887-20514345440,52901.28,PEN,Soles,2026-09-10T00:00:00-05:00
ocds-dgv273-seacev3-1243765,ocds-dgv273-seacev3-1243765-2026-09-13T12:05:44.940020-05:00,1243765-20569104506,58147.2,PEN,Soles,2026-09-03T00:00:00-05:00
ocds-dgv273-seacev3-1243208,ocds-dgv273-seacev3-1243208-2026-09-13T12:05:44.909696-05:00,1243208-1827551,4144071.98,PEN,Soles,2026-09-04T00:00:00-05:00
ocds-dgv273-seacev3-1247072,ocds-dgv273-seacev3-1247072-2026-09-13T12:05:44.854267-05:00,1247072-20520823078,120747.53,PEN,Soles,2026-09-11T00:00:00-05:00
ocds-dgv273-seacev3-1238870,ocds-dgv273-seacev3-1238870-2026-09-13T12:05:44.836573-05:00,1238870-20601638615,94872.0,PEN,Soles,2026-09-03T00:00:00-05:00
ocds-dgv273-seacev3-1241865,ocds-dgv273-seacev3-1241865-2026-09-13T12:05:44.703907-05:00,1241865-20602530737,93773.0,PEN,Soles,2026-08-21T00:00:00-05:00
ocds-dgv273-seacev3-1244838,ocds-dgv273-seacev3-1244838-2026-09-13T12:05:44.683406-05:00,1244838-1830026,227058.86,PEN,Soles,2026-09-10T00:00:00-05:00
ocds-dgv273-seacev3-1243730,ocds-dgv273-seacev3-1243730-2026-09-13T12:05:44.661058-05:00,1243730-20605251286,187969.8,PEN,Soles,2026-09-02T00:00:00-05:00
ocds-dgv273-seacev3-1238864,ocds-dgv273-seacev3-1238864-2026-09-13T12:05:44.646062-05:00,1238864-1822433,70451.0,PEN,Soles,2026-08-24T00:00:00-05:00
ocds-dgv273-seacev3-1240008,ocds-dgv273-seacev3-1240008-2026-09-13T12:05:44.625077-05:00,1240008-10025271586,109470.0,PEN,Soles,2026-08-21T00:00:00-05:00
ocds-dgv273-seacev3-1246073,ocds-dgv273-seacev3-1246073-2026-09-13T12:05:44.592099-05:00,1246073-20573324502,175500.0,PEN,Soles,2026-09-10T00:00:00-05:00
ocds-dgv273-seacev3-1248648,ocds-dgv273-seacev3-1248648-2026-09-13T12:05:44.577723-05:00,1248648-10257049685,56000.0,PEN,Soles,2026-09-09T00:00:00-05:00
ocds-dgv273-seacev3-1245737,ocds-dgv273-seacev3-1245737-2026-09-13T12:05:44.558544-05:00,1245737-20611224461,72245.0,PEN,Soles,2026-09-03T00:00:00-05:00
ocds-dgv273-seacev3-1241022,ocds-dgv273-seacev3-1241022-2026-09-13T12:05:44.504253-05:00,1241022-1828694,249475.6,PEN,Soles,2026-09-09T00:00:00-05:00
ocds-dgv273-seacev3-1239934,ocds-dgv273-seacev3-1239934-2026-09-13T12:05:44.387724-05:00,1239934-20611258233,164400.0,PEN,Soles,2026-08-20T00:00:00-05:00
ocds-dgv273-seacev3-1238293,ocds-dgv273-seacev3-1238293-2026-09-13T12:05:44.285593-05:00,1238293-1829775,534093.0,PEN,Soles,2026-09-11T00:00:00-05:00
ocds-dgv273-seacev3-1246079,ocds-dgv273-seacev3-1246079-2026-09-13T12:05:44.248583-05:00,1246079-20607100480,288935.17,PEN,Soles,2026-09-11T00:00:00-05:00
ocds-dgv273-seacev3-1245936,ocds-dgv273-seacev3-1245936-2026-09-13T12:05:44.234843-05:00,1245936-1830601,672716.03,PEN,Soles,2026-09-10T00:00:00-05:00
ocds-dgv273-seacev3-1248443,ocds-dgv273-seacev3-1248443-2026-09-13T12:05:44.070204-05:00,1248443-20302061425,409000.0,PEN,Soles,2026-09-09T00:00:00-05:00
ocds-dgv273-seacev3-1238910,ocds-dgv273-seacev3-1238910-2026-09-13T12:05:43.975191-05:00,1238910-1829571,1147890.0,PEN,Soles,2026-09-09T00:00:00-05:00
ocds-dgv273-seacev3-2026-173243-3,ocds-dgv273-seacev3-2026-173243-3-2026-09-13T12:05:43.905081-05:00,1242587-1828155,167255.0,PEN,Soles,2026-09-11T00:00:00-05:00
ocds-dgv273-seacev3-2026-200115-1,ocds-dgv273-seacev3-2026-200115-1-2026-09-13T12:05:43.813932-05:00,1244495-20507852549,242574.99,PEN,Soles,2026-09-09T00:00:00-05:00
ocds-dgv273-seacev3-1243491,ocds-dgv273-seacev3-1243491-2026-09-13T12:05:43.746541-05:00,1243491-1825373,326589.4,PEN,Soles,2026-08-31T00:00:00-05:00
ocds-dgv273-seacev3-1241019,ocds-dgv273-seacev3-1241019-2026-09-13T12:05:43.068925-05:00,1241019-20603913478,82000.0,PEN,Soles,2026-09-03T00:00:00-05:00
ocds-dgv273-seacev3-1237956,ocds-dgv273-seacev3-1237956-2026-09-13T12:05:43.021953-05:00,1237956-20603314752,199990.0,PEN,Soles,2026-09-11T00:00:00-05:00
ocds-dgv273-seacev3-1242932,ocds-dgv273-seacev3-1242932-2026-09-13T12:05:42.964764-05:00,1242932-20611953705,160000.0,PEN,Soles,2026-09-01T00:00:00-05:00
ocds-dgv273-seacev3-1242166,ocds-dgv273-seacev3-1242166-2026-09-13T12:05:42.937156-05:00,1242166-20607601918,202560.0,PEN,Soles,2026-09-04T00:00:00-05:00
ocds-dgv273-seacev3-1238074,ocds-dgv273-seacev3-1238074-2026-09-13T12:05:42.922384-05:00,1238074-10442295021,112687.35,PEN,Soles,2026-09-03T00:00:00-05:00
ocds-dgv273-seacev3-1241543,ocds-dgv273-seacev3-1241543-2026-09-13T12:05:42.870936-05:00,1241543-20605738762,51550.0,PEN,Soles,2026-08-21T00:00:00-05:00
ocds-dgv273-seacev3-1241403,ocds-dgv273-seacev3-1241403-2026-09-13T12:05:42.837403-05:00,1241403-1825633,575511.39,PEN,Soles,2026-09-03T00:00:00-05:00
ocds-dgv273-seacev3-2026-813-53,ocds-dgv273-seacev3-2026-813-53-2026-09-13T12:05:42.816604-05:00,1238513-20601136768,60648.0,PEN,Soles,2026-09-10T00:00:00-05:00
ocds-dgv273-seacev3-1244016,ocds-dgv273-seacev3-1244016-2026-09-13T12:05:42.591855-05:00,1244016-20603234422,132000.0,PEN,Soles,2026-09-11T00:00:00-05:00
ocds-dgv273-seacev3-1243845,ocds-dgv273-seacev3-1243845-2026-09-13T12:05:42.523153-05:00,1243845-20373687333,198330.0,PEN,Soles,2026-09-11T00:00:00-05:00
ocds-dgv273-seacev3-1244645,ocds-dgv273-seacev3-1244645-2026-09-13T12:05:42.428774-05:00,1244645-20603693192,74390.0,PEN,Soles,2026-09-11T00:00:00-05:00
ocds-dgv273-seacev3-1242870,ocds-dgv273-seacev3-1242870-2026-09-13T12:05:42.413878-05:00,1242870-1827578,81423.54,PEN,Soles,2026-09-02T00:00:00-05:00
ocds-dgv273-seacev3-1247428,ocds-dgv273-seacev3-1247428-2026-09-13T12:05:42.267064-05:00,1247428-1828634,290000.0,PEN,Soles,2026-09-04T00:00:00-05:00
ocds-dgv273-seacev3-1246078,ocds-dgv273-seacev3-1246078-2026-09-13T12:05:42.246234-05:00,1246078-1830861,276198.99,PEN,Soles,2026-09-10T00:00:00-05:00
ocds-dgv273-seacev3-1239661,ocds-dgv273-seacev3-1239661-2026-09-13T12:05:42.157681-05:00,1239661-1830099,7698119.62,PEN,Soles,2026-09-10T00:00:00-05:00
ocds-dgv273-seacev3-1241918,ocds-dgv273-seacev3-1241918-2026-09-13T12:05:42.104621-05:00,1241918-20100287791,46950.0,PEN,Soles,2026-09-10T00:00:00-05:00
ocds-dgv273-seacev3-1238610,ocds-dgv273-seacev3-1238610-2026-09-13T12:05:42.025911-05:00,1238610-20608099779,135000.0,PEN,Soles,2026-08-20T00:00:00-05:00
ocds-dgv273-seacev3-1244084,ocds-dgv273-seacev3-1244084-2026-09-13T12:05:41.987746-05:00,1244084-20606915668,75570.0,PEN,Soles,2026-09-11T00:00:00-05:00
ocds-dgv273-seacev3-1239136,ocds-dgv273-seacev3-1239136-2026-09-13T12:05:41.962795-05:00,1239136-20511037001,70875.0,PEN,Soles,2026-08-18T18:24:01-05:00
ocds-dgv273-seacev3-1244398,ocds-dgv273-seacev3-1244398-2026-09-13T12:05:41.889459-05:00,1244398-1828576,246933.63,PEN,Soles,2026-09-09T00:00:00-05:00
ocds-dgv273-seacev3-1242706,ocds-dgv273-seacev3-1242706-2026-09-13T12:05:41.875177-05:00,1242706-20601276411,114000.0,PEN,Soles,2026-09-01T00:00:00-05:00
ocds-dgv273-seacev3-1249448,ocds-dgv273-seacev3-1249448-2026-09-13T12:05:41.811499-05:00,1249448-1831413,1269791.41,PEN,Soles,2026-09-11T00:00:00-05:00
ocds-dgv273-seacev3-1242239,ocds-dgv273-seacev3-1242239-2026-09-13T12:05:41.736898-05:00,1242239-1826081,552675.74,PEN,Soles,2026-09-10T00:00:00-05:00
ocds-dgv273-seacev3-1241642,ocds-dgv273-seacev3-1241642-2026-09-13T12:05:41.619252-05:00,1241642-20607501328,151800.0,PEN,Soles,2026-09-11T00:00:00-05:00
ocds-dgv273-seacev3-1241608,ocds-dgv273-seacev3-1241608-2026-09-13T12:05:41.602593-05:00,1241608-1827478,193573.8,PEN,Soles,2026-09-11T00:00:00-05:00
ocds-dgv273-seacev3-1240767,ocds-dgv273-seacev3-1240767-2026-09-13T12:05:41.550875-05:00,1240767-1824753,504914.02,PEN,Soles,2026-09-02T00:00:00-05:00
ocds-dgv273-seacev3-1244273,ocds-dgv273-seacev3-1244273-2026-09-13T12:05:41.537771-05:00,1244273-20504294740,46500.0,PEN,Soles,2026-09-10T00:00:00-05:00
ocds-dgv273-seacev3-1242181,ocds-dgv273-seacev3-1242181-2026-09-13T12:05:41.522161-05:00,1242181-1824897,98000.0,PEN,Soles,2026-09-02T00:00:00-05:00
ocds-dgv273-seacev3-1243704,ocds-dgv273-seacev3-1243704-2026-09-13T12:05:41.368402-05:00,1243704-20601462002,335440.0,PEN,Soles,2026-09-10T00:00:00-05:00
ocds-dgv273-seacev3-1245336,ocds-dgv273-seacev3-1245336-2026-09-13T12:05:41.287970-05:00,1245336-10469513322,46720.0,PEN,Soles,2026-09-04T00:00:00-05:00
ocds-dgv273-seacev3-1244176,ocds-dgv273-seacev3-1244176-2026-09-13T12:05:41.274065-05:00,1244176-1830551,2928790.53,PEN,Soles,2026-09-11T00:00:00-05:00
ocds-dgv273-seacev3-1244057,ocds-dgv273-seacev3-1244057-2026-09-13T12:05:41.261680-05:00,1244057-20506813191,772224.0,PEN,Soles,2026-09-10T00:00:00-05:00
ocds-dgv273-seacev3-1242259,ocds-dgv273-seacev3-1242259-2026-09-13T12:05:41.220900-05:00,1242259-20542625741,101440.0,PEN,Soles,2026-09-10T00:00:00-05:00
ocds-dgv273-seacev3-1239099,ocds-dgv273-seacev3-1239099-2026-09-13T12:05:41.144204-05:00,1239099-20611034521,145000.0,PEN,Soles,2026-08-27T00:00:00-05:00
ocds-dgv273-seacev3-1242127,ocds-dgv273-seacev3-1242127-2026-09-13T12:05:40.757182-05:00,1242127-10402680321,76980.0,PEN,Soles,2026-08-31T00:00:00-05:00
ocds-dgv273-seacev3-1240825,ocds-dgv273-seacev3-1240825-2026-09-13T12:05:40.675992-05:00,1240825-20603831862,142999.0,PEN,Soles,2026-09-03T00:00:00-05:00
ocds-dgv273-seacev3-1241984,ocds-dgv273-seacev3-1241984-2026-09-13T12:05:40.596356-05:00,1241984-20525820832,45875.0,PEN,Soles,2026-08-25T00:00:00-05:00
ocds-dgv273-seacev3-1245836,ocds-dgv273-seacev3-1245836-2026-09-13T12:05:40.546086-05:00,1245836-20600695135,219709.0,PEN,Soles,2026-09-10T00:00:00-05:00
ocds-dgv273-seacev3-1238581,ocds-dgv273-seacev3-1238581-2026-09-13T12:05:40.399054-05:00,1238581-1822475,564947.8,PEN,Soles,2026-08-19T00:00:00-05:00
ocds-dgv273-seacev3-1238228,ocds-dgv273-seacev3-1238228-2026-09-13T12:05:40.382847-05:00,1238228-1822203,1413417.63,PEN,Soles,2026-08-19T00:00:00-05:00
ocds-dgv273-seacev3-1244633,ocds-dgv273-seacev3-1244633-2026-09-13T12:05:40.152375-05:00,1244633-20528064028,175000.0,PEN,Soles,2026-09-11T00:00:00-05:00
ocds-dgv273-seacev3-1242375,ocds-dgv273-seacev3-1242375-2026-09-13T12:05:40.136409-05:00,1242375-20493043073,129750.16,PEN,Soles,2026-09-11T00:00:00-05:00
ocds-dgv273-seacev3-2026-426-4,ocds-dgv273-seacev3-2026-426-4-2026-09-13T12:05:40.113097-05:00,1193935-20523905679,88740.0,PEN,Soles,2026-03-23T00:00:00-05:00
ocds-dgv273-seacev3-2026-426-4,ocds-dgv273-seacev3-2026-426-4-2026-09-13T12:05:40.113097-05:00,1193935-10446489238,91000.0,PEN,Soles,2026-04-29T00:00:00-05:00
ocds-dgv273-seacev3-2026-426-4,ocds-dgv273-seacev3-2026-426-4-2026-09-13T12:05:40.113097-05:00,1193935-20448552676,91800.0,PEN,Soles,2026-06-10T00:00:00-05:00
ocds-dgv273-seacev3-2026-426-4,ocds-dgv273-seacev3-2026-426-4-2026-09-13T12:05:40.113097-05:00,1240619-20600413776,52479.0,PEN,Soles,2026-08-26T00:00:00-05:00
ocds-dgv273-seacev3-1239306,ocds-dgv273-seacev3-1239306-2026-09-13T12:05:40.095240-05:00,1239306-20604235783,169850.0,PEN,Soles,2026-08-20T00:00:00-05:00
ocds-dgv273-seacev3-1242900,ocds-dgv273-seacev3-1242900-2026-09-13T12:05:39.984450-05:00,1242900-20607880272,75000.0,PEN,Soles,2026-09-11T00:00:00-05:00
ocds-dgv273-seacev3-1241120,ocds-dgv273-seacev3-1241120-2026-09-13T12:05:39.962695-05:00,1241120-1824974,457404.91,PEN,Soles,2026-08-27T00:00:00-05:00
ocds-dgv273-seacev3-1243062,ocds-dgv273-seacev3-1243062-2026-09-13T12:05:39.778114-05:00,1243062-1829417,1522156.73,PEN,Soles,2026-09-09T00:00:00-05:00
ocds-dgv273-seacev3-1239760,ocds-dgv273-seacev3-1239760-2026-09-13T12:05:39.762627-05:00,1239760-1822064,13381788.5,PEN,Soles,2026-08-20T00:00:00-05:00
ocds-dgv273-seacev3-1244370,ocds-dgv273-seacev3-1244370-2026-09-13T12:05:39.682181-05:00,1244370-20609605589,64947.2,PEN,Soles,2026-09-10T00:00:00-05:00
ocds-dgv273-seacev3-1241319,ocds-dgv273-seacev3-1241319-2026-09-13T12:05:39.627028-05:00,1241319-10012862844,69880.0,PEN,Soles,2026-09-11T00:00:00-05:00
ocds-dgv273-seacev3-1238836,ocds-dgv273-seacev3-1238836-2026-09-13T12:05:39.583191-05:00,1238836-20601638615,94105.0,PEN,Soles,2026-09-03T00:00:00-05:00
ocds-dgv273-seacev3-1248317,ocds-dgv273-seacev3-1248317-2026-09-13T12:05:39.556699-05:00,1248317-1830323,2599902.5,PEN,Soles,2026-09-09T00:00:00-05:00
ocds-dgv273-seacev3-1243430,ocds-dgv273-seacev3-1243430-2026-09-13T12:05:39.535024-05:00,1243430-20517999688,247092.0,PEN,Soles,2026-09-02T00:00:00-05:00
ocds-dgv273-seacev3-1242323,ocds-dgv273-seacev3-1242323-2026-09-13T12:05:39.521464-05:00,1242323-20607720101,203150.0,PEN,Soles,2026-09-01T00:00:00-05:00
ocds-dgv273-seacev3-1248424,ocds-dgv273-seacev3-1248424-2026-09-13T12:05:39.474949-05:00,1248424-1830786,110871.35,PEN,Soles,2026-09-10T00:00:00-05:00
ocds-dgv273-seacev3-1245143,ocds-dgv273-seacev3-1245143-2026-09-13T12:05:39.184241-05:00,1245143-20559173453,99800.0,PEN,Soles,2026-09-03T00:00:00-05:00
ocds-dgv273-seacev3-1245017,ocds-dgv273-seacev3-1245017-2026-09-13T12:05:34.530517-05:00,1245017-10413220446,225160.0,PEN,Soles,2026-09-10T00:00:00-05:00
ocds-dgv273-seacev3-1244360,ocds-dgv273-seacev3-1244360-2026-09-13T12:05:34.440196-05:00,1244360-20609625512,216000.0,PEN,Soles,2026-09-11T17:40:28-05:00
ocds-dgv273-seacev3-1242841,ocds-dgv273-seacev3-1242841-2026-09-13T12:05:34.426894-05:00,1242841-1826320,294214.65,PEN,Soles,2026-09-10T00:00:00-05:00
ocds-dgv273-seacev3-2026-397-14,ocds-dgv273-seacev3-2026-397-14-2026-09-13T12:05:34.413651-05:00,1240056-20523470761,451922.36,PEN,Soles,2026-09-03T00:00:00-05:00
ocds-dgv273-seacev3-1243597,ocds-dgv273-seacev3-1243597-2026-09-13T12:05:34.382640-05:00,1243597-20393805952,114295.21,PEN,Soles,2026-09-11T00:00:00-05:00
ocds-dgv273-seacev3-1242014,ocds-dgv273-seacev3-1242014-2026-09-13T12:05:34.209538-05:00,1242014-1830091,779454.71,PEN,Soles,2026-09-09T00:00:00-05:00
ocds-dgv273-seacev3-1240786,ocds-dgv273-seacev3-1240786-2026-09-13T12:05:34.166895-05:00,1240786-20604202842,225000.0,PEN,Soles,2026-08-21T00:00:00-05:00
ocds-dgv273-seacev3-1244905,ocds-dgv273-seacev3-1244905-2026-09-13T12:05:34.125945-05:00,1244905-20101639275,6436999.94,PEN,Soles,2026-08-28T00:00:00-05:00
ocds-dgv273-seacev3-1245275,ocds-dgv273-seacev3-1245275-2026-09-13T12:05:34.044895-05:00,1245275-1830083,4995496.97,PEN,Soles,2026-09-09T00:00:00-05:00
ocds-dgv273-seacev3-1245630,ocds-dgv273-seacev3-1245630-2026-09-13T12:05:33.997020-05:00,1245630-1830968,450000.0,PEN,Soles,2026-09-10T00:00:00-05:00
ocds-dgv273-seacev3-1242668,ocds-dgv273-seacev3-1242668-2026-09-13T12:05:33.974514-05:00,1242668-20600203127,215326.71,PEN,Soles,2026-09-02T00:00:00-05:00
ocds-dgv273-seacev3-2026-1926-163,ocds-dgv273-seacev3-2026-1926-163-2026-09-13T12:05:33.905880-05:00,1243445-20511091986,202000.0,PEN,Soles,2026-09-09T00:00:00-05:00
ocds-dgv273-seacev3-1245398,ocds-dgv273-seacev3-1245398-2026-09-13T12:05:33.850278-05:00,1245398-1829744,369390.04,PEN,Soles,2026-09-11T00:00:00-05:00
ocds-dgv273-seacev3-1241588,ocds-dgv273-seacev3-1241588-2026-09-13T12:05:33.807702-05:00,1241588-20603510489,1024172.2,PEN,Soles,2026-09-10T00:00:00-05:00
ocds-dgv273-seacev3-1241486,ocds-dgv273-seacev3-1241486-2026-09-13T12:05:33.670551-05:00,1241486-20558017032,881394.51,PEN,Soles,2026-09-02T00:00:00-05:00
ocds-dgv273-seacev3-1245655,ocds-dgv273-seacev3-1245655-2026-09-13T12:05:33.593852-05:00,1245655-20559644243,42900.0,PEN,Soles,2026-09-11T00:00:00-05:00
ocds-dgv273-seacev3-1245032,ocds-dgv273-seacev3-1245032-2026-09-13T12:05:33.547688-05:00,1245032-1829596,147681.37,PEN,Soles,2026-09-11T00:00:00-05:00
ocds-dgv273-seacev3-1242634,ocds-dgv273-seacev3-1242634-2026-09-13T12:05:33.418458-05:00,1242634-10444717632,99473.4,PEN,Soles,2026-08-25T00:00:00-05:00
ocds-dgv273-seacev3-1241158,ocds-dgv273-seacev3-1241158-2026-09-13T12:05:33.265582-05:00,1241158-20607357804,435000.0,PEN,Soles,2026-09-10T00:00:00-05:00
ocds-dgv273-seacev3-1242442,ocds-dgv273-seacev3-1242442-2026-09-13T12:05:33.240747-05:00,1242442-20612120324,72994.0,PEN,Soles,2026-08-27T00:00:00-05:00
ocds-dgv273-seacev3-1241832,ocds-dgv273-seacev3-1241832-2026-09-13T12:05:33.217962-05:00,1241832-1825218,3828383.35,PEN,Soles,2026-08-27T00:00:00-05:00
ocds-dgv273-seacev3-1243374,ocds-dgv273-seacev3-1243374-2026-09-13T12:05:33.177484-05:00,1243374-20607512184,62100.15,PEN,Soles,2026-09-03T00:00:00-05:00
ocds-dgv273-seacev3-1245617,ocds-dgv273-seacev3-1245617-2026-09-13T12:05:33.054647-05:00,1245617-10702946501,84298.75,PEN,Soles,2026-09-10T00:00:00-05:00
ocds-dgv273-seacev3-1241436,ocds-dgv273-seacev3-1241436-2026-09-13T12:05:33.031052-05:00,1241436-20563978091,81500.0,PEN,Soles,2026-08-25T00:00:00-05:00
ocds-dgv273-seacev3-1246126,ocds-dgv273-seacev3-1246126-2026-09-13T12:05:32.911133-05:00,1246126-10767370925,75000.0,PEN,Soles,2026-09-11T00:00:00-05:00
ocds-dgv273-seacev3-1244106,ocds-dgv273-seacev3-1244106-2026-09-13T12:05:32.768471-05:00,1244106-20538347524,112200.0,PEN,Soles,2026-09-10T00:00:00-05:00
ocds-dgv273-seacev3-1242572,ocds-dgv273-seacev3-1242572-2026-09-13T12:05:32.757755-05:00,1242572-20605536639,56980.0,PEN,Soles,2026-09-03T00:00:00-05:00
ocds-dgv273-seacev3-1240068,ocds-dgv273-seacev3-1240068-2026-09-13T12:05:32.744058-05:00,1240068-20494399386,1397400.0,PEN,Soles,2026-08-19T00:00:00-05:00
ocds-dgv273-seacev3-1242755,ocds-dgv273-seacev3-1242755-2026-09-13T12:05:32.630615-05:00,1242755-1827342,937263.75,PEN,Soles,2026-09-02T00:00:00-05:00
ocds-dgv273-seacev3-1239056,ocds-dgv273-seacev3-1239056-2026-09-13T12:05:32.490292-05:00,1239056-10438357209,154994.56,PEN,Soles,2026-08-24T00:00:00-05:00
ocds-dgv273-seacev3-1240808,ocds-dgv273-seacev3-1240808-2026-09-13T12:05:31.862106-05:00,1240808-20300795821,44000.0,PEN,Soles,2026-09-11T00:00:00-05:00
ocds-dgv273-seacev3-1245819,ocds-dgv273-seacev3-1245819-2026-09-13T12:05:31.747287-05:00,1245819-1830354,157400.0,PEN,Soles,2026-09-10T00:00:00-05:00
ocds-dgv273-seacev3-1242548,ocds-dgv273-seacev3-1242548-2026-09-13T12:05:31.733149-05:00,1242548-20510168829,130734.0,PEN,Soles,2026-08-20T00:00:00-05:00
ocds-dgv273-seacev3-1244472,ocds-dgv273-seacev3-1244472-2026-09-13T12:05:31.641388-05:00,1244472-1826352,1854109.72,PEN,Nuevos Soles,2026-09-02T00:00:00-05:00
ocds-dgv273-seacev3-1244876,ocds-dgv273-seacev3-1244876-2026-09-13T12:05:31.586068-05:00,1244876-20573029764,111573.0,PEN,Soles,2026-09-10T00:00:00-05:00
ocds-dgv273-seacev3-1244876,ocds-dgv273-seacev3-1244876-2026-09-13T12:05:31.586068-05:00,1244876-20605822721,780000.0,PEN,Soles,2026-09-10T00:00:00-05:00
ocds-dgv273-seacev3-1240760,ocds-dgv273-seacev3-1240760-2026-09-13T12:05:31.540082-05:00,1240760-20564077152,59900.0,PEN,Soles,2026-08-26T00:00:00-05:00
ocds-dgv273-seacev3-1244219,ocds-dgv273-seacev3-1244219-2026-09-13T12:05:31.387509-05:00,1244219-10462833721,61900.0,PEN,Soles,2026-09-09T00:00:00-05:00
ocds-dgv273-seacev3-1242771,ocds-dgv273-seacev3-1242771-2026-09-13T12:05:31.261799-05:00,1242771-20600307453,72358.0,PEN,Soles,2026-08-25T00:00:00-05:00
ocds-dgv273-seacev3-1244373,ocds-dgv273-seacev3-1244373-2026-09-13T12:05:31.234617-05:00,1244373-1828114,77000.0,PEN,Soles,2026-09-10T00:00:00-05:00
ocds-dgv273-seacev3-1241795,ocds-dgv273-seacev3-1241795-2026-09-13T12:05:31.219824-05:00,1241795-20615100316,46500.0,PEN,Soles,2026-09-01T00:00:00-05:00
ocds-dgv273-seacev3-1244080,ocds-dgv273-seacev3-1244080-2026-09-13T12:05:31.174520-05:00,1244080-20611579587,80224.5,PEN,Soles,2026-09-03T00:00:00-05:00
ocds-dgv273-seacev3-1239885,ocds-dgv273-seacev3-1239885-2026-09-13T12:05:31.078915-05:00,1239885-20136507720,635183.5,PEN,Soles,2026-09-11T00:00:00-05:00
ocds-dgv273-seacev3-2026-2009-31,ocds-dgv273-seacev3-2026-2009-31-2026-09-13T12:05:31.019519-05:00,1242946-10444256279,1444000.0,PEN,Soles,2026-09-10T00:00:00-05:00
ocds-dgv273-seacev3-1242182,ocds-dgv273-seacev3-1242182-2026-09-13T12:05:31.008570-05:00,1242182-1825340,75000.0,PEN,Soles,2026-09-03T00:00:00-05:00
ocds-dgv273-seacev3-1239811,ocds-dgv273-seacev3-1239811-2026-09-13T12:05:30.975214-05:00,1239811-20564076938,56064.0,PEN,Soles,2026-09-02T00:00:00-05:00
ocds-dgv273-seacev3-1244412,ocds-dgv273-seacev3-1244412-2026-09-13T12:05:30.882452-05:00,1244412-20604826196,65702.4,PEN,Soles,2026-09-10T00:00:00-05:00
ocds-dgv273-seacev3-1245748,ocds-dgv273-seacev3-1245748-2026-09-13T12:05:30.861969-05:00,1245748-1830506,79897.5,PEN,Soles,2026-09-11T00:00:00-05:00
ocds-dgv273-seacev3-1238109,ocds-dgv273-seacev3-1238109-2026-09-13T12:05:30.790599-05:00,1238109-20603303254,4495744.0,PEN,Soles,2026-09-10T00:00:00-05:00
ocds-dgv273-seacev3-1245258,ocds-dgv273-seacev3-1245258-2026-09-13T12:05:30.753308-05:00,1245258-20556700487,4205488.51,PEN,Soles,2026-09-10T00:00:00-05:00
ocds-dgv273-seacev3-1244502,ocds-dgv273-seacev3-1244502-2026-09-13T12:05:30.624641-05:00,1244502-20532492051,182996.93,PEN,Soles,2026-09-03T00:00:00-05:00
ocds-dgv273-seacev3-1242417,ocds-dgv273-seacev3-1242417-2026-09-13T12:05:30.610562-05:00,1242417-1827647,56835.37,PEN,Soles,2026-09-03T00:00:00-05:00
ocds-dgv273-seacev3-1244105,ocds-dgv273-seacev3-1244105-2026-09-13T12:05:30.528582-05:00,1244105-20615149587,149850.0,PEN,Soles,2026-09-02T00:00:00-05:00
ocds-dgv273-seacev3-1239837,ocds-dgv273-seacev3-1239837-2026-09-13T12:05:30.513248-05:00,1239837-20609586037,97900.0,PEN,Soles,2026-08-25T00:00:00-05:00
ocds-dgv273-seacev3-1246132,ocds-dgv273-seacev3-1246132-2026-09-13T12:05:30.493690-05:00,1246132-20606076585,121843.8,PEN,Soles,2026-09-11T00:00:00-05:00
ocds-dgv273-seacev3-2026-2318-1,ocds-dgv273-seacev3-2026-2318-1-2026-09-13T12:05:30.480162-05:00,1245106-20603772530,226478.12,PEN,Soles,2026-09-10T00:00:00-05:00
ocds-dgv273-seacev3-1243709,ocds-dgv273-seacev3-1243709-2026-09-13T12:05:30.457385-05:00,1243709-1829116,1570197.13,PEN,Soles,2026-09-10T00:00:00-05:00
ocds-dgv273-seacev3-1241925,ocds-dgv273-seacev3-1241925-2026-09-13T12:05:30.388786-05:00,1241925-20509173801,117457.2,PEN,Soles,2026-09-03T00:00:00-05:00
ocds-dgv273-seacev3-1241925,ocds-dgv273-seacev3-1241925-2026-09-13T12:05:30.388786-05:00,1241925-20535773263,95560.92,PEN,Soles,2026-09-03T00:00:00-05:00
ocds-dgv273-seacev3-1244913,ocds-dgv273-seacev3-1244913-2026-09-13T12:05:30.294785-05:00,1244913-10710012267,70000.0,PEN,Soles,2026-09-10T00:00:00-05:00
ocds-dgv273-seacev3-1245022,ocds-dgv273-seacev3-1245022-2026-09-13T12:05:30.192465-05:00,1245022-20573243251,332300.0,PEN,Soles,2026-09-10T00:00:00-05:00
ocds-dgv273-seacev3-1244442,ocds-dgv273-seacev3-1244442-2026-09-13T12:05:30.178423-05:00,1244442-1829350,2169146.58,PEN,Soles,2026-09-11T00:00:00-05:00
ocds-dgv273-seacev3-1248788,ocds-dgv273-seacev3-1248788-2026-09-13T12:05:30.143478-05:00,1248788-10257405325,24000.0,PEN,Soles,2026-09-09T00:00:00-05:00
ocds-dgv273-seacev3-1245436,ocds-dgv273-seacev3-1245436-2026-09-13T12:05:30.130673-05:00,1245436-20608444646,75600.0,PEN,Soles,2026-09-04T00:00:00-05:00
ocds-dgv273-seacev3-1238844,ocds-dgv273-seacev3-1238844-2026-09-13T12:05:30.107666-05:00,1238844-20100042500,60000.0,PEN,Soles,2026-09-02T00:00:00-05:00
ocds-dgv273-seacev3-1244063,ocds-dgv273-seacev3-1244063-2026-09-13T12:05:30.066213-05:00,1244063-20489566886,120000.0,PEN,Soles,2026-08-28T00:00:00-05:00
ocds-dgv273-seacev3-1243926,ocds-dgv273-seacev3-1243926-2026-09-13T12:05:30.050200-05:00,1243926-20130471464,9992769.53,PEN,Soles,2026-09-04T00:00:00-05:00
ocds-dgv273-seacev3-1237992,ocds-dgv273-seacev3-1237992-2026-09-13T12:05:30.008743-05:00,1237992-20449385960,97920.0,PEN,Soles,2026-08-13T00:00:00-05:00
ocds-dgv273-seacev3-1243152,ocds-dgv273-seacev3-1243152-2026-09-13T12:05:29.927217-05:00,1243152-20609418517,84960.0,PEN,Soles,2026-09-09T00:00:00-05:00
ocds-dgv273-seacev3-1241797,ocds-dgv273-seacev3-1241797-2026-09-13T12:05:29.911413-05:00,1241797-1824035,3007778.92,PEN,Soles,2026-08-25T00:00:00-05:00
ocds-dgv273-seacev3-1244048,ocds-dgv273-seacev3-1244048-2026-09-13T12:05:29.809538-05:00,1244048-10401873827,87840.0,PEN,Soles,2026-09-03T00:00:00-05:00
ocds-dgv273-seacev3-1240663,ocds-dgv273-seacev3-1240663-2026-09-13T12:05:29.794247-05:00,1240663-1826357,1053076.71,PEN,Soles,2026-09-03T00:00:00-05:00
ocds-dgv273-seacev3-1239040,ocds-dgv273-seacev3-1239040-2026-09-13T12:05:29.778235-05:00,1239040-20533983163,766396.87,PEN,Soles,2026-08-19T00:00:00-05:00
ocds-dgv273-seacev3-1245337,ocds-dgv273-seacev3-1245337-2026-09-13T12:05:29.633351-05:00,1245337-20553231273,99000.0,PEN,Soles,2026-09-10T00:00:00-05:00
ocds-dgv273-seacev3-1244275,ocds-dgv273-seacev3-1244275-2026-09-13T12:05:29.613042-05:00,1244275-20408093504,89200.0,PEN,Soles,2026-09-10T00:00:00-05:00
ocds-dgv273-seacev3-1242257,ocds-dgv273-seacev3-1242257-2026-09-13T12:05:29.598906-05:00,1242257-10755408935,187200.0,PEN,Soles,2026-08-21T00:00:00-05:00
ocds-dgv273-seacev3-1243321,ocds-dgv273-seacev3-1243321-2026-09-13T12:05:29.522635-05:00,1243321-20612343340,67107.5,PEN,Soles,2026-08-27T00:00:00-05:00
ocds-dgv273-seacev3-1244758,ocds-dgv273-seacev3-1244758-2026-09-13T12:05:29.450222-05:00,1244758-20601446015,300000.0,PEN,Soles,2026-09-11T00:00:00-05:00
ocds-dgv273-seacev3-1244456,ocds-dgv273-seacev3-1244456-2026-09-13T12:05:29.429043-05:00,1244456-1829905,1452823.88,PEN,Soles,2026-09-09T00:00:00-05:00
ocds-dgv273-seacev3-1238549,ocds-dgv273-seacev3-1238549-2026-09-13T12:05:29.406040-05:00,1238549-1821819,118246.15,PEN,Soles,2026-08-25T00:00:00-05:00
ocds-dgv273-seacev3-1239999,ocds-dgv273-seacev3-1239999-2026-09-13T12:05:29.362198-05:00,1239999-20609287803,67500.0,PEN,Soles,2026-08-24T00:00:00-05:00
ocds-dgv273-seacev3-1238534,ocds-dgv273-seacev3-1238534-2026-09-13T12:05:29.347439-05:00,1238534-1821534,1988826.72,PEN,Soles,2026-08-18T00:00:00-05:00
ocds-dgv273-seacev3-1240604,ocds-dgv273-seacev3-1240604-2026-09-13T12:05:29.285848-05:00,1240604-20605334203,108672.0,PEN,Soles,2026-08-26T00:00:00-05:00
ocds-dgv273-seacev3-1245876,ocds-dgv273-seacev3-1245876-2026-09-13T12:05:29.210151-05:00,1245876-1830740,82998.84,PEN,Soles,2026-09-11T00:00:00-05:00
ocds-dgv273-seacev3-1245947,ocds-dgv273-seacev3-1245947-2026-09-13T12:05:29.170822-05:00,1245947-20610844945,150000.0,PEN,Soles,2026-09-04T00:00:00-05:00
ocds-dgv273-seacev3-1243625,ocds-dgv273-seacev3-1243625-2026-09-13T12:05:29.156464-05:00,1243625-1828191,1987722.11,PEN,Soles,2026-09-10T00:00:00-05:00
ocds-dgv273-seacev3-2026-1307-11,ocds-dgv273-seacev3-2026-1307-11-2026-09-13T12:05:29.138857-05:00,1238704-20601276594,2651500.0,PEN,Soles,2026-09-11T00:00:00-05:00
ocds-dgv273-seacev3-1244531,ocds-dgv273-seacev3-1244531-2026-09-13T12:05:28.942309-05:00,1244531-1830061,747579.63,PEN,Soles,2026-09-11T00:00:00-05:00
ocds-dgv273-seacev3-1243958,ocds-dgv273-seacev3-1243958-2026-09-13T12:05:28.928038-05:00,1243958-20522761525,64000.0,PEN,Soles,2026-09-11T00:00:00-05:00
ocds-dgv273-seacev3-1242963,ocds-dgv273-seacev3-1242963-2026-09-13T12:05:28.839602-05:00,1242963-1826503,114000.0,PEN,Soles,2026-09-02T00:00:00-05:00
ocds-dgv273-seacev3-1245010,ocds-dgv273-seacev3-1245010-2026-09-13T12:05:28.785358-05:00,1245010-10243871030,62000.0,PEN,Soles,2026-09-02T00:00:00-05:00
ocds-dgv273-seacev3-1244896,ocds-dgv273-seacev3-1244896-2026-09-13T12:05:28.744203-05:00,1244896-20600055560,580165.75,PEN,Soles,2026-09-02T00:00:00-05:00
ocds-dgv273-seacev3-2026-2543-469,ocds-dgv273-seacev3-2026-2543-469-2026-09-13T12:05:28.723138-05:00,1239126-20509997340,120000.0,PEN,Soles,2026-09-11T00:00:00-05:00
ocds-dgv273-seacev3-1242945,ocds-dgv273-seacev3-1242945-2026-09-13T12:05:28.578249-05:00,1242945-1826269,4897947.62,PEN,Soles,2026-09-03T00:00:00-05:00
ocds-dgv273-seacev3-1243232,ocds-dgv273-seacev3-1243232-2026-09-13T12:05:28.410346-05:00,1243232-20611794453,691470.0,PEN,Soles,2026-09-10T00:00:00-05:00
ocds-dgv273-seacev3-1242677,ocds-dgv273-seacev3-1242677-2026-09-13T12:05:28.318017-05:00,1242677-1826774,326500.0,PEN,Soles,2026-09-11T00:00:00-05:00
ocds-dgv273-seacev3-2026-2406-115,ocds-dgv273-seacev3-2026-2406-115-2026-09-13T12:05:28.283100-05:00,1242429-1826528,265730.78,PEN,Soles,2026-09-10T00:00:00-05:00
ocds-dgv273-seacev3-1238634,ocds-dgv273-seacev3-1238634-2026-09-13T12:05:28.254893-05:00,1238634-1822211,144000.0,PEN,Soles,2026-08-21T00:00:00-05:00
ocds-dgv273-seacev3-1249163,ocds-dgv273-seacev3-1249163-2026-09-13T12:05:23.156335-05:00,1249163-20610276220,64428.0,PEN,Soles,2026-09-10T00:00:00-05:00
ocds-dgv273-seacev3-1238852,ocds-dgv273-seacev3-1238852-2026-09-13T12:05:23.101038-05:00,1238852-20607984990,98200.0,PEN,Soles,2026-08-21T00:00:00-05:00
ocds-dgv273-seacev3-1242896,ocds-dgv273-seacev3-1242896-2026-09-13T12:05:23.041508-05:00,1242896-10040721172,359100.0,PEN,Soles,2026-09-11T00:00:00-05:00
ocds-dgv273-seacev3-1242558,ocds-dgv273-seacev3-1242558-2026-09-13T12:05:22.864796-05:00,1242558-1825681,309220.0,PEN,Soles,2026-08-31T00:00:00-05:00
ocds-dgv273-seacev3-2026-10143-24,ocds-dgv273-seacev3-2026-10143-24-2026-09-13T12:05:22.845644-05:00,1245881-20605428780,464832.0,PEN,Soles,2026-09-10T00:00:00-05:00
ocds-dgv273-seacev3-1242404,ocds-dgv273-seacev3-1242404-2026-09-13T12:05:22.774238-05:00,1242404-10425938768,194780.0,PEN,Soles,2026-09-03T00:00:00-05:00
ocds-dgv273-seacev3-1242421,ocds-dgv273-seacev3-1242421-2026-09-13T12:05:22.760921-05:00,1242421-20574690219,1372800.0,PEN,Soles,2026-08-28T14:26:48-05:00
ocds-dgv273-seacev3-1242097,ocds-dgv273-seacev3-1242097-2026-09-13T12:05:22.740466-05:00,1242097-10016946490,105000.0,PEN,Soles,2026-08-26T20:05:56-05:00
ocds-dgv273-seacev3-1244378,ocds-dgv273-seacev3-1244378-2026-09-13T12:05:22.705957-05:00,1244378-1829213,110575.17,PEN,Soles,2026-09-09T00:00:00-05:00
ocds-dgv273-seacev3-1244023,ocds-dgv273-seacev3-1244023-2026-09-13T12:05:22.692290-05:00,1244023-1829284,120584.8,PEN,Soles,2026-09-09T00:00:00-05:00
ocds-dgv273-seacev3-1240269,ocds-dgv273-seacev3-1240269-2026-09-13T12:05:22.670622-05:00,1240269-20100312736,190000.0,PEN,Soles,2026-09-11T00:00:00-05:00
ocds-dgv273-seacev3-1239119,ocds-dgv273-seacev3-1239119-2026-09-13T12:05:22.649081-05:00,1239119-1825794,1032892.99,PEN,Soles,2026-09-03T00:00:00-05:00
ocds-dgv273-seacev3-1243438,ocds-dgv273-seacev3-1243438-2026-09-13T12:05:22.532580-05:00,1243438-20605019995,71000.0,PEN,Soles,2026-09-11T00:00:00-05:00
ocds-dgv273-seacev3-1242633,ocds-dgv273-seacev3-1242633-2026-09-13T12:05:22.465935-05:00,1242633-20467305931,235568.59,PEN,Soles,2026-09-09T00:00:00-05:00
ocds-dgv273-seacev3-1238069,ocds-dgv273-seacev3-1238069-2026-09-13T12:05:22.449534-05:00,1238069-1820496,198324.8,PEN,Soles,2026-08-18T00:00:00-05:00
ocds-dgv273-seacev3-1242507,ocds-dgv273-seacev3-1242507-2026-09-13T12:05:22.422553-05:00,1242507-20570698304,2786150.62,PEN,Soles,2026-09-10T00:00:00-05:00
ocds-dgv273-seacev3-1243736,ocds-dgv273-seacev3-1243736-2026-09-13T12:05:22.368617-05:00,1243736-1829119,1415021.21,PEN,Soles,2026-09-10T00:00:00-05:00
ocds-dgv273-seacev3-1244011,ocds-dgv273-seacev3-1244011-2026-09-13T12:05:22.333831-05:00,1244011-20607672513,302000.0,PEN,Soles,2026-09-11T00:00:00-05:00
ocds-dgv273-seacev3-1243984,ocds-dgv273-seacev3-1243984-2026-09-13T12:05:22.320899-05:00,1243984-20449458436,105564.94,PEN,Soles,2026-09-02T00:00:00-05:00
ocds-dgv273-seacev3-1243610,ocds-dgv273-seacev3-1243610-2026-09-13T12:05:22.267729-05:00,1243610-10329403209,76375.0,PEN,Soles,2026-09-11T00:00:00-05:00
ocds-dgv273-seacev3-1245338,ocds-dgv273-seacev3-1245338-2026-09-13T12:05:22.254752-05:00,1245338-20612044598,67500.0,PEN,Soles,2026-09-11T00:00:00-05:00
ocds-dgv273-seacev3-1244014,ocds-dgv273-seacev3-1244014-2026-09-13T12:05:22.162169-05:00,1244014-20603158998,160000.0,PEN,Soles,2026-09-10T00:00:00-05:00
ocds-dgv273-seacev3-1242098,ocds-dgv273-seacev3-1242098-2026-09-13T12:05:21.964348-05:00,1242098-1825035,263298.73,PEN,Soles,2026-09-02T00:00:00-05:00
ocds-dgv273-seacev3-1239955,ocds-dgv273-seacev3-1239955-2026-09-13T12:05:21.887385-05:00,1239955-1822537,1172000.0,PEN,Soles,2026-08-21T00:00:00-05:00
ocds-dgv273-seacev3-1244538,ocds-dgv273-seacev3-1244538-2026-09-13T12:05:21.657046-05:00,1244538-1829949,2365261.39,PEN,Soles,2026-09-10T00:00:00-05:00
ocds-dgv273-seacev3-1240384,ocds-dgv273-seacev3-1240384-2026-09-13T12:05:21.555438-05:00,1240384-10038526788,57600.0,PEN,Soles,2026-08-21T00:00:00-05:00
ocds-dgv273-seacev3-1239252,ocds-dgv273-seacev3-1239252-2026-09-13T12:05:21.541760-05:00,1239252-20522761525,45254.7,PEN,Soles,2026-09-02T00:00:00-05:00
ocds-dgv273-seacev3-1243647,ocds-dgv273-seacev3-1243647-2026-09-13T12:05:21.469686-05:00,1243647-10748247365,12000.0,PEN,Soles,2026-09-01T00:00:00-05:00
ocds-dgv273-seacev3-1242832,ocds-dgv273-seacev3-1242832-2026-09-13T12:05:21.438191-05:00,1242832-20489414946,71011.2,PEN,Soles,2026-09-01T00:00:00-05:00
ocds-dgv273-seacev3-1244130,ocds-dgv273-seacev3-1244130-2026-09-13T12:05:21.423106-05:00,1244130-10707886841,82000.0,PEN,Soles,2026-09-11T00:00:00-05:00
ocds-dgv273-seacev3-1243175,ocds-dgv273-seacev3-1243175-2026-09-13T12:05:21.403511-05:00,1243175-10414173671,170560.0,PEN,Soles,2026-09-01T11:22:51-05:00
ocds-dgv273-seacev3-1242038,ocds-dgv273-seacev3-1242038-2026-09-13T12:05:21.390791-05:00,1242038-20452857236,135967.08,PEN,Soles,2026-09-11T00:00:00-05:00
ocds-dgv273-seacev3-1244930,ocds-dgv273-seacev3-1244930-2026-09-13T12:05:21.349929-05:00,1244930-10403158076,46005.33,PEN,Soles,2026-09-10T00:00:00-05:00
ocds-dgv273-seacev3-1242149,ocds-dgv273-seacev3-1242149-2026-09-13T12:05:21.336147-05:00,1242149-10402680321,100980.0,PEN,Soles,2026-08-31T00:00:00-05:00
ocds-dgv273-seacev3-1241814,ocds-dgv273-seacev3-1241814-2026-09-13T12:05:21.308590-05:00,1241814-1828262,378456.85,PEN,Soles,2026-09-11T00:00:00-05:00
ocds-dgv273-seacev3-1239016,ocds-dgv273-seacev3-1239016-2026-09-13T12:05:21.293367-05:00,1239016-1822300,2027918.15,PEN,Soles,2026-08-20T00:00:00-05:00
ocds-dgv273-seacev3-1239363,ocds-dgv273-seacev3-1239363-2026-09-13T12:05:21.232755-05:00,1239363-20613789872,105000.0,PEN,Soles,2026-08-25T00:00:00-05:00
ocds-dgv273-seacev3-1240042,ocds-dgv273-seacev3-1240042-2026-09-13T12:05:21.111136-05:00,1240042-1823235,178000.0,PEN,Soles,2026-09-10T00:00:00-05:00
ocds-dgv273-seacev3-1240787,ocds-dgv273-seacev3-1240787-2026-09-13T12:05:21.029909-05:00,1240787-20552572565,310250.0,PEN,Soles,2026-09-10T00:00:00-05:00
ocds-dgv273-seacev3-1241491,ocds-dgv273-seacev3-1241491-2026-09-13T12:05:20.949460-05:00,1241491-10722810941,3000.0,PEN,Soles,2026-09-01T00:00:00-05:00
ocds-dgv273-seacev3-1244007,ocds-dgv273-seacev3-1244007-2026-09-13T12:05:20.868966-05:00,1244007-20449458436,121166.3,PEN,Soles,2026-09-02T00:00:00-05:00
ocds-dgv273-seacev3-1238999,ocds-dgv273-seacev3-1238999-2026-09-13T12:05:20.841322-05:00,1238999-20534474572,217840.0,PEN,Soles,2026-09-11T00:00:00-05:00
ocds-dgv273-seacev3-1240173,ocds-dgv273-seacev3-1240173-2026-09-13T12:05:20.814685-05:00,1240173-10773430352,255000.0,PEN,Soles,2026-09-02T00:00:00-05:00
ocds-dgv273-seacev3-1245219,ocds-dgv273-seacev3-1245219-2026-09-13T12:05:20.789215-05:00,1245219-10435964538,73520.0,PEN,Soles,2026-09-10T00:00:00-05:00
ocds-dgv273-seacev3-1242953,ocds-dgv273-seacev3-1242953-2026-09-13T12:05:20.760923-05:00,1242953-20612029432,212500.0,PEN,Soles,2026-09-10T00:00:00-05:00
ocds-dgv273-seacev3-1244878,ocds-dgv273-seacev3-1244878-2026-09-13T12:05:20.711496-05:00,1244878-20603038275,78000.0,PEN,Soles,2026-09-10T00:00:00-05:00
ocds-dgv273-seacev3-1242701,ocds-dgv273-seacev3-1242701-2026-09-13T12:05:20.471747-05:00,1242701-20490407767,66500.0,PEN,Soles,2026-09-02T17:10:56-05:00
ocds-dgv273-seacev3-1244205,ocds-dgv273-seacev3-1244205-2026-09-13T12:05:20.422422-05:00,1244205-20533773517,66100.0,PEN,Soles,2026-09-04T00:00:00-05:00
ocds-dgv273-seacev3-1241219,ocds-dgv273-seacev3-1241219-2026-09-13T12:05:20.398585-05:00,1241219-10433900451,85000.0,PEN,Soles,2026-09-10T00:00:00-05:00
ocds-dgv273-seacev3-1243639,ocds-dgv273-seacev3-1243639-2026-09-13T12:05:20.305971-05:00,1243639-20347268683,87000.0,PEN,Soles,2026-09-02T00:00:00-05:00
ocds-dgv273-seacev3-2026-2406-113,ocds-dgv273-seacev3-2026-2406-113-2026-09-13T12:05:19.741057-05:00,1237345-1826492,444699.03,PEN,Soles,2026-09-10T00:00:00-05:00
ocds-dgv273-seacev3-1243197,ocds-dgv273-seacev3-1243197-2026-09-13T12:05:19.642960-05:00,1243197-20613934775,62311.0,PEN,Soles,2026-08-26T00:00:00-05:00
ocds-dgv273-seacev3-1244777,ocds-dgv273-seacev3-1244777-2026-09-13T12:05:19.599805-05:00,1244777-20100018625,93500.0,PEN,Soles,2026-09-03T00:00:00-05:00
ocds-dgv273-seacev3-1244479,ocds-dgv273-seacev3-1244479-2026-09-13T12:05:19.430075-05:00,1244479-1829691,72738.74,PEN,Soles,2026-09-10T00:00:00-05:00
ocds-dgv273-seacev3-1241785,ocds-dgv273-seacev3-1241785-2026-09-13T12:05:19.417124-05:00,1241785-20607931128,273650.0,PEN,Soles,2026-09-02T00:00:00-05:00
ocds-dgv273-seacev3-1244208,ocds-dgv273-seacev3-1244208-2026-09-13T12:05:19.260895-05:00,1244208-20536598708,58000.0,PEN,Soles,2026-09-11T00:00:00-05:00
ocds-dgv273-seacev3-1244208,ocds-dgv273-seacev3-1244208-2026-09-13T12:05:19.260895-05:00,1244208-20602734740,185000.0,PEN,Soles,2026-09-11T00:00:00-05:00
ocds-dgv273-seacev3-1239108,ocds-dgv273-seacev3-1239108-2026-09-13T12:05:19.176728-05:00,1239108-20380274095,108000.0,PEN,Soles,2026-09-11T00:00:00-05:00
ocds-dgv273-seacev3-1242671,ocds-dgv273-seacev3-1242671-2026-09-13T12:05:19.096597-05:00,1242671-20601276411,87700.0,PEN,Soles,2026-09-01T00:00:00-05:00
ocds-dgv273-seacev3-1240878,ocds-dgv273-seacev3-1240878-2026-09-13T12:05:18.892116-05:00,1240878-1823596,73900.0,PEN,Soles,2026-09-09T00:00:00-05:00
ocds-dgv273-seacev3-1244950,ocds-dgv273-seacev3-1244950-2026-09-13T12:05:18.816335-05:00,1244950-20611081279,83095.92,PEN,Soles,2026-09-03T00:00:00-05:00
ocds-dgv273-seacev3-1244528,ocds-dgv273-seacev3-1244528-2026-09-13T12:05:18.802196-05:00,1244528-1829583,85992.5,PEN,Soles,2026-09-10T00:00:00-05:00
ocds-dgv273-seacev3-1244082,ocds-dgv273-seacev3-1244082-2026-09-13T12:05:18.788053-05:00,1244082-10447548793,72500.0,PEN,Soles,2026-08-28T00:00:00-05:00
ocds-dgv273-seacev3-1239236,ocds-dgv273-seacev3-1239236-2026-09-13T12:05:18.753259-05:00,1239236-10450152841,368300.0,PEN,Soles,2026-08-20T19:27:26-05:00
ocds-dgv273-seacev3-1243207,ocds-dgv273-seacev3-1243207-2026-09-13T12:05:18.720311-05:00,1243207-20608866923,142272.0,PEN,Soles,2026-09-03T00:00:00-05:00
ocds-dgv273-seacev3-1241714,ocds-dgv273-seacev3-1241714-2026-09-13T12:05:18.706597-05:00,1241714-20601279364,147000.0,PEN,Soles,2026-09-10T00:00:00-05:00
ocds-dgv273-seacev3-1241480,ocds-dgv273-seacev3-1241480-2026-09-13T12:05:18.692683-05:00,1241480-10717186821,15000.0,PEN,Soles,2026-09-03T00:00:00-05:00
ocds-dgv273-seacev3-1241885,ocds-dgv273-seacev3-1241885-2026-09-13T12:05:18.624989-05:00,1241885-10454105350,12000.0,PEN,Soles,2026-09-03T00:00:00-05:00
ocds-dgv273-seacev3-1242148,ocds-dgv273-seacev3-1242148-2026-09-13T12:05:18.490764-05:00,1242148-20607601918,199296.0,PEN,Soles,2026-09-04T00:00:00-05:00
ocds-dgv273-seacev3-1240893,ocds-dgv273-seacev3-1240893-2026-09-13T12:05:18.476064-05:00,1240893-20609344050,78111.95,PEN,Soles,2026-09-02T00:00:00-05:00
ocds-dgv273-seacev3-1244446,ocds-dgv273-seacev3-1244446-2026-09-13T12:05:18.318697-05:00,1244446-10435908387,225280.0,PEN,Soles,2026-09-10T00:00:00-05:00
ocds-dgv273-seacev3-1244274,ocds-dgv273-seacev3-1244274-2026-09-13T12:05:18.304549-05:00,1244274-20615818802,56630.0,PEN,Soles,2026-08-31T00:00:00-05:00
ocds-dgv273-seacev3-1238182,ocds-dgv273-seacev3-1238182-2026-09-13T12:05:18.214433-05:00,1238182-20407836872,279052.83,PEN,Soles,2026-09-09T00:00:00-05:00
ocds-dgv273-seacev3-1244163,ocds-dgv273-seacev3-1244163-2026-09-13T12:05:18.109118-05:00,1244163-20609950669,446000.0,PEN,Soles,2026-09-11T00:00:00-05:00
ocds-dgv273-seacev3-1244584,ocds-dgv273-seacev3-1244584-2026-09-13T12:05:18.097215-05:00,1244584-20565643496,43870512.0,PEN,Soles,2026-09-11T00:00:00-05:00
ocds-dgv273-seacev3-1243218,ocds-dgv273-seacev3-1243218-2026-09-13T12:05:18.078458-05:00,1243218-10106514386,64000.0,PEN,Soles,2026-09-01T00:00:00-05:00
ocds-dgv273-seacev3-1243168,ocds-dgv273-seacev3-1243168-2026-09-13T12:05:18.058785-05:00,1243168-20541624644,238000.0,PEN,Soles,2026-09-03T00:00:00-05:00
ocds-dgv273-seacev3-1242909,ocds-dgv273-seacev3-1242909-2026-09-13T12:05:18.019442-05:00,1242909-1826856,2153300.01,PEN,Soles,2026-09-03T00:00:00-05:00
ocds-dgv273-seacev3-1245915,ocds-dgv273-seacev3-1245915-2026-09-13T12:05:17.931221-05:00,1245915-20610609199,447928.0,PEN,Soles,2026-09-11T00:00:00-05:00
ocds-dgv273-seacev3-1243388,ocds-dgv273-seacev3-1243388-2026-09-13T12:05:17.776026-05:00,1243388-10739860003,18000.0,PEN,Soles,2026-09-01T00:00:00-05:00
ocds-dgv273-seacev3-1238983,ocds-dgv273-seacev3-1238983-2026-09-13T12:05:17.631846-05:00,1238983-1826578,1617281.97,PEN,Soles,2026-09-03T00:00:00-05:00
ocds-dgv273-seacev3-1242768,ocds-dgv273-seacev3-1242768-2026-09-13T12:05:17.574839-05:00,1242768-20603713703,50400.0,PEN,Soles,2026-09-02T00:00:00-05:00
ocds-dgv273-seacev3-1240714,ocds-dgv273-seacev3-1240714-2026-09-13T12:05:17.559733-05:00,1240714-10297299242,103900.0,PEN,Soles,2026-09-01T00:00:00-05:00
ocds-dgv273-seacev3-1241811,ocds-dgv273-seacev3-1241811-2026-09-13T12:05:17.502809-05:00,1241811-10435801183,12000.0,PEN,Soles,2026-09-03T00:00:00-05:00
ocds-dgv273-seacev3-1241901,ocds-dgv273-seacev3-1241901-2026-09-13T12:05:17.435211-05:00,1241901-10725229408,24000.0,PEN,Soles,2026-09-03T00:00:00-05:00
ocds-dgv273-seacev3-1238641,ocds-dgv273-seacev3-1238641-2026-09-13T12:05:17.419778-05:00,1238641-1826855,300120.88,PEN,Soles,2026-09-11T00:00:00-05:00
ocds-dgv273-seacev3-1241136,ocds-dgv273-seacev3-1241136-2026-09-13T12:05:17.339626-05:00,1241136-20139491077,55648.8,USD,Dólar Norteamericano,2026-08-27T00:00:00-05:00
ocds-dgv273-seacev3-1241149,ocds-dgv273-seacev3-1241149-2026-09-13T12:05:17.263779-05:00,1241149-20611853891,98000.0,PEN,Soles,2026-08-27T00:00:00-05:00
ocds-dgv273-seacev3-1240886,ocds-dgv273-seacev3-1240886-2026-09-13T12:05:17.243571-05:00,1240886-1825281,235500.0,PEN,Soles,2026-09-02T00:00:00-05:00
ocds-dgv273-seacev3-1240532,ocds-dgv273-seacev3-1240532-2026-09-13T12:05:17.228772-05:00,1240532-20511037001,109329.16,PEN,Soles,2026-08-20T00:00:00-05:00
ocds-dgv273-seacev3-1245610,ocds-dgv273-seacev3-1245610-2026-09-13T12:05:17.206427-05:00,1245610-1826710,52677.03,PEN,Soles,2026-09-02T00:00:00-05:00
ocds-dgv273-seacev3-1243440,ocds-dgv273-seacev3-1243440-2026-09-13T12:05:17.126926-05:00,1243440-1830188,4397355.04,PEN,Soles,2026-09-09T00:00:00-05:00
ocds-dgv273-seacev3-1242611,ocds-dgv273-seacev3-1242611-2026-09-13T12:05:17.104617-05:00,1242611-20611396326,168000.0,PEN,Soles,2026-08-31T00:00:00-05:00
ocds-dgv273-seacev3-1239054,ocds-dgv273-seacev3-1239054-2026-09-13T12:05:17.090577-05:00,1239054-10722618349,95200.0,PEN,Soles,2026-08-12T00:00:00-05:00
ocds-dgv273-seacev3-1244674,ocds-dgv273-seacev3-1244674-2026-09-13T12:05:17.060983-05:00,1244674-1830255,393435.25,PEN,Soles,2026-09-10T00:00:00-05:00
ocds-dgv273-seacev3-1243194,ocds-dgv273-seacev3-1243194-2026-09-13T12:05:17.001115-05:00,1243194-20297566866,56250.0,PEN,Soles,2026-09-11T00:00:00-05:00
ocds-dgv273-seacev3-1241276,ocds-dgv273-seacev3-1241276-2026-09-13T12:05:16.986460-05:00,1241276-20601327440,278000.0,PEN,Soles,2026-09-02T00:00:00-05:00
ocds-dgv273-seacev3-1241067,ocds-dgv273-seacev3-1241067-2026-09-13T12:05:16.972295-05:00,1241067-20613107828,73750.0,PEN,Soles,2026-08-27T00:00:00-05:00
ocds-dgv273-seacev3-1243995,ocds-dgv273-seacev3-1243995-2026-09-13T12:05:16.889759-05:00,1243995-20529425351,237000.0,PEN,Soles,2026-09-10T00:00:00-05:00
ocds-dgv273-seacev3-1245093,ocds-dgv273-seacev3-1245093-2026-09-13T12:05:16.862915-05:00,1245093-1830425,848330.06,PEN,Soles,2026-09-11T00:00:00-05:00
ocds-dgv273-seacev3-1242082,ocds-dgv273-seacev3-1242082-2026-09-13T12:05:16.829194-05:00,1242082-20610541098,437600.0,PEN,Soles,2026-09-03T00:00:00-05:00
ocds-dgv273-seacev3-1244884,ocds-dgv273-seacev3-1244884-2026-09-13T12:05:16.781382-05:00,1244884-1828874,683686.15,PEN,Soles,2026-09-11T00:00:00-05:00
ocds-dgv273-seacev3-1244375,ocds-dgv273-seacev3-1244375-2026-09-13T12:05:16.769462-05:00,1244375-20553853355,63000.0,PEN,Soles,2026-09-10T00:00:00-05:00
ocds-dgv273-seacev3-1243043,ocds-dgv273-seacev3-1243043-2026-09-13T12:05:16.755671-05:00,1243043-10254585276,240000.0,PEN,Soles,2026-08-26T00:00:00-05:00
ocds-dgv273-seacev3-1241372,ocds-dgv273-seacev3-1241372-2026-09-13T12:05:16.741470-05:00,1241372-20610783491,48065.0,PEN,Soles,2026-08-20T00:00:00-05:00
ocds-dgv273-seacev3-2026-200097-11,ocds-dgv273-seacev3-2026-200097-11-2026-09-13T12:05:16.722148-05:00,1238555-20267220477,109200.0,PEN,Soles,2026-09-02T00:00:00-05:00
ocds-dgv273-seacev3-1242872,ocds-dgv273-seacev3-1242872-2026-09-13T12:05:16.564073-05:00,1242872-20603365080,64472.05,PEN,Soles,2026-09-04T00:00:00-05:00
ocds-dgv273-seacev3-1242171,ocds-dgv273-seacev3-1242171-2026-09-13T12:05:16.548460-05:00,1242171-1825832,1886759.67,PEN,Soles,2026-09-02T00:00:00-05:00
ocds-dgv273-seacev3-1241780,ocds-dgv273-seacev3-1241780-2026-09-13T12:05:16.534971-05:00,1241780-20602678637,241730.0,PEN,Soles,2026-08-21T00:00:00-05:00
ocds-dgv273-seacev3-1241893,ocds-dgv273-seacev3-1241893-2026-09-13T12:05:16.520949-05:00,1241893-10440969343,12000.0,PEN,Soles,2026-09-03T00:00:00-05:00
ocds-dgv273-seacev3-1239335,ocds-dgv273-seacev3-1239335-2026-09-13T12:05:16.504248-05:00,1239335-20604912602,124900.0,PEN,Soles,2026-08-24T00:00:00-05:00
ocds-dgv273-seacev3-1239850,ocds-dgv273-seacev3-1239850-2026-09-13T12:05:16.453821-05:00,1239850-20323041092,994176.07,PEN,Soles,2026-08-25T00:00:00-05:00
ocds-dgv273-seacev3-1246055,ocds-dgv273-seacev3-1246055-2026-09-13T12:05:16.401655-05:00,1246055-20613306316,41228.3,PEN,Soles,2026-09-11T00:00:00-05:00
ocds-dgv273-seacev3-1241742,ocds-dgv273-seacev3-1241742-2026-09-13T12:05:16.387815-05:00,1241742-10010717863,74883.6,PEN,Soles,2026-09-11T00:00:00-05:00
ocds-dgv273-seacev3-1240820,ocds-dgv273-seacev3-1240820-2026-09-13T12:05:16.374621-05:00,1240820-20377339461,368620.0,PEN,Nuevos Soles,2026-09-09T00:00:00-05:00
ocds-dgv273-seacev3-1244160,ocds-dgv273-seacev3-1244160-2026-09-13T12:05:16.326912-05:00,1244160-1826198,96408.0,PEN,Soles,2026-08-31T00:00:00-05:00
ocds-dgv273-seacev3-2026-2525-32,ocds-dgv273-seacev3-2026-2525-32-2026-09-13T12:05:16.307474-05:00,1241858-20565643496,851688.0,PEN,Soles,2026-09-10T00:00:00-05:00
ocds-dgv273-seacev3-1243201,ocds-dgv273-seacev3-1243201-2026-09-13T12:05:16.279111-05:00,1243201-20604481806,138490.56,PEN,Soles,2026-09-11T00:00:00-05:00
ocds-dgv273-seacev3-1242752,ocds-dgv273-seacev3-1242752-2026-09-13T12:05:16.267242-05:00,1242752-20100312736,81538.0,PEN,Soles,2026-09-11T00:00:00-05:00
ocds-dgv273-seacev3-1243249,ocds-dgv273-seacev3-1243249-2026-09-13T12:05:16.205469-05:00,1243249-20603069081,93800.0,PEN,Soles,2026-08-27T00:00:00-05:00
ocds-dgv273-seacev3-1245272,ocds-dgv273-seacev3-1245272-2026-09-13T12:05:16.133877-05:00,1245272-1830666,10109625.3,PEN,Soles,2026-09-10T00:00:00-05:00
ocds-dgv273-seacev3-1243911,ocds-dgv273-seacev3-1243911-2026-09-13T12:05:11.682560-05:00,1243911-20601186218,146500.0,PEN,Nuevos Soles,2026-09-04T00:00:00-05:00
ocds-dgv273-seacev3-1245392,ocds-dgv273-seacev3-1245392-2026-09-13T12:05:11.633248-05:00,1245392-20605678646,66500.0,PEN,Soles,2026-09-10T00:00:00-05:00
ocds-dgv273-seacev3-1240181,ocds-dgv273-seacev3-1240181-2026-09-13T12:05:11.508828-05:00,1240181-20443108131,197000.0,PEN,Soles,2026-09-02T00:00:00-05:00
ocds-dgv273-seacev3-1239317,ocds-dgv273-seacev3-1239317-2026-09-13T12:05:11.449046-05:00,1239317-20493989058,58100.0,PEN,Soles,2026-08-31T00:00:00-05:00
ocds-dgv273-seacev3-1244518,ocds-dgv273-seacev3-1244518-2026-09-13T12:05:11.282952-05:00,1244518-20614208610,59674.88,PEN,Soles,2026-09-03T00:00:00-05:00
ocds-dgv273-seacev3-1243123,ocds-dgv273-seacev3-1243123-2026-09-13T12:05:11.187890-05:00,1243123-20487346692,129914.4,PEN,Soles,2026-09-11T00:00:00-05:00
ocds-dgv273-seacev3-1246036,ocds-dgv273-seacev3-1246036-2026-09-13T12:05:11.141780-05:00,1246036-20602922198,96767.0,PEN,Soles,2026-09-11T00:00:00-05:00
ocds-dgv273-seacev3-1238604,ocds-dgv273-seacev3-1238604-2026-09-13T12:05:11.047078-05:00,1238604-1822331,817303.7,PEN,Soles,2026-08-20T00:00:00-05:00
ocds-dgv273-seacev3-1242387,ocds-dgv273-seacev3-1242387-2026-09-13T12:05:10.824137-05:00,1242387-10756558353,20000.0,PEN,Soles,2026-09-01T00:00:00-05:00
ocds-dgv273-seacev3-1242354,ocds-dgv273-seacev3-1242354-2026-09-13T12:05:10.808805-05:00,1242354-20477330909,1259812.5,PEN,Soles,2026-09-01T00:00:00-05:00
ocds-dgv273-seacev3-1248693,ocds-dgv273-seacev3-1248693-2026-09-13T12:05:10.751378-05:00,1248693-10443716713,48000.0,PEN,Soles,2026-09-09T00:00:00-05:00
ocds-dgv273-seacev3-1243130,ocds-dgv273-seacev3-1243130-2026-09-13T12:05:10.678146-05:00,1243130-20493040643,345287.16,PEN,Soles,2026-09-10T00:00:00-05:00
ocds-dgv273-seacev3-1244999,ocds-dgv273-seacev3-1244999-2026-09-13T12:05:10.575426-05:00,1244999-20563136562,63427.4,PEN,Soles,2026-09-10T00:00:00-05:00
ocds-dgv273-seacev3-1243866,ocds-dgv273-seacev3-1243866-2026-09-13T12:05:10.548667-05:00,1243866-1829486,1909030.83,PEN,Soles,2026-09-11T00:00:00-05:00
ocds-dgv273-seacev3-1239804,ocds-dgv273-seacev3-1239804-2026-09-13T12:05:10.534612-05:00,1239804-L9000033092,5900.0,USD,Dólar Norteamericano,2026-08-31T00:00:00-05:00
ocds-dgv273-seacev3-2026-200260-10,ocds-dgv273-seacev3-2026-200260-10-2026-09-13T12:05:10.387020-05:00,1243314-20393667118,109921.0,PEN,Soles,2026-09-10T00:00:00-05:00
ocds-dgv273-seacev3-1241823,ocds-dgv273-seacev3-1241823-2026-09-13T12:05:10.335366-05:00,1241823-10714629510,15000.0,PEN,Soles,2026-09-03T00:00:00-05:00
ocds-dgv273-seacev3-1242552,ocds-dgv273-seacev3-1242552-2026-09-13T12:05:10.118272-05:00,1242552-20602276890,748135.03,PEN,Soles,2026-08-20T00:00:00-05:00
ocds-dgv273-seacev3-1238702,ocds-dgv273-seacev3-1238702-2026-09-13T12:05:10.062921-05:00,1238702-1826330,680645.12,PEN,Soles,2026-08-31T00:00:00-05:00
ocds-dgv273-seacev3-1239559,ocds-dgv273-seacev3-1239559-2026-09-13T12:05:09.991390-05:00,1239559-20100018625,53400.0,PEN,Soles,2026-08-21T11:58:14-05:00
ocds-dgv273-seacev3-1244401,ocds-dgv273-seacev3-1244401-2026-09-13T12:05:09.888262-05:00,1244401-20509860981,58058.0,PEN,Soles,2026-09-03T00:00:00-05:00
ocds-dgv273-seacev3-1242786,ocds-dgv273-seacev3-1242786-2026-09-13T12:05:09.867481-05:00,1242786-1826446,219100.48,PEN,Soles,2026-09-02T00:00:00-05:00
ocds-dgv273-seacev3-2026-1311-2,ocds-dgv273-seacev3-2026-1311-2-2026-09-13T12:05:09.724792-05:00,1245490-20606962071,556672.05,PEN,Soles,2026-09-10T00:00:00-05:00
ocds-dgv273-seacev3-1244883,ocds-dgv273-seacev3-1244883-2026-09-13T12:05:09.708454-05:00,1244883-20603038275,45000.0,PEN,Soles,2026-09-10T00:00:00-05:00
ocds-dgv273-seacev3-1244413,ocds-dgv273-seacev3-1244413-2026-09-13T12:05:09.694328-05:00,1244413-1828512,413734.15,PEN,Soles,2026-09-11T00:00:00-05:00
ocds-dgv273-seacev3-1238321,ocds-dgv273-seacev3-1238321-2026-09-13T12:05:09.604249-05:00,1238321-20600018583,178500.0,PEN,Soles,2026-08-25T00:00:00-05:00
ocds-dgv273-seacev3-2026-1889-20,ocds-dgv273-seacev3-2026-1889-20-2026-09-13T12:05:09.584373-05:00,1244421-10428053431,129220.0,PEN,Soles,2026-09-11T00:00:00-05:00
ocds-dgv273-seacev3-1241186,ocds-dgv273-seacev3-1241186-2026-09-13T12:05:09.570645-05:00,1241186-20536142569,240000.0,PEN,Soles,2026-08-20T00:00:00-05:00
ocds-dgv273-seacev3-1244111,ocds-dgv273-seacev3-1244111-2026-09-13T12:05:09.527796-05:00,1244111-20602734740,47000.0,PEN,Soles,2026-09-10T17:37:15-05:00
ocds-dgv273-seacev3-1241808,ocds-dgv273-seacev3-1241808-2026-09-13T12:05:09.500214-05:00,1241808-20522761525,81600.0,PEN,Soles,2026-09-11T00:00:00-05:00
ocds-dgv273-seacev3-1244009,ocds-dgv273-seacev3-1244009-2026-09-13T12:05:09.447204-05:00,1244009-1829424,1423226.79,PEN,Soles,2026-09-10T00:00:00-05:00
ocds-dgv273-seacev3-1242304,ocds-dgv273-seacev3-1242304-2026-09-13T12:05:09.287677-05:00,1242304-20602832130,346807.0,PEN,Soles,2026-09-10T00:00:00-05:00
ocds-dgv273-seacev3-1239782,ocds-dgv273-seacev3-1239782-2026-09-13T12:05:09.253115-05:00,1239782-1831226,5488179.3,PEN,Soles,2026-09-11T00:00:00-05:00
ocds-dgv273-seacev3-1242156,ocds-dgv273-seacev3-1242156-2026-09-13T12:05:09.106597-05:00,1242156-1829532,499608.83,PEN,Soles,2026-09-10T00:00:00-05:00
ocds-dgv273-seacev3-1239201,ocds-dgv273-seacev3-1239201-2026-09-13T12:05:09.009209-05:00,1239201-20486417766,1323432.65,PEN,Soles,2026-09-04T00:00:00-05:00
ocds-dgv273-seacev3-1239949,ocds-dgv273-seacev3-1239949-2026-09-13T12:05:08.897221-05:00,1239949-20608251783,62000.0,PEN,Soles,2026-09-03T00:00:00-05:00
ocds-dgv273-seacev3-1237134,ocds-dgv273-seacev3-1237134-2026-09-13T12:05:08.692045-05:00,1237134-20347268683,95588.0,PEN,Soles,2026-09-03T00:00:00-05:00
ocds-dgv273-seacev3-1239895,ocds-dgv273-seacev3-1239895-2026-09-13T12:05:08.639846-05:00,1239895-10482172119,45000.0,PEN,Soles,2026-08-25T00:00:00-05:00
ocds-dgv273-seacev3-2026-23308-2,ocds-dgv273-seacev3-2026-23308-2-2026-09-13T12:05:07.980600-05:00,1244813-20604046450,505363.03,PEN,Soles,2026-09-10T00:00:00-05:00
ocds-dgv273-seacev3-1243552,ocds-dgv273-seacev3-1243552-2026-09-13T12:05:07.960251-05:00,1243552-20615215563,138000.0,PEN,Soles,2026-09-02T00:00:00-05:00
ocds-dgv273-seacev3-1242524,ocds-dgv273-seacev3-1242524-2026-09-13T12:05:07.859247-05:00,1242524-10310402694,50000.0,PEN,Soles,2026-08-27T00:00:00-05:00
ocds-dgv273-seacev3-1243941,ocds-dgv273-seacev3-1243941-2026-09-13T12:05:07.782976-05:00,1243941-1826246,132700.2,PEN,Soles,2026-09-03T00:00:00-05:00
ocds-dgv273-seacev3-1241613,ocds-dgv273-seacev3-1241613-2026-09-13T12:05:07.731445-05:00,1241613-10741560815,3000.0,PEN,Soles,2026-09-01T00:00:00-05:00
ocds-dgv273-seacev3-1242626,ocds-dgv273-seacev3-1242626-2026-09-13T12:05:07.703921-05:00,1242626-20611708026,96500.0,PEN,Soles,2026-08-26T00:00:00-05:00
ocds-dgv273-seacev3-1242329,ocds-dgv273-seacev3-1242329-2026-09-13T12:05:07.656640-05:00,1242329-10001912815,160000.0,PEN,Soles,2026-08-27T00:00:00-05:00
ocds-dgv273-seacev3-1244099,ocds-dgv273-seacev3-1244099-2026-09-13T12:05:07.587363-05:00,1244099-10472468117,231000.0,PEN,Soles,2026-09-04T00:00:00-05:00
ocds-dgv273-seacev3-1240845,ocds-dgv273-seacev3-1240845-2026-09-13T12:05:07.572168-05:00,1240845-1825352,1768935.25,PEN,Soles,2026-09-03T00:00:00-05:00
ocds-dgv273-seacev3-1241000,ocds-dgv273-seacev3-1241000-2026-09-13T12:05:07.558565-05:00,1241000-20609821583,424000.0,PEN,Soles,2026-08-14T00:00:00-05:00
ocds-dgv273-seacev3-1245943,ocds-dgv273-seacev3-1245943-2026-09-13T12:05:07.466472-05:00,1245943-1830753,234991.11,PEN,Soles,2026-09-10T00:00:00-05:00
ocds-dgv273-seacev3-1242100,ocds-dgv273-seacev3-1242100-2026-09-13T12:05:07.392612-05:00,1242100-20600571592,355000.0,PEN,Soles,2026-09-03T00:00:00-05:00
ocds-dgv273-seacev3-1240892,ocds-dgv273-seacev3-1240892-2026-09-13T12:05:07.208424-05:00,1240892-20604174989,79630.0,PEN,Soles,2026-09-02T00:00:00-05:00
ocds-dgv273-seacev3-1244696,ocds-dgv273-seacev3-1244696-2026-09-13T12:05:07.105771-05:00,1244696-20602754104,57008.0,PEN,Soles,2026-09-02T00:00:00-05:00
ocds-dgv273-seacev3-1243380,ocds-dgv273-seacev3-1243380-2026-09-13T12:05:07.050781-05:00,1243380-20495713564,161280.6,PEN,Nuevos Soles,2026-09-09T00:00:00-05:00
ocds-dgv273-seacev3-1243298,ocds-dgv273-seacev3-1243298-2026-09-13T12:05:06.956429-05:00,1243298-10476609424,228042.08,PEN,Soles,2026-09-09T00:00:00-05:00
ocds-dgv273-seacev3-1244915,ocds-dgv273-seacev3-1244915-2026-09-13T12:05:06.942566-05:00,1244915-L9000033090,21000.0,PEN,Soles,2026-08-28T00:00:00-05:00
ocds-dgv273-seacev3-1244506,ocds-dgv273-seacev3-1244506-2026-09-13T12:05:06.929163-05:00,1244506-1826632,735277.07,PEN,Soles,2026-09-03T00:00:00-05:00
ocds-dgv273-seacev3-2026-232347-17,ocds-dgv273-seacev3-2026-232347-17-2026-09-13T12:05:06.801504-05:00,1248727-10425155844,48000.0,PEN,Soles,2026-09-09T00:00:00-05:00
ocds-dgv273-seacev3-1239646,ocds-dgv273-seacev3-1239646-2026-09-13T12:05:06.752151-05:00,1239646-20612271535,46800.0,PEN,Soles,2026-08-20T00:00:00-05:00
ocds-dgv273-seacev3-1239283,ocds-dgv273-seacev3-1239283-2026-09-13T12:05:06.737054-05:00,1239283-20601908183,56000.0,PEN,Soles,2026-08-18T00:00:00-05:00
ocds-dgv273-seacev3-1242871,ocds-dgv273-seacev3-1242871-2026-09-13T12:05:06.591217-05:00,1242871-20610591338,69120.48,PEN,Soles,2026-09-10T00:00:00-05:00
ocds-dgv273-seacev3-1240900,ocds-dgv273-seacev3-1240900-2026-09-13T12:05:06.575422-05:00,1240900-20559644243,80500.0,PEN,Soles,2026-08-24T00:00:00-05:00
ocds-dgv273-seacev3-1238662,ocds-dgv273-seacev3-1238662-2026-09-13T12:05:06.565965-05:00,1238662-20518861604,180712.16,PEN,Soles,2026-08-25T00:00:00-05:00
ocds-dgv273-seacev3-1242030,ocds-dgv273-seacev3-1242030-2026-09-13T12:05:06.506021-05:00,1242030-10402680321,257792.0,PEN,Soles,2026-08-31T00:00:00-05:00
ocds-dgv273-seacev3-1238359,ocds-dgv273-seacev3-1238359-2026-09-13T12:05:06.416346-05:00,1238359-20609760886,44280.0,PEN,Soles,2026-09-10T00:00:00-05:00
ocds-dgv273-seacev3-1240326,ocds-dgv273-seacev3-1240326-2026-09-13T12:05:06.395826-05:00,1240326-1828443,3313854.22,PEN,Soles,2026-09-11T00:00:00-05:00
ocds-dgv273-seacev3-1238595,ocds-dgv273-seacev3-1238595-2026-09-13T12:05:06.013116-05:00,1238595-10253194834,84810.0,PEN,Soles,2026-08-11T00:00:00-05:00
ocds-dgv273-seacev3-1242296,ocds-dgv273-seacev3-1242296-2026-09-13T12:05:05.926001-05:00,1242296-20553631531,52869.96,PEN,Soles,2026-08-24T00:00:00-05:00
ocds-dgv273-seacev3-1242977,ocds-dgv273-seacev3-1242977-2026-09-13T12:05:05.861149-05:00,1242977-20601591660,374150.41,PEN,Soles,2026-09-03T00:00:00-05:00
ocds-dgv273-seacev3-1238237,ocds-dgv273-seacev3-1238237-2026-09-13T12:05:05.808921-05:00,1238237-20609199947,68770.0,PEN,Soles,2026-08-19T00:00:00-05:00
ocds-dgv273-seacev3-1240495,ocds-dgv273-seacev3-1240495-2026-09-13T12:05:05.708310-05:00,1240495-1823247,3490786.07,PEN,Soles,2026-08-21T00:00:00-05:00
ocds-dgv273-seacev3-1243200,ocds-dgv273-seacev3-1243200-2026-09-13T12:05:05.453581-05:00,1243200-20608308033,199000.0,PEN,Soles,2026-09-11T00:00:00-05:00
ocds-dgv273-seacev3-1241619,ocds-dgv273-seacev3-1241619-2026-09-13T12:05:05.428110-05:00,1241619-20610694056,74500.0,PEN,Soles,2026-09-01T00:00:00-05:00
ocds-dgv273-seacev3-1244404,ocds-dgv273-seacev3-1244404-2026-09-13T12:05:05.409219-05:00,1244404-20600102045,420489.17,PEN,Soles,2026-09-10T00:00:00-05:00
ocds-dgv273-seacev3-1245023,ocds-dgv273-seacev3-1245023-2026-09-13T12:05:05.380489-05:00,1245023-1829346,4660390.91,PEN,Soles,2026-09-10T00:00:00-05:00
ocds-dgv273-seacev3-2026-1336-29,ocds-dgv273-seacev3-2026-1336-29-2026-09-13T12:05:05.326321-05:00,1239541-20603634684,116000.0,PEN,Soles,2026-09-10T00:00:00-05:00
ocds-dgv273-seacev3-2026-2407-73,ocds-dgv273-seacev3-2026-2407-73-2026-09-13T12:05:05.261626-05:00,1239162-20610119736,155000.0,PEN,Soles,2026-09-11T00:00:00-05:00
ocds-dgv273-seacev3-1240941,ocds-dgv273-seacev3-1240941-2026-09-13T12:04:59.891044-05:00,1240941-10752589963,79000.0,PEN,Soles,2026-08-18T00:00:00-05:00
ocds-dgv273-seacev3-1245584,ocds-dgv273-seacev3-1245584-2026-09-13T12:04:59.822818-05:00,1245584-20611570334,15300.0,PEN,Soles,2026-09-10T00:00:00-05:00
ocds-dgv273-seacev3-1240881,ocds-dgv273-seacev3-1240881-2026-09-13T12:04:59.778236-05:00,1240881-20559641571,112920.0,PEN,Soles,2026-09-10T00:00:00-05:00
ocds-dgv273-seacev3-1244056,ocds-dgv273-seacev3-1244056-2026-09-13T12:04:59.666491-05:00,1244056-1829686,906366.7,PEN,Soles,2026-09-09T00:00:00-05:00
ocds-dgv273-seacev3-1241930,ocds-dgv273-seacev3-1241930-2026-09-13T12:04:59.651969-05:00,1241930-1825193,97396.39,PEN,Soles,2026-09-02T00:00:00-05:00
ocds-dgv273-seacev3-1243070,ocds-dgv273-seacev3-1243070-2026-09-13T12:04:59.535931-05:00,1243070-20600519787,90449.3,PEN,Soles,2026-09-09T00:00:00-05:00
ocds-dgv273-seacev3-1244738,ocds-dgv273-seacev3-1244738-2026-09-13T12:04:59.488997-05:00,1244738-1830708,67805.69,PEN,Soles,2026-09-10T00:00:00-05:00
ocds-dgv273-seacev3-1243803,ocds-dgv273-seacev3-1243803-2026-09-13T12:04:59.475353-05:00,1243803-1829086,663094.67,PEN,Soles,2026-09-10T00:00:00-05:00
ocds-dgv273-seacev3-1243164,ocds-dgv273-seacev3-1243164-2026-09-13T12:04:59.422930-05:00,1243164-10105903338,91863.5,PEN,Soles,2026-08-31T00:00:00-05:00
ocds-dgv273-seacev3-1242688,ocds-dgv273-seacev3-1242688-2026-09-13T12:04:59.357995-05:00,1242688-20100061474,142800.0,PEN,Soles,2026-09-09T00:00:00-05:00
ocds-dgv273-seacev3-1243226,ocds-dgv273-seacev3-1243226-2026-09-13T12:04:59.238270-05:00,1243226-20608685724,178000.0,PEN,Soles,2026-09-10T00:00:00-05:00
ocds-dgv273-seacev3-1237265,ocds-dgv273-seacev3-1237265-2026-09-13T12:04:59.183913-05:00,1237265-1822073,1509115.37,PEN,Soles,2026-08-24T00:00:00-05:00
ocds-dgv273-seacev3-1245615,ocds-dgv273-seacev3-1245615-2026-09-13T12:04:59.135913-05:00,1245615-20100241022,340000.0,PEN,Soles,2026-09-11T00:00:00-05:00
ocds-dgv273-seacev3-1243881,ocds-dgv273-seacev3-1243881-2026-09-13T12:04:58.935611-05:00,1243881-20601397553,100518.0,PEN,Soles,2026-09-02T00:00:00-05:00
ocds-dgv273-seacev3-1238094,ocds-dgv273-seacev3-1238094-2026-09-13T12:04:58.826134-05:00,1238094-1821429,186449.97,PEN,Soles,2026-08-19T00:00:00-05:00
ocds-dgv273-seacev3-1245637,ocds-dgv273-seacev3-1245637-2026-09-13T12:04:58.797533-05:00,1245637-20603236344,76206.19,PEN,Soles,2026-09-11T00:00:00-05:00
ocds-dgv273-seacev3-1240918,ocds-dgv273-seacev3-1240918-2026-09-13T12:04:58.775517-05:00,1240918-1824566,1742367.81,PEN,Soles,2026-08-28T00:00:00-05:00
ocds-dgv273-seacev3-1242232,ocds-dgv273-seacev3-1242232-2026-09-13T12:04:58.719743-05:00,1242232-1826728,779645.74,PEN,Nuevos Soles,2026-09-03T00:00:00-05:00
ocds-dgv273-seacev3-1244536,ocds-dgv273-seacev3-1244536-2026-09-13T12:04:58.700063-05:00,1244536-20532492051,56370.0,PEN,Nuevos Soles,2026-09-03T00:00:00-05:00
ocds-dgv273-seacev3-1241818,ocds-dgv273-seacev3-1241818-2026-09-13T12:04:58.604047-05:00,1241818-10725820203,12000.0,PEN,Soles,2026-09-03T00:00:00-05:00
ocds-dgv273-seacev3-1239295,ocds-dgv273-seacev3-1239295-2026-09-13T12:04:58.507999-05:00,1239295-20533615792,105000.0,PEN,Soles,2026-09-09T00:00:00-05:00
ocds-dgv273-seacev3-1240389,ocds-dgv273-seacev3-1240389-2026-09-13T12:04:58.471666-05:00,1240389-20612392146,98400.0,PEN,Soles,2026-08-26T00:00:00-05:00
ocds-dgv273-seacev3-1241445,ocds-dgv273-seacev3-1241445-2026-09-13T12:04:58.357416-05:00,1241445-10426708634,24000.0,PEN,Soles,2026-09-01T00:00:00-05:00
ocds-dgv273-seacev3-1245974,ocds-dgv273-seacev3-1245974-2026-09-13T12:04:58.295686-05:00,1245974-20532492051,142411.5,PEN,Soles,2026-09-11T00:00:00-05:00
ocds-dgv273-seacev3-2026-10001-9,ocds-dgv273-seacev3-2026-10001-9-2026-09-13T12:04:58.261316-05:00,1241508-20332970411,62327.72,PEN,Soles,2026-09-11T00:00:00-05:00
ocds-dgv273-seacev3-1238825,ocds-dgv273-seacev3-1238825-2026-09-13T12:04:58.247102-05:00,1238825-20452795532,460300.02,PEN,Soles,2026-09-10T00:00:00-05:00
ocds-dgv273-seacev3-1239450,ocds-dgv273-seacev3-1239450-2026-09-13T12:04:58.233996-05:00,1239450-20522761525,3102214.0,PEN,Soles,2026-09-10T16:21:30-05:00
ocds-dgv273-seacev3-1245513,ocds-dgv273-seacev3-1245513-2026-09-13T12:04:58.186930-05:00,1245513-1830170,2145633.0,PEN,Soles,2026-09-09T00:00:00-05:00
ocds-dgv273-seacev3-1238265,ocds-dgv273-seacev3-1238265-2026-09-13T12:04:58.073000-05:00,1238265-20568976747,139000.0,PEN,Soles,2026-08-13T00:00:00-05:00
ocds-dgv273-seacev3-1238265,ocds-dgv273-seacev3-1238265-2026-09-13T12:04:58.073000-05:00,1238265-20486886081,140000.0,PEN,Soles,2026-09-03T00:00:00-05:00
ocds-dgv273-seacev3-1244622,ocds-dgv273-seacev3-1244622-2026-09-13T12:04:57.820390-05:00,1244622-20552075341,82000.0,PEN,Soles,2026-09-11T00:00:00-05:00
ocds-dgv273-seacev3-1240574,ocds-dgv273-seacev3-1240574-2026-09-13T12:04:57.776502-05:00,1240574-1826325,1506688.0,PEN,Soles,2026-08-31T00:00:00-05:00
ocds-dgv273-seacev3-1242427,ocds-dgv273-seacev3-1242427-2026-09-13T12:04:57.649246-05:00,1242427-20449559381,92000.0,PEN,Soles,2026-09-02T00:00:00-05:00
ocds-dgv273-seacev3-1239258,ocds-dgv273-seacev3-1239258-2026-09-13T12:04:57.499084-05:00,1239258-20603222203,70000.0,PEN,Soles,2026-09-01T00:00:00-05:00
ocds-dgv273-seacev3-1243299,ocds-dgv273-seacev3-1243299-2026-09-13T12:04:57.437929-05:00,1243299-20601324041,178895.0,PEN,Soles,2026-09-03T00:00:00-05:00
ocds-dgv273-seacev3-1243037,ocds-dgv273-seacev3-1243037-2026-09-13T12:04:57.404116-05:00,1243037-20614801761,59196.5,PEN,Soles,2026-09-10T00:00:00-05:00
ocds-dgv273-seacev3-1239881,ocds-dgv273-seacev3-1239881-2026-09-13T12:04:57.382792-05:00,1239881-20613896423,649000.0,PEN,Soles,2026-09-10T00:00:00-05:00
ocds-dgv273-seacev3-1242384,ocds-dgv273-seacev3-1242384-2026-09-13T12:04:57.362042-05:00,1242384-20603728271,492917.22,PEN,Soles,2026-08-25T00:00:00-05:00
ocds-dgv273-seacev3-2026-2543-163,ocds-dgv273-seacev3-2026-2543-163-2026-09-13T12:04:57.347808-05:00,1237670-20212561534,115099.2,PEN,Soles,2026-08-20T00:00:00-05:00
ocds-dgv273-seacev3-1246087,ocds-dgv273-seacev3-1246087-2026-09-13T12:04:57.303588-05:00,1246087-20315135886,132601.92,PEN,Soles,2026-09-10T00:00:00-05:00
ocds-dgv273-seacev3-1244085,ocds-dgv273-seacev3-1244085-2026-09-13T12:04:57.290692-05:00,1244085-1829896,300690.0,PEN,Soles,2026-09-10T00:00:00-05:00
ocds-dgv273-seacev3-1242949,ocds-dgv273-seacev3-1242949-2026-09-13T12:04:57.195749-05:00,1242949-10700072351,131000.0,PEN,Soles,2026-09-02T00:00:00-05:00
ocds-dgv273-seacev3-1239872,ocds-dgv273-seacev3-1239872-2026-09-13T12:04:57.181772-05:00,1239872-20604234035,135540.0,PEN,Soles,2026-09-11T00:00:00-05:00
ocds-dgv273-seacev3-1244983,ocds-dgv273-seacev3-1244983-2026-09-13T12:04:57.060244-05:00,1244983-20610687017,60400.0,PEN,Soles,2026-09-03T00:00:00-05:00
ocds-dgv273-seacev3-1245443,ocds-dgv273-seacev3-1245443-2026-09-13T12:04:57.039521-05:00,1245443-1828006,458275.55,PEN,Soles,2026-09-10T00:00:00-05:00
ocds-dgv273-seacev3-1241184,ocds-dgv273-seacev3-1241184-2026-09-13T12:04:57.024889-05:00,1241184-20571155649,132150.0,PEN,Soles,2026-08-31T00:00:00-05:00
ocds-dgv273-seacev3-1241611,ocds-dgv273-seacev3-1241611-2026-09-13T12:04:56.893345-05:00,1241611-10774835747,6000.0,PEN,Soles,2026-09-03T00:00:00-05:00
ocds-dgv273-seacev3-1244027,ocds-dgv273-seacev3-1244027-2026-09-13T12:04:56.794440-05:00,1244027-20601459079,158545.0,PEN,Soles,2026-09-03T00:00:00-05:00
ocds-dgv273-seacev3-1238683,ocds-dgv273-seacev3-1238683-2026-09-13T12:04:56.758662-05:00,1238683-1821160,531804.42,PEN,Soles,2026-08-17T00:00:00-05:00
ocds-dgv273-seacev3-1239868,ocds-dgv273-seacev3-1239868-2026-09-13T12:04:56.708658-05:00,1239868-1827276,918216.67,PEN,Soles,2026-09-04T00:00:00-05:00
ocds-dgv273-seacev3-1242484,ocds-dgv273-seacev3-1242484-2026-09-13T12:04:56.090467-05:00,1242484-20602665101,184730.0,PEN,Soles,2026-09-03T18:47:06-05:00
ocds-dgv273-seacev3-1242165,ocds-dgv273-seacev3-1242165-2026-09-13T12:04:56.081286-05:00,1242165-20521487748,68981.8,PEN,Soles,2026-09-07T00:00:00-05:00
ocds-dgv273-seacev3-1241243,ocds-dgv273-seacev3-1241243-2026-09-13T12:04:55.980651-05:00,1241243-20606948507,377667.0,PEN,Soles,2026-09-03T00:00:00-05:00
ocds-dgv273-seacev3-1239655,ocds-dgv273-seacev3-1239655-2026-09-13T12:04:55.928302-05:00,1239655-1825866,618632.05,PEN,Soles,2026-09-10T00:00:00-05:00
ocds-dgv273-seacev3-1241507,ocds-dgv273-seacev3-1241507-2026-09-13T12:04:55.914504-05:00,1241507-10732416272,12000.0,PEN,Soles,2026-09-03T00:00:00-05:00
ocds-dgv273-seacev3-1245405,ocds-dgv273-seacev3-1245405-2026-09-13T12:04:55.827994-05:00,1245405-1830631,4388750.4,PEN,Soles,2026-09-11T00:00:00-05:00
ocds-dgv273-seacev3-1241786,ocds-dgv273-seacev3-1241786-2026-09-13T12:04:55.754631-05:00,1241786-20490407767,56700.0,PEN,Nuevos Soles,2026-09-02T00:00:00-05:00
ocds-dgv273-seacev3-2026-622-7,ocds-dgv273-seacev3-2026-622-7-2026-09-13T12:04:55.698455-05:00,1243457-1828474,144000.83,PEN,Soles,2026-09-10T00:00:00-05:00
ocds-dgv273-seacev3-1236110,ocds-dgv273-seacev3-1236110-2026-09-13T12:04:55.685800-05:00,1236110-20536142569,370900.0,PEN,Soles,2026-09-10T00:00:00-05:00
ocds-dgv273-seacev3-1241798,ocds-dgv273-seacev3-1241798-2026-09-13T12:04:55.671863-05:00,1241798-10402037950,30000.0,PEN,Soles,2026-09-01T00:00:00-05:00
ocds-dgv273-seacev3-1248902,ocds-dgv273-seacev3-1248902-2026-09-13T12:04:55.597703-05:00,1248902-20496046375,176184.3,PEN,Soles,2026-09-09T00:00:00-05:00
ocds-dgv273-seacev3-1244302,ocds-dgv273-seacev3-1244302-2026-09-13T12:04:55.557564-05:00,1244302-1824930,678845.0,PEN,Soles,2026-08-27T00:00:00-05:00
ocds-dgv273-seacev3-1243054,ocds-dgv273-seacev3-1243054-2026-09-13T12:04:55.544184-05:00,1243054-1829041,720449.07,PEN,Soles,2026-09-09T00:00:00-05:00
ocds-dgv273-seacev3-1242122,ocds-dgv273-seacev3-1242122-2026-09-13T12:04:55.530491-05:00,1242122-10402680321,232180.0,PEN,Soles,2026-08-31T00:00:00-05:00
ocds-dgv273-seacev3-1243411,ocds-dgv273-seacev3-1243411-2026-09-13T12:04:55.511199-05:00,1243411-20609165465,450000.0,PEN,Soles,2026-09-02T00:00:00-05:00
ocds-dgv273-seacev3-1246096,ocds-dgv273-seacev3-1246096-2026-09-13T12:04:55.243286-05:00,1246096-20315135886,193888.74,PEN,Soles,2026-09-11T00:00:00-05:00
ocds-dgv273-seacev3-1238009,ocds-dgv273-seacev3-1238009-2026-09-13T12:04:55.133168-05:00,1238009-20530706398,69885.0,PEN,Soles,2026-08-24T00:00:00-05:00
ocds-dgv273-seacev3-2026-425-17,ocds-dgv273-seacev3-2026-425-17-2026-09-13T12:04:55.080852-05:00,1239991-20600098633,102395.27,PEN,Soles,2026-09-09T00:00:00-05:00
ocds-dgv273-seacev3-1237360,ocds-dgv273-seacev3-1237360-2026-09-13T12:04:55.066047-05:00,1237360-1826814,432090.0,PEN,Soles,2026-09-02T00:00:00-05:00
ocds-dgv273-seacev3-1246054,ocds-dgv273-seacev3-1246054-2026-09-13T12:04:55.041870-05:00,1246054-20529592419,259616.34,PEN,Soles,2026-09-10T00:00:00-05:00
ocds-dgv273-seacev3-2026-104609-1,ocds-dgv273-seacev3-2026-104609-1-2026-09-13T12:04:54.983892-05:00,1239082-20607400301,595858.0,PEN,Soles,2026-09-10T00:00:00-05:00
ocds-dgv273-seacev3-1241221,ocds-dgv273-seacev3-1241221-2026-09-13T12:04:54.934669-05:00,1241221-10181337341,119142.32,PEN,Soles,2026-09-02T00:00:00-05:00
ocds-dgv273-seacev3-1242759,ocds-dgv273-seacev3-1242759-2026-09-13T12:04:54.907383-05:00,1242759-20611676591,114483.6,PEN,Soles,2026-09-11T00:00:00-05:00
ocds-dgv273-seacev3-1240737,ocds-dgv273-seacev3-1240737-2026-09-13T12:04:54.887109-05:00,1240737-20600055560,2297819.04,PEN,Soles,2026-09-03T00:00:00-05:00
ocds-dgv273-seacev3-1244544,ocds-dgv273-seacev3-1244544-2026-09-13T12:04:54.827425-05:00,1244544-1829281,4099520.07,PEN,Soles,2026-09-11T00:00:00-05:00
ocds-dgv273-seacev3-1243100,ocds-dgv273-seacev3-1243100-2026-09-13T12:04:54.720795-05:00,1243100-20524620457,146800.0,PEN,Soles,2026-09-11T00:00:00-05:00
ocds-dgv273-seacev3-1242947,ocds-dgv273-seacev3-1242947-2026-09-13T12:04:54.706014-05:00,1242947-1825992,119000.0,PEN,Soles,2026-08-31T00:00:00-05:00
ocds-dgv273-seacev3-1238295,ocds-dgv273-seacev3-1238295-2026-09-13T12:04:54.682433-05:00,1238295-20542543346,138757.45,PEN,Soles,2026-08-14T00:00:00-05:00
ocds-dgv273-seacev3-1239112,ocds-dgv273-seacev3-1239112-2026-09-13T12:04:54.635268-05:00,1239112-1823310,320000.0,PEN,Soles,2026-08-31T00:00:00-05:00
ocds-dgv273-seacev3-1238216,ocds-dgv273-seacev3-1238216-2026-09-13T12:04:54.618004-05:00,1238216-1821775,100000.0,PEN,Soles,2026-08-20T00:00:00-05:00
ocds-dgv273-seacev3-1240980,ocds-dgv273-seacev3-1240980-2026-09-13T12:04:54.564221-05:00,1240980-20601372011,159479.8,PEN,Soles,2026-09-03T00:00:00-05:00
ocds-dgv273-seacev3-1242358,ocds-dgv273-seacev3-1242358-2026-09-13T12:04:54.467477-05:00,1242358-1826097,1286313.07,PEN,Soles,2026-09-09T00:00:00-05:00
ocds-dgv273-seacev3-1241694,ocds-dgv273-seacev3-1241694-2026-09-13T12:04:54.405928-05:00,1241694-1829096,108040.8,PEN,Soles,2026-09-11T00:00:00-05:00
ocds-dgv273-seacev3-1241421,ocds-dgv273-seacev3-1241421-2026-09-13T12:04:54.274666-05:00,1241421-20610466851,117830.0,PEN,Soles,2026-09-02T00:00:00-05:00
ocds-dgv273-seacev3-1243904,ocds-dgv273-seacev3-1243904-2026-09-13T12:04:54.229121-05:00,1243904-20601148235,73248.0,PEN,Soles,2026-09-02T00:00:00-05:00
ocds-dgv273-seacev3-1241650,ocds-dgv273-seacev3-1241650-2026-09-13T12:04:54.207657-05:00,1241650-20609314932,88935.0,PEN,Soles,2026-08-28T00:00:00-05:00
ocds-dgv273-seacev3-1245704,ocds-dgv273-seacev3-1245704-2026-09-13T12:04:54.131472-05:00,1245704-20606745240,99299.7,PEN,Soles,2026-09-03T00:00:00-05:00
ocds-dgv273-seacev3-1247623,ocds-dgv273-seacev3-1247623-2026-09-13T12:04:54.119162-05:00,1247623-20210456831,98000.0,PEN,Soles,2026-09-11T00:00:00-05:00
ocds-dgv273-seacev3-1246130,ocds-dgv273-seacev3-1246130-2026-09-13T12:04:54.066527-05:00,1246130-20613933141,85000.0,PEN,Soles,2026-09-10T00:00:00-05:00
ocds-dgv273-seacev3-1237147,ocds-dgv273-seacev3-1237147-2026-09-13T12:04:54.034334-05:00,1237147-1821180,660108.91,PEN,Soles,2026-08-18T00:00:00-05:00
ocds-dgv273-seacev3-1243144,ocds-dgv273-seacev3-1243144-2026-09-13T12:04:48.499624-05:00,1243144-20610733884,207370.8,PEN,Soles,2026-09-01T00:00:00-05:00
ocds-dgv273-seacev3-1239915,ocds-dgv273-seacev3-1239915-2026-09-13T12:04:48.485122-05:00,1239915-20608188020,48046.5,PEN,Soles,2026-08-21T00:00:00-05:00
ocds-dgv273-seacev3-1245540,ocds-dgv273-seacev3-1245540-2026-09-13T12:04:48.473071-05:00,1245540-20506813191,360000.0,PEN,Soles,2026-09-11T00:00:00-05:00
ocds-dgv273-seacev3-1241735,ocds-dgv273-seacev3-1241735-2026-09-13T12:04:48.340574-05:00,1241735-20604380929,19100.0,PEN,Soles,2026-09-04T00:00:00-05:00
ocds-dgv273-seacev3-1245505,ocds-dgv273-seacev3-1245505-2026-09-13T12:04:48.284901-05:00,1245505-20601047218,139000.0,PEN,Soles,2026-09-10T00:00:00-05:00
ocds-dgv273-seacev3-1243817,ocds-dgv273-seacev3-1243817-2026-09-13T12:04:48.263910-05:00,1243817-20600254830,219000.0,PEN,Soles,2026-09-03T00:00:00-05:00
ocds-dgv273-seacev3-1240777,ocds-dgv273-seacev3-1240777-2026-09-13T12:04:48.240182-05:00,1240777-1824277,1948476.88,PEN,Soles,2026-08-25T00:00:00-05:00
ocds-dgv273-seacev3-1245696,ocds-dgv273-seacev3-1245696-2026-09-13T12:04:48.179581-05:00,1245696-1828370,557000.0,PEN,Soles,2026-09-04T00:00:00-05:00
ocds-dgv273-seacev3-1244533,ocds-dgv273-seacev3-1244533-2026-09-13T12:04:48.159354-05:00,1244533-1826412,267493.0,PEN,Soles,2026-09-11T00:00:00-05:00
ocds-dgv273-seacev3-1241097,ocds-dgv273-seacev3-1241097-2026-09-13T12:04:48.059307-05:00,1241097-10062562795,117940.0,PEN,Soles,2026-09-03T00:00:00-05:00
ocds-dgv273-seacev3-1238269,ocds-dgv273-seacev3-1238269-2026-09-13T12:04:48.043368-05:00,1238269-1820429,2246870.83,PEN,Soles,2026-08-18T00:00:00-05:00
ocds-dgv273-seacev3-1241202,ocds-dgv273-seacev3-1241202-2026-09-13T12:04:47.628146-05:00,1241202-20560102977,53500.0,PEN,Soles,2026-08-27T00:00:00-05:00
ocds-dgv273-seacev3-1238376,ocds-dgv273-seacev3-1238376-2026-09-13T12:04:47.586206-05:00,1238376-20571241723,69885.0,PEN,Soles,2026-08-24T00:00:00-05:00
ocds-dgv273-seacev3-1244581,ocds-dgv273-seacev3-1244581-2026-09-13T12:04:47.565120-05:00,1244581-10482745283,213000.0,PEN,Soles,2026-09-10T00:00:00-05:00
ocds-dgv273-seacev3-1242283,ocds-dgv273-seacev3-1242283-2026-09-13T12:04:47.551082-05:00,1242283-20605832424,93506.72,PEN,Soles,2026-08-31T00:00:00-05:00
ocds-dgv273-seacev3-1243444,ocds-dgv273-seacev3-1243444-2026-09-13T12:04:47.483694-05:00,1243444-10722120979,18000.0,PEN,Soles,2026-09-01T00:00:00-05:00
ocds-dgv273-seacev3-1245996,ocds-dgv273-seacev3-1245996-2026-09-13T12:04:47.391332-05:00,1245996-1830582,460000.0,PEN,Soles,2026-09-10T00:00:00-05:00
ocds-dgv273-seacev3-1242135,ocds-dgv273-seacev3-1242135-2026-09-13T12:04:47.351726-05:00,1242135-10402680321,84780.0,PEN,Soles,2026-08-31T00:00:00-05:00
ocds-dgv273-seacev3-2026-755-17,ocds-dgv273-seacev3-2026-755-17-2026-09-13T12:04:47.342639-05:00,1237765-20120476816,154999.87,PEN,Soles,2026-09-03T00:00:00-05:00
ocds-dgv273-seacev3-1238759,ocds-dgv273-seacev3-1238759-2026-09-13T12:04:47.289411-05:00,1238759-20568976151,106640.0,PEN,Soles,2026-08-26T00:00:00-05:00
ocds-dgv273-seacev3-1242051,ocds-dgv273-seacev3-1242051-2026-09-13T12:04:47.242258-05:00,1242051-1827653,1919046.4,PEN,Soles,2026-09-03T00:00:00-05:00
ocds-dgv273-seacev3-1239241,ocds-dgv273-seacev3-1239241-2026-09-13T12:04:47.228681-05:00,1239241-1825309,412792.77,PEN,Soles,2026-09-10T00:00:00-05:00
ocds-dgv273-seacev3-1245285,ocds-dgv273-seacev3-1245285-2026-09-13T12:04:47.152995-05:00,1245285-20605555692,226738.4,PEN,Soles,2026-09-10T00:00:00-05:00
ocds-dgv273-seacev3-1241129,ocds-dgv273-seacev3-1241129-2026-09-13T12:04:47.135618-05:00,1241129-20411139795,105550.0,PEN,Soles,2026-09-11T00:00:00-05:00
ocds-dgv273-seacev3-2026-6-95,ocds-dgv273-seacev3-2026-6-95-2026-09-13T12:04:47.102615-05:00,1245713-20555241811,189980.0,PEN,Soles,2026-09-10T00:00:00-05:00
ocds-dgv273-seacev3-1245298,ocds-dgv273-seacev3-1245298-2026-09-13T12:04:47.078865-05:00,1245298-1829996,4661018.0,PEN,Soles,2026-09-10T00:00:00-05:00
ocds-dgv273-seacev3-1245216,ocds-dgv273-seacev3-1245216-2026-09-13T12:04:46.988886-05:00,1245216-20607622427,57015.0,PEN,Soles,2026-09-03T00:00:00-05:00
ocds-dgv273-seacev3-1243110,ocds-dgv273-seacev3-1243110-2026-09-13T12:04:46.955926-05:00,1243110-20605513663,168007.0,PEN,Soles,2026-09-03T00:00:00-05:00
ocds-dgv273-seacev3-1242154,ocds-dgv273-seacev3-1242154-2026-09-13T12:04:46.942249-05:00,1242154-10402680321,124740.0,PEN,Soles,2026-08-31T00:00:00-05:00
ocds-dgv273-seacev3-1244717,ocds-dgv273-seacev3-1244717-2026-09-13T12:04:46.912465-05:00,1244717-10434642341,46256.0,PEN,Soles,2026-09-01T00:00:00-05:00
ocds-dgv273-seacev3-1239976,ocds-dgv273-seacev3-1239976-2026-09-13T12:04:46.881973-05:00,1239976-10420684288,53976.0,PEN,Soles,2026-09-10T00:00:00-05:00
ocds-dgv273-seacev3-1239084,ocds-dgv273-seacev3-1239084-2026-09-13T12:04:46.869537-05:00,1239084-20610838929,85000.0,PEN,Soles,2026-08-12T00:00:00-05:00
ocds-dgv273-seacev3-1241553,ocds-dgv273-seacev3-1241553-2026-09-13T12:04:46.762399-05:00,1241553-20608810898,418000.0,PEN,Nuevos Soles,2026-09-02T00:00:00-05:00
ocds-dgv273-seacev3-1238531,ocds-dgv273-seacev3-1238531-2026-09-13T12:04:46.740774-05:00,1238531-20601519489,90000.0,PEN,Soles,2026-09-02T00:00:00-05:00
ocds-dgv273-seacev3-1244267,ocds-dgv273-seacev3-1244267-2026-09-13T12:04:46.694149-05:00,1244267-20604231958,304931.9,PEN,Soles,2026-09-10T00:00:00-05:00
ocds-dgv273-seacev3-1238188,ocds-dgv273-seacev3-1238188-2026-09-13T12:04:46.678906-05:00,1238188-20495065031,162144.0,PEN,Soles,2026-08-20T00:00:00-05:00
ocds-dgv273-seacev3-1244366,ocds-dgv273-seacev3-1244366-2026-09-13T12:04:46.554839-05:00,1244366-20554385282,98000.0,PEN,Soles,2026-09-11T00:00:00-05:00
ocds-dgv273-seacev3-1243706,ocds-dgv273-seacev3-1243706-2026-09-13T12:04:46.404619-05:00,1243706-1827485,373193.24,PEN,Soles,2026-09-02T00:00:00-05:00
ocds-dgv273-seacev3-1239674,ocds-dgv273-seacev3-1239674-2026-09-13T12:04:46.388309-05:00,1239674-1822622,471609.42,PEN,Soles,2026-08-20T00:00:00-05:00
ocds-dgv273-seacev3-1242144,ocds-dgv273-seacev3-1242144-2026-09-13T12:04:46.287633-05:00,1242144-10402680321,118440.0,PEN,Soles,2026-08-31T00:00:00-05:00
ocds-dgv273-seacev3-2026-2360-6,ocds-dgv273-seacev3-2026-2360-6-2026-09-13T12:04:46.055551-05:00,1246148-20603365403,48951.0,PEN,Soles,2026-09-10T00:00:00-05:00
ocds-dgv273-seacev3-1245629,ocds-dgv273-seacev3-1245629-2026-09-13T12:04:46.041744-05:00,1245629-20418896915,848250.0,PEN,Soles,2026-09-01T00:00:00-05:00
ocds-dgv273-seacev3-1244385,ocds-dgv273-seacev3-1244385-2026-09-13T12:04:46.022551-05:00,1244385-20604312851,62650.0,PEN,Soles,2026-09-03T00:00:00-05:00
ocds-dgv273-seacev3-1243789,ocds-dgv273-seacev3-1243789-2026-09-13T12:04:46.009067-05:00,1243789-20542112523,82300.0,PEN,Soles,2026-09-09T00:00:00-05:00
ocds-dgv273-seacev3-1234661,ocds-dgv273-seacev3-1234661-2026-09-13T12:04:45.928219-05:00,1234661-20517746801,58000.0,PEN,Soles,2026-09-01T00:00:00-05:00
ocds-dgv273-seacev3-1245347,ocds-dgv273-seacev3-1245347-2026-09-13T12:04:45.619522-05:00,1245347-10322899926,120000.0,PEN,Soles,2026-09-01T00:00:00-05:00
ocds-dgv273-seacev3-1245904,ocds-dgv273-seacev3-1245904-2026-09-13T12:04:45.589827-05:00,1245904-1830954,3326256.82,PEN,Soles,2026-09-11T00:00:00-05:00
ocds-dgv273-seacev3-1243055,ocds-dgv273-seacev3-1243055-2026-09-13T12:04:45.528165-05:00,1243055-10326581076,194000.0,PEN,Soles,2026-09-03T00:00:00-05:00
ocds-dgv273-seacev3-1242284,ocds-dgv273-seacev3-1242284-2026-09-13T12:04:45.512869-05:00,1242284-10297280801,64013.4,PEN,Soles,2026-09-01T00:00:00-05:00
ocds-dgv273-seacev3-1241225,ocds-dgv273-seacev3-1241225-2026-09-13T12:04:45.498726-05:00,1241225-20607789411,297000.0,PEN,Soles,2026-08-26T00:00:00-05:00
ocds-dgv273-seacev3-1245257,ocds-dgv273-seacev3-1245257-2026-09-13T12:04:45.372143-05:00,1245257-1826688,2731580.86,PEN,Soles,2026-08-31T00:00:00-05:00
ocds-dgv273-seacev3-1244168,ocds-dgv273-seacev3-1244168-2026-09-13T12:04:45.355753-05:00,1244168-20607160938,105000.0,PEN,Soles,2026-09-10T00:00:00-05:00
ocds-dgv273-seacev3-2026-399-21,ocds-dgv273-seacev3-2026-399-21-2026-09-13T12:04:45.277444-05:00,1241004-1825615,130000.0,PEN,Soles,2026-09-11T00:00:00-05:00
ocds-dgv273-seacev3-1241307,ocds-dgv273-seacev3-1241307-2026-09-13T12:04:45.262121-05:00,1241307-1824541,170849.25,PEN,Soles,2026-09-11T00:00:00-05:00
ocds-dgv273-seacev3-1245111,ocds-dgv273-seacev3-1245111-2026-09-13T12:04:45.192217-05:00,1245111-20605428780,56644.0,PEN,Soles,2026-09-11T00:00:00-05:00
ocds-dgv273-seacev3-1245837,ocds-dgv273-seacev3-1245837-2026-09-13T12:04:45.147444-05:00,1245837-1831326,477000.01,PEN,Soles,2026-09-11T00:00:00-05:00
ocds-dgv273-seacev3-1243051,ocds-dgv273-seacev3-1243051-2026-09-13T12:04:45.049686-05:00,1243051-1827362,3127683.99,PEN,Soles,2026-09-03T00:00:00-05:00
ocds-dgv273-seacev3-1243183,ocds-dgv273-seacev3-1243183-2026-09-13T12:04:44.297907-05:00,1243183-1828751,663043.62,PEN,Soles,2026-09-10T00:00:00-05:00
ocds-dgv273-seacev3-1245774,ocds-dgv273-seacev3-1245774-2026-09-13T12:04:44.243097-05:00,1245774-10091984461,75000.0,PEN,Soles,2026-09-10T00:00:00-05:00
ocds-dgv273-seacev3-1244960,ocds-dgv273-seacev3-1244960-2026-09-13T12:04:44.036967-05:00,1244960-10085795487,96500.0,PEN,Soles,2026-09-02T00:00:00-05:00
ocds-dgv273-seacev3-1242118,ocds-dgv273-seacev3-1242118-2026-09-13T12:04:44.009832-05:00,1242118-10402680321,215308.0,PEN,Soles,2026-08-31T00:00:00-05:00
ocds-dgv273-seacev3-2026-2543-551,ocds-dgv273-seacev3-2026-2543-551-2026-09-13T12:04:43.888291-05:00,1243852-20515577948,296900.0,PEN,Soles,2026-09-10T00:00:00-05:00
ocds-dgv273-seacev3-1249071,ocds-dgv273-seacev3-1249071-2026-09-13T12:04:43.821894-05:00,1249071-10418336817,10000.0,PEN,Soles,2026-09-10T00:00:00-05:00
ocds-dgv273-seacev3-1244288,ocds-dgv273-seacev3-1244288-2026-09-13T12:04:43.743601-05:00,1244288-20611258233,80900.0,PEN,Soles,2026-08-31T00:00:00-05:00
ocds-dgv273-seacev3-1241568,ocds-dgv273-seacev3-1241568-2026-09-13T12:04:43.668793-05:00,1241568-10707967353,346916.0,PEN,Soles,2026-09-04T00:00:00-05:00
ocds-dgv273-seacev3-1240705,ocds-dgv273-seacev3-1240705-2026-09-13T12:04:43.653902-05:00,1240705-10762190244,65000.0,PEN,Soles,2026-08-26T00:00:00-05:00
ocds-dgv273-seacev3-1239603,ocds-dgv273-seacev3-1239603-2026-09-13T12:04:43.505273-05:00,1239603-20610220828,175000.0,PEN,Soles,2026-09-02T00:00:00-05:00
ocds-dgv273-seacev3-1244747,ocds-dgv273-seacev3-1244747-2026-09-13T12:04:43.327493-05:00,1244747-1829354,111000.0,PEN,Soles,2026-09-10T00:00:00-05:00
ocds-dgv273-seacev3-1241763,ocds-dgv273-seacev3-1241763-2026-09-13T12:04:43.312763-05:00,1241763-1825830,748479.48,PEN,Soles,2026-08-31T00:00:00-05:00
ocds-dgv273-seacev3-1243746,ocds-dgv273-seacev3-1243746-2026-09-13T12:04:43.253331-05:00,1243746-20602208002,98000.0,PEN,Soles,2026-09-03T00:00:00-05:00
ocds-dgv273-seacev3-1245286,ocds-dgv273-seacev3-1245286-2026-09-13T12:04:43.194389-05:00,1245286-20574690219,1206000.0,PEN,Soles,2026-09-11T00:00:00-05:00
ocds-dgv273-seacev3-1245538,ocds-dgv273-seacev3-1245538-2026-09-13T12:04:43.061533-05:00,1245538-10724904551,82950.0,PEN,Soles,2026-09-04T00:00:00-05:00
ocds-dgv273-seacev3-1239637,ocds-dgv273-seacev3-1239637-2026-09-13T12:04:43.027308-05:00,1239637-1822307,196824.27,PEN,Soles,2026-08-27T00:00:00-05:00
ocds-dgv273-seacev3-1240292,ocds-dgv273-seacev3-1240292-2026-09-13T12:04:42.939301-05:00,1240292-20529179139,4790000.0,PEN,Soles,2026-08-24T00:00:00-05:00
ocds-dgv273-seacev3-1240917,ocds-dgv273-seacev3-1240917-2026-09-13T12:04:42.877914-05:00,1240917-1824539,1020249.12,PEN,Soles,2026-09-03T00:00:00-05:00
ocds-dgv273-seacev3-1241245,ocds-dgv273-seacev3-1241245-2026-09-13T12:04:36.750079-05:00,1241245-1824706,872957.17,PEN,Soles,2026-08-27T00:00:00-05:00
ocds-dgv273-seacev3-1243953,ocds-dgv273-seacev3-1243953-2026-09-13T12:04:36.674200-05:00,1243953-20612214949,427300.0,PEN,Soles,2026-09-01T00:00:00-05:00
ocds-dgv273-seacev3-1242943,ocds-dgv273-seacev3-1242943-2026-09-13T12:04:36.614071-05:00,1242943-1827599,124000.0,PEN,Soles,2026-09-03T00:00:00-05:00
ocds-dgv273-seacev3-1241323,ocds-dgv273-seacev3-1241323-2026-09-13T12:04:36.570187-05:00,1241323-1824876,209264.43,PEN,Soles,2026-09-10T00:00:00-05:00
ocds-dgv273-seacev3-1242112,ocds-dgv273-seacev3-1242112-2026-09-13T12:04:36.347466-05:00,1242112-10402680321,218462.0,PEN,Soles,2026-08-31T00:00:00-05:00
ocds-dgv273-seacev3-1245153,ocds-dgv273-seacev3-1245153-2026-09-13T12:04:36.199787-05:00,1245153-1827597,1299925.07,PEN,Soles,2026-09-03T00:00:00-05:00
ocds-dgv273-seacev3-1241141,ocds-dgv273-seacev3-1241141-2026-09-13T12:04:36.164765-05:00,1241141-20523370201,34650.0,PEN,Soles,2026-09-02T10:34:14-05:00
ocds-dgv273-seacev3-1242467,ocds-dgv273-seacev3-1242467-2026-09-13T12:04:36.131230-05:00,1242467-20602169155,86000.0,PEN,Soles,2026-09-02T00:00:00-05:00
ocds-dgv273-seacev3-1225707,ocds-dgv273-seacev3-1225707-2026-09-13T12:04:35.928869-05:00,1225707-L0609017456,2600.0,USD,Dólar Norteamericano,2026-08-11T00:00:00-05:00
ocds-dgv273-seacev3-1244846,ocds-dgv273-seacev3-1244846-2026-09-13T12:04:35.763339-05:00,1244846-10414295491,105102.6,PEN,Soles,2026-09-09T00:00:00-05:00
ocds-dgv273-seacev3-1240392,ocds-dgv273-seacev3-1240392-2026-09-13T12:04:35.746790-05:00,1240392-20601958792,67968.0,PEN,Soles,2026-08-24T00:00:00-05:00
ocds-dgv273-seacev3-1245879,ocds-dgv273-seacev3-1245879-2026-09-13T12:04:35.707963-05:00,1245879-20532492051,409693.09,PEN,Soles,2026-09-10T11:48:31-05:00
ocds-dgv273-seacev3-1241911,ocds-dgv273-seacev3-1241911-2026-09-13T12:04:35.652921-05:00,1241911-1825637,119999.0,PEN,Soles,2026-09-03T00:00:00-05:00
ocds-dgv273-seacev3-1245477,ocds-dgv273-seacev3-1245477-2026-09-13T12:04:35.605470-05:00,1245477-20552010133,1141182.23,PEN,Soles,2026-08-28T00:00:00-05:00
ocds-dgv273-seacev3-1243916,ocds-dgv273-seacev3-1243916-2026-09-13T12:04:35.554856-05:00,1243916-1826061,611712.0,PEN,Soles,2026-08-31T00:00:00-05:00
ocds-dgv273-seacev3-1240272,ocds-dgv273-seacev3-1240272-2026-09-13T12:04:35.540008-05:00,1240272-1826559,2856915.05,PEN,Soles,2026-09-11T00:00:00-05:00
ocds-dgv273-seacev3-1243244,ocds-dgv273-seacev3-1243244-2026-09-13T12:04:35.483573-05:00,1243244-10721236523,52000.0,PEN,Soles,2026-09-02T00:00:00-05:00
ocds-dgv273-seacev3-1241515,ocds-dgv273-seacev3-1241515-2026-09-13T12:04:35.469281-05:00,1241515-1826576,3703931.31,PEN,Soles,2026-09-03T00:00:00-05:00
ocds-dgv273-seacev3-1238856,ocds-dgv273-seacev3-1238856-2026-09-13T12:04:35.424260-05:00,1238856-1827227,376181.6,PEN,Soles,2026-09-03T00:00:00-05:00
ocds-dgv273-seacev3-1242291,ocds-dgv273-seacev3-1242291-2026-09-13T12:04:35.270766-05:00,1242291-1825850,525606.81,PEN,Soles,2026-08-31T00:00:00-05:00
ocds-dgv273-seacev3-1244895,ocds-dgv273-seacev3-1244895-2026-09-13T12:04:35.186854-05:00,1244895-20348511824,91258.84,PEN,Soles,2026-09-10T00:00:00-05:00
ocds-dgv273-seacev3-1244943,ocds-dgv273-seacev3-1244943-2026-09-13T12:04:35.172516-05:00,1244943-1830182,885592.47,PEN,Soles,2026-09-09T00:00:00-05:00
ocds-dgv273-seacev3-1245518,ocds-dgv273-seacev3-1245518-2026-09-13T12:04:35.079447-05:00,1245518-1830771,249774.85,PEN,Soles,2026-09-10T00:00:00-05:00
ocds-dgv273-seacev3-1242627,ocds-dgv273-seacev3-1242627-2026-09-13T12:04:35.065476-05:00,1242627-1830025,1241520.43,PEN,Soles,2026-09-11T00:00:00-05:00
ocds-dgv273-seacev3-1238442,ocds-dgv273-seacev3-1238442-2026-09-13T12:04:35.042661-05:00,1238442-20606267241,92600.0,PEN,Soles,2026-09-03T00:00:00-05:00
ocds-dgv273-seacev3-1241521,ocds-dgv273-seacev3-1241521-2026-09-13T12:04:34.946585-05:00,1241521-10475088218,3000.0,PEN,Soles,2026-09-01T00:00:00-05:00
ocds-dgv273-seacev3-2026-2387-5,ocds-dgv273-seacev3-2026-2387-5-2026-09-13T12:04:34.854950-05:00,1243479-20100011884,90050.0,PEN,Soles,2026-09-11T00:00:00-05:00
ocds-dgv273-seacev3-1244952,ocds-dgv273-seacev3-1244952-2026-09-13T12:04:34.814751-05:00,1244952-20609389894,419138.55,PEN,Soles,2026-09-10T00:00:00-05:00
ocds-dgv273-seacev3-1242566,ocds-dgv273-seacev3-1242566-2026-09-13T12:04:34.779526-05:00,1242566-1827029,2400802.3,PEN,Soles,2026-09-10T00:00:00-05:00
ocds-dgv273-seacev3-1243925,ocds-dgv273-seacev3-1243925-2026-09-13T12:04:34.708481-05:00,1243925-10036676448,93450.0,PEN,Nuevos Soles,2026-09-03T00:00:00-05:00
ocds-dgv273-seacev3-1242594,ocds-dgv273-seacev3-1242594-2026-09-13T12:04:34.686863-05:00,1242594-20547258925,137826.24,PEN,Soles,2026-09-10T00:00:00-05:00
ocds-dgv273-seacev3-1242314,ocds-dgv273-seacev3-1242314-2026-09-13T12:04:34.663241-05:00,1242314-20613523767,753600.0,PEN,Soles,2026-08-28T14:15:09-05:00
ocds-dgv273-seacev3-1240288,ocds-dgv273-seacev3-1240288-2026-09-13T12:04:34.628398-05:00,1240288-20552768974,299000.0,PEN,Soles,2026-09-11T00:00:00-05:00
ocds-dgv273-seacev3-1245758,ocds-dgv273-seacev3-1245758-2026-09-13T12:04:34.331975-05:00,1245758-20604444234,191210.66,PEN,Soles,2026-08-31T00:00:00-05:00
ocds-dgv273-seacev3-1246576,ocds-dgv273-seacev3-1246576-2026-09-13T12:04:34.262741-05:00,1246576-20607836729,66041.21,PEN,Soles,2026-09-10T00:00:00-05:00
ocds-dgv273-seacev3-1245563,ocds-dgv273-seacev3-1245563-2026-09-13T12:04:34.234727-05:00,1245563-20602463266,225350.0,PEN,Soles,2026-09-02T00:00:00-05:00
ocds-dgv273-seacev3-2026-10418-9,ocds-dgv273-seacev3-2026-10418-9-2026-09-13T12:04:34.104563-05:00,1244866-20521266903,72000.0,PEN,Soles,2026-09-01T00:00:00-05:00
ocds-dgv273-seacev3-1240325,ocds-dgv273-seacev3-1240325-2026-09-13T12:04:34.088070-05:00,1240325-20556968960,359478.14,PEN,Soles,2026-08-26T00:00:00-05:00
ocds-dgv273-seacev3-1239337,ocds-dgv273-seacev3-1239337-2026-09-13T12:04:34.016351-05:00,1239337-20450795209,180000.0,PEN,Soles,2026-09-11T00:00:00-05:00
ocds-dgv273-seacev3-1245403,ocds-dgv273-seacev3-1245403-2026-09-13T12:04:33.973635-05:00,1245403-20605249184,272018.0,PEN,Soles,2026-08-27T00:00:00-05:00
ocds-dgv273-seacev3-1245011,ocds-dgv273-seacev3-1245011-2026-09-13T12:04:33.917396-05:00,1245011-20555966467,95060.0,PEN,Soles,2026-09-02T00:00:00-05:00
ocds-dgv273-seacev3-1243669,ocds-dgv273-seacev3-1243669-2026-09-13T12:04:33.767864-05:00,1243669-20526944934,222400.0,PEN,Soles,2026-09-02T00:00:00-05:00
ocds-dgv273-seacev3-1245003,ocds-dgv273-seacev3-1245003-2026-09-13T12:04:33.716664-05:00,1245003-20606997125,141295.8,PEN,Soles,2026-09-09T00:00:00-05:00
ocds-dgv273-seacev3-1242906,ocds-dgv273-seacev3-1242906-2026-09-13T12:04:33.674834-05:00,1242906-20374371747,96965.0,PEN,Soles,2026-08-26T00:00:00-05:00
ocds-dgv273-seacev3-1241584,ocds-dgv273-seacev3-1241584-2026-09-13T12:04:33.545186-05:00,1241584-20615014401,90900.0,PEN,Soles,2026-08-21T00:00:00-05:00
ocds-dgv273-seacev3-1240774,ocds-dgv273-seacev3-1240774-2026-09-13T12:04:33.532081-05:00,1240774-1825909,347153.2,PEN,Soles,2026-09-03T00:00:00-05:00
ocds-dgv273-seacev3-1241715,ocds-dgv273-seacev3-1241715-2026-09-13T12:04:33.483217-05:00,1241715-20601560250,82000.0,PEN,Soles,2026-08-26T00:00:00-05:00
ocds-dgv273-seacev3-1239622,ocds-dgv273-seacev3-1239622-2026-09-13T12:04:33.471725-05:00,1239622-20610370412,435500.0,PEN,Soles,2026-09-04T00:00:00-05:00
ocds-dgv273-seacev3-2026-2409-151,ocds-dgv273-seacev3-2026-2409-151-2026-09-13T12:04:33.347778-05:00,1240077-20602130780,388000.0,PEN,Soles,2026-09-08T00:00:00-05:00
ocds-dgv273-seacev3-1242471,ocds-dgv273-seacev3-1242471-2026-09-13T12:04:33.273963-05:00,1242471-10419769946,530000.0,PEN,Soles,2026-08-27T00:00:00-05:00
ocds-dgv273-seacev3-1241881,ocds-dgv273-seacev3-1241881-2026-09-13T12:04:33.185533-05:00,1241881-10737694297,12000.0,PEN,Soles,2026-09-03T00:00:00-05:00
ocds-dgv273-seacev3-1245335,ocds-dgv273-seacev3-1245335-2026-09-13T12:04:32.946410-05:00,1245335-20539200390,421400.0,PEN,Soles,2026-09-09T00:00:00-05:00
ocds-dgv273-seacev3-2026-603-1,ocds-dgv273-seacev3-2026-603-1-2026-09-13T12:04:32.932583-05:00,1194419-20615237800,720000.0,PEN,Soles,2026-03-24T00:00:00-05:00
ocds-dgv273-seacev3-2026-603-1,ocds-dgv273-seacev3-2026-603-1-2026-09-13T12:04:32.932583-05:00,1244691-20612272060,357000.0,PEN,Soles,2026-09-11T00:00:00-05:00
ocds-dgv273-seacev3-1238573,ocds-dgv273-seacev3-1238573-2026-09-13T12:04:32.890628-05:00,1238573-1824669,727723.37,PEN,Soles,2026-09-04T00:00:00-05:00
ocds-dgv273-seacev3-1242076,ocds-dgv273-seacev3-1242076-2026-09-13T12:04:31.919071-05:00,1242076-1826166,938065.92,PEN,Soles,2026-08-31T00:00:00-05:00
ocds-dgv273-seacev3-1238973,ocds-dgv273-seacev3-1238973-2026-09-13T12:04:31.898029-05:00,1238973-20100096936,107800.0,PEN,Soles,2026-08-25T00:00:00-05:00
ocds-dgv273-seacev3-1241905,ocds-dgv273-seacev3-1241905-2026-09-13T12:04:31.835473-05:00,1241905-10450996357,12000.0,PEN,Soles,2026-09-03T00:00:00-05:00
ocds-dgv273-seacev3-1241909,ocds-dgv273-seacev3-1241909-2026-09-13T12:04:31.820189-05:00,1241909-10421559029,108955.26,PEN,Soles,2026-09-02T00:00:00-05:00
ocds-dgv273-seacev3-1241941,ocds-dgv273-seacev3-1241941-2026-09-13T12:04:31.747604-05:00,1241941-20525820832,61844.4,PEN,Soles,2026-08-25T00:00:00-05:00
ocds-dgv273-seacev3-1242004,ocds-dgv273-seacev3-1242004-2026-09-13T12:04:31.678118-05:00,1242004-20525820832,48098.5,PEN,Soles,2026-08-25T00:00:00-05:00
ocds-dgv273-seacev3-1245623,ocds-dgv273-seacev3-1245623-2026-09-13T12:04:31.503674-05:00,1245623-20613226428,1674333.1,PEN,Soles,2026-09-01T00:00:00-05:00
ocds-dgv273-seacev3-1242129,ocds-dgv273-seacev3-1242129-2026-09-13T12:04:31.469970-05:00,1242129-20494399386,249775.0,PEN,Soles,2026-08-26T00:00:00-05:00
ocds-dgv273-seacev3-1238643,ocds-dgv273-seacev3-1238643-2026-09-13T12:04:31.445959-05:00,1238643-1823719,2737395.94,PEN,Soles,2026-09-11T00:00:00-05:00
ocds-dgv273-seacev3-1242176,ocds-dgv273-seacev3-1242176-2026-09-13T12:04:31.355131-05:00,1242176-20612377716,115000.0,PEN,Soles,2026-09-11T00:00:00-05:00
ocds-dgv273-seacev3-1239062,ocds-dgv273-seacev3-1239062-2026-09-13T12:04:31.298113-05:00,1239062-20553853355,144200.0,PEN,Soles,2026-08-18T00:00:00-05:00
ocds-dgv273-seacev3-1242993,ocds-dgv273-seacev3-1242993-2026-09-13T12:04:31.222540-05:00,1242993-20542112523,79000.0,PEN,Soles,2026-09-03T00:00:00-05:00
ocds-dgv273-seacev3-1237575,ocds-dgv273-seacev3-1237575-2026-09-13T12:04:31.201334-05:00,1237575-20531286538,300000.0,PEN,Soles,2026-08-26T00:00:00-05:00
ocds-dgv273-seacev3-1242861,ocds-dgv273-seacev3-1242861-2026-09-13T12:04:31.154335-05:00,1242861-10415960153,115303.5,PEN,Soles,2026-09-02T00:00:00-05:00
ocds-dgv273-seacev3-1241974,ocds-dgv273-seacev3-1241974-2026-09-13T12:04:30.889961-05:00,1241974-1825342,87673.69,PEN,Soles,2026-09-11T00:00:00-05:00
ocds-dgv273-seacev3-1241281,ocds-dgv273-seacev3-1241281-2026-09-13T12:04:30.868689-05:00,1241281-20564154831,217600.0,PEN,Soles,2026-08-24T00:00:00-05:00
ocds-dgv273-seacev3-1239323,ocds-dgv273-seacev3-1239323-2026-09-13T12:04:30.855796-05:00,1239323-20494791235,1061728.72,PEN,Soles,2026-08-28T16:00:58-05:00
ocds-dgv273-seacev3-1242119,ocds-dgv273-seacev3-1242119-2026-09-13T12:04:30.777874-05:00,1242119-20511037001,182100.0,PEN,Soles,2026-08-26T21:50:32-05:00
ocds-dgv273-seacev3-1246114,ocds-dgv273-seacev3-1246114-2026-09-13T12:04:30.741159-05:00,1246114-1828125,1226405.86,PEN,Soles,2026-09-10T00:00:00-05:00
ocds-dgv273-seacev3-1243766,ocds-dgv273-seacev3-1243766-2026-09-13T12:04:30.728882-05:00,1243766-10106514386,65000.0,PEN,Soles,2026-09-02T00:00:00-05:00
ocds-dgv273-seacev3-1241167,ocds-dgv273-seacev3-1241167-2026-09-13T12:04:30.715633-05:00,1241167-20603368399,602304.8,PEN,Soles,2026-09-01T00:00:00-05:00
ocds-dgv273-seacev3-1247333,ocds-dgv273-seacev3-1247333-2026-09-11T10:24:23.214855-05:00,1247333-20477268162,74198.4,PEN,Soles,2026-09-09T00:00:00-05:00
ocds-dgv273-seacev3-1241083,ocds-dgv273-seacev3-1241083-2026-09-11T10:24:22.923120-05:00,1241083-20450302610,143050.0,PEN,Soles,2026-08-24T15:44:14-05:00
ocds-dgv273-seacev3-1242099,ocds-dgv273-seacev3-1242099-2026-09-11T10:24:22.396794-05:00,1242099-20615775909,60825.6,PEN,Soles,2026-08-21T00:00:00-05:00
ocds-dgv273-seacev3-1243633,ocds-dgv273-seacev3-1243633-2026-09-11T10:24:22.280869-05:00,1243633-20532492051,59364.6,PEN,Soles,2026-09-01T00:00:00-05:00
ocds-dgv273-seacev3-1242083,ocds-dgv273-seacev3-1242083-2026-09-11T10:24:22.095318-05:00,1242083-20511037001,62475.0,PEN,Soles,2026-08-31T00:00:00-05:00
ocds-dgv273-seacev3-2026-397-13,ocds-dgv273-seacev3-2026-397-13-2026-09-11T10:24:21.983396-05:00,1239103-20454073143,339412.5,PEN,Soles,2026-09-01T00:00:00-05:00
ocds-dgv273-seacev3-1242869,ocds-dgv273-seacev3-1242869-2026-09-11T10:24:21.344821-05:00,1242869-20509997340,199543.0,PEN,Soles,2026-09-07T00:00:00-05:00
ocds-dgv273-seacev3-1241957,ocds-dgv273-seacev3-1241957-2026-09-11T10:24:21.225451-05:00,1241957-1827035,1200000.0,PEN,Soles,2026-09-08T00:00:00-05:00
ocds-dgv273-seacev3-1244990,ocds-dgv273-seacev3-1244990-2026-09-11T10:24:20.688189-05:00,1244990-1828243,200160.0,PEN,Soles,2026-09-09T00:00:00-05:00
ocds-dgv273-seacev3-1239173,ocds-dgv273-seacev3-1239173-2026-09-11T10:24:20.644629-05:00,1239173-1823813,2750280.4,PEN,Soles,2026-09-01T00:00:00-05:00
ocds-dgv273-seacev3-2026-53-18,ocds-dgv273-seacev3-2026-53-18-2026-09-11T10:24:20.528608-05:00,1240629-20393667118,50000.0,PEN,Soles,2026-08-25T00:00:00-05:00
ocds-dgv273-seacev3-1244445,ocds-dgv273-seacev3-1244445-2026-09-11T10:24:19.849726-05:00,1244445-1829304,4844886.82,PEN,Soles,2026-09-09T00:00:00-05:00
ocds-dgv273-seacev3-1243396,ocds-dgv273-seacev3-1243396-2026-09-11T10:24:19.644781-05:00,1243396-20612229831,211575.0,PEN,Soles,2026-09-01T00:00:00-05:00
ocds-dgv273-seacev3-1238809,ocds-dgv273-seacev3-1238809-2026-09-11T10:24:19.517148-05:00,1238809-1821556,1786544.81,PEN,Soles,2026-08-18T00:00:00-05:00
ocds-dgv273-seacev3-1239285,ocds-dgv273-seacev3-1239285-2026-09-11T10:24:18.621365-05:00,1239285-1829494,176000.0,PEN,Soles,2026-09-08T00:00:00-05:00
ocds-dgv273-seacev3-1238814,ocds-dgv273-seacev3-1238814-2026-09-11T10:24:18.605746-05:00,1238814-1820999,456000.0,PEN,Soles,2026-08-17T00:00:00-05:00
ocds-dgv273-seacev3-1246677,ocds-dgv273-seacev3-1246677-2026-09-11T10:24:18.107809-05:00,1246677-20491809346,1660751.46,PEN,Soles,2026-09-02T00:00:00-05:00
ocds-dgv273-seacev3-1239086,ocds-dgv273-seacev3-1239086-2026-09-11T10:24:17.682818-05:00,1239086-10475702145,21200.0,PEN,Soles,2026-08-31T00:00:00-05:00
ocds-dgv273-seacev3-1239086,ocds-dgv273-seacev3-1239086-2026-09-11T10:24:17.682818-05:00,1239086-10717002895,21200.0,PEN,Soles,2026-08-31T00:00:00-05:00
ocds-dgv273-seacev3-1239086,ocds-dgv273-seacev3-1239086-2026-09-11T10:24:17.682818-05:00,1239086-10717992526,21200.0,PEN,Soles,2026-08-31T00:00:00-05:00
ocds-dgv273-seacev3-1239086,ocds-dgv273-seacev3-1239086-2026-09-11T10:24:17.682818-05:00,1239086-10720472169,21200.0,PEN,Soles,2026-08-31T00:00:00-05:00
ocds-dgv273-seacev3-1239086,ocds-dgv273-seacev3-1239086-2026-09-11T10:24:17.682818-05:00,1239086-10728414711,21200.0,PEN,Soles,2026-08-31T00:00:00-05:00
ocds-dgv273-seacev3-1239086,ocds-dgv273-seacev3-1239086-2026-09-11T10:24:17.682818-05:00,1239086-10744590383,21200.0,PEN,Soles,2026-08-31T00:00:00-05:00
ocds-dgv273-seacev3-1241822,ocds-dgv273-seacev3-1241822-2026-09-11T10:24:17.632603-05:00,1241822-20607197955,151993.0,PEN,Soles,2026-09-09T00:00:00-05:00
ocds-dgv273-seacev3-2026-10141-16,ocds-dgv273-seacev3-2026-10141-16-2026-09-11T10:24:17.388762-05:00,1240468-20608978390,127159.56,PEN,Soles,2026-09-01T00:00:00-05:00
ocds-dgv273-seacev3-1240081,ocds-dgv273-seacev3-1240081-2026-09-11T10:24:17.167561-05:00,1240081-20604342148,162800.0,PEN,Soles,2026-09-01T00:00:00-05:00
ocds-dgv273-seacev3-1245812,ocds-dgv273-seacev3-1245812-2026-09-11T10:24:16.965075-05:00,1245812-20532492051,115746.39,PEN,Soles,2026-09-09T17:19:09-05:00
ocds-dgv273-seacev3-1243127,ocds-dgv273-seacev3-1243127-2026-09-11T10:24:11.523280-05:00,1243127-20606748281,60000.0,PEN,Soles,2026-09-01T00:00:00-05:00
ocds-dgv273-seacev3-2026-1604-11,ocds-dgv273-seacev3-2026-1604-11-2026-09-11T10:24:11.406971-05:00,1245378-1827443,99989.4,PEN,Soles,2026-09-02T00:00:00-05:00
ocds-dgv273-seacev3-1243012,ocds-dgv273-seacev3-1243012-2026-09-11T10:24:11.364629-05:00,1243012-20613300911,150411.6,PEN,Soles,2026-09-09T00:00:00-05:00
ocds-dgv273-seacev3-1240570,ocds-dgv273-seacev3-1240570-2026-09-11T10:24:11.149186-05:00,1240570-20511037001,259266.4,PEN,Soles,2026-08-20T00:00:00-05:00
ocds-dgv273-seacev3-1238834,ocds-dgv273-seacev3-1238834-2026-09-11T10:24:11.132799-05:00,1238834-10444256279,959700.0,PEN,Soles,2026-08-14T00:00:00-05:00
ocds-dgv273-seacev3-1241720,ocds-dgv273-seacev3-1241720-2026-09-11T10:24:10.792496-05:00,1241720-1826096,776975.37,PEN,Soles,2026-09-02T00:00:00-05:00
ocds-dgv273-seacev3-1243490,ocds-dgv273-seacev3-1243490-2026-09-11T10:24:10.709530-05:00,1243490-1828520,2758571.87,PEN,Soles,2026-09-08T00:00:00-05:00
ocds-dgv273-seacev3-1238939,ocds-dgv273-seacev3-1238939-2026-09-11T10:24:10.106950-05:00,1238939-20526944934,153650.25,PEN,Soles,2026-08-17T00:00:00-05:00
ocds-dgv273-seacev3-1239817,ocds-dgv273-seacev3-1239817-2026-09-11T10:24:10.044767-05:00,1239817-20600852346,62871.2,PEN,Soles,2026-08-19T00:00:00-05:00
ocds-dgv273-seacev3-1241807,ocds-dgv273-seacev3-1241807-2026-09-11T10:24:09.998158-05:00,1241807-20114967417,340200.0,PEN,Soles,2026-09-01T00:00:00-05:00
ocds-dgv273-seacev3-1244126,ocds-dgv273-seacev3-1244126-2026-09-11T10:24:09.842674-05:00,1244126-1828877,169310.17,PEN,Soles,2026-09-08T00:00:00-05:00
ocds-dgv273-seacev3-1241824,ocds-dgv273-seacev3-1241824-2026-09-11T10:24:09.814171-05:00,1241824-20610841903,62031.25,PEN,Nuevos Soles,2026-09-01T00:00:00-05:00
ocds-dgv273-seacev3-1239618,ocds-dgv273-seacev3-1239618-2026-09-11T10:24:08.987233-05:00,1239618-20568169337,668440.0,PEN,Soles,2026-09-09T00:00:00-05:00
ocds-dgv273-seacev3-1239264,ocds-dgv273-seacev3-1239264-2026-09-11T10:24:08.745251-05:00,1239264-1829516,122000.0,PEN,Soles,2026-09-08T00:00:00-05:00
ocds-dgv273-seacev3-1244859,ocds-dgv273-seacev3-1244859-2026-09-11T10:24:08.663783-05:00,1244859-20456133135,299000.0,PEN,Soles,2026-09-09T00:00:00-05:00
ocds-dgv273-seacev3-1243771,ocds-dgv273-seacev3-1243771-2026-09-11T10:24:08.562464-05:00,1243771-1827750,88016.0,PEN,Soles,2026-09-03T00:00:00-05:00
ocds-dgv273-seacev3-1239437,ocds-dgv273-seacev3-1239437-2026-09-11T10:24:08.541980-05:00,1239437-20100262291,41892.3,PEN,Soles,2026-08-19T00:00:00-05:00
ocds-dgv273-seacev3-1239437,ocds-dgv273-seacev3-1239437-2026-09-11T10:24:08.541980-05:00,1239437-20612631574,366230.0,PEN,Soles,2026-08-19T00:00:00-05:00
ocds-dgv273-seacev3-1243368,ocds-dgv273-seacev3-1243368-2026-09-11T10:24:08.201418-05:00,1243368-1823353,239030.05,PEN,Soles,2026-08-21T00:00:00-05:00
ocds-dgv273-seacev3-1243792,ocds-dgv273-seacev3-1243792-2026-09-11T10:24:08.099838-05:00,1243792-20573175400,204899.9,PEN,Soles,2026-09-08T00:00:00-05:00
ocds-dgv273-seacev3-1240780,ocds-dgv273-seacev3-1240780-2026-09-11T10:24:08.054702-05:00,1240780-20534838957,1297846.59,PEN,Soles,2026-09-02T00:00:00-05:00
ocds-dgv273-seacev3-1242036,ocds-dgv273-seacev3-1242036-2026-09-11T10:24:07.963098-05:00,1242036-20606951711,93500.0,PEN,Soles,2026-09-01T00:00:00-05:00
ocds-dgv273-seacev3-1245690,ocds-dgv273-seacev3-1245690-2026-09-11T10:24:07.929854-05:00,1245690-20600683081,88020.0,PEN,Soles,2026-09-09T00:00:00-05:00
ocds-dgv273-seacev3-1238064,ocds-dgv273-seacev3-1238064-2026-09-11T10:24:07.857826-05:00,1238064-20542022290,896801.35,PEN,Soles,2026-08-28T00:00:00-05:00
ocds-dgv273-seacev3-1244637,ocds-dgv273-seacev3-1244637-2026-09-11T10:24:07.532987-05:00,1244637-20604022992,483000.0,PEN,Soles,2026-09-09T00:00:00-05:00
ocds-dgv273-seacev3-1243846,ocds-dgv273-seacev3-1243846-2026-09-11T10:24:07.288858-05:00,1243846-20600782216,693333.36,PEN,Soles,2026-08-25T00:00:00-05:00
ocds-dgv273-seacev3-1247974,ocds-dgv273-seacev3-1247974-2026-09-11T10:24:07.088476-05:00,1247974-20108605392,14360.0,PEN,Soles,2026-09-07T00:00:00-05:00
ocds-dgv273-seacev3-1244783,ocds-dgv273-seacev3-1244783-2026-09-11T10:24:07.055349-05:00,1244783-20609285533,378690.0,PEN,Soles,2026-09-08T00:00:00-05:00
ocds-dgv273-seacev3-1242356,ocds-dgv273-seacev3-1242356-2026-09-11T10:24:06.886739-05:00,1242356-20612588717,99692.0,PEN,Soles,2026-08-24T00:00:00-05:00
ocds-dgv273-seacev3-1244058,ocds-dgv273-seacev3-1244058-2026-09-11T10:24:06.515265-05:00,1244058-20538597121,137711.9,PEN,Soles,2026-08-28T00:00:00-05:00
ocds-dgv273-seacev3-1243210,ocds-dgv273-seacev3-1243210-2026-09-11T10:24:06.457263-05:00,1243210-20448139981,61100.0,PEN,Soles,2026-09-09T00:00:00-05:00
ocds-dgv273-seacev3-1242444,ocds-dgv273-seacev3-1242444-2026-09-11T10:24:05.902049-05:00,1242444-20612197017,82000.0,PEN,Soles,2026-09-01T00:00:00-05:00
ocds-dgv273-seacev3-1244835,ocds-dgv273-seacev3-1244835-2026-09-11T10:24:05.757719-05:00,1244835-20487815358,280316.56,PEN,Soles,2026-09-09T00:00:00-05:00
ocds-dgv273-seacev3-2026-2543-214,ocds-dgv273-seacev3-2026-2543-214-2026-09-11T10:24:00.391074-05:00,1241651-20347268683,63469200.0,PEN,Soles,2026-08-25T00:00:00-05:00
ocds-dgv273-seacev3-1238962,ocds-dgv273-seacev3-1238962-2026-09-11T10:24:00.355501-05:00,1238962-20609994992,154370.75,PEN,Soles,2026-08-18T00:00:00-05:00
ocds-dgv273-seacev3-1240999,ocds-dgv273-seacev3-1240999-2026-09-11T10:23:59.803146-05:00,1240999-20511037001,82616.0,PEN,Soles,2026-08-24T00:00:00-05:00
ocds-dgv273-seacev3-1238943,ocds-dgv273-seacev3-1238943-2026-09-11T10:23:59.781812-05:00,1238943-20601519195,225969.45,PEN,Soles,2026-08-21T00:00:00-05:00
ocds-dgv273-seacev3-1239263,ocds-dgv273-seacev3-1239263-2026-09-11T10:23:59.550924-05:00,1239263-10040399491,103496.7,PEN,Soles,2026-09-09T00:00:00-05:00
ocds-dgv273-seacev3-1239263,ocds-dgv273-seacev3-1239263-2026-09-11T10:23:59.550924-05:00,1239263-20600984838,338743.2,PEN,Soles,2026-09-09T00:00:00-05:00
ocds-dgv273-seacev3-1245473,ocds-dgv273-seacev3-1245473-2026-09-11T10:23:59.462370-05:00,1245473-1830045,60584.45,PEN,Soles,2026-09-09T00:00:00-05:00
ocds-dgv273-seacev3-1243952,ocds-dgv273-seacev3-1243952-2026-09-11T10:23:59.291068-05:00,1243952-1828143,1590000.0,PEN,Soles,2026-09-08T00:00:00-05:00
ocds-dgv273-seacev3-1242461,ocds-dgv273-seacev3-1242461-2026-09-11T10:23:59.224683-05:00,1242461-20440376704,122750.0,PEN,Soles,2026-09-07T00:00:00-05:00
ocds-dgv273-seacev3-1242000,ocds-dgv273-seacev3-1242000-2026-09-11T10:23:59.151930-05:00,1242000-1825726,2891529.88,PEN,Soles,2026-09-03T00:00:00-05:00
ocds-dgv273-seacev3-1243480,ocds-dgv273-seacev3-1243480-2026-09-11T10:23:59.038748-05:00,1243480-L0000001355,11735.0,USD,Dólar Norteamericano,2026-08-28T00:00:00-05:00
ocds-dgv273-seacev3-1245358,ocds-dgv273-seacev3-1245358-2026-09-11T10:23:58.739094-05:00,1245358-20100070031,528170.61,PEN,Soles,2026-09-08T00:00:00-05:00
ocds-dgv273-seacev3-1247310,ocds-dgv273-seacev3-1247310-2026-09-11T10:23:58.539351-05:00,1247310-20378726876,89680.0,PEN,Soles,2026-09-09T00:00:00-05:00
ocds-dgv273-seacev3-1239095,ocds-dgv273-seacev3-1239095-2026-09-11T10:23:58.447159-05:00,1239095-10456643898,127000.0,PEN,Soles,2026-08-18T00:00:00-05:00
ocds-dgv273-seacev3-1238580,ocds-dgv273-seacev3-1238580-2026-09-11T10:23:58.382340-05:00,1238580-1829538,516999.0,PEN,Soles,2026-09-09T00:00:00-05:00
ocds-dgv273-seacev3-1241090,ocds-dgv273-seacev3-1241090-2026-09-11T10:23:58.211301-05:00,1241090-20450302610,138637.5,PEN,Soles,2026-08-24T00:00:00-05:00
ocds-dgv273-seacev3-1240282,ocds-dgv273-seacev3-1240282-2026-09-11T10:23:58.157858-05:00,1240282-20601613086,120000.0,PEN,Soles,2026-09-01T00:00:00-05:00
ocds-dgv273-seacev3-1240617,ocds-dgv273-seacev3-1240617-2026-09-11T10:23:58.083799-05:00,1240617-20271779721,180800.0,PEN,Soles,2026-09-01T00:00:00-05:00
ocds-dgv273-seacev3-1238159,ocds-dgv273-seacev3-1238159-2026-09-11T10:23:57.979427-05:00,1238159-1820617,2781787.59,PEN,Soles,2026-08-14T00:00:00-05:00
ocds-dgv273-seacev3-1242695,ocds-dgv273-seacev3-1242695-2026-09-11T10:23:57.906654-05:00,1242695-1829650,528606.09,PEN,Soles,2026-09-08T00:00:00-05:00
ocds-dgv273-seacev3-1243640,ocds-dgv273-seacev3-1243640-2026-09-11T10:23:57.827702-05:00,1243640-10422776856,65000.0,PEN,Soles,2026-09-01T00:00:00-05:00
ocds-dgv273-seacev3-1243654,ocds-dgv273-seacev3-1243654-2026-09-11T10:23:57.611219-05:00,1243654-20601960177,78990.0,PEN,Soles,2026-08-31T00:00:00-05:00
ocds-dgv273-seacev3-1242589,ocds-dgv273-seacev3-1242589-2026-09-11T10:23:57.598019-05:00,1242589-20553424152,74100.0,PEN,Soles,2026-09-02T00:00:00-05:00
ocds-dgv273-seacev3-1242155,ocds-dgv273-seacev3-1242155-2026-09-11T10:23:56.786256-05:00,1242155-1825216,66060.0,PEN,Soles,2026-09-04T00:00:00-05:00
ocds-dgv273-seacev3-1240611,ocds-dgv273-seacev3-1240611-2026-09-11T10:23:56.692871-05:00,1240611-1821379,125639.56,PEN,Soles,2026-08-24T00:00:00-05:00
ocds-dgv273-seacev3-1239747,ocds-dgv273-seacev3-1239747-2026-09-11T10:23:56.617345-05:00,1239747-20574639965,71500.0,PEN,Soles,2026-08-24T00:00:00-05:00
ocds-dgv273-seacev3-1242237,ocds-dgv273-seacev3-1242237-2026-09-11T10:23:56.369599-05:00,1242237-10403505744,45000.0,PEN,Soles,2026-09-01T00:00:00-05:00
ocds-dgv273-seacev3-2026-237-13,ocds-dgv273-seacev3-2026-237-13-2026-09-11T10:23:55.958003-05:00,1243629-1827484,200126.61,PEN,Soles,2026-09-07T00:00:00-05:00
ocds-dgv273-seacev3-1241187,ocds-dgv273-seacev3-1241187-2026-09-11T10:23:55.890667-05:00,1241187-20559644243,184679.0,PEN,Soles,2026-09-01T19:53:15-05:00
ocds-dgv273-seacev3-1242929,ocds-dgv273-seacev3-1242929-2026-09-11T10:23:55.795432-05:00,1242929-1829564,1967877.94,PEN,Soles,2026-09-08T00:00:00-05:00
ocds-dgv273-seacev3-2026-10246-20,ocds-dgv273-seacev3-2026-10246-20-2026-09-11T10:23:55.700620-05:00,1242432-20601173221,316350.0,PEN,Soles,2026-09-01T00:00:00-05:00
ocds-dgv273-seacev3-1240859,ocds-dgv273-seacev3-1240859-2026-09-11T10:23:55.618449-05:00,1240859-20100070970,75000.0,PEN,Soles,2026-08-27T00:00:00-05:00
ocds-dgv273-seacev3-1240720,ocds-dgv273-seacev3-1240720-2026-09-11T10:23:55.546045-05:00,1240720-20601613086,170000.0,PEN,Soles,2026-09-01T00:00:00-05:00
ocds-dgv273-seacev3-1239690,ocds-dgv273-seacev3-1239690-2026-09-11T10:23:55.221838-05:00,1239690-20566394201,50900.0,PEN,Soles,2026-08-31T00:00:00-05:00
ocds-dgv273-seacev3-1241386,ocds-dgv273-seacev3-1241386-2026-09-11T10:23:54.860478-05:00,1241386-1826011,180948.11,PEN,Soles,2026-09-01T00:00:00-05:00
ocds-dgv273-seacev3-1242428,ocds-dgv273-seacev3-1242428-2026-09-11T10:23:54.779589-05:00,1242428-20614801761,399360.0,PEN,Soles,2026-08-31T00:00:00-05:00
ocds-dgv273-seacev3-1238733,ocds-dgv273-seacev3-1238733-2026-09-11T10:23:54.764949-05:00,1238733-10024031930,88560.0,PEN,Soles,2026-08-31T00:00:00-05:00
ocds-dgv273-seacev3-1243643,ocds-dgv273-seacev3-1243643-2026-09-11T10:23:54.594033-05:00,1243643-20606657391,99970.0,PEN,Soles,2026-08-27T00:00:00-05:00
ocds-dgv273-seacev3-1243050,ocds-dgv273-seacev3-1243050-2026-09-11T10:23:54.496773-05:00,1243050-20611791039,999000.0,PEN,Soles,2026-09-08T00:00:00-05:00
ocds-dgv273-seacev3-1243888,ocds-dgv273-seacev3-1243888-2026-09-11T10:23:53.485695-05:00,1243888-20601020948,226599.24,PEN,Soles,2026-08-26T00:00:00-05:00
ocds-dgv273-seacev3-1238624,ocds-dgv273-seacev3-1238624-2026-09-11T10:23:53.409992-05:00,1238624-20347475981,4710560.0,PEN,Soles,2026-09-09T00:00:00-05:00
ocds-dgv273-seacev3-1243176,ocds-dgv273-seacev3-1243176-2026-09-11T10:23:53.339663-05:00,1243176-20603454163,100700.0,PEN,Soles,2026-08-31T00:00:00-05:00
ocds-dgv273-seacev3-1241897,ocds-dgv273-seacev3-1241897-2026-09-11T10:23:48.801633-05:00,1241897-1827149,1860190.47,PEN,Soles,2026-09-02T00:00:00-05:00
ocds-dgv273-seacev3-2026-200202-12,ocds-dgv273-seacev3-2026-200202-12-2026-09-11T10:23:48.716264-05:00,1237909-20600165535,129950.0,PEN,Soles,2026-08-31T00:00:00-05:00
ocds-dgv273-seacev3-1247011,ocds-dgv273-seacev3-1247011-2026-09-11T10:23:48.357121-05:00,1247011-20113367360,183513.6,PEN,Soles,2026-09-09T00:00:00-05:00
ocds-dgv273-seacev3-1241933,ocds-dgv273-seacev3-1241933-2026-09-11T10:23:48.342651-05:00,1241933-1825237,123758.22,PEN,Soles,2026-09-01T00:00:00-05:00
ocds-dgv273-seacev3-1243111,ocds-dgv273-seacev3-1243111-2026-09-11T10:23:48.038743-05:00,1243111-20511037001,52092.0,PEN,Soles,2026-09-01T11:48:00-05:00
ocds-dgv273-seacev3-1238601,ocds-dgv273-seacev3-1238601-2026-09-11T10:23:48.002057-05:00,1238601-10316686457,62576.0,PEN,Soles,2026-09-01T00:00:00-05:00
ocds-dgv273-seacev3-1244890,ocds-dgv273-seacev3-1244890-2026-09-11T10:23:47.674361-05:00,1244890-20604909687,97500.0,PEN,Soles,2026-09-02T00:00:00-05:00
ocds-dgv273-seacev3-1244284,ocds-dgv273-seacev3-1244284-2026-09-11T10:23:47.502678-05:00,1244284-20613941755,64527.9,PEN,Soles,2026-09-02T00:00:00-05:00
ocds-dgv273-seacev3-1242143,ocds-dgv273-seacev3-1242143-2026-09-11T10:23:47.344930-05:00,1242143-20612044598,533400.0,PEN,Soles,2026-09-09T00:00:00-05:00
ocds-dgv273-seacev3-1241557,ocds-dgv273-seacev3-1241557-2026-09-11T10:23:46.864049-05:00,1241557-10329640553,81700.0,PEN,Soles,2026-08-24T00:00:00-05:00
ocds-dgv273-seacev3-1238317,ocds-dgv273-seacev3-1238317-2026-09-11T10:23:46.800240-05:00,1238317-20134502003,101452.0,PEN,Soles,2026-08-17T18:58:52-05:00
ocds-dgv273-seacev3-1241029,ocds-dgv273-seacev3-1241029-2026-09-11T10:23:46.375054-05:00,1241029-20450302610,139737.5,PEN,Soles,2026-08-24T15:41:25-05:00
ocds-dgv273-seacev3-1239232,ocds-dgv273-seacev3-1239232-2026-09-11T10:23:46.352995-05:00,1239232-10707886841,99999.0,PEN,Soles,2026-08-20T00:00:00-05:00
ocds-dgv273-seacev3-1241855,ocds-dgv273-seacev3-1241855-2026-09-11T10:23:46.134196-05:00,1241855-10062352529,1356396.18,PEN,Soles,2026-08-31T00:00:00-05:00
ocds-dgv273-seacev3-1240210,ocds-dgv273-seacev3-1240210-2026-09-11T10:23:46.055075-05:00,1240210-1827368,189407.01,PEN,Soles,2026-09-09T00:00:00-05:00
ocds-dgv273-seacev3-1240537,ocds-dgv273-seacev3-1240537-2026-09-11T10:23:45.064343-05:00,1240537-20511037001,109880.0,PEN,Soles,2026-08-20T00:00:00-05:00
ocds-dgv273-seacev3-1241361,ocds-dgv273-seacev3-1241361-2026-09-11T10:23:44.826215-05:00,1241361-1826471,372000.0,PEN,Soles,2026-09-01T00:00:00-05:00
ocds-dgv273-seacev3-1242024,ocds-dgv273-seacev3-1242024-2026-09-11T10:23:44.732061-05:00,1242024-20572246737,81412.5,PEN,Soles,2026-08-27T00:00:00-05:00
ocds-dgv273-seacev3-1242013,ocds-dgv273-seacev3-1242013-2026-09-11T10:23:44.646369-05:00,1242013-1829593,4818145.05,PEN,Soles,2026-09-09T00:00:00-05:00
ocds-dgv273-seacev3-1242783,ocds-dgv273-seacev3-1242783-2026-09-11T10:23:44.525692-05:00,1242783-20607735248,223200.0,PEN,Soles,2026-09-09T00:00:00-05:00
ocds-dgv273-seacev3-1241146,ocds-dgv273-seacev3-1241146-2026-09-11T10:23:44.491727-05:00,1241146-20614069547,83800.0,PEN,Soles,2026-08-20T00:00:00-05:00
ocds-dgv273-seacev3-1244802,ocds-dgv273-seacev3-1244802-2026-09-11T10:23:44.375942-05:00,1244802-1829397,648579.96,PEN,Soles,2026-09-08T00:00:00-05:00
ocds-dgv273-seacev3-1243053,ocds-dgv273-seacev3-1243053-2026-09-11T10:23:44.349366-05:00,1243053-20511037001,139596.72,PEN,Soles,2026-09-01T00:00:00-05:00
ocds-dgv273-seacev3-1242958,ocds-dgv273-seacev3-1242958-2026-09-11T10:23:44.333746-05:00,1242958-20602102239,197800.0,PEN,Soles,2026-09-09T00:00:00-05:00
ocds-dgv273-seacev3-1241572,ocds-dgv273-seacev3-1241572-2026-09-11T10:23:43.850860-05:00,1241572-10156713096,81340.0,PEN,Soles,2026-08-24T00:00:00-05:00
ocds-dgv273-seacev3-1240421,ocds-dgv273-seacev3-1240421-2026-09-11T10:23:43.836305-05:00,1240421-1824705,2804256.48,PEN,Soles,2026-09-01T00:00:00-05:00
ocds-dgv273-seacev3-1239157,ocds-dgv273-seacev3-1239157-2026-09-11T10:23:43.131533-05:00,1239157-20601459079,120322.5,PEN,Soles,2026-08-26T00:00:00-05:00
ocds-dgv273-seacev3-1241582,ocds-dgv273-seacev3-1241582-2026-09-11T10:23:42.956851-05:00,1241582-20572246737,158327.0,PEN,Soles,2026-08-27T09:49:34-05:00
ocds-dgv273-seacev3-2026-2525-20,ocds-dgv273-seacev3-2026-2525-20-2026-09-11T10:23:42.879636-05:00,1240692-20545100470,264000.0,PEN,Soles,2026-09-01T00:00:00-05:00
ocds-dgv273-seacev3-1247035,ocds-dgv273-seacev3-1247035-2026-09-11T10:23:42.853674-05:00,1247035-20600064691,143100.96,PEN,Soles,2026-09-09T00:00:00-05:00
ocds-dgv273-seacev3-1240018,ocds-dgv273-seacev3-1240018-2026-09-11T10:23:42.675824-05:00,1240018-20607672513,129500.0,PEN,Soles,2026-09-09T00:00:00-05:00
ocds-dgv273-seacev3-1245236,ocds-dgv273-seacev3-1245236-2026-09-11T10:23:42.606123-05:00,1245236-20572123228,195227.28,PEN,Soles,2026-09-09T00:00:00-05:00
ocds-dgv273-seacev3-1246749,ocds-dgv273-seacev3-1246749-2026-09-11T10:23:36.474882-05:00,1246749-20271691476,186912.0,PEN,Soles,2026-09-09T00:00:00-05:00
ocds-dgv273-seacev3-1244486,ocds-dgv273-seacev3-1244486-2026-09-11T10:23:36.201652-05:00,1244486-1826440,1040811.12,PEN,Soles,2026-09-02T00:00:00-05:00
ocds-dgv273-seacev3-1239800,ocds-dgv273-seacev3-1239800-2026-09-11T10:23:36.096996-05:00,1239800-20511037001,68514.0,PEN,Soles,2026-09-01T00:00:00-05:00
ocds-dgv273-seacev3-1242854,ocds-dgv273-seacev3-1242854-2026-09-11T10:23:35.907100-05:00,1242854-10771625580,72290.0,PEN,Soles,2026-08-31T00:00:00-05:00
ocds-dgv273-seacev3-1239206,ocds-dgv273-seacev3-1239206-2026-09-11T10:23:35.885556-05:00,1239206-20614053128,237000.0,PEN,Soles,2026-08-17T00:00:00-05:00
ocds-dgv273-seacev3-2026-1947-122,ocds-dgv273-seacev3-2026-1947-122-2026-09-11T10:23:35.770367-05:00,1239736-1830261,7096660.0,PEN,Soles,2026-09-09T00:00:00-05:00
ocds-dgv273-seacev3-1242019,ocds-dgv273-seacev3-1242019-2026-09-11T10:23:35.589295-05:00,1242019-10456643898,129093.0,PEN,Soles,2026-08-26T19:32:10-05:00
ocds-dgv273-seacev3-1241494,ocds-dgv273-seacev3-1241494-2026-09-11T10:23:35.575952-05:00,1241494-20602750303,127118.64,PEN,Soles,2026-09-01T00:00:00-05:00
ocds-dgv273-seacev3-1239776,ocds-dgv273-seacev3-1239776-2026-09-11T10:23:35.557207-05:00,1239776-10204430662,36000.0,PEN,Soles,2026-08-21T00:00:00-05:00
ocds-dgv273-seacev3-1239776,ocds-dgv273-seacev3-1239776-2026-09-11T10:23:35.557207-05:00,1239776-10421965302,36000.0,PEN,Soles,2026-08-21T00:00:00-05:00
ocds-dgv273-seacev3-1239776,ocds-dgv273-seacev3-1239776-2026-09-11T10:23:35.557207-05:00,1239776-10484409612,36000.0,PEN,Soles,2026-08-21T00:00:00-05:00
ocds-dgv273-seacev3-1239050,ocds-dgv273-seacev3-1239050-2026-09-11T10:23:35.512531-05:00,1239050-20601850916,125500.0,PEN,Soles,2026-08-24T00:00:00-05:00
ocds-dgv273-seacev3-1240031,ocds-dgv273-seacev3-1240031-2026-09-11T10:23:35.370131-05:00,1240031-20559644243,74250.0,PEN,Soles,2026-08-19T00:00:00-05:00
ocds-dgv273-seacev3-1242666,ocds-dgv273-seacev3-1242666-2026-09-11T10:23:34.698582-05:00,1242666-1826347,3367058.9,PEN,Soles,2026-09-08T00:00:00-05:00
ocds-dgv273-seacev3-1242133,ocds-dgv273-seacev3-1242133-2026-09-11T10:23:34.587456-05:00,1242133-1824970,47140.65,PEN,Soles,2026-09-03T00:00:00-05:00
ocds-dgv273-seacev3-1242190,ocds-dgv273-seacev3-1242190-2026-09-11T10:23:34.546788-05:00,1242190-20605979051,227603.0,PEN,Soles,2026-08-27T00:00:00-05:00
ocds-dgv273-seacev3-1239191,ocds-dgv273-seacev3-1239191-2026-09-11T10:23:34.359118-05:00,1239191-1823787,2580037.55,PEN,Soles,2026-09-01T00:00:00-05:00
ocds-dgv273-seacev3-1239172,ocds-dgv273-seacev3-1239172-2026-09-11T10:23:34.212095-05:00,1239172-10458192699,98237.6,PEN,Soles,2026-08-13T00:00:00-05:00
ocds-dgv273-seacev3-1238210,ocds-dgv273-seacev3-1238210-2026-09-11T10:23:33.863163-05:00,1238210-20608465775,503870.0,PEN,Soles,2026-08-24T16:20:51-05:00
ocds-dgv273-seacev3-1238965,ocds-dgv273-seacev3-1238965-2026-09-11T10:23:33.842795-05:00,1238965-20490040952,176900.0,PEN,Soles,2026-08-18T00:00:00-05:00
ocds-dgv273-seacev3-1240393,ocds-dgv273-seacev3-1240393-2026-09-11T10:23:32.773205-05:00,1240393-1823250,935928.07,PEN,Soles,2026-08-21T00:00:00-05:00
ocds-dgv273-seacev3-1239111,ocds-dgv273-seacev3-1239111-2026-09-11T10:23:32.690754-05:00,1239111-20610573224,68000.0,PEN,Soles,2026-09-01T00:00:00-05:00
ocds-dgv273-seacev3-1239721,ocds-dgv273-seacev3-1239721-2026-09-11T10:23:32.433811-05:00,1239721-20601100593,80000.0,PEN,Soles,2026-09-01T00:00:00-05:00
ocds-dgv273-seacev3-1242875,ocds-dgv273-seacev3-1242875-2026-09-11T10:23:31.838862-05:00,1242875-10404301638,277293.0,PEN,Soles,2026-09-02T00:00:00-05:00
ocds-dgv273-seacev3-1243333,ocds-dgv273-seacev3-1243333-2026-09-11T10:23:31.496925-05:00,1243333-20605684298,215000.0,PEN,Soles,2026-09-02T00:00:00-05:00
ocds-dgv273-seacev3-1238186,ocds-dgv273-seacev3-1238186-2026-09-11T10:23:31.223329-05:00,1238186-20616097831,88055.0,PEN,Soles,2026-08-10T00:00:00-05:00
ocds-dgv273-seacev3-1241723,ocds-dgv273-seacev3-1241723-2026-09-11T10:23:31.096227-05:00,1241723-10702902342,51270.0,PEN,Soles,2026-08-24T00:00:00-05:00
ocds-dgv273-seacev3-1242520,ocds-dgv273-seacev3-1242520-2026-09-11T10:23:30.892455-05:00,1242520-20610907076,93058.0,PEN,Soles,2026-09-09T00:00:00-05:00
ocds-dgv273-seacev3-1240164,ocds-dgv273-seacev3-1240164-2026-09-11T10:23:30.782724-05:00,1240164-20511037001,142100.0,PEN,Soles,2026-08-19T00:00:00-05:00
ocds-dgv273-seacev3-1244839,ocds-dgv273-seacev3-1244839-2026-09-11T10:23:25.366653-05:00,1244839-10453805463,85064.0,PEN,Soles,2026-09-01T00:00:00-05:00
ocds-dgv273-seacev3-1241997,ocds-dgv273-seacev3-1241997-2026-09-11T10:23:25.275588-05:00,1241997-20572246737,92725.0,PEN,Soles,2026-08-27T00:00:00-05:00
ocds-dgv273-seacev3-1243242,ocds-dgv273-seacev3-1243242-2026-09-11T10:23:25.240115-05:00,1243242-20611209399,66248.1,PEN,Soles,2026-09-01T00:00:00-05:00
ocds-dgv273-seacev3-1247056,ocds-dgv273-seacev3-1247056-2026-09-11T10:23:25.180560-05:00,1247056-20481828954,71390.0,PEN,Soles,2026-09-09T00:00:00-05:00
ocds-dgv273-seacev3-1245007,ocds-dgv273-seacev3-1245007-2026-09-11T10:23:25.072623-05:00,1245007-20606447061,99660.0,PEN,Soles,2026-09-01T00:00:00-05:00
ocds-dgv273-seacev3-2026-10141-23,ocds-dgv273-seacev3-2026-10141-23-2026-09-11T10:23:24.846039-05:00,1241301-20602391427,301680.0,PEN,Soles,2026-09-01T00:00:00-05:00
ocds-dgv273-seacev3-1243391,ocds-dgv273-seacev3-1243391-2026-09-11T10:23:24.689466-05:00,1243391-20453695957,570629.72,PEN,Soles,2026-09-08T00:00:00-05:00
ocds-dgv273-seacev3-1241679,ocds-dgv273-seacev3-1241679-2026-09-11T10:23:24.641270-05:00,1241679-1824817,1058459.23,PEN,Soles,2026-09-02T00:00:00-05:00
ocds-dgv273-seacev3-1242979,ocds-dgv273-seacev3-1242979-2026-09-11T10:23:24.264881-05:00,1242979-20568024878,98011.68,PEN,Soles,2026-09-08T00:00:00-05:00
ocds-dgv273-seacev3-1240768,ocds-dgv273-seacev3-1240768-2026-09-11T10:23:24.100943-05:00,1240768-1829032,673252.45,PEN,Soles,2026-09-07T00:00:00-05:00
ocds-dgv273-seacev3-1244539,ocds-dgv273-seacev3-1244539-2026-09-11T10:23:24.029254-05:00,1244539-20601107105,65500.0,PEN,Soles,2026-09-01T00:00:00-05:00
ocds-dgv273-seacev3-1239649,ocds-dgv273-seacev3-1239649-2026-09-11T10:23:23.811459-05:00,1239649-20608589229,256354.79,PEN,Soles,2026-08-19T00:00:00-05:00
ocds-dgv273-seacev3-1245005,ocds-dgv273-seacev3-1245005-2026-09-11T10:23:23.211002-05:00,1245005-1829987,1954158.47,PEN,Nuevos Soles,2026-09-09T00:00:00-05:00
ocds-dgv273-seacev3-1243898,ocds-dgv273-seacev3-1243898-2026-09-11T10:23:22.923886-05:00,1243898-20454205236,129601.51,PEN,Soles,2026-08-26T00:00:00-05:00
ocds-dgv273-seacev3-2026-1926-195,ocds-dgv273-seacev3-2026-1926-195-2026-09-11T10:23:22.811190-05:00,1243033-L9000033072,239760.0,USD,Dólar Norteamericano,2026-08-20T00:00:00-05:00
ocds-dgv273-seacev3-1237524,ocds-dgv273-seacev3-1237524-2026-09-11T10:23:22.727330-05:00,1237524-1829998,11559649.69,PEN,Soles,2026-09-09T00:00:00-05:00
ocds-dgv273-seacev3-1247046,ocds-dgv273-seacev3-1247046-2026-09-11T10:23:22.414353-05:00,1247046-20492353214,71460.8,PEN,Soles,2026-09-09T00:00:00-05:00
ocds-dgv273-seacev3-1245401,ocds-dgv273-seacev3-1245401-2026-09-11T10:23:22.366902-05:00,1245401-1829600,98101.14,PEN,Soles,2026-09-09T00:00:00-05:00
ocds-dgv273-seacev3-1239580,ocds-dgv273-seacev3-1239580-2026-09-11T10:23:22.338569-05:00,1239580-10706036089,144200.0,PEN,Soles,2026-08-20T11:53:18-05:00
ocds-dgv273-seacev3-1243689,ocds-dgv273-seacev3-1243689-2026-09-11T10:23:22.072530-05:00,1243689-20604918996,367500.0,PEN,Soles,2026-09-01T00:00:00-05:00
ocds-dgv273-seacev3-1244376,ocds-dgv273-seacev3-1244376-2026-09-11T10:23:21.983621-05:00,1244376-20533918779,104900.0,PEN,Soles,2026-09-08T00:00:00-05:00
ocds-dgv273-seacev3-1244092,ocds-dgv273-seacev3-1244092-2026-09-11T10:23:21.970986-05:00,1244092-20607783838,142000.0,PEN,Soles,2026-09-08T00:00:00-05:00
ocds-dgv273-seacev3-1241580,ocds-dgv273-seacev3-1241580-2026-09-11T10:23:20.369732-05:00,1241580-1824572,140000.0,PEN,Soles,2026-09-01T00:00:00-05:00
ocds-dgv273-seacev3-1242811,ocds-dgv273-seacev3-1242811-2026-09-11T10:23:20.146598-05:00,1242811-20550596751,54000.0,PEN,Soles,2026-08-31T00:00:00-05:00
ocds-dgv273-seacev3-1243350,ocds-dgv273-seacev3-1243350-2026-09-11T10:23:19.875523-05:00,1243350-10450626550,82460.0,PEN,Soles,2026-08-26T00:00:00-05:00
ocds-dgv273-seacev3-1239611,ocds-dgv273-seacev3-1239611-2026-09-11T10:23:19.723965-05:00,1239611-10422728517,174064.0,PEN,Soles,2026-08-24T00:00:00-05:00
ocds-dgv273-seacev3-1242646,ocds-dgv273-seacev3-1242646-2026-09-11T10:23:13.438668-05:00,1242646-20450302610,52264.5,PEN,Soles,2026-09-01T00:00:00-05:00
ocds-dgv273-seacev3-1247337,ocds-dgv273-seacev3-1247337-2026-09-11T10:23:13.411604-05:00,1247337-20511315922,136113.0,PEN,Soles,2026-09-09T00:00:00-05:00
ocds-dgv273-seacev3-1240964,ocds-dgv273-seacev3-1240964-2026-09-11T10:23:13.326151-05:00,1240964-20612118702,98700.0,PEN,Soles,2026-08-21T00:00:00-05:00
ocds-dgv273-seacev3-1239279,ocds-dgv273-seacev3-1239279-2026-09-11T10:23:13.302783-05:00,1239279-1829774,110500.0,PEN,Soles,2026-09-08T00:00:00-05:00
ocds-dgv273-seacev3-1238873,ocds-dgv273-seacev3-1238873-2026-09-11T10:23:12.945590-05:00,1238873-1825434,128340.0,PEN,Soles,2026-09-01T00:00:00-05:00
ocds-dgv273-seacev3-2026-1871-30,ocds-dgv273-seacev3-2026-1871-30-2026-09-11T10:23:12.777931-05:00,1240657-20351667771,1098363.0,PEN,Soles,2026-08-24T00:00:00-05:00
ocds-dgv273-seacev3-1242070,ocds-dgv273-seacev3-1242070-2026-09-11T10:23:12.475495-05:00,1242070-1822532,17960381.39,PEN,Soles,2026-08-20T00:00:00-05:00
ocds-dgv273-seacev3-1239898,ocds-dgv273-seacev3-1239898-2026-09-11T10:23:12.295116-05:00,1239898-1824439,389088.0,PEN,Soles,2026-09-02T00:00:00-05:00
ocds-dgv273-seacev3-1246145,ocds-dgv273-seacev3-1246145-2026-09-11T10:23:12.194694-05:00,1246145-20600860969,2667500.0,PEN,Soles,2026-09-03T00:00:00-05:00
ocds-dgv273-seacev3-1240844,ocds-dgv273-seacev3-1240844-2026-09-11T10:23:12.180987-05:00,1240844-1824699,327425.54,PEN,Soles,2026-09-02T00:00:00-05:00
ocds-dgv273-seacev3-1245115,ocds-dgv273-seacev3-1245115-2026-09-11T10:23:11.977831-05:00,1245115-1830136,600198.54,PEN,Soles,2026-09-09T00:00:00-05:00
ocds-dgv273-seacev3-1242470,ocds-dgv273-seacev3-1242470-2026-09-11T10:23:11.806368-05:00,1242470-20522173933,102175.0,PEN,Soles,2026-08-31T17:37:07-05:00
ocds-dgv273-seacev3-1243131,ocds-dgv273-seacev3-1243131-2026-09-11T10:23:11.679917-05:00,1243131-20615383831,48300.0,PEN,Soles,2026-08-26T00:00:00-05:00
ocds-dgv273-seacev3-1246498,ocds-dgv273-seacev3-1246498-2026-09-11T10:23:11.609926-05:00,1246498-10441160840,106395.93,PEN,Soles,2026-09-01T00:00:00-05:00
ocds-dgv273-seacev3-1239292,ocds-dgv273-seacev3-1239292-2026-09-11T10:23:11.376659-05:00,1239292-1829527,88000.0,PEN,Soles,2026-09-08T00:00:00-05:00
ocds-dgv273-seacev3-1239590,ocds-dgv273-seacev3-1239590-2026-09-11T10:23:11.009935-05:00,1239590-20610156097,70110.0,PEN,Soles,2026-08-14T00:00:00-05:00
ocds-dgv273-seacev3-1245248,ocds-dgv273-seacev3-1245248-2026-09-11T10:23:10.772337-05:00,1245248-1829545,2832747.51,PEN,Soles,2026-09-09T00:00:00-05:00
ocds-dgv273-seacev3-1245117,ocds-dgv273-seacev3-1245117-2026-09-11T10:23:10.759585-05:00,1245117-20608549952,81000.0,PEN,Soles,2026-09-02T00:00:00-05:00
ocds-dgv273-seacev3-1240969,ocds-dgv273-seacev3-1240969-2026-09-11T10:23:10.594959-05:00,1240969-1823682,310031.09,PEN,Soles,2026-09-01T00:00:00-05:00
ocds-dgv273-seacev3-1242778,ocds-dgv273-seacev3-1242778-2026-09-11T10:23:10.563041-05:00,1242778-20423409011,276250.0,PEN,Soles,2026-08-31T00:00:00-05:00
ocds-dgv273-seacev3-1243353,ocds-dgv273-seacev3-1243353-2026-09-11T10:23:10.523483-05:00,1243353-1827953,595932.36,PEN,Soles,2026-09-08T00:00:00-05:00
ocds-dgv273-seacev3-1242531,ocds-dgv273-seacev3-1242531-2026-09-11T10:23:10.366229-05:00,1242531-1826323,278000.0,PEN,Soles,2026-09-09T00:00:00-05:00
ocds-dgv273-seacev3-1243402,ocds-dgv273-seacev3-1243402-2026-09-11T10:23:10.224167-05:00,1243402-10195722795,73882.0,PEN,Soles,2026-09-01T00:00:00-05:00
ocds-dgv273-seacev3-1244454,ocds-dgv273-seacev3-1244454-2026-09-11T10:23:10.164655-05:00,1244454-1828463,92750.0,PEN,Soles,2026-09-09T00:00:00-05:00
ocds-dgv273-seacev3-1242745,ocds-dgv273-seacev3-1242745-2026-09-11T10:23:09.786889-05:00,1242745-20359580615,122484.0,PEN,Soles,2026-09-09T00:00:00-05:00
ocds-dgv273-seacev3-1239141,ocds-dgv273-seacev3-1239141-2026-09-11T10:23:09.721910-05:00,1239141-20600008812,335900.0,PEN,Soles,2026-08-27T20:19:34-05:00
ocds-dgv273-seacev3-1240144,ocds-dgv273-seacev3-1240144-2026-09-11T10:23:09.398860-05:00,1240144-20602758851,297000.0,PEN,Soles,2026-09-01T00:00:00-05:00
ocds-dgv273-seacev3-2026-1003050457-1,ocds-dgv273-seacev3-2026-1003050457-1-2026-09-11T10:23:09.344657-05:00,1238116-20557084364,142384.89,PEN,Soles,2026-08-19T00:00:00-05:00
ocds-dgv273-seacev3-1241039,ocds-dgv273-seacev3-1241039-2026-09-11T10:23:08.125385-05:00,1241039-20606871831,393120.0,PEN,Soles,2026-09-08T00:00:00-05:00
ocds-dgv273-seacev3-2026-1926-40,ocds-dgv273-seacev3-2026-1926-40-2026-09-11T10:23:07.989060-05:00,1240726-20199144961,180000.0,PEN,Soles,2026-09-08T00:00:00-05:00
ocds-dgv273-seacev3-1239366,ocds-dgv273-seacev3-1239366-2026-09-11T10:23:07.661831-05:00,1239366-1822355,202796.31,PEN,Soles,2026-08-19T00:00:00-05:00
ocds-dgv273-seacev3-1238320,ocds-dgv273-seacev3-1238320-2026-09-11T10:23:07.614851-05:00,1238320-1822727,88252.27,PEN,Soles,2026-09-01T00:00:00-05:00
ocds-dgv273-seacev3-1242937,ocds-dgv273-seacev3-1242937-2026-09-10T10:20:31.112399-05:00,1242937-1826057,128500.0,PEN,Soles,2026-09-07T00:00:00-05:00
ocds-dgv273-seacev3-1238763,ocds-dgv273-seacev3-1238763-2026-09-10T10:20:30.325694-05:00,1238763-20610959432,506962.5,PEN,Soles,2026-08-26T00:00:00-05:00
ocds-dgv273-seacev3-1240459,ocds-dgv273-seacev3-1240459-2026-09-10T10:20:29.953471-05:00,1240459-20608030035,891000.0,PEN,Soles,2026-08-26T00:00:00-05:00
ocds-dgv273-seacev3-1242308,ocds-dgv273-seacev3-1242308-2026-09-10T10:20:29.445096-05:00,1242308-20495713564,64950.0,PEN,Soles,2026-08-31T00:00:00-05:00
ocds-dgv273-seacev3-1247311,ocds-dgv273-seacev3-1247311-2026-09-10T10:20:29.432512-05:00,1247311-20100163986,111250.0,PEN,Soles,2026-09-08T00:00:00-05:00
ocds-dgv273-seacev3-1242674,ocds-dgv273-seacev3-1242674-2026-09-10T10:20:28.863174-05:00,1242674-20559825892,167575.23,PEN,Soles,2026-09-07T00:00:00-05:00
ocds-dgv273-seacev3-1241567,ocds-dgv273-seacev3-1241567-2026-09-10T10:20:28.572191-05:00,1241567-20609578701,230000.0,PEN,Soles,2026-08-31T00:00:00-05:00
ocds-dgv273-seacev3-1238772,ocds-dgv273-seacev3-1238772-2026-09-10T10:20:28.020419-05:00,1238772-10789851242,120000.0,PEN,Soles,2026-08-19T00:00:00-05:00
ocds-dgv273-seacev3-2026-399-20,ocds-dgv273-seacev3-2026-399-20-2026-09-10T10:20:27.706867-05:00,1238563-1823021,107500.0,PEN,Soles,2026-08-28T00:00:00-05:00
ocds-dgv273-seacev3-1247866,ocds-dgv273-seacev3-1247866-2026-09-10T10:20:27.686420-05:00,1247866-1829340,682095.59,PEN,Soles,2026-09-08T00:00:00-05:00
ocds-dgv273-seacev3-1241322,ocds-dgv273-seacev3-1241322-2026-09-10T10:20:27.439959-05:00,1241322-20602249221,85500.0,PEN,Soles,2026-08-19T00:00:00-05:00
ocds-dgv273-seacev3-2026-2543-884,ocds-dgv273-seacev3-2026-2543-884-2026-09-10T10:20:27.283008-05:00,1238088-1828206,1321000.0,PEN,Soles,2026-09-07T00:00:00-05:00
ocds-dgv273-seacev3-1244214,ocds-dgv273-seacev3-1244214-2026-09-10T10:20:27.168302-05:00,1244214-20610368485,54749.64,PEN,Soles,2026-09-07T00:00:00-05:00
ocds-dgv273-seacev3-1238255,ocds-dgv273-seacev3-1238255-2026-09-10T10:20:27.065624-05:00,1238255-10012862844,283880.0,PEN,Soles,2026-08-31T00:00:00-05:00
ocds-dgv273-seacev3-1247527,ocds-dgv273-seacev3-1247527-2026-09-10T10:20:26.619451-05:00,1247527-20612589829,271373.0,PEN,Soles,2026-09-07T00:00:00-05:00
ocds-dgv273-seacev3-1242474,ocds-dgv273-seacev3-1242474-2026-09-10T10:20:26.442847-05:00,1242474-20610594779,99800.0,PEN,Soles,2026-08-28T00:00:00-05:00
ocds-dgv273-seacev3-1237754,ocds-dgv273-seacev3-1237754-2026-09-10T10:20:26.390597-05:00,1237754-20615539687,73450.0,PEN,Soles,2026-08-12T00:00:00-05:00
ocds-dgv273-seacev3-1244534,ocds-dgv273-seacev3-1244534-2026-09-10T10:20:26.325768-05:00,1244534-20448349013,92560.0,PEN,Soles,2026-09-01T00:00:00-05:00
ocds-dgv273-seacev3-1242450,ocds-dgv273-seacev3-1242450-2026-09-10T10:20:26.311498-05:00,1242450-10443132592,78764.0,PEN,Soles,2026-08-24T00:00:00-05:00
ocds-dgv273-seacev3-1242219,ocds-dgv273-seacev3-1242219-2026-09-10T10:20:20.204096-05:00,1242219-20447940044,157300.0,PEN,Soles,2026-08-28T00:00:00-05:00
ocds-dgv273-seacev3-1240253,ocds-dgv273-seacev3-1240253-2026-09-10T10:20:20.055321-05:00,1240253-1825302,286160.0,PEN,Soles,2026-08-27T00:00:00-05:00
ocds-dgv273-seacev3-1241272,ocds-dgv273-seacev3-1241272-2026-09-10T10:20:19.965253-05:00,1241272-1826285,2305466.02,PEN,Soles,2026-08-31T00:00:00-05:00
ocds-dgv273-seacev3-1241191,ocds-dgv273-seacev3-1241191-2026-09-10T10:20:19.837068-05:00,1241191-20607439673,158603.0,PEN,Soles,2026-08-31T00:00:00-05:00
ocds-dgv273-seacev3-1243426,ocds-dgv273-seacev3-1243426-2026-09-10T10:20:19.670285-05:00,1243426-20612681598,129800.0,PEN,Soles,2026-09-07T00:00:00-05:00
ocds-dgv273-seacev3-1239523,ocds-dgv273-seacev3-1239523-2026-09-10T10:20:19.569685-05:00,1239523-20553853355,65520.0,PEN,Soles,2026-08-31T00:00:00-05:00
ocds-dgv273-seacev3-1243499,ocds-dgv273-seacev3-1243499-2026-09-10T10:20:19.522876-05:00,1243499-1828422,759026.0,PEN,Soles,2026-09-07T00:00:00-05:00
ocds-dgv273-seacev3-1238345,ocds-dgv273-seacev3-1238345-2026-09-10T10:20:19.444182-05:00,1238345-20610281258,46200.0,PEN,Soles,2026-08-28T00:00:00-05:00
ocds-dgv273-seacev3-1240152,ocds-dgv273-seacev3-1240152-2026-09-10T10:20:19.402304-05:00,1240152-1828246,4625876.14,PEN,Soles,2026-09-07T00:00:00-05:00
ocds-dgv273-seacev3-1239320,ocds-dgv273-seacev3-1239320-2026-09-10T10:20:19.298469-05:00,1239320-20558243717,277949.79,PEN,Soles,2026-09-01T00:00:00-05:00
ocds-dgv273-seacev3-1239395,ocds-dgv273-seacev3-1239395-2026-09-10T10:20:19.125656-05:00,1239395-1822619,1287187.51,PEN,Soles,2026-08-21T00:00:00-05:00
ocds-dgv273-seacev3-1239139,ocds-dgv273-seacev3-1239139-2026-09-10T10:20:19.108933-05:00,1239139-20402641241,89981.0,PEN,Soles,2026-08-19T00:00:00-05:00
ocds-dgv273-seacev3-1239774,ocds-dgv273-seacev3-1239774-2026-09-10T10:20:18.996328-05:00,1239774-1822658,353197.75,PEN,Soles,2026-08-20T00:00:00-05:00
ocds-dgv273-seacev3-1244689,ocds-dgv273-seacev3-1244689-2026-09-10T10:20:18.951594-05:00,1244689-20100091543,265592.7,PEN,Soles,2026-09-08T00:00:00-05:00
ocds-dgv273-seacev3-1244689,ocds-dgv273-seacev3-1244689-2026-09-10T10:20:18.951594-05:00,1244689-20381450377,98000.0,PEN,Soles,2026-09-08T00:00:00-05:00
ocds-dgv273-seacev3-1244689,ocds-dgv273-seacev3-1244689-2026-09-10T10:20:18.951594-05:00,1244689-20602837549,67950.0,PEN,Soles,2026-09-08T00:00:00-05:00
ocds-dgv273-seacev3-1243636,ocds-dgv273-seacev3-1243636-2026-09-10T10:20:18.782588-05:00,1243636-20602006965,92850.41,PEN,Soles,2026-08-31T00:00:00-05:00
ocds-dgv273-seacev3-1240105,ocds-dgv273-seacev3-1240105-2026-09-10T10:20:18.758799-05:00,1240105-20607509523,199150.0,PEN,Soles,2026-08-21T17:04:55-05:00
ocds-dgv273-seacev3-1238218,ocds-dgv273-seacev3-1238218-2026-09-10T10:20:18.095810-05:00,1238218-20100862132,68825.0,PEN,Soles,2026-08-31T00:00:00-05:00
ocds-dgv273-seacev3-1241117,ocds-dgv273-seacev3-1241117-2026-09-10T10:20:18.014194-05:00,1241117-20609000199,47966.97,PEN,Soles,2026-08-26T00:00:00-05:00
ocds-dgv273-seacev3-1244440,ocds-dgv273-seacev3-1244440-2026-09-10T10:20:16.276333-05:00,1244440-1828146,550198.74,PEN,Soles,2026-09-08T00:00:00-05:00
ocds-dgv273-seacev3-2026-10615-16,ocds-dgv273-seacev3-2026-10615-16-2026-09-10T10:20:16.003840-05:00,1219852-1809147,621686.44,PEN,Soles,2026-07-08T00:00:00-05:00
ocds-dgv273-seacev3-2026-10615-16,ocds-dgv273-seacev3-2026-10615-16-2026-09-10T10:20:16.003840-05:00,1244201-1829418,621686.44,PEN,Soles,2026-09-08T00:00:00-05:00
ocds-dgv273-seacev3-1241713,ocds-dgv273-seacev3-1241713-2026-09-10T10:20:15.914508-05:00,1241713-10470660746,95000.0,PEN,Soles,2026-08-28T00:00:00-05:00
ocds-dgv273-seacev3-1239094,ocds-dgv273-seacev3-1239094-2026-09-10T10:20:15.680368-05:00,1239094-20606399431,197400.0,PEN,Soles,2026-08-26T00:00:00-05:00
ocds-dgv273-seacev3-2026-10137-29,ocds-dgv273-seacev3-2026-10137-29-2026-09-10T10:20:15.484463-05:00,1245203-20220015743,554400.0,PEN,Soles,2026-09-08T17:31:28-05:00
ocds-dgv273-seacev3-1245720,ocds-dgv273-seacev3-1245720-2026-09-10T10:20:15.074907-05:00,1245720-1826927,788239.56,PEN,Soles,2026-09-01T00:00:00-05:00
ocds-dgv273-seacev3-1242363,ocds-dgv273-seacev3-1242363-2026-09-10T10:20:15.013297-05:00,1242363-20611056495,48900.0,PEN,Soles,2026-08-31T00:00:00-05:00
ocds-dgv273-seacev3-1240803,ocds-dgv273-seacev3-1240803-2026-09-10T10:20:14.948543-05:00,1240803-20616176847,63580.0,PEN,Soles,2026-08-19T00:00:00-05:00
ocds-dgv273-seacev3-1239131,ocds-dgv273-seacev3-1239131-2026-09-10T10:20:14.921093-05:00,1239131-20613193538,675640.0,PEN,Soles,2026-08-27T00:00:00-05:00
ocds-dgv273-seacev3-1241995,ocds-dgv273-seacev3-1241995-2026-09-10T10:20:09.248746-05:00,1241995-1825194,283350.17,PEN,Soles,2026-08-31T00:00:00-05:00
ocds-dgv273-seacev3-1239793,ocds-dgv273-seacev3-1239793-2026-09-10T10:20:09.119627-05:00,1239793-10702931261,189000.0,PEN,Soles,2026-08-26T00:00:00-05:00
ocds-dgv273-seacev3-1241682,ocds-dgv273-seacev3-1241682-2026-09-10T10:20:09.093956-05:00,1241682-20100061474,98568.0,PEN,Soles,2026-09-08T00:00:00-05:00
ocds-dgv273-seacev3-1240988,ocds-dgv273-seacev3-1240988-2026-09-10T10:20:08.358692-05:00,1240988-1825284,100000.0,PEN,Soles,2026-08-31T00:00:00-05:00
ocds-dgv273-seacev3-1244081,ocds-dgv273-seacev3-1244081-2026-09-10T10:20:08.254066-05:00,1244081-1828820,164208.0,PEN,Soles,2026-09-07T00:00:00-05:00
ocds-dgv273-seacev3-1241369,ocds-dgv273-seacev3-1241369-2026-09-10T10:20:08.211924-05:00,1241369-1825718,4819463.05,PEN,Soles,2026-08-31T00:00:00-05:00
ocds-dgv273-seacev3-1243954,ocds-dgv273-seacev3-1243954-2026-09-10T10:20:07.614537-05:00,1243954-10199950733,80000.0,PEN,Soles,2026-09-07T00:00:00-05:00
ocds-dgv273-seacev3-1242050,ocds-dgv273-seacev3-1242050-2026-09-10T10:20:07.587845-05:00,1242050-10285654373,70050.0,PEN,Soles,2026-08-21T00:00:00-05:00
ocds-dgv273-seacev3-1244245,ocds-dgv273-seacev3-1244245-2026-09-10T10:20:07.203725-05:00,1244245-20601886520,576939.77,PEN,Soles,2026-09-07T00:00:00-05:00
ocds-dgv273-seacev3-1240369,ocds-dgv273-seacev3-1240369-2026-09-10T10:20:07.166766-05:00,1240369-20612582743,54895.0,PEN,Soles,2026-08-17T00:00:00-05:00
ocds-dgv273-seacev3-1243316,ocds-dgv273-seacev3-1243316-2026-09-10T10:20:06.988416-05:00,1243316-1828978,123600.0,PEN,Soles,2026-09-08T00:00:00-05:00
ocds-dgv273-seacev3-1242680,ocds-dgv273-seacev3-1242680-2026-09-10T10:20:06.894700-05:00,1242680-20610324003,81674.0,PEN,Soles,2026-08-28T00:00:00-05:00
ocds-dgv273-seacev3-1242480,ocds-dgv273-seacev3-1242480-2026-09-10T10:20:06.859952-05:00,1242480-10718414232,98607.0,PEN,Soles,2026-08-24T00:00:00-05:00
ocds-dgv273-seacev3-1246131,ocds-dgv273-seacev3-1246131-2026-09-10T10:20:06.812944-05:00,1246131-20552504641,152000.0,PEN,Soles,2026-09-02T00:00:00-05:00
ocds-dgv273-seacev3-1242490,ocds-dgv273-seacev3-1242490-2026-09-10T10:20:06.758975-05:00,1242490-10179126473,48990.0,PEN,Soles,2026-08-24T00:00:00-05:00
ocds-dgv273-seacev3-1245251,ocds-dgv273-seacev3-1245251-2026-09-10T10:20:06.630295-05:00,1245251-20573313055,454079.61,PEN,Soles,2026-08-31T00:00:00-05:00
ocds-dgv273-seacev3-2026-1949-5,ocds-dgv273-seacev3-2026-1949-5-2026-09-10T10:20:06.601665-05:00,1242008-20611129875,369900.0,PEN,Soles,2026-08-31T00:00:00-05:00
ocds-dgv273-seacev3-1240934,ocds-dgv273-seacev3-1240934-2026-09-10T10:20:06.592379-05:00,1240934-1826444,1510706.87,PEN,Soles,2026-09-01T00:00:00-05:00
ocds-dgv273-seacev3-1239015,ocds-dgv273-seacev3-1239015-2026-09-10T10:20:06.416103-05:00,1239015-20610476580,375100.0,PEN,Soles,2026-08-25T00:00:00-05:00
ocds-dgv273-seacev3-1241380,ocds-dgv273-seacev3-1241380-2026-09-10T10:20:05.557038-05:00,1241380-20600108906,41000.0,PEN,Soles,2026-08-25T00:00:00-05:00
ocds-dgv273-seacev3-1240315,ocds-dgv273-seacev3-1240315-2026-09-10T10:20:05.536424-05:00,1240315-20412214618,170850.0,PEN,Soles,2026-08-20T00:00:00-05:00
ocds-dgv273-seacev3-2026-2407-85,ocds-dgv273-seacev3-2026-2407-85-2026-09-10T10:20:05.457479-05:00,1242017-20450700771,415000.0,PEN,Soles,2026-08-31T00:00:00-05:00
ocds-dgv273-seacev3-1241434,ocds-dgv273-seacev3-1241434-2026-09-10T10:20:05.273510-05:00,1241434-20556034720,323886.6,PEN,Soles,2026-08-31T00:00:00-05:00
ocds-dgv273-seacev3-1242059,ocds-dgv273-seacev3-1242059-2026-09-10T10:20:05.167314-05:00,1242059-20492353214,63220.0,PEN,Soles,2026-08-19T00:00:00-05:00
ocds-dgv273-seacev3-1241701,ocds-dgv273-seacev3-1241701-2026-09-10T10:20:05.154204-05:00,1241701-20607837733,1463000.0,PEN,Soles,2026-08-26T00:00:00-05:00
ocds-dgv273-seacev3-1241681,ocds-dgv273-seacev3-1241681-2026-09-10T10:20:05.141284-05:00,1241681-20615041786,89000.0,PEN,Soles,2026-08-31T00:00:00-05:00
ocds-dgv273-seacev3-1240987,ocds-dgv273-seacev3-1240987-2026-09-10T10:20:05.108219-05:00,1240987-20615716368,284381.46,PEN,Soles,2026-08-31T00:00:00-05:00
ocds-dgv273-seacev3-1238859,ocds-dgv273-seacev3-1238859-2026-09-10T10:20:05.087685-05:00,1238859-1827493,85721.0,PEN,Soles,2026-09-08T00:00:00-05:00
ocds-dgv273-seacev3-1244028,ocds-dgv273-seacev3-1244028-2026-09-10T10:20:04.804864-05:00,1244028-20600989040,66179.2,PEN,Soles,2026-09-01T00:00:00-05:00
ocds-dgv273-seacev3-1240025,ocds-dgv273-seacev3-1240025-2026-09-10T10:20:04.392246-05:00,1240025-1822702,1312060.28,PEN,Soles,2026-08-21T00:00:00-05:00
ocds-dgv273-seacev3-1241052,ocds-dgv273-seacev3-1241052-2026-09-10T10:20:04.330460-05:00,1241052-20604767165,69960.0,PEN,Soles,2026-08-20T00:00:00-05:00
ocds-dgv273-seacev3-1247165,ocds-dgv273-seacev3-1247165-2026-09-10T10:20:04.308222-05:00,1247165-20610907360,30000.0,PEN,Soles,2026-09-08T00:00:00-05:00
ocds-dgv273-seacev3-1243091,ocds-dgv273-seacev3-1243091-2026-09-10T10:20:04.145144-05:00,1243091-20534666218,624641.39,PEN,Soles,2026-09-03T00:00:00-05:00
ocds-dgv273-seacev3-1240458,ocds-dgv273-seacev3-1240458-2026-09-10T10:20:04.116384-05:00,1240458-20614053128,191990.0,PEN,Soles,2026-08-20T00:00:00-05:00
ocds-dgv273-seacev3-1243138,ocds-dgv273-seacev3-1243138-2026-09-10T10:20:03.865600-05:00,1243138-20608247514,179800.0,PEN,Soles,2026-09-01T00:00:00-05:00
ocds-dgv273-seacev3-1242230,ocds-dgv273-seacev3-1242230-2026-09-10T10:20:03.788328-05:00,1242230-20601335141,91800.0,PEN,Soles,2026-08-24T00:00:00-05:00
ocds-dgv273-seacev3-2026-212-5,ocds-dgv273-seacev3-2026-212-5-2026-09-10T10:20:03.739606-05:00,1239158-20602203566,81957.08,PEN,Soles,2026-08-18T00:00:00-05:00
ocds-dgv273-seacev3-1241374,ocds-dgv273-seacev3-1241374-2026-09-10T10:20:03.639271-05:00,1241374-20608518585,155584.0,PEN,Soles,2026-09-01T00:00:00-05:00
ocds-dgv273-seacev3-1241237,ocds-dgv273-seacev3-1241237-2026-09-10T10:20:03.623327-05:00,1241237-20564454126,371470.1,PEN,Soles,2026-09-08T00:00:00-05:00
ocds-dgv273-seacev3-1239144,ocds-dgv273-seacev3-1239144-2026-09-10T10:20:03.447684-05:00,1239144-20544097700,500000.0,PEN,Soles,2026-08-12T00:00:00-05:00
ocds-dgv273-seacev3-1239845,ocds-dgv273-seacev3-1239845-2026-09-10T10:20:03.404180-05:00,1239845-20600226704,1420208.18,PEN,Soles,2026-08-21T00:00:00-05:00
ocds-dgv273-seacev3-1239362,ocds-dgv273-seacev3-1239362-2026-09-10T10:20:03.352664-05:00,1239362-1822257,93594.0,PEN,Soles,2026-08-20T00:00:00-05:00
ocds-dgv273-seacev3-1244853,ocds-dgv273-seacev3-1244853-2026-09-10T10:20:03.312357-05:00,1244853-20494883865,124557.6,PEN,Soles,2026-09-08T00:00:00-05:00
ocds-dgv273-seacev3-1242734,ocds-dgv273-seacev3-1242734-2026-09-10T10:20:02.994385-05:00,1242734-20605629408,666216.0,PEN,Soles,2026-09-08T00:00:00-05:00
ocds-dgv273-seacev3-1242501,ocds-dgv273-seacev3-1242501-2026-09-10T10:20:02.832481-05:00,1242501-10613179831,128000.08,PEN,Soles,2026-09-08T00:00:00-05:00
ocds-dgv273-seacev3-1242172,ocds-dgv273-seacev3-1242172-2026-09-10T10:19:58.053571-05:00,1242172-20603429321,47995.77,PEN,Soles,2026-08-27T00:00:00-05:00
ocds-dgv273-seacev3-1244132,ocds-dgv273-seacev3-1244132-2026-09-10T10:19:57.253100-05:00,1244132-1828205,408199.68,PEN,Soles,2026-09-08T00:00:00-05:00
ocds-dgv273-seacev3-1244073,ocds-dgv273-seacev3-1244073-2026-09-10T10:19:56.908347-05:00,1244073-20570727924,2068211.59,PEN,Soles,2026-09-07T00:00:00-05:00
ocds-dgv273-seacev3-1241683,ocds-dgv273-seacev3-1241683-2026-09-10T10:19:56.442888-05:00,1241683-20573898690,230950.0,PEN,Soles,2026-08-28T00:00:00-05:00
ocds-dgv273-seacev3-1239340,ocds-dgv273-seacev3-1239340-2026-09-10T10:19:55.835841-05:00,1239340-10182252137,51000.0,PEN,Soles,2026-08-31T00:00:00-05:00
ocds-dgv273-seacev3-1243336,ocds-dgv273-seacev3-1243336-2026-09-10T10:19:55.673833-05:00,1243336-10026903608,183009.15,PEN,Soles,2026-09-08T00:00:00-05:00
ocds-dgv273-seacev3-1244210,ocds-dgv273-seacev3-1244210-2026-09-10T10:19:55.627849-05:00,1244210-20605661671,99250.0,PEN,Soles,2026-08-31T00:00:00-05:00
ocds-dgv273-seacev3-1241337,ocds-dgv273-seacev3-1241337-2026-09-10T10:19:55.337575-05:00,1241337-1825303,200000.0,PEN,Soles,2026-08-31T00:00:00-05:00
ocds-dgv273-seacev3-1242840,ocds-dgv273-seacev3-1242840-2026-09-10T10:19:55.282906-05:00,1242840-20607070921,69695.0,PEN,Soles,2026-08-26T00:00:00-05:00
ocds-dgv273-seacev3-1238781,ocds-dgv273-seacev3-1238781-2026-09-10T10:19:54.878109-05:00,1238781-1821234,1937431.95,PEN,Soles,2026-08-19T00:00:00-05:00
ocds-dgv273-seacev3-1243174,ocds-dgv273-seacev3-1243174-2026-09-10T10:19:54.832834-05:00,1243174-20604475059,74999.0,PEN,Soles,2026-09-07T00:00:00-05:00
ocds-dgv273-seacev3-1238179,ocds-dgv273-seacev3-1238179-2026-09-10T10:19:54.600903-05:00,1238179-20609570131,642719.4,PEN,Soles,2026-08-31T00:00:00-05:00
ocds-dgv273-seacev3-1241913,ocds-dgv273-seacev3-1241913-2026-09-10T10:19:53.940614-05:00,1241913-20609840791,187572.0,PEN,Soles,2026-08-27T00:00:00-05:00
ocds-dgv273-seacev3-1242062,ocds-dgv273-seacev3-1242062-2026-09-10T10:19:53.433931-05:00,1242062-20604638004,54850.0,PEN,Soles,2026-08-27T00:00:00-05:00
ocds-dgv273-seacev3-1244348,ocds-dgv273-seacev3-1244348-2026-09-10T10:19:53.421752-05:00,1244348-20513679875,87004.8,PEN,Soles,2026-08-31T00:00:00-05:00
ocds-dgv273-seacev3-1245613,ocds-dgv273-seacev3-1245613-2026-09-10T10:19:53.301759-05:00,1245613-1827265,724120.0,PEN,Soles,2026-09-01T00:00:00-05:00
ocds-dgv273-seacev3-2026-1926-181,ocds-dgv273-seacev3-2026-1926-181-2026-09-10T10:19:53.220039-05:00,1242297-20538780325,56187.69,USD,Dólar Norteamericano,2026-09-07T00:00:00-05:00
ocds-dgv273-seacev3-1240804,ocds-dgv273-seacev3-1240804-2026-09-10T10:19:53.150264-05:00,1240804-1824033,510547.94,PEN,Soles,2026-08-27T00:00:00-05:00
ocds-dgv273-seacev3-1240699,ocds-dgv273-seacev3-1240699-2026-09-10T10:19:53.027781-05:00,1240699-10248714650,233400.0,PEN,Soles,2026-08-31T00:00:00-05:00
ocds-dgv273-seacev3-1238334,ocds-dgv273-seacev3-1238334-2026-09-10T10:19:52.954907-05:00,1238334-20612214957,55350.0,PEN,Soles,2026-08-19T00:00:00-05:00
ocds-dgv273-seacev3-1239341,ocds-dgv273-seacev3-1239341-2026-09-10T10:19:52.829223-05:00,1239341-1824664,85600.0,PEN,Soles,2026-08-31T00:00:00-05:00
ocds-dgv273-seacev3-1241547,ocds-dgv273-seacev3-1241547-2026-09-10T10:19:52.614978-05:00,1241547-20573293861,136658.47,PEN,Soles,2026-09-08T00:00:00-05:00
ocds-dgv273-seacev3-1245063,ocds-dgv273-seacev3-1245063-2026-09-10T10:19:52.299340-05:00,1245063-10282916563,65160.0,PEN,Soles,2026-09-08T00:00:00-05:00
ocds-dgv273-seacev3-1245063,ocds-dgv273-seacev3-1245063-2026-09-10T10:19:52.299340-05:00,1245063-20509860981,407192.1,PEN,Soles,2026-09-08T00:00:00-05:00
ocds-dgv273-seacev3-1242477,ocds-dgv273-seacev3-1242477-2026-09-10T10:19:46.130634-05:00,1242477-20511037001,167737.5,PEN,Soles,2026-08-31T00:00:00-05:00
ocds-dgv273-seacev3-1240882,ocds-dgv273-seacev3-1240882-2026-09-10T10:19:45.854581-05:00,1240882-20602748678,332558.0,PEN,Soles,2026-09-04T00:00:00-05:00
ocds-dgv273-seacev3-1240013,ocds-dgv273-seacev3-1240013-2026-09-10T10:19:45.584808-05:00,1240013-10238934694,89100.0,PEN,Soles,2026-08-24T00:00:00-05:00
ocds-dgv273-seacev3-2026-200164-1,ocds-dgv273-seacev3-2026-200164-1-2026-09-10T10:19:44.840851-05:00,1242849-20603032480,64600.0,PEN,Soles,2026-09-01T00:00:00-05:00
ocds-dgv273-seacev3-1239784,ocds-dgv273-seacev3-1239784-2026-09-10T10:19:44.354423-05:00,1239784-1822704,69206.14,PEN,Soles,2026-08-31T00:00:00-05:00
ocds-dgv273-seacev3-1239063,ocds-dgv273-seacev3-1239063-2026-09-10T10:19:44.235386-05:00,1239063-20610740082,93595.0,PEN,Soles,2026-08-25T00:00:00-05:00
ocds-dgv273-seacev3-1242967,ocds-dgv273-seacev3-1242967-2026-09-10T10:19:44.021859-05:00,1242967-20505110651,78760.0,PEN,Soles,2026-09-07T00:00:00-05:00
ocds-dgv273-seacev3-1244854,ocds-dgv273-seacev3-1244854-2026-09-10T10:19:43.973580-05:00,1244854-10457636232,349554.78,PEN,Soles,2026-09-07T00:00:00-05:00
ocds-dgv273-seacev3-1242044,ocds-dgv273-seacev3-1242044-2026-09-10T10:19:43.850074-05:00,1242044-20550683645,116500.0,PEN,Soles,2026-08-31T00:00:00-05:00
ocds-dgv273-seacev3-2026-2373-39,ocds-dgv273-seacev3-2026-2373-39-2026-09-10T10:19:43.800548-05:00,1240051-20600204352,265680.0,PEN,Soles,2026-08-25T00:00:00-05:00
ocds-dgv273-seacev3-1242497,ocds-dgv273-seacev3-1242497-2026-09-10T10:19:43.712920-05:00,1242497-20613663801,83269.5,PEN,Soles,2026-08-24T00:00:00-05:00
ocds-dgv273-seacev3-1238566,ocds-dgv273-seacev3-1238566-2026-09-10T10:19:43.678731-05:00,1238566-20502919793,76810.2,PEN,Soles,2026-08-24T00:00:00-05:00
ocds-dgv273-seacev3-1244559,ocds-dgv273-seacev3-1244559-2026-09-10T10:19:43.417357-05:00,1244559-1828523,1766790.78,PEN,Soles,2026-09-08T00:00:00-05:00
ocds-dgv273-seacev3-1244430,ocds-dgv273-seacev3-1244430-2026-09-10T10:19:43.398165-05:00,1244430-20613107828,182975.0,PEN,Soles,2026-09-08T19:20:28-05:00
ocds-dgv273-seacev3-1238994,ocds-dgv273-seacev3-1238994-2026-09-10T10:19:43.381587-05:00,1238994-20610476580,401500.0,PEN,Soles,2026-08-25T00:00:00-05:00
ocds-dgv273-seacev3-2026-962-2,ocds-dgv273-seacev3-2026-962-2-2026-09-10T10:19:43.294157-05:00,1241935-1826029,736413.85,PEN,Soles,2026-08-31T00:00:00-05:00
ocds-dgv273-seacev3-1242588,ocds-dgv273-seacev3-1242588-2026-09-10T10:19:43.152994-05:00,1242588-10067726494,27000.0,PEN,Soles,2026-08-19T00:00:00-05:00
ocds-dgv273-seacev3-2026-2392-109,ocds-dgv273-seacev3-2026-2392-109-2026-09-10T10:19:43.106284-05:00,1241725-20467534026,143720.0,PEN,Soles,2026-09-08T00:00:00-05:00
ocds-dgv273-seacev3-1240413,ocds-dgv273-seacev3-1240413-2026-09-10T10:19:42.876831-05:00,1240413-1823670,1021173.66,PEN,Soles,2026-09-01T00:00:00-05:00
ocds-dgv273-seacev3-1240871,ocds-dgv273-seacev3-1240871-2026-09-10T10:19:41.794129-05:00,1240871-20603820968,17500.0,PEN,Soles,2026-08-24T00:00:00-05:00
ocds-dgv273-seacev3-1241646,ocds-dgv273-seacev3-1241646-2026-09-10T10:19:41.513501-05:00,1241646-20604202842,49191.0,PEN,Soles,2026-08-28T00:00:00-05:00
ocds-dgv273-seacev3-1244614,ocds-dgv273-seacev3-1244614-2026-09-10T10:19:40.724854-05:00,1244614-20612464341,129800.0,PEN,Soles,2026-09-08T00:00:00-05:00
ocds-dgv273-seacev3-1238995,ocds-dgv273-seacev3-1238995-2026-09-10T10:19:40.530514-05:00,1238995-20563979144,95000.0,PEN,Soles,2026-08-31T00:00:00-05:00
ocds-dgv273-seacev3-1240225,ocds-dgv273-seacev3-1240225-2026-09-10T10:19:40.450247-05:00,1240225-10238934694,702000.0,PEN,Soles,2026-08-26T00:00:00-05:00
ocds-dgv273-seacev3-1241467,ocds-dgv273-seacev3-1241467-2026-09-10T10:19:34.884845-05:00,1241467-20533647724,126000.0,PEN,Soles,2026-09-08T00:00:00-05:00
ocds-dgv273-seacev3-1241065,ocds-dgv273-seacev3-1241065-2026-09-10T10:19:34.776644-05:00,1241065-20601002915,90500.4,PEN,Soles,2026-08-20T00:00:00-05:00
ocds-dgv273-seacev3-1238527,ocds-dgv273-seacev3-1238527-2026-09-10T10:19:34.383509-05:00,1238527-1821403,1760039.33,PEN,Soles,2026-08-19T00:00:00-05:00
ocds-dgv273-seacev3-1242493,ocds-dgv273-seacev3-1242493-2026-09-10T10:19:33.731725-05:00,1242493-L9000033088,5725.6,PEN,Soles,2026-08-25T00:00:00-05:00
ocds-dgv273-seacev3-1246168,ocds-dgv273-seacev3-1246168-2026-09-10T10:19:33.484803-05:00,1246168-1828302,1221829.34,PEN,Soles,2026-09-08T00:00:00-05:00
ocds-dgv273-seacev3-1241696,ocds-dgv273-seacev3-1241696-2026-09-10T10:19:33.455811-05:00,1241696-20492897664,65313.0,PEN,Soles,2026-08-28T00:00:00-05:00
ocds-dgv273-seacev3-1240753,ocds-dgv273-seacev3-1240753-2026-09-10T10:19:33.401718-05:00,1240753-1822624,920000.0,PEN,Soles,2026-08-20T00:00:00-05:00
ocds-dgv273-seacev3-1241774,ocds-dgv273-seacev3-1241774-2026-09-10T10:19:33.110621-05:00,1241774-1825963,1355815.23,PEN,Soles,2026-09-01T00:00:00-05:00
ocds-dgv273-seacev3-2026-10246-37,ocds-dgv273-seacev3-2026-10246-37-2026-09-10T10:19:32.458347-05:00,1242714-1827539,143050.0,PEN,Soles,2026-09-04T00:00:00-05:00
ocds-dgv273-seacev3-1243346,ocds-dgv273-seacev3-1243346-2026-09-10T10:19:32.417615-05:00,1243346-20603429321,57088.0,PEN,Soles,2026-08-27T00:00:00-05:00
ocds-dgv273-seacev3-1245009,ocds-dgv273-seacev3-1245009-2026-09-10T10:19:32.219246-05:00,1245009-20607941697,472000.0,PEN,Soles,2026-09-08T00:00:00-05:00
ocds-dgv273-seacev3-1242373,ocds-dgv273-seacev3-1242373-2026-09-10T10:19:32.173690-05:00,1242373-10700072351,74447.0,PEN,Soles,2026-08-31T00:00:00-05:00
ocds-dgv273-seacev3-1238153,ocds-dgv273-seacev3-1238153-2026-09-10T10:19:32.040405-05:00,1238153-20448135561,1042800.0,PEN,Soles,2026-09-08T00:00:00-05:00
ocds-dgv273-seacev3-1243982,ocds-dgv273-seacev3-1243982-2026-09-10T10:19:31.981931-05:00,1243982-20603228899,96500.0,PEN,Soles,2026-08-31T00:00:00-05:00
ocds-dgv273-seacev3-1241652,ocds-dgv273-seacev3-1241652-2026-09-10T10:19:31.920703-05:00,1241652-20606948507,1521000.0,PEN,Soles,2026-09-08T00:00:00-05:00
ocds-dgv273-seacev3-1241623,ocds-dgv273-seacev3-1241623-2026-09-10T10:19:31.907845-05:00,1241623-20533647724,66500.0,PEN,Soles,2026-09-08T00:00:00-05:00
ocds-dgv273-seacev3-1241205,ocds-dgv273-seacev3-1241205-2026-09-10T10:19:31.806435-05:00,1241205-10625143107,68385.0,PEN,Soles,2026-08-19T00:00:00-05:00
ocds-dgv273-seacev3-1241111,ocds-dgv273-seacev3-1241111-2026-09-10T10:19:31.593655-05:00,1241111-1826104,111200.0,PEN,Soles,2026-08-31T00:00:00-05:00
ocds-dgv273-seacev3-1246162,ocds-dgv273-seacev3-1246162-2026-09-10T10:19:31.489941-05:00,1246162-1828491,74431.62,PEN,Soles,2026-09-08T00:00:00-05:00
ocds-dgv273-seacev3-1243049,ocds-dgv273-seacev3-1243049-2026-09-10T10:19:31.456372-05:00,1243049-20611743662,59900.0,PEN,Soles,2026-08-26T00:00:00-05:00
ocds-dgv273-seacev3-1247217,ocds-dgv273-seacev3-1247217-2026-09-10T10:19:31.308522-05:00,1247217-20604033528,101952.0,PEN,Soles,2026-09-08T00:00:00-05:00
ocds-dgv273-seacev3-1238467,ocds-dgv273-seacev3-1238467-2026-09-10T10:19:31.238655-05:00,1238467-10458163427,51232.5,PEN,Soles,2026-08-21T00:00:00-05:00
ocds-dgv273-seacev3-2026-739-4,ocds-dgv273-seacev3-2026-739-4-2026-09-10T10:19:31.108098-05:00,1244514-10443462991,191294.39,PEN,Soles,2026-09-07T00:00:00-05:00
ocds-dgv273-seacev3-2026-1342-3,ocds-dgv273-seacev3-2026-1342-3-2026-09-10T10:19:31.034952-05:00,1244402-20467534026,89701.6,PEN,Soles,2026-09-07T00:00:00-05:00
ocds-dgv273-seacev3-1241181,ocds-dgv273-seacev3-1241181-2026-09-10T10:19:31.019015-05:00,1241181-20565643496,390798.0,PEN,Nuevos Soles,2026-08-28T00:00:00-05:00
ocds-dgv273-seacev3-1247244,ocds-dgv273-seacev3-1247244-2026-09-10T10:19:29.566015-05:00,1247244-20100210658,69030.0,PEN,Soles,2026-09-08T00:00:00-05:00
ocds-dgv273-seacev3-1244987,ocds-dgv273-seacev3-1244987-2026-09-10T10:19:29.407522-05:00,1244987-1829143,195055.99,PEN,Soles,2026-09-07T00:00:00-05:00
ocds-dgv273-seacev3-1243343,ocds-dgv273-seacev3-1243343-2026-09-10T10:19:29.373478-05:00,1243343-1828554,130000.0,PEN,Soles,2026-09-07T00:00:00-05:00
ocds-dgv273-seacev3-1239475,ocds-dgv273-seacev3-1239475-2026-09-10T10:19:29.286446-05:00,1239475-10239463610,649000.0,PEN,Soles,2026-09-08T00:00:00-05:00
ocds-dgv273-seacev3-1239475,ocds-dgv273-seacev3-1239475-2026-09-10T10:19:29.286446-05:00,1239475-10801746000,289000.0,PEN,Soles,2026-09-08T00:00:00-05:00
ocds-dgv273-seacev3-1239475,ocds-dgv273-seacev3-1239475-2026-09-10T10:19:29.286446-05:00,1239475-17116738643,56000.0,PEN,Soles,2026-09-08T00:00:00-05:00
ocds-dgv273-seacev3-1239475,ocds-dgv273-seacev3-1239475-2026-09-10T10:19:29.286446-05:00,1239475-20448139981,221500.0,PEN,Soles,2026-09-08T00:00:00-05:00
ocds-dgv273-seacev3-1239475,ocds-dgv273-seacev3-1239475-2026-09-10T10:19:29.286446-05:00,1239475-20527165602,109600.0,PEN,Soles,2026-09-08T00:00:00-05:00
ocds-dgv273-seacev3-1239878,ocds-dgv273-seacev3-1239878-2026-09-10T10:19:29.218164-05:00,1239878-1829843,7208983.13,PEN,Soles,2026-09-08T00:00:00-05:00
ocds-dgv273-seacev3-1242660,ocds-dgv273-seacev3-1242660-2026-09-10T10:19:22.900882-05:00,1242660-20100365341,55224.0,PEN,Soles,2026-09-08T00:00:00-05:00
ocds-dgv273-seacev3-1241890,ocds-dgv273-seacev3-1241890-2026-09-10T10:19:22.463060-05:00,1241890-20612056341,76898.64,PEN,Soles,2026-08-26T00:00:00-05:00
ocds-dgv273-seacev3-1243280,ocds-dgv273-seacev3-1243280-2026-09-10T10:19:22.025748-05:00,1243280-1827141,360308.86,PEN,Soles,2026-09-08T00:00:00-05:00
ocds-dgv273-seacev3-1242096,ocds-dgv273-seacev3-1242096-2026-09-10T10:19:21.936758-05:00,1242096-10452463020,52000.0,PEN,Soles,2026-08-31T00:00:00-05:00
ocds-dgv273-seacev3-1241637,ocds-dgv273-seacev3-1241637-2026-09-10T10:19:21.921255-05:00,1241637-20557719874,421336.0,PEN,Soles,2026-09-08T00:00:00-05:00
ocds-dgv273-seacev3-1235225,ocds-dgv273-seacev3-1235225-2026-09-10T10:19:21.816996-05:00,1235225-20492213552,595000.0,PEN,Soles,2026-09-08T00:00:00-05:00
ocds-dgv273-seacev3-2026-243393-20,ocds-dgv273-seacev3-2026-243393-20-2026-09-10T10:19:21.700993-05:00,1244293-L0609016743,2504.46,PEN,Soles,2026-08-26T00:00:00-05:00
ocds-dgv273-seacev3-1242199,ocds-dgv273-seacev3-1242199-2026-09-10T10:19:21.564749-05:00,1242199-1825721,450000.0,PEN,Soles,2026-09-07T00:00:00-05:00
ocds-dgv273-seacev3-1242764,ocds-dgv273-seacev3-1242764-2026-09-10T10:19:21.357283-05:00,1242764-1826267,140600.0,PEN,Soles,2026-08-31T00:00:00-05:00
ocds-dgv273-seacev3-1242415,ocds-dgv273-seacev3-1242415-2026-09-10T10:19:21.114603-05:00,1242415-20609383284,81532.0,PEN,Soles,2026-08-24T00:00:00-05:00
ocds-dgv273-seacev3-1240474,ocds-dgv273-seacev3-1240474-2026-09-10T10:19:21.099316-05:00,1240474-20610692690,186000.0,PEN,Soles,2026-08-20T00:00:00-05:00
ocds-dgv273-seacev3-1245255,ocds-dgv273-seacev3-1245255-2026-09-10T10:19:21.073836-05:00,1245255-1825634,266219.8,PEN,Soles,2026-08-27T00:00:00-05:00
ocds-dgv273-seacev3-1242141,ocds-dgv273-seacev3-1242141-2026-09-10T10:19:21.045646-05:00,1242141-1826882,1890994.71,PEN,Soles,2026-09-07T00:00:00-05:00
ocds-dgv273-seacev3-1241831,ocds-dgv273-seacev3-1241831-2026-09-10T10:19:20.954617-05:00,1241831-10167093529,297000.0,PEN,Soles,2026-09-08T00:00:00-05:00
ocds-dgv273-seacev3-2026-2409-143,ocds-dgv273-seacev3-2026-2409-143-2026-09-10T10:19:20.940925-05:00,1240216-20611250402,68999.0,PEN,Soles,2026-08-31T00:00:00-05:00
ocds-dgv273-seacev3-1241477,ocds-dgv273-seacev3-1241477-2026-09-10T10:19:20.924183-05:00,1241477-1825012,423852.79,PEN,Soles,2026-08-27T00:00:00-05:00
ocds-dgv273-seacev3-1239564,ocds-dgv273-seacev3-1239564-2026-09-10T10:19:20.911131-05:00,1239564-20504312403,63321.0,PEN,Soles,2026-09-01T00:00:00-05:00
ocds-dgv273-seacev3-1241525,ocds-dgv273-seacev3-1241525-2026-09-10T10:19:20.587358-05:00,1241525-1824635,567311.07,PEN,Nuevos Soles,2026-08-27T00:00:00-05:00
ocds-dgv273-seacev3-1243103,ocds-dgv273-seacev3-1243103-2026-09-10T10:19:19.883504-05:00,1243103-1828948,1613539.4,PEN,Soles,2026-09-07T00:00:00-05:00
ocds-dgv273-seacev3-1238443,ocds-dgv273-seacev3-1238443-2026-09-10T10:19:19.862183-05:00,1238443-20511037001,111500.0,PEN,Soles,2026-08-19T00:00:00-05:00
ocds-dgv273-seacev3-1243877,ocds-dgv273-seacev3-1243877-2026-09-10T10:19:19.783318-05:00,1243877-20606812290,94950.0,PEN,Soles,2026-08-28T00:00:00-05:00
ocds-dgv273-seacev3-1238797,ocds-dgv273-seacev3-1238797-2026-09-10T10:19:19.630266-05:00,1238797-20517651509,611419.0,PEN,Soles,2026-08-31T00:00:00-05:00
ocds-dgv273-seacev3-1243735,ocds-dgv273-seacev3-1243735-2026-09-10T10:19:19.252871-05:00,1243735-1829206,1618835.04,PEN,Soles,2026-09-08T00:00:00-05:00
ocds-dgv273-seacev3-1242641,ocds-dgv273-seacev3-1242641-2026-09-10T10:19:19.211653-05:00,1242641-1829087,950448.84,PEN,Soles,2026-09-08T00:00:00-05:00
ocds-dgv273-seacev3-1243441,ocds-dgv273-seacev3-1243441-2026-09-10T10:19:19.023314-05:00,1243441-20612385361,80000.0,PEN,Soles,2026-09-08T00:00:00-05:00
ocds-dgv273-seacev3-1243284,ocds-dgv273-seacev3-1243284-2026-09-10T10:19:18.996968-05:00,1243284-20610732543,377000.0,PEN,Soles,2026-08-31T00:00:00-05:00
ocds-dgv273-seacev3-1238260,ocds-dgv273-seacev3-1238260-2026-09-10T10:19:18.908357-05:00,1238260-20564500845,60873.0,PEN,Soles,2026-08-10T00:00:00-05:00
ocds-dgv273-seacev3-1244039,ocds-dgv273-seacev3-1244039-2026-09-10T10:19:18.888007-05:00,1244039-1828174,571643.24,PEN,Soles,2026-09-08T00:00:00-05:00
ocds-dgv273-seacev3-1242455,ocds-dgv273-seacev3-1242455-2026-09-10T10:19:18.859073-05:00,1242455-20600036379,65000.0,PEN,Soles,2026-08-27T00:00:00-05:00
ocds-dgv273-seacev3-1242856,ocds-dgv273-seacev3-1242856-2026-09-10T10:19:18.787697-05:00,1242856-20155695901,93600.0,PEN,Soles,2026-09-07T00:00:00-05:00
ocds-dgv273-seacev3-1243120,ocds-dgv273-seacev3-1243120-2026-09-10T10:19:18.690131-05:00,1243120-20448283322,42237.0,PEN,Soles,2026-09-01T00:00:00-05:00
ocds-dgv273-seacev3-1238547,ocds-dgv273-seacev3-1238547-2026-09-10T10:19:18.626387-05:00,1238547-20612898201,149899.0,PEN,Soles,2026-08-28T00:00:00-05:00
ocds-dgv273-seacev3-1236665,ocds-dgv273-seacev3-1236665-2026-09-10T10:19:18.612467-05:00,1236665-20609470012,114293.45,PEN,Soles,2026-08-13T00:00:00-05:00
ocds-dgv273-seacev3-1238073,ocds-dgv273-seacev3-1238073-2026-09-10T10:19:18.407138-05:00,1238073-10729503083,304889.0,PEN,Soles,2026-08-26T00:00:00-05:00
ocds-dgv273-seacev3-1244621,ocds-dgv273-seacev3-1244621-2026-09-10T10:19:17.251831-05:00,1244621-1828725,299861.51,PEN,Soles,2026-09-07T00:00:00-05:00
ocds-dgv273-seacev3-1241008,ocds-dgv273-seacev3-1241008-2026-09-10T10:19:17.013157-05:00,1241008-1828278,1391778.51,PEN,Soles,2026-09-07T00:00:00-05:00
ocds-dgv273-seacev3-1247653,ocds-dgv273-seacev3-1247653-2026-09-09T10:24:35.955930-05:00,1247653-1828682,5217707.47,PEN,Soles,2026-09-04T00:00:00-05:00
ocds-dgv273-seacev3-1241232,ocds-dgv273-seacev3-1241232-2026-09-09T10:24:34.598780-05:00,1241232-20614801761,385440.0,PEN,Soles,2026-08-28T00:00:00-05:00
ocds-dgv273-seacev3-1243702,ocds-dgv273-seacev3-1243702-2026-09-09T10:24:34.552941-05:00,1243702-1828177,484500.0,PEN,Soles,2026-09-04T00:00:00-05:00
ocds-dgv273-seacev3-1242687,ocds-dgv273-seacev3-1242687-2026-09-09T10:24:34.469904-05:00,1242687-20600111150,56878.22,PEN,Soles,2026-08-28T22:52:29-05:00
ocds-dgv273-seacev3-1243115,ocds-dgv273-seacev3-1243115-2026-09-09T10:24:34.170225-05:00,1243115-20502794648,9877011.6,PEN,Soles,2026-09-07T00:00:00-05:00
ocds-dgv273-seacev3-1243115,ocds-dgv273-seacev3-1243115-2026-09-09T10:24:34.170225-05:00,1243115-20614574985,340000.0,PEN,Soles,2026-09-07T00:00:00-05:00
ocds-dgv273-seacev3-1240356,ocds-dgv273-seacev3-1240356-2026-09-09T10:24:34.156629-05:00,1240356-20600995902,470700.0,PEN,Soles,2026-08-28T00:00:00-05:00
ocds-dgv273-seacev3-1239352,ocds-dgv273-seacev3-1239352-2026-09-09T10:24:34.127771-05:00,1239352-1823398,144231.84,PEN,Soles,2026-08-27T00:00:00-05:00
ocds-dgv273-seacev3-1238777,ocds-dgv273-seacev3-1238777-2026-09-09T10:24:34.011782-05:00,1238777-1828943,5748274.16,PEN,Soles,2026-09-07T00:00:00-05:00
ocds-dgv273-seacev3-1245284,ocds-dgv273-seacev3-1245284-2026-09-09T10:24:33.751704-05:00,1245284-1826047,3426324.0,PEN,Soles,2026-09-07T00:00:00-05:00
ocds-dgv273-seacev3-1245329,ocds-dgv273-seacev3-1245329-2026-09-09T10:24:33.711865-05:00,1245329-1827383,1710698.53,PEN,Soles,2026-09-04T00:00:00-05:00
ocds-dgv273-seacev3-1245329,ocds-dgv273-seacev3-1245329-2026-09-09T10:24:33.711865-05:00,1245329-1827397,1733879.8,PEN,Soles,2026-09-04T00:00:00-05:00
ocds-dgv273-seacev3-1240624,ocds-dgv273-seacev3-1240624-2026-09-09T10:24:33.683752-05:00,1240624-1827240,327972.15,PEN,Soles,2026-09-04T00:00:00-05:00
ocds-dgv273-seacev3-1243940,ocds-dgv273-seacev3-1243940-2026-09-09T10:24:33.585758-05:00,1243940-1828666,1084089.0,PEN,Soles,2026-09-07T00:00:00-05:00
ocds-dgv273-seacev3-1244338,ocds-dgv273-seacev3-1244338-2026-09-09T10:24:33.384959-05:00,1244338-1828542,79858.44,PEN,Soles,2026-09-04T00:00:00-05:00
ocds-dgv273-seacev3-1243802,ocds-dgv273-seacev3-1243802-2026-09-09T10:24:33.365355-05:00,1243802-20613905058,68400.0,PEN,Soles,2026-08-28T00:00:00-05:00
ocds-dgv273-seacev3-1241438,ocds-dgv273-seacev3-1241438-2026-09-09T10:24:33.191739-05:00,1241438-10296175167,50720.0,PEN,Soles,2026-08-21T00:00:00-05:00
ocds-dgv273-seacev3-1243809,ocds-dgv273-seacev3-1243809-2026-09-09T10:24:32.631728-05:00,1243809-20564007707,47500.0,PEN,Nuevos Soles,2026-09-07T00:00:00-05:00
ocds-dgv273-seacev3-1240462,ocds-dgv273-seacev3-1240462-2026-09-09T10:24:32.315261-05:00,1240462-20470358484,300300.0,PEN,Soles,2026-08-20T00:00:00-05:00
ocds-dgv273-seacev3-1240067,ocds-dgv273-seacev3-1240067-2026-09-09T10:24:32.008623-05:00,1240067-20449458436,65236.0,PEN,Soles,2026-08-19T15:49:59-05:00
ocds-dgv273-seacev3-1241382,ocds-dgv273-seacev3-1241382-2026-09-09T10:24:31.882679-05:00,1241382-1824333,1953292.36,PEN,Soles,2026-08-28T00:00:00-05:00
ocds-dgv273-seacev3-1244458,ocds-dgv273-seacev3-1244458-2026-09-09T10:24:31.677478-05:00,1244458-20611043873,350500.0,PEN,Soles,2026-09-07T15:59:29-05:00
ocds-dgv273-seacev3-1242108,ocds-dgv273-seacev3-1242108-2026-09-09T10:24:31.446541-05:00,1242108-1825939,4303126.66,PEN,Soles,2026-08-28T00:00:00-05:00
ocds-dgv273-seacev3-1240945,ocds-dgv273-seacev3-1240945-2026-09-09T10:24:31.243886-05:00,1240945-1828371,441466.84,PEN,Soles,2026-09-07T00:00:00-05:00
ocds-dgv273-seacev3-1242998,ocds-dgv273-seacev3-1242998-2026-09-09T10:24:30.662454-05:00,1242998-20614718251,63135.0,PEN,Soles,2026-08-28T00:00:00-05:00
ocds-dgv273-seacev3-1242583,ocds-dgv273-seacev3-1242583-2026-09-09T10:24:30.648100-05:00,1242583-10181337341,58850.0,PEN,Soles,2026-08-27T00:00:00-05:00
ocds-dgv273-seacev3-1238769,ocds-dgv273-seacev3-1238769-2026-09-09T10:24:30.058652-05:00,1238769-20564091813,231012.72,PEN,Soles,2026-08-28T00:00:00-05:00
ocds-dgv273-seacev3-1244955,ocds-dgv273-seacev3-1244955-2026-09-09T10:24:30.019891-05:00,1244955-10012156630,504000.0,PEN,Soles,2026-08-31T00:00:00-05:00
ocds-dgv273-seacev3-1242790,ocds-dgv273-seacev3-1242790-2026-09-09T10:24:29.752366-05:00,1242790-1828567,2548377.69,PEN,Soles,2026-09-07T00:00:00-05:00
ocds-dgv273-seacev3-1244779,ocds-dgv273-seacev3-1244779-2026-09-09T10:24:29.353442-05:00,1244779-20603690240,63904.5,PEN,Nuevos Soles,2026-09-01T00:00:00-05:00
ocds-dgv273-seacev3-1242125,ocds-dgv273-seacev3-1242125-2026-09-09T10:24:29.277552-05:00,1242125-1825603,499995.22,PEN,Soles,2026-08-31T00:00:00-05:00
ocds-dgv273-seacev3-1243092,ocds-dgv273-seacev3-1243092-2026-09-09T10:24:29.122988-05:00,1243092-1827630,2381488.83,PEN,Soles,2026-09-04T00:00:00-05:00
ocds-dgv273-seacev3-1239565,ocds-dgv273-seacev3-1239565-2026-09-09T10:24:28.967451-05:00,1239565-20511037001,265225.0,PEN,Soles,2026-08-27T00:00:00-05:00
ocds-dgv273-seacev3-1244618,ocds-dgv273-seacev3-1244618-2026-09-09T10:24:28.820180-05:00,1244618-20606038284,70800.0,PEN,Soles,2026-09-07T00:00:00-05:00
ocds-dgv273-seacev3-1242418,ocds-dgv273-seacev3-1242418-2026-09-09T10:24:23.557397-05:00,1242418-20495713564,181335.0,PEN,Soles,2026-09-04T00:00:00-05:00
ocds-dgv273-seacev3-1241593,ocds-dgv273-seacev3-1241593-2026-09-09T10:24:22.980343-05:00,1241593-10406491949,149990.0,PEN,Soles,2026-08-27T00:00:00-05:00
ocds-dgv273-seacev3-1241161,ocds-dgv273-seacev3-1241161-2026-09-09T10:24:22.446283-05:00,1241161-20610055797,293376.0,PEN,Soles,2026-08-28T00:00:00-05:00
ocds-dgv273-seacev3-1242485,ocds-dgv273-seacev3-1242485-2026-09-09T10:24:22.388276-05:00,1242485-20511037001,68175.0,PEN,Soles,2026-08-27T00:00:00-05:00
ocds-dgv273-seacev3-1244299,ocds-dgv273-seacev3-1244299-2026-09-09T10:24:22.340606-05:00,1244299-20602754881,787240.53,PEN,Soles,2026-09-04T00:00:00-05:00
ocds-dgv273-seacev3-1243959,ocds-dgv273-seacev3-1243959-2026-09-09T10:24:22.310829-05:00,1243959-1828462,378193.78,PEN,Soles,2026-09-07T00:00:00-05:00
ocds-dgv273-seacev3-1241689,ocds-dgv273-seacev3-1241689-2026-09-09T10:24:21.915838-05:00,1241689-20601793289,64014.6,PEN,Soles,2026-08-27T00:00:00-05:00
ocds-dgv273-seacev3-1240275,ocds-dgv273-seacev3-1240275-2026-09-09T10:24:21.727101-05:00,1240275-20406293271,203400.0,PEN,Soles,2026-08-26T00:00:00-05:00
ocds-dgv273-seacev3-1242169,ocds-dgv273-seacev3-1242169-2026-09-09T10:24:21.296754-05:00,1242169-20511037001,150300.0,PEN,Soles,2026-08-28T18:40:05-05:00
ocds-dgv273-seacev3-1240218,ocds-dgv273-seacev3-1240218-2026-09-09T10:24:21.163341-05:00,1240218-20606170930,105500.0,PEN,Soles,2026-08-24T00:00:00-05:00
ocds-dgv273-seacev3-1240652,ocds-dgv273-seacev3-1240652-2026-09-09T10:24:20.931002-05:00,1240652-1827325,1656426.81,PEN,Soles,2026-09-07T00:00:00-05:00
ocds-dgv273-seacev3-1242738,ocds-dgv273-seacev3-1242738-2026-09-09T10:24:20.703589-05:00,1242738-20600111150,44412.0,PEN,Soles,2026-08-28T22:51:24-05:00
ocds-dgv273-seacev3-1242260,ocds-dgv273-seacev3-1242260-2026-09-09T10:24:20.555387-05:00,1242260-20605122397,410040.0,PEN,Soles,2026-08-27T00:00:00-05:00
ocds-dgv273-seacev3-1241904,ocds-dgv273-seacev3-1241904-2026-09-09T10:24:20.396270-05:00,1241904-1825929,810393.3,PEN,Soles,2026-09-01T00:00:00-05:00
ocds-dgv273-seacev3-1239374,ocds-dgv273-seacev3-1239374-2026-09-09T10:24:20.367794-05:00,1239374-1825066,1976944.4,PEN,Soles,2026-08-28T00:00:00-05:00
ocds-dgv273-seacev3-1240765,ocds-dgv273-seacev3-1240765-2026-09-09T10:24:20.208232-05:00,1240765-1823740,478968.0,PEN,Soles,2026-08-28T00:00:00-05:00
ocds-dgv273-seacev3-1241998,ocds-dgv273-seacev3-1241998-2026-09-09T10:24:20.162681-05:00,1241998-20563136562,177486.4,PEN,Soles,2026-08-28T00:00:00-05:00
ocds-dgv273-seacev3-1240094,ocds-dgv273-seacev3-1240094-2026-09-09T10:24:19.575158-05:00,1240094-1823558,2525411.74,PEN,Soles,2026-08-31T00:00:00-05:00
ocds-dgv273-seacev3-1240061,ocds-dgv273-seacev3-1240061-2026-09-09T10:24:19.560572-05:00,1240061-20172627421,73500.0,PEN,Soles,2026-08-20T00:00:00-05:00
ocds-dgv273-seacev3-1241702,ocds-dgv273-seacev3-1241702-2026-09-09T10:24:19.225725-05:00,1241702-20534206721,79875.6,PEN,Soles,2026-08-28T00:00:00-05:00
ocds-dgv273-seacev3-1243328,ocds-dgv273-seacev3-1243328-2026-09-09T10:24:19.185696-05:00,1243328-1828538,2003836.89,PEN,Soles,2026-09-07T00:00:00-05:00
ocds-dgv273-seacev3-1242324,ocds-dgv273-seacev3-1242324-2026-09-09T10:24:19.063463-05:00,1242324-20551215327,46480.0,PEN,Soles,2026-08-31T00:00:00-05:00
ocds-dgv273-seacev3-1240002,ocds-dgv273-seacev3-1240002-2026-09-09T10:24:18.916703-05:00,1240002-20615766659,95000.0,PEN,Soles,2026-08-19T00:00:00-05:00
ocds-dgv273-seacev3-1242081,ocds-dgv273-seacev3-1242081-2026-09-09T10:24:18.873396-05:00,1242081-20408093504,300496.56,PEN,Soles,2026-09-04T00:00:00-05:00
ocds-dgv273-seacev3-1241407,ocds-dgv273-seacev3-1241407-2026-09-09T10:24:18.858152-05:00,1241407-20559859525,284411.82,PEN,Soles,2026-08-28T00:00:00-05:00
ocds-dgv273-seacev3-1240582,ocds-dgv273-seacev3-1240582-2026-09-09T10:24:18.844849-05:00,1240582-1823014,937801.37,PEN,Soles,2026-08-27T00:00:00-05:00
ocds-dgv273-seacev3-1241300,ocds-dgv273-seacev3-1241300-2026-09-09T10:24:18.573634-05:00,1241300-20610379363,176896.13,PEN,Soles,2026-08-26T00:00:00-05:00
ocds-dgv273-seacev3-1239696,ocds-dgv273-seacev3-1239696-2026-09-09T10:24:18.419896-05:00,1239696-1825445,70211.0,PEN,Soles,2026-08-27T00:00:00-05:00
ocds-dgv273-seacev3-1241284,ocds-dgv273-seacev3-1241284-2026-09-09T10:24:18.122221-05:00,1241284-20512153110,92200.0,PEN,Soles,2026-09-04T00:00:00-05:00
ocds-dgv273-seacev3-1240814,ocds-dgv273-seacev3-1240814-2026-09-09T10:24:18.108648-05:00,1240814-20612635031,363000.0,PEN,Soles,2026-08-17T00:00:00-05:00
ocds-dgv273-seacev3-1239440,ocds-dgv273-seacev3-1239440-2026-09-09T10:24:17.974627-05:00,1239440-1824425,265074.0,PEN,Soles,2026-08-28T00:00:00-05:00
ocds-dgv273-seacev3-1239083,ocds-dgv273-seacev3-1239083-2026-09-09T10:24:17.877424-05:00,1239083-20601608341,78540.0,PEN,Soles,2026-08-28T00:00:00-05:00
ocds-dgv273-seacev3-1242685,ocds-dgv273-seacev3-1242685-2026-09-09T10:24:17.585596-05:00,1242685-1826383,873305.81,PEN,Soles,2026-09-07T00:00:00-05:00
ocds-dgv273-seacev3-1240187,ocds-dgv273-seacev3-1240187-2026-09-09T10:24:13.189678-05:00,1240187-10218087006,65880.0,PEN,Soles,2026-09-07T00:00:00-05:00
ocds-dgv273-seacev3-1237926,ocds-dgv273-seacev3-1237926-2026-09-09T10:24:13.028859-05:00,1237926-1821287,57360.0,PEN,Soles,2026-08-28T00:00:00-05:00
ocds-dgv273-seacev3-1240358,ocds-dgv273-seacev3-1240358-2026-09-09T10:24:12.606171-05:00,1240358-1823616,167091.09,PEN,Soles,2026-08-28T00:00:00-05:00
ocds-dgv273-seacev3-1240099,ocds-dgv273-seacev3-1240099-2026-09-09T10:24:12.441377-05:00,1240099-20606811510,211200.0,PEN,Soles,2026-08-28T00:00:00-05:00
ocds-dgv273-seacev3-1240594,ocds-dgv273-seacev3-1240594-2026-09-09T10:24:12.229436-05:00,1240594-20511037001,68397.84,PEN,Soles,2026-08-20T00:00:00-05:00
ocds-dgv273-seacev3-1240323,ocds-dgv273-seacev3-1240323-2026-09-09T10:24:11.776476-05:00,1240323-20612130346,117233.0,PEN,Soles,2026-08-31T00:00:00-05:00
ocds-dgv273-seacev3-1239822,ocds-dgv273-seacev3-1239822-2026-09-09T10:24:11.433838-05:00,1239822-20609994992,95850.0,PEN,Soles,2026-08-28T00:00:00-05:00
ocds-dgv273-seacev3-1238902,ocds-dgv273-seacev3-1238902-2026-09-09T10:24:11.060595-05:00,1238902-20610427228,62500.0,PEN,Soles,2026-08-20T00:00:00-05:00
ocds-dgv273-seacev3-1242760,ocds-dgv273-seacev3-1242760-2026-09-09T10:24:10.976451-05:00,1242760-20600112407,85470.0,PEN,Soles,2026-08-28T00:00:00-05:00
ocds-dgv273-seacev3-1244175,ocds-dgv273-seacev3-1244175-2026-09-09T10:24:09.745436-05:00,1244175-10405916521,52500.0,PEN,Soles,2026-09-07T00:00:00-05:00
ocds-dgv273-seacev3-2026-2543-268,ocds-dgv273-seacev3-2026-2543-268-2026-09-09T10:24:09.647721-05:00,1241809-20613527134,410247.09,PEN,Soles,2026-08-28T00:00:00-05:00
ocds-dgv273-seacev3-2026-2543-268,ocds-dgv273-seacev3-2026-2543-268-2026-09-09T10:24:09.647721-05:00,1215849-20255361695,173223.87,PEN,Soles,2026-09-07T17:58:24-05:00
ocds-dgv273-seacev3-2026-2543-268,ocds-dgv273-seacev3-2026-2543-268-2026-09-09T10:24:09.647721-05:00,1241902-20513578416,860601.6,PEN,Soles,2026-09-07T00:00:00-05:00
ocds-dgv273-seacev3-1240330,ocds-dgv273-seacev3-1240330-2026-09-09T10:24:09.496636-05:00,1240330-1826375,272246.08,PEN,Soles,2026-09-02T00:00:00-05:00
ocds-dgv273-seacev3-1240735,ocds-dgv273-seacev3-1240735-2026-09-09T10:24:09.384213-05:00,1240735-20100061474,96000.0,PEN,Soles,2026-08-18T00:00:00-05:00
ocds-dgv273-seacev3-1235776,ocds-dgv273-seacev3-1235776-2026-09-09T10:24:08.813382-05:00,1235776-10712132898,32500.0,PEN,Soles,2026-09-07T00:00:00-05:00
ocds-dgv273-seacev3-1238464,ocds-dgv273-seacev3-1238464-2026-09-09T10:24:08.796862-05:00,1238464-1822628,319897.65,PEN,Soles,2026-08-31T00:00:00-05:00
ocds-dgv273-seacev3-1239049,ocds-dgv273-seacev3-1239049-2026-09-09T10:24:08.638084-05:00,1239049-20560177713,77910.0,PEN,Soles,2026-08-19T00:00:00-05:00
ocds-dgv273-seacev3-1239045,ocds-dgv273-seacev3-1239045-2026-09-09T10:24:08.466758-05:00,1239045-20601084067,78000.0,PEN,Soles,2026-08-24T00:00:00-05:00
ocds-dgv273-seacev3-1242751,ocds-dgv273-seacev3-1242751-2026-09-09T10:24:08.433854-05:00,1242751-1828374,799690.0,PEN,Soles,2026-09-04T00:00:00-05:00
ocds-dgv273-seacev3-1239994,ocds-dgv273-seacev3-1239994-2026-09-09T10:24:08.346233-05:00,1239994-1824476,281886.6,PEN,Soles,2026-08-28T00:00:00-05:00
ocds-dgv273-seacev3-1239156,ocds-dgv273-seacev3-1239156-2026-09-09T10:24:07.734072-05:00,1239156-20605786881,99900.0,PEN,Soles,2026-08-13T00:00:00-05:00
ocds-dgv273-seacev3-1238890,ocds-dgv273-seacev3-1238890-2026-09-09T10:24:07.721964-05:00,1238890-1826124,4145279.76,PEN,Soles,2026-09-04T00:00:00-05:00
ocds-dgv273-seacev3-1240221,ocds-dgv273-seacev3-1240221-2026-09-09T10:24:07.568464-05:00,1240221-10476054937,75250.0,PEN,Soles,2026-08-17T00:00:00-05:00
ocds-dgv273-seacev3-1239093,ocds-dgv273-seacev3-1239093-2026-09-09T10:24:07.538347-05:00,1239093-10770340620,69635.34,PEN,Soles,2026-08-28T00:00:00-05:00
ocds-dgv273-seacev3-1238645,ocds-dgv273-seacev3-1238645-2026-09-09T10:24:07.031926-05:00,1238645-20321656219,96120.0,PEN,Soles,2026-08-19T00:00:00-05:00
ocds-dgv273-seacev3-1241185,ocds-dgv273-seacev3-1241185-2026-09-09T10:24:06.997668-05:00,1241185-20603997311,78800.0,PEN,Soles,2026-08-19T00:00:00-05:00
ocds-dgv273-seacev3-1241867,ocds-dgv273-seacev3-1241867-2026-09-09T10:24:01.721362-05:00,1241867-20600571592,217000.0,PEN,Soles,2026-08-28T00:00:00-05:00
ocds-dgv273-seacev3-1240128,ocds-dgv273-seacev3-1240128-2026-09-09T10:24:01.172261-05:00,1240128-1823399,144231.84,PEN,Soles,2026-08-27T00:00:00-05:00
ocds-dgv273-seacev3-1241536,ocds-dgv273-seacev3-1241536-2026-09-09T10:24:00.993788-05:00,1241536-20546407226,105000.0,PEN,Soles,2026-08-27T00:00:00-05:00
ocds-dgv273-seacev3-1240257,ocds-dgv273-seacev3-1240257-2026-09-09T10:24:00.406930-05:00,1240257-20608030035,119000.0,PEN,Soles,2026-09-04T00:00:00-05:00
ocds-dgv273-seacev3-1238438,ocds-dgv273-seacev3-1238438-2026-09-09T10:24:00.159993-05:00,1238438-20613588222,129000.0,PEN,Soles,2026-08-19T00:00:00-05:00
ocds-dgv273-seacev3-1242890,ocds-dgv273-seacev3-1242890-2026-09-09T10:24:00.122169-05:00,1242890-20609243377,61740.0,PEN,Soles,2026-08-25T00:00:00-05:00
ocds-dgv273-seacev3-1242279,ocds-dgv273-seacev3-1242279-2026-09-09T10:23:59.548258-05:00,1242279-20605070150,279988.8,PEN,Soles,2026-09-03T00:00:00-05:00
ocds-dgv273-seacev3-1238682,ocds-dgv273-seacev3-1238682-2026-09-09T10:23:59.527016-05:00,1238682-20398613563,937763.3,PEN,Soles,2026-08-27T00:00:00-05:00
ocds-dgv273-seacev3-1240530,ocds-dgv273-seacev3-1240530-2026-09-09T10:23:59.434434-05:00,1240530-20600138899,298000.0,PEN,Soles,2026-09-04T00:00:00-05:00
ocds-dgv273-seacev3-2026-1484-13,ocds-dgv273-seacev3-2026-1484-13-2026-09-09T10:23:59.319831-05:00,1243777-1827925,703053.03,PEN,Soles,2026-09-04T00:00:00-05:00
ocds-dgv273-seacev3-2026-967-1,ocds-dgv273-seacev3-2026-967-1-2026-09-09T10:23:59.190198-05:00,1241712-17184302233,159023.88,PEN,Soles,2026-09-07T00:00:00-05:00
ocds-dgv273-seacev3-1244042,ocds-dgv273-seacev3-1244042-2026-09-09T10:23:59.011842-05:00,1244042-1828300,1517792.1,PEN,Soles,2026-09-04T00:00:00-05:00
ocds-dgv273-seacev3-1238483,ocds-dgv273-seacev3-1238483-2026-09-09T10:23:58.917929-05:00,1238483-20605567470,220500.0,PEN,Soles,2026-08-07T00:00:00-05:00
ocds-dgv273-seacev3-1245762,ocds-dgv273-seacev3-1245762-2026-09-09T10:23:57.618682-05:00,1245762-20604538859,86870.0,PEN,Soles,2026-08-28T00:00:00-05:00
ocds-dgv273-seacev3-1242179,ocds-dgv273-seacev3-1242179-2026-09-09T10:23:57.445188-05:00,1242179-20534160471,96158.32,PEN,Soles,2026-09-07T00:00:00-05:00
ocds-dgv273-seacev3-1239466,ocds-dgv273-seacev3-1239466-2026-09-09T10:23:56.697977-05:00,1239466-1825461,279160.59,PEN,Soles,2026-09-04T00:00:00-05:00
ocds-dgv273-seacev3-1245679,ocds-dgv273-seacev3-1245679-2026-09-09T10:23:56.520811-05:00,1245679-20409369988,1274813.92,PEN,Soles,2026-09-01T00:00:00-05:00
ocds-dgv273-seacev3-1241587,ocds-dgv273-seacev3-1241587-2026-09-09T10:23:56.499130-05:00,1241587-20615077217,199800.0,PEN,Soles,2026-08-27T00:00:00-05:00
ocds-dgv273-seacev3-1239439,ocds-dgv273-seacev3-1239439-2026-09-09T10:23:56.248533-05:00,1239439-20610573224,185550.0,PEN,Soles,2026-08-28T00:00:00-05:00
ocds-dgv273-seacev3-2026-1901-3,ocds-dgv273-seacev3-2026-1901-3-2026-09-09T10:23:49.973371-05:00,1240491-20523005503,81780.0,PEN,Soles,2026-08-28T00:00:00-05:00
ocds-dgv273-seacev3-1239052,ocds-dgv273-seacev3-1239052-2026-09-09T10:23:49.860742-05:00,1239052-20611556625,81800.0,PEN,Soles,2026-08-25T00:00:00-05:00
ocds-dgv273-seacev3-1243519,ocds-dgv273-seacev3-1243519-2026-09-09T10:23:49.646605-05:00,1243519-20448349013,90350.0,PEN,Soles,2026-08-31T00:00:00-05:00
ocds-dgv273-seacev3-2026-42-54,ocds-dgv273-seacev3-2026-42-54-2026-09-09T10:23:49.225161-05:00,1240307-10181963137,108543.2,PEN,Soles,2026-08-28T00:00:00-05:00
ocds-dgv273-seacev3-1238349,ocds-dgv273-seacev3-1238349-2026-09-09T10:23:49.159658-05:00,1238349-1828454,35122861.8,PEN,Soles,2026-09-04T00:00:00-05:00
ocds-dgv273-seacev3-1242761,ocds-dgv273-seacev3-1242761-2026-09-09T10:23:49.055970-05:00,1242761-10452435468,186000.0,PEN,Soles,2026-08-28T00:00:00-05:00
ocds-dgv273-seacev3-1244034,ocds-dgv273-seacev3-1244034-2026-09-09T10:23:48.826803-05:00,1244034-1825235,298186.92,PEN,Soles,2026-08-28T00:00:00-05:00
ocds-dgv273-seacev3-1238565,ocds-dgv273-seacev3-1238565-2026-09-09T10:23:48.633272-05:00,1238565-20611869364,158389.0,PEN,Soles,2026-08-24T00:00:00-05:00
ocds-dgv273-seacev3-1242796,ocds-dgv273-seacev3-1242796-2026-09-09T10:23:48.345513-05:00,1242796-20600108906,75800.0,PEN,Soles,2026-08-28T00:00:00-05:00
ocds-dgv273-seacev3-1239716,ocds-dgv273-seacev3-1239716-2026-09-09T10:23:47.946353-05:00,1239716-1822151,1370613.8,PEN,Soles,2026-08-19T00:00:00-05:00
ocds-dgv273-seacev3-1244485,ocds-dgv273-seacev3-1244485-2026-09-09T10:23:47.932338-05:00,1244485-20606413476,81260.0,PEN,Soles,2026-09-07T00:00:00-05:00
ocds-dgv273-seacev3-1246357,ocds-dgv273-seacev3-1246357-2026-09-09T10:23:47.705845-05:00,1246357-1828828,150654.33,PEN,Soles,2026-09-07T00:00:00-05:00
ocds-dgv273-seacev3-1245805,ocds-dgv273-seacev3-1245805-2026-09-09T10:23:47.579731-05:00,1245805-20480786212,204727.8,PEN,Soles,2026-09-04T00:00:00-05:00
ocds-dgv273-seacev3-1241629,ocds-dgv273-seacev3-1241629-2026-09-09T10:23:47.487476-05:00,1241629-20608583379,299950.0,PEN,Soles,2026-09-01T00:00:00-05:00
ocds-dgv273-seacev3-1242636,ocds-dgv273-seacev3-1242636-2026-09-09T10:23:47.159859-05:00,1242636-10468296964,192000.0,PEN,Soles,2026-09-04T00:00:00-05:00
ocds-dgv273-seacev3-1243068,ocds-dgv273-seacev3-1243068-2026-09-09T10:23:47.091223-05:00,1243068-10099119344,77100.0,PEN,Soles,2026-08-20T00:00:00-05:00
ocds-dgv273-seacev3-1244509,ocds-dgv273-seacev3-1244509-2026-09-09T10:23:46.006453-05:00,1244509-10770771442,59740.0,PEN,Soles,2026-08-31T00:00:00-05:00
ocds-dgv273-seacev3-1241212,ocds-dgv273-seacev3-1241212-2026-09-09T10:23:45.792146-05:00,1241212-20564000010,124800.0,PEN,Soles,2026-08-28T00:00:00-05:00
ocds-dgv273-seacev3-1239152,ocds-dgv273-seacev3-1239152-2026-09-09T10:23:45.435580-05:00,1239152-10282916563,214000.0,PEN,Soles,2026-08-18T16:18:15-05:00
ocds-dgv273-seacev3-1242200,ocds-dgv273-seacev3-1242200-2026-09-09T10:23:45.194539-05:00,1242200-1828434,726440.1,PEN,Soles,2026-09-07T00:00:00-05:00
ocds-dgv273-seacev3-1243960,ocds-dgv273-seacev3-1243960-2026-09-09T10:23:45.073010-05:00,1243960-1827954,1380083.69,PEN,Soles,2026-09-04T00:00:00-05:00
ocds-dgv273-seacev3-1240355,ocds-dgv273-seacev3-1240355-2026-09-09T10:23:45.040128-05:00,1240355-1826363,253434.95,PEN,Soles,2026-09-02T00:00:00-05:00
ocds-dgv273-seacev3-1240484,ocds-dgv273-seacev3-1240484-2026-09-09T10:23:44.666402-05:00,1240484-20502719948,397483.0,PEN,Soles,2026-08-28T00:00:00-05:00
ocds-dgv273-seacev3-1239961,ocds-dgv273-seacev3-1239961-2026-09-09T10:23:44.651419-05:00,1239961-20546904106,386999.88,PEN,Soles,2026-08-28T00:00:00-05:00
ocds-dgv273-seacev3-1242244,ocds-dgv273-seacev3-1242244-2026-09-09T10:23:38.202318-05:00,1242244-1828373,820198.8,PEN,Soles,2026-09-07T00:00:00-05:00
ocds-dgv273-seacev3-1239985,ocds-dgv273-seacev3-1239985-2026-09-09T10:23:38.010382-05:00,1239985-20601328624,192630.0,PEN,Soles,2026-08-28T00:00:00-05:00
ocds-dgv273-seacev3-1232413,ocds-dgv273-seacev3-1232413-2026-09-09T10:23:37.916494-05:00,1232413-20563817161,90000.0,PEN,Soles,2026-08-19T00:00:00-05:00
ocds-dgv273-seacev3-1238679,ocds-dgv273-seacev3-1238679-2026-09-09T10:23:37.558151-05:00,1238679-20480738676,100000.0,PEN,Soles,2026-08-17T00:00:00-05:00
ocds-dgv273-seacev3-1240575,ocds-dgv273-seacev3-1240575-2026-09-09T10:23:37.133934-05:00,1240575-10018633634,274000.0,PEN,Soles,2026-08-26T00:00:00-05:00
ocds-dgv273-seacev3-1241263,ocds-dgv273-seacev3-1241263-2026-09-09T10:23:37.017821-05:00,1241263-10406417200,240205.65,PEN,Soles,2026-08-31T00:00:00-05:00
ocds-dgv273-seacev3-1241812,ocds-dgv273-seacev3-1241812-2026-09-09T10:23:36.837251-05:00,1241812-20604715173,119369.0,PEN,Soles,2026-08-28T00:00:00-05:00
ocds-dgv273-seacev3-1238518,ocds-dgv273-seacev3-1238518-2026-09-09T10:23:36.813596-05:00,1238518-1821227,476000.0,PEN,Soles,2026-08-17T00:00:00-05:00
ocds-dgv273-seacev3-1239072,ocds-dgv273-seacev3-1239072-2026-09-09T10:23:36.272426-05:00,1239072-20293090786,197000.0,PEN,Soles,2026-08-28T00:00:00-05:00
ocds-dgv273-seacev3-1243554,ocds-dgv273-seacev3-1243554-2026-09-09T10:23:35.924696-05:00,1243554-20504039120,1834698.41,PEN,Soles,2026-09-07T00:00:00-05:00
ocds-dgv273-seacev3-1242065,ocds-dgv273-seacev3-1242065-2026-09-09T10:23:35.660861-05:00,1242065-1825706,479958.64,PEN,Soles,2026-09-07T00:00:00-05:00
ocds-dgv273-seacev3-1239555,ocds-dgv273-seacev3-1239555-2026-09-09T10:23:35.460173-05:00,1239555-10038491674,227500.0,PEN,Soles,2026-08-11T00:00:00-05:00
ocds-dgv273-seacev3-1241250,ocds-dgv273-seacev3-1241250-2026-09-09T10:23:35.187473-05:00,1241250-20553249211,82600.0,PEN,Soles,2026-08-31T00:00:00-05:00
ocds-dgv273-seacev3-1239536,ocds-dgv273-seacev3-1239536-2026-09-09T10:23:35.096733-05:00,1239536-1828126,6088001.9,PEN,Soles,2026-09-04T00:00:00-05:00
ocds-dgv273-seacev3-1240605,ocds-dgv273-seacev3-1240605-2026-09-09T10:23:34.872876-05:00,1240605-1823311,498101.6,USD,Dólar Norteamericano,2026-08-27T00:00:00-05:00
ocds-dgv273-seacev3-2026-1902-29,ocds-dgv273-seacev3-2026-1902-29-2026-09-09T10:23:33.838214-05:00,1238257-20602597688,285000.0,PEN,Soles,2026-08-28T00:00:00-05:00
ocds-dgv273-seacev3-2026-10521-7,ocds-dgv273-seacev3-2026-10521-7-2026-09-09T10:23:33.702831-05:00,1244358-20601809061,228894.0,PEN,Soles,2026-09-04T00:00:00-05:00
ocds-dgv273-seacev3-2026-1889-19,ocds-dgv273-seacev3-2026-1889-19-2026-09-09T10:23:33.593311-05:00,1244227-10446379726,65520.0,PEN,Soles,2026-09-07T00:00:00-05:00
ocds-dgv273-seacev3-1243594,ocds-dgv273-seacev3-1243594-2026-09-09T10:23:33.506765-05:00,1243594-20101260373,1437422.7,PEN,Soles,2026-08-27T00:00:00-05:00
ocds-dgv273-seacev3-1240007,ocds-dgv273-seacev3-1240007-2026-09-09T10:23:33.382011-05:00,1240007-20544172761,302000.0,PEN,Soles,2026-08-28T00:00:00-05:00
ocds-dgv273-seacev3-1238690,ocds-dgv273-seacev3-1238690-2026-09-09T10:23:33.138364-05:00,1238690-20603442483,195326.0,PEN,Soles,2026-08-25T00:00:00-05:00
ocds-dgv273-seacev3-2026-10151-24,ocds-dgv273-seacev3-2026-10151-24-2026-09-09T10:23:32.741734-05:00,1242451-1825811,176176.0,PEN,Soles,2026-08-28T00:00:00-05:00
ocds-dgv273-seacev3-1243153,ocds-dgv273-seacev3-1243153-2026-09-09T10:23:32.648093-05:00,1243153-20494399386,962280.0,PEN,Soles,2026-09-07T00:00:00-05:00
ocds-dgv273-seacev3-1246191,ocds-dgv273-seacev3-1246191-2026-09-09T10:23:26.686194-05:00,1246191-10417833361,42000.0,PEN,Soles,2026-09-01T00:00:00-05:00
ocds-dgv273-seacev3-1238762,ocds-dgv273-seacev3-1238762-2026-09-09T10:23:26.381415-05:00,1238762-20612394700,65490.0,PEN,Soles,2026-08-20T00:00:00-05:00
ocds-dgv273-seacev3-1241834,ocds-dgv273-seacev3-1241834-2026-09-09T10:23:26.334225-05:00,1241834-1828098,3172320.0,PEN,Soles,2026-09-04T00:00:00-05:00
ocds-dgv273-seacev3-1238812,ocds-dgv273-seacev3-1238812-2026-09-09T10:23:26.075231-05:00,1238812-1824734,100000.0,PEN,Soles,2026-08-27T00:00:00-05:00
ocds-dgv273-seacev3-1244808,ocds-dgv273-seacev3-1244808-2026-09-09T10:23:24.971865-05:00,1244808-1829320,999482.51,PEN,Soles,2026-09-07T00:00:00-05:00
ocds-dgv273-seacev3-1241398,ocds-dgv273-seacev3-1241398-2026-09-09T10:23:24.780328-05:00,1241398-10464160511,53922.0,PEN,Soles,2026-08-25T00:00:00-05:00
ocds-dgv273-seacev3-1239727,ocds-dgv273-seacev3-1239727-2026-09-09T10:23:24.530349-05:00,1239727-1828045,2700210.65,PEN,Soles,2026-09-04T00:00:00-05:00
ocds-dgv273-seacev3-1243147,ocds-dgv273-seacev3-1243147-2026-09-09T10:23:24.490099-05:00,1243147-20526633181,749408.81,PEN,Soles,2026-08-21T00:00:00-05:00
ocds-dgv273-seacev3-1244417,ocds-dgv273-seacev3-1244417-2026-09-09T10:23:24.299263-05:00,1244417-1828844,110458.19,PEN,Soles,2026-09-07T00:00:00-05:00
ocds-dgv273-seacev3-1239312,ocds-dgv273-seacev3-1239312-2026-09-09T10:23:24.037288-05:00,1239312-10296919379,57223.92,PEN,Soles,2026-08-18T00:00:00-05:00
ocds-dgv273-seacev3-1241574,ocds-dgv273-seacev3-1241574-2026-09-09T10:23:23.673186-05:00,1241574-1827714,318315.49,PEN,Soles,2026-09-04T00:00:00-05:00
ocds-dgv273-seacev3-1238714,ocds-dgv273-seacev3-1238714-2026-09-09T10:23:23.594665-05:00,1238714-1822799,514812.27,PEN,Soles,2026-08-26T00:00:00-05:00
ocds-dgv273-seacev3-1238794,ocds-dgv273-seacev3-1238794-2026-09-09T10:23:23.478517-05:00,1238794-1823612,175214.27,PEN,Soles,2026-08-28T00:00:00-05:00
ocds-dgv273-seacev3-1242107,ocds-dgv273-seacev3-1242107-2026-09-09T10:23:23.393302-05:00,1242107-20605533516,209120.0,PEN,Soles,2026-08-28T00:00:00-05:00
ocds-dgv273-seacev3-1241279,ocds-dgv273-seacev3-1241279-2026-09-09T10:23:23.344483-05:00,1241279-20604716404,150980.0,PEN,Soles,2026-08-31T00:00:00-05:00
ocds-dgv273-seacev3-1240200,ocds-dgv273-seacev3-1240200-2026-09-09T10:23:23.055529-05:00,1240200-1828317,2497796.3,PEN,Soles,2026-09-04T00:00:00-05:00
ocds-dgv273-seacev3-1244654,ocds-dgv273-seacev3-1244654-2026-09-09T10:23:22.517591-05:00,1244654-10182252137,251100.0,PEN,Soles,2026-09-07T00:00:00-05:00
ocds-dgv273-seacev3-1240998,ocds-dgv273-seacev3-1240998-2026-09-09T10:23:21.419012-05:00,1240998-1827590,150000.0,PEN,Soles,2026-09-07T00:00:00-05:00
ocds-dgv273-seacev3-1244278,ocds-dgv273-seacev3-1244278-2026-09-09T10:23:21.406374-05:00,1244278-20608461371,91963.2,PEN,Soles,2026-09-04T00:00:00-05:00
ocds-dgv273-seacev3-1228085,ocds-dgv273-seacev3-1228085-2026-09-09T10:23:21.356825-05:00,1228085-20603517220,3369420.0,PEN,Soles,2026-08-18T00:00:00-05:00
ocds-dgv273-seacev3-1243609,ocds-dgv273-seacev3-1243609-2026-09-09T10:23:21.306784-05:00,1243609-1828076,324814.86,PEN,Soles,2026-09-04T00:00:00-05:00
ocds-dgv273-seacev3-1239524,ocds-dgv273-seacev3-1239524-2026-09-09T10:23:21.075835-05:00,1239524-20612112208,60000.0,PEN,Soles,2026-08-27T00:00:00-05:00
ocds-dgv273-seacev3-1236321,ocds-dgv273-seacev3-1236321-2026-09-09T10:23:20.833598-05:00,1236321-20542284901,1419017.93,PEN,Soles,2026-08-17T00:00:00-05:00
ocds-dgv273-seacev3-1241906,ocds-dgv273-seacev3-1241906-2026-09-09T10:23:20.549523-05:00,1241906-20487064280,148020.0,PEN,Soles,2026-08-28T00:00:00-05:00
ocds-dgv273-seacev3-1240993,ocds-dgv273-seacev3-1240993-2026-09-09T10:23:20.536843-05:00,1240993-20604068356,532563.2,PEN,Soles,2026-08-25T00:00:00-05:00
ocds-dgv273-seacev3-1238546,ocds-dgv273-seacev3-1238546-2026-09-09T10:23:20.355286-05:00,1238546-20568595948,2585193.39,PEN,Soles,2026-08-24T00:00:00-05:00
ocds-dgv273-seacev3-1240794,ocds-dgv273-seacev3-1240794-2026-09-08T10:14:20.337168-05:00,1240794-20601493200,55430.0,PEN,Soles,2026-08-21T12:49:01-05:00
ocds-dgv273-seacev3-1242381,ocds-dgv273-seacev3-1242381-2026-09-08T10:14:12.949822-05:00,1242381-1827568,1453183.02,PEN,Soles,2026-09-02T00:00:00-05:00
ocds-dgv273-seacev3-1244527,ocds-dgv273-seacev3-1244527-2026-09-07T10:14:54.530839-05:00,1244527-1825700,1592692.23,PEN,Soles,2026-09-04T00:00:00-05:00
ocds-dgv273-seacev3-1244363,ocds-dgv273-seacev3-1244363-2026-09-07T10:14:53.901861-05:00,1244363-20606239999,716200.0,PEN,Soles,2026-08-28T00:00:00-05:00
ocds-dgv273-seacev3-1247554,ocds-dgv273-seacev3-1247554-2026-09-07T10:14:53.789557-05:00,1247554-20136492277,49500.0,PEN,Soles,2026-09-04T00:00:00-05:00
ocds-dgv273-seacev3-2026-2373-35,ocds-dgv273-seacev3-2026-2373-35-2026-09-07T10:14:52.968139-05:00,1240073-20602764924,123000.0,PEN,Soles,2026-08-27T00:00:00-05:00
ocds-dgv273-seacev3-1240746,ocds-dgv273-seacev3-1240746-2026-09-07T10:14:52.850463-05:00,1240746-1824140,445033.37,PEN,Soles,2026-08-27T00:00:00-05:00
ocds-dgv273-seacev3-2026-1135-2,ocds-dgv273-seacev3-2026-1135-2-2026-09-07T10:14:52.681249-05:00,1240910-1826819,148210.67,PEN,Soles,2026-09-04T00:00:00-05:00
ocds-dgv273-seacev3-1239852,ocds-dgv273-seacev3-1239852-2026-09-07T10:14:52.633470-05:00,1239852-1822572,1327780.99,PEN,Soles,2026-08-26T00:00:00-05:00
ocds-dgv273-seacev3-2026-2392-18,ocds-dgv273-seacev3-2026-2392-18-2026-09-07T10:14:52.264648-05:00,1241273-20309880863,454570.0,PEN,Soles,2026-09-02T00:00:00-05:00
ocds-dgv273-seacev3-1242526,ocds-dgv273-seacev3-1242526-2026-09-07T10:14:52.199258-05:00,1242526-20604577838,1896400.0,PEN,Soles,2026-08-28T00:00:00-05:00
ocds-dgv273-seacev3-1242110,ocds-dgv273-seacev3-1242110-2026-09-07T10:14:51.815341-05:00,1242110-20605636889,57348.0,PEN,Soles,2026-08-28T00:00:00-05:00
ocds-dgv273-seacev3-1239273,ocds-dgv273-seacev3-1239273-2026-09-07T10:14:51.789668-05:00,1239273-20611853891,59150.0,PEN,Soles,2026-08-17T00:00:00-05:00
ocds-dgv273-seacev3-2026-283-1,ocds-dgv273-seacev3-2026-283-1-2026-09-07T10:14:51.776253-05:00,1239060-1821493,1411236.25,PEN,Soles,2026-08-27T00:00:00-05:00
ocds-dgv273-seacev3-1242553,ocds-dgv273-seacev3-1242553-2026-09-07T10:14:50.895262-05:00,1242553-1826165,243888.77,PEN,Soles,2026-09-03T00:00:00-05:00
ocds-dgv273-seacev3-1242001,ocds-dgv273-seacev3-1242001-2026-09-07T10:14:50.736614-05:00,1242001-20557084364,414059.58,PEN,Soles,2026-08-28T00:00:00-05:00
ocds-dgv273-seacev3-1241410,ocds-dgv273-seacev3-1241410-2026-09-07T10:14:50.716410-05:00,1241410-20559644243,54670.0,PEN,Soles,2026-08-27T00:00:00-05:00
ocds-dgv273-seacev3-1243875,ocds-dgv273-seacev3-1243875-2026-09-07T10:14:50.508526-05:00,1243875-1828389,2952045.69,PEN,Soles,2026-09-04T00:00:00-05:00
ocds-dgv273-seacev3-1242610,ocds-dgv273-seacev3-1242610-2026-09-07T10:14:47.109954-05:00,1242610-10285779338,240000.0,PEN,Soles,2026-08-21T00:00:00-05:00
ocds-dgv273-seacev3-1242907,ocds-dgv273-seacev3-1242907-2026-09-07T10:14:46.946552-05:00,1242907-20486886081,85000.0,PEN,Soles,2026-09-02T00:00:00-05:00
ocds-dgv273-seacev3-1242145,ocds-dgv273-seacev3-1242145-2026-09-07T10:14:46.919846-05:00,1242145-1824901,495366.36,PEN,Soles,2026-08-27T00:00:00-05:00
ocds-dgv273-seacev3-1239539,ocds-dgv273-seacev3-1239539-2026-09-07T10:14:46.556830-05:00,1239539-20602090532,103458.0,PEN,Soles,2026-08-27T00:00:00-05:00
ocds-dgv273-seacev3-1242045,ocds-dgv273-seacev3-1242045-2026-09-07T10:14:46.157624-05:00,1242045-1825268,1335869.56,PEN,Soles,2026-08-27T00:00:00-05:00
ocds-dgv273-seacev3-1238154,ocds-dgv273-seacev3-1238154-2026-09-07T10:14:46.145947-05:00,1238154-20601148235,0.25,PEN,Soles,2026-08-26T00:00:00-05:00
ocds-dgv273-seacev3-1240416,ocds-dgv273-seacev3-1240416-2026-09-07T10:14:46.079891-05:00,1240416-20155695901,308000.0,PEN,Soles,2026-08-21T00:00:00-05:00
ocds-dgv273-seacev3-1242554,ocds-dgv273-seacev3-1242554-2026-09-07T10:14:45.967314-05:00,1242554-20600147600,316825.0,PEN,Soles,2026-08-31T00:00:00-05:00
ocds-dgv273-seacev3-1239248,ocds-dgv273-seacev3-1239248-2026-09-07T10:14:45.896593-05:00,1239248-20613664026,218000.0,PEN,Soles,2026-09-04T00:00:00-05:00
ocds-dgv273-seacev3-1239768,ocds-dgv273-seacev3-1239768-2026-09-07T10:14:45.856244-05:00,1239768-1823970,53320.0,PEN,Soles,2026-08-27T00:00:00-05:00
ocds-dgv273-seacev3-1241096,ocds-dgv273-seacev3-1241096-2026-09-07T10:14:45.674125-05:00,1241096-20601568994,94000.0,PEN,Soles,2026-08-20T00:00:00-05:00
ocds-dgv273-seacev3-1240558,ocds-dgv273-seacev3-1240558-2026-09-07T10:14:45.611268-05:00,1240558-20511037001,208031.57,PEN,Soles,2026-08-27T00:00:00-05:00
ocds-dgv273-seacev3-2026-1871-3,ocds-dgv273-seacev3-2026-1871-3-2026-09-07T10:14:45.596781-05:00,1238985-20604383740,37680.0,PEN,Soles,2026-08-19T00:00:00-05:00
ocds-dgv273-seacev3-1241649,ocds-dgv273-seacev3-1241649-2026-09-07T10:14:45.480509-05:00,1241649-1827421,460387.81,PEN,Soles,2026-09-04T00:00:00-05:00
ocds-dgv273-seacev3-1247048,ocds-dgv273-seacev3-1247048-2026-09-07T10:14:45.459263-05:00,1247048-10403947151,33000.0,PEN,Soles,2026-09-03T00:00:00-05:00
ocds-dgv273-seacev3-1238106,ocds-dgv273-seacev3-1238106-2026-09-07T10:14:45.408912-05:00,1238106-20542166020,68151.12,PEN,Soles,2026-08-27T00:00:00-05:00
ocds-dgv273-seacev3-1238729,ocds-dgv273-seacev3-1238729-2026-09-07T10:14:45.357320-05:00,1238729-20505110651,474850.7,PEN,Soles,2026-08-19T00:00:00-05:00
ocds-dgv273-seacev3-1241983,ocds-dgv273-seacev3-1241983-2026-09-07T10:14:45.229246-05:00,1241983-1826009,202000.0,PEN,Soles,2026-09-01T00:00:00-05:00
ocds-dgv273-seacev3-1242886,ocds-dgv273-seacev3-1242886-2026-09-07T10:14:45.016928-05:00,1242886-10410035699,3116125.0,PEN,Soles,2026-08-21T00:00:00-05:00
ocds-dgv273-seacev3-1242886,ocds-dgv273-seacev3-1242886-2026-09-07T10:14:45.016928-05:00,1242886-20545478383,1992090.0,PEN,Soles,2026-08-21T00:00:00-05:00
ocds-dgv273-seacev3-1242886,ocds-dgv273-seacev3-1242886-2026-09-07T10:14:45.016928-05:00,1242886-20603572425,1834150.0,PEN,Soles,2026-08-21T00:00:00-05:00
ocds-dgv273-seacev3-1242886,ocds-dgv273-seacev3-1242886-2026-09-07T10:14:45.016928-05:00,1242886-20608365185,4950810.0,PEN,Soles,2026-08-21T00:00:00-05:00
ocds-dgv273-seacev3-1242886,ocds-dgv273-seacev3-1242886-2026-09-07T10:14:45.016928-05:00,1242886-20608375857,1954600.0,PEN,Soles,2026-08-21T00:00:00-05:00
ocds-dgv273-seacev3-1242886,ocds-dgv273-seacev3-1242886-2026-09-07T10:14:45.016928-05:00,1242886-20609841444,1940400.0,PEN,Soles,2026-08-21T00:00:00-05:00
ocds-dgv273-seacev3-1242886,ocds-dgv273-seacev3-1242886-2026-09-07T10:14:45.016928-05:00,1242886-20610122354,789600.0,PEN,Soles,2026-08-21T00:00:00-05:00
ocds-dgv273-seacev3-1242886,ocds-dgv273-seacev3-1242886-2026-09-07T10:14:45.016928-05:00,1242886-20610495746,2650550.0,PEN,Nuevos Soles,2026-08-21T00:00:00-05:00
ocds-dgv273-seacev3-2026-2543-549,ocds-dgv273-seacev3-2026-2543-549-2026-09-07T10:14:44.927513-05:00,1237729-20532422869,112000.0,PEN,Soles,2026-09-02T00:00:00-05:00
ocds-dgv273-seacev3-1241465,ocds-dgv273-seacev3-1241465-2026-09-07T10:14:44.799903-05:00,1241465-1826346,2702521.36,PEN,Soles,2026-09-01T00:00:00-05:00
ocds-dgv273-seacev3-1244354,ocds-dgv273-seacev3-1244354-2026-09-07T10:14:43.897561-05:00,1244354-20513113456,165191.57,PEN,Soles,2026-09-04T00:00:00-05:00
ocds-dgv273-seacev3-1240949,ocds-dgv273-seacev3-1240949-2026-09-07T10:14:43.462115-05:00,1240949-1824189,295000.0,PEN,Soles,2026-08-27T00:00:00-05:00
ocds-dgv273-seacev3-1239723,ocds-dgv273-seacev3-1239723-2026-09-07T10:14:43.388734-05:00,1239723-10018633634,112800.0,PEN,Soles,2026-08-26T10:31:00-05:00
ocds-dgv273-seacev3-1239027,ocds-dgv273-seacev3-1239027-2026-09-07T10:14:43.373290-05:00,1239027-1823666,2938845.31,PEN,Soles,2026-08-28T00:00:00-05:00
ocds-dgv273-seacev3-1240866,ocds-dgv273-seacev3-1240866-2026-09-07T10:14:43.216824-05:00,1240866-1824793,2134237.69,PEN,Soles,2026-09-04T00:00:00-05:00
ocds-dgv273-seacev3-1240556,ocds-dgv273-seacev3-1240556-2026-09-07T10:14:43.087474-05:00,1240556-20611746122,99300.0,PEN,Soles,2026-08-19T00:00:00-05:00
ocds-dgv273-seacev3-1238310,ocds-dgv273-seacev3-1238310-2026-09-07T10:14:42.973658-05:00,1238310-1828195,1256750.0,PEN,Soles,2026-09-04T00:00:00-05:00
ocds-dgv273-seacev3-1241684,ocds-dgv273-seacev3-1241684-2026-09-07T10:14:42.926165-05:00,1241684-20608461371,53694.33,PEN,Soles,2026-08-25T00:00:00-05:00
ocds-dgv273-seacev3-1237681,ocds-dgv273-seacev3-1237681-2026-09-07T10:14:42.731346-05:00,1237681-1824433,1459217.5,PEN,Soles,2026-08-27T00:00:00-05:00
ocds-dgv273-seacev3-1237390,ocds-dgv273-seacev3-1237390-2026-09-07T10:14:42.694974-05:00,1237390-1827602,4212440.36,PEN,Soles,2026-09-03T00:00:00-05:00
ocds-dgv273-seacev3-1239212,ocds-dgv273-seacev3-1239212-2026-09-07T10:14:42.682551-05:00,1239212-20601793289,89215.0,PEN,Soles,2026-08-17T00:00:00-05:00
ocds-dgv273-seacev3-1240365,ocds-dgv273-seacev3-1240365-2026-09-07T10:14:42.627543-05:00,1240365-1823537,217500.0,PEN,Soles,2026-08-27T00:00:00-05:00
ocds-dgv273-seacev3-1239267,ocds-dgv273-seacev3-1239267-2026-09-07T10:14:42.610619-05:00,1239267-1821809,511540.73,PEN,Soles,2026-08-18T00:00:00-05:00
ocds-dgv273-seacev3-2026-1071-1,ocds-dgv273-seacev3-2026-1071-1-2026-09-07T10:14:42.243911-05:00,1243561-1828004,156449.7,PEN,Soles,2026-09-03T00:00:00-05:00
ocds-dgv273-seacev3-1238532,ocds-dgv273-seacev3-1238532-2026-09-07T10:14:42.114910-05:00,1238532-20489725194,57466.94,PEN,Soles,2026-08-24T00:00:00-05:00
ocds-dgv273-seacev3-1241324,ocds-dgv273-seacev3-1241324-2026-09-07T10:14:42.045548-05:00,1241324-1824843,119142.02,PEN,Soles,2026-08-27T00:00:00-05:00
ocds-dgv273-seacev3-1244065,ocds-dgv273-seacev3-1244065-2026-09-07T10:14:41.972541-05:00,1244065-1828234,1195812.56,PEN,Soles,2026-09-04T00:00:00-05:00
ocds-dgv273-seacev3-1242482,ocds-dgv273-seacev3-1242482-2026-09-07T10:14:41.906518-05:00,1242482-20552075341,192977.0,PEN,Soles,2026-09-04T00:00:00-05:00
ocds-dgv273-seacev3-1242290,ocds-dgv273-seacev3-1242290-2026-09-07T10:14:41.802216-05:00,1242290-1826059,3816725.74,PEN,Soles,2026-09-03T00:00:00-05:00
ocds-dgv273-seacev3-1238121,ocds-dgv273-seacev3-1238121-2026-09-07T10:14:41.678830-05:00,1238121-20562616561,61200.0,PEN,Soles,2026-08-27T00:00:00-05:00
ocds-dgv273-seacev3-1243600,ocds-dgv273-seacev3-1243600-2026-09-07T10:14:41.577060-05:00,1243600-20608081390,488098.26,PEN,Soles,2026-09-04T00:00:00-05:00
ocds-dgv273-seacev3-1240429,ocds-dgv273-seacev3-1240429-2026-09-07T10:14:41.486275-05:00,1240429-20601709571,40000.0,PEN,Soles,2026-08-20T00:00:00-05:00
ocds-dgv273-seacev3-1240239,ocds-dgv273-seacev3-1240239-2026-09-07T10:14:41.403905-05:00,1240239-1824871,1958660.58,PEN,Soles,2026-08-27T00:00:00-05:00
ocds-dgv273-seacev3-1243631,ocds-dgv273-seacev3-1243631-2026-09-07T10:14:35.488084-05:00,1243631-20600244486,64000.0,PEN,Soles,2026-08-28T00:00:00-05:00
ocds-dgv273-seacev3-1241435,ocds-dgv273-seacev3-1241435-2026-09-07T10:14:35.449009-05:00,1241435-20559644243,48200.0,PEN,Soles,2026-08-27T00:00:00-05:00
ocds-dgv273-seacev3-1240320,ocds-dgv273-seacev3-1240320-2026-09-07T10:14:35.434633-05:00,1240320-20611190965,89662.0,PEN,Soles,2026-08-19T00:00:00-05:00
ocds-dgv273-seacev3-1243912,ocds-dgv273-seacev3-1243912-2026-09-07T10:14:35.302151-05:00,1243912-20572123228,374081.39,PEN,Soles,2026-09-03T00:00:00-05:00
ocds-dgv273-seacev3-1242312,ocds-dgv273-seacev3-1242312-2026-09-07T10:14:35.210491-05:00,1242312-10040218381,324000.0,PEN,Soles,2026-09-04T00:00:00-05:00
ocds-dgv273-seacev3-2026-1071-2,ocds-dgv273-seacev3-2026-1071-2-2026-09-07T10:14:35.129267-05:00,1243611-1828011,79975.04,PEN,Soles,2026-09-03T00:00:00-05:00
ocds-dgv273-seacev3-1243252,ocds-dgv273-seacev3-1243252-2026-09-07T10:14:35.038319-05:00,1243252-1824505,361387.4,PEN,Soles,2026-08-26T00:00:00-05:00
ocds-dgv273-seacev3-1239430,ocds-dgv273-seacev3-1239430-2026-09-07T10:14:34.936628-05:00,1239430-20604912602,386250.0,PEN,Soles,2026-08-27T00:00:00-05:00
ocds-dgv273-seacev3-1239448,ocds-dgv273-seacev3-1239448-2026-09-07T10:14:34.776156-05:00,1239448-20601709571,59250.0,PEN,Soles,2026-08-19T00:00:00-05:00
ocds-dgv273-seacev3-1237630,ocds-dgv273-seacev3-1237630-2026-09-07T10:14:34.680850-05:00,1237630-1827002,707390.87,PEN,Soles,2026-09-03T00:00:00-05:00
ocds-dgv273-seacev3-1242527,ocds-dgv273-seacev3-1242527-2026-09-07T10:14:34.594383-05:00,1242527-20441636831,140500.0,PEN,Soles,2026-08-27T00:00:00-05:00
ocds-dgv273-seacev3-1246081,ocds-dgv273-seacev3-1246081-2026-09-07T10:14:34.552584-05:00,1246081-10415517284,1896307.2,PEN,Soles,2026-09-03T00:00:00-05:00
ocds-dgv273-seacev3-1243177,ocds-dgv273-seacev3-1243177-2026-09-07T10:14:33.852965-05:00,1243177-20450700771,172063.5,PEN,Soles,2026-09-04T00:00:00-05:00
ocds-dgv273-seacev3-1243612,ocds-dgv273-seacev3-1243612-2026-09-07T10:14:33.819034-05:00,1243612-1825177,4770784.92,PEN,Soles,2026-08-28T00:00:00-05:00
ocds-dgv273-seacev3-2026-10262-7,ocds-dgv273-seacev3-2026-10262-7-2026-09-07T10:14:33.507506-05:00,1239971-20449344261,75000.0,PEN,Soles,2026-08-26T00:00:00-05:00
ocds-dgv273-seacev3-1245289,ocds-dgv273-seacev3-1245289-2026-09-07T10:14:33.382822-05:00,1245289-20100291551,99061.11,PEN,Soles,2026-08-27T00:00:00-05:00
ocds-dgv273-seacev3-1243638,ocds-dgv273-seacev3-1243638-2026-09-07T10:14:33.311561-05:00,1243638-1827824,5217707.47,PEN,Soles,2026-09-03T00:00:00-05:00
ocds-dgv273-seacev3-1244426,ocds-dgv273-seacev3-1244426-2026-09-07T10:14:33.251107-05:00,1244426-1828380,685875.21,PEN,Soles,2026-09-04T00:00:00-05:00
ocds-dgv273-seacev3-1241108,ocds-dgv273-seacev3-1241108-2026-09-07T10:14:33.230258-05:00,1241108-20602725163,59445.0,PEN,Soles,2026-08-20T00:00:00-05:00
ocds-dgv273-seacev3-1240936,ocds-dgv273-seacev3-1240936-2026-09-07T10:14:32.907819-05:00,1240936-20600409311,636000.0,PEN,Soles,2026-08-28T00:00:00-05:00
ocds-dgv273-seacev3-1245184,ocds-dgv273-seacev3-1245184-2026-09-07T10:14:32.181158-05:00,1245184-L0609015673,66000.0,USD,Dólar Norteamericano,2026-08-27T00:00:00-05:00
ocds-dgv273-seacev3-1239434,ocds-dgv273-seacev3-1239434-2026-09-07T10:14:32.159944-05:00,1239434-20347268683,93000.0,PEN,Soles,2026-08-18T00:00:00-05:00
ocds-dgv273-seacev3-1244306,ocds-dgv273-seacev3-1244306-2026-09-07T10:14:32.111109-05:00,1244306-20382350368,429756.0,PEN,Soles,2026-09-04T00:00:00-05:00
ocds-dgv273-seacev3-1238787,ocds-dgv273-seacev3-1238787-2026-09-07T10:14:32.076231-05:00,1238787-20602284442,207360.0,PEN,Soles,2026-08-24T00:00:00-05:00
ocds-dgv273-seacev3-1241340,ocds-dgv273-seacev3-1241340-2026-09-07T10:14:32.000589-05:00,1241340-20572246737,172848.0,PEN,Soles,2026-08-26T00:00:00-05:00
ocds-dgv273-seacev3-2026-10460-1,ocds-dgv273-seacev3-2026-10460-1-2026-09-07T10:14:31.803401-05:00,1240480-20607400301,139807.52,PEN,Soles,2026-08-25T00:00:00-05:00
ocds-dgv273-seacev3-1244512,ocds-dgv273-seacev3-1244512-2026-09-07T10:14:31.591290-05:00,1244512-1828298,1088696.2,PEN,Soles,2026-09-04T00:00:00-05:00
ocds-dgv273-seacev3-1242306,ocds-dgv273-seacev3-1242306-2026-09-07T10:14:31.415769-05:00,1242306-20603876670,120000.0,PEN,Soles,2026-09-01T00:00:00-05:00
ocds-dgv273-seacev3-2026-13-41,ocds-dgv273-seacev3-2026-13-41-2026-09-07T10:14:31.353828-05:00,1244918-20603177267,168787.2,USD,Dólar Norteamericano,2026-08-28T00:00:00-05:00
ocds-dgv273-seacev3-1244499,ocds-dgv273-seacev3-1244499-2026-09-07T10:14:31.110608-05:00,1244499-20492856551,47880.0,PEN,Soles,2026-09-03T00:00:00-05:00
ocds-dgv273-seacev3-1239951,ocds-dgv273-seacev3-1239951-2026-09-07T10:14:31.002816-05:00,1239951-10408707973,67945.2,PEN,Soles,2026-08-21T00:00:00-05:00
ocds-dgv273-seacev3-1241627,ocds-dgv273-seacev3-1241627-2026-09-07T10:14:30.766701-05:00,1241627-20572246737,96875.0,PEN,Soles,2026-08-25T00:00:00-05:00
ocds-dgv273-seacev3-1240470,ocds-dgv273-seacev3-1240470-2026-09-07T10:14:30.750759-05:00,1240470-20615100316,79800.0,PEN,Soles,2026-08-24T00:00:00-05:00
ocds-dgv273-seacev3-1239013,ocds-dgv273-seacev3-1239013-2026-09-07T10:14:30.729158-05:00,1239013-20477983708,7750800.0,PEN,Soles,2026-08-27T00:00:00-05:00
ocds-dgv273-seacev3-1239132,ocds-dgv273-seacev3-1239132-2026-09-07T10:14:30.709352-05:00,1239132-20563817161,84890.0,PEN,Soles,2026-08-19T00:00:00-05:00
ocds-dgv273-seacev3-1242656,ocds-dgv273-seacev3-1242656-2026-09-07T10:14:30.527439-05:00,1242656-1827665,238563.42,PEN,Soles,2026-09-03T00:00:00-05:00
ocds-dgv273-seacev3-1243222,ocds-dgv273-seacev3-1243222-2026-09-07T10:14:30.504832-05:00,1243222-20600941900,85800.0,PEN,Nuevos Soles,2026-08-26T00:00:00-05:00
ocds-dgv273-seacev3-1240069,ocds-dgv273-seacev3-1240069-2026-09-07T10:14:30.490548-05:00,1240069-1824034,1170123.55,PEN,Soles,2026-08-27T00:00:00-05:00
ocds-dgv273-seacev3-1238375,ocds-dgv273-seacev3-1238375-2026-09-07T10:14:30.368699-05:00,1238375-1823047,1169446.0,PEN,Soles,2026-08-27T00:00:00-05:00
ocds-dgv273-seacev3-1239200,ocds-dgv273-seacev3-1239200-2026-09-07T10:14:30.142155-05:00,1239200-20600663748,171920.0,PEN,Soles,2026-08-21T00:00:00-05:00
ocds-dgv273-seacev3-1233218,ocds-dgv273-seacev3-1233218-2026-09-07T10:14:29.967623-05:00,1233218-1822473,1164793.58,PEN,Nuevos Soles,2026-08-24T00:00:00-05:00
ocds-dgv273-seacev3-1244469,ocds-dgv273-seacev3-1244469-2026-09-07T10:14:29.775479-05:00,1244469-1828426,2344975.7,PEN,Soles,2026-09-04T00:00:00-05:00
ocds-dgv273-seacev3-1240511,ocds-dgv273-seacev3-1240511-2026-09-07T10:14:29.745796-05:00,1240511-20610630198,220000.0,PEN,Soles,2026-08-27T00:00:00-05:00
ocds-dgv273-seacev3-1241119,ocds-dgv273-seacev3-1241119-2026-09-07T10:14:29.398240-05:00,1241119-20610427724,99639.0,PEN,Soles,2026-08-18T00:00:00-05:00
ocds-dgv273-seacev3-1244332,ocds-dgv273-seacev3-1244332-2026-09-07T10:14:29.284294-05:00,1244332-20553069239,136474.48,PEN,Soles,2026-09-04T00:00:00-05:00
ocds-dgv273-seacev3-1240167,ocds-dgv273-seacev3-1240167-2026-09-07T10:14:28.908212-05:00,1240167-20521581761,455328.0,PEN,Soles,2026-08-12T00:00:00-05:00
ocds-dgv273-seacev3-1238300,ocds-dgv273-seacev3-1238300-2026-09-07T10:14:25.528778-05:00,1238300-10462833721,80000.0,PEN,Soles,2026-08-26T00:00:00-05:00
ocds-dgv273-seacev3-1245079,ocds-dgv273-seacev3-1245079-2026-09-07T10:14:25.167928-05:00,1245079-1827959,296193.83,PEN,Soles,2026-09-04T00:00:00-05:00
ocds-dgv273-seacev3-1241992,ocds-dgv273-seacev3-1241992-2026-09-07T10:14:24.934474-05:00,1241992-20608617915,229330.0,PEN,Soles,2026-08-26T00:00:00-05:00
ocds-dgv273-seacev3-1242228,ocds-dgv273-seacev3-1242228-2026-09-07T10:14:24.870946-05:00,1242228-10461775026,87518.0,PEN,Soles,2026-08-27T13:08:05-05:00
ocds-dgv273-seacev3-1238114,ocds-dgv273-seacev3-1238114-2026-09-07T10:14:24.157624-05:00,1238114-20546548393,201429.63,PEN,Soles,2026-08-27T00:00:00-05:00
ocds-dgv273-seacev3-1240426,ocds-dgv273-seacev3-1240426-2026-09-07T10:14:23.306163-05:00,1240426-1824009,968033.92,PEN,Soles,2026-08-28T00:00:00-05:00
ocds-dgv273-seacev3-1238490,ocds-dgv273-seacev3-1238490-2026-09-07T10:14:23.207297-05:00,1238490-1824703,249500.0,PEN,Soles,2026-08-28T00:00:00-05:00
ocds-dgv273-seacev3-1239724,ocds-dgv273-seacev3-1239724-2026-09-07T10:14:22.983633-05:00,1239724-1824104,826019.88,PEN,Soles,2026-08-27T00:00:00-05:00
ocds-dgv273-seacev3-1240430,ocds-dgv273-seacev3-1240430-2026-09-07T10:14:22.968047-05:00,1240430-20604235783,88920.0,PEN,Soles,2026-08-27T00:00:00-05:00
ocds-dgv273-seacev3-1241978,ocds-dgv273-seacev3-1241978-2026-09-07T10:14:22.326050-05:00,1241978-1825045,176929.1,PEN,Soles,2026-08-28T00:00:00-05:00
ocds-dgv273-seacev3-1242837,ocds-dgv273-seacev3-1242837-2026-09-07T10:14:22.215846-05:00,1242837-20603430086,116026.51,PEN,Soles,2026-09-02T00:00:00-05:00
ocds-dgv273-seacev3-1239569,ocds-dgv273-seacev3-1239569-2026-09-07T10:14:22.188811-05:00,1239569-20564154831,73075.0,PEN,Soles,2026-08-17T00:00:00-05:00
ocds-dgv273-seacev3-1245933,ocds-dgv273-seacev3-1245933-2026-09-07T10:14:22.044604-05:00,1245933-20538849970,146400.0,PEN,Soles,2026-09-04T00:00:00-05:00
ocds-dgv273-seacev3-1240507,ocds-dgv273-seacev3-1240507-2026-09-07T10:14:21.900067-05:00,1240507-20390625007,20883.0,PEN,Soles,2026-08-28T00:00:00-05:00
ocds-dgv273-seacev3-1239549,ocds-dgv273-seacev3-1239549-2026-09-07T10:14:21.779212-05:00,1239549-10722716022,252000.0,PEN,Soles,2026-08-13T00:00:00-05:00
ocds-dgv273-seacev3-1245198,ocds-dgv273-seacev3-1245198-2026-09-07T10:14:21.525093-05:00,1245198-1828024,695373.58,PEN,Soles,2026-09-04T00:00:00-05:00
ocds-dgv273-seacev3-1240920,ocds-dgv273-seacev3-1240920-2026-09-07T10:14:21.468279-05:00,1240920-10102688690,125510.0,PEN,Nuevos Soles,2026-08-26T00:00:00-05:00
ocds-dgv273-seacev3-1241864,ocds-dgv273-seacev3-1241864-2026-09-07T10:14:21.274186-05:00,1241864-20564063445,78999.0,PEN,Soles,2026-08-27T00:00:00-05:00
ocds-dgv273-seacev3-1238387,ocds-dgv273-seacev3-1238387-2026-09-07T10:14:21.251593-05:00,1238387-20601230551,1095000.0,PEN,Soles,2026-08-27T00:00:00-05:00
ocds-dgv273-seacev3-1239260,ocds-dgv273-seacev3-1239260-2026-09-07T10:14:21.178611-05:00,1239260-1824315,170000.0,PEN,Soles,2026-08-27T00:00:00-05:00
ocds-dgv273-seacev3-1240769,ocds-dgv273-seacev3-1240769-2026-09-07T10:14:20.900664-05:00,1240769-1827656,1966361.25,PEN,Soles,2026-09-04T00:00:00-05:00
ocds-dgv273-seacev3-1244315,ocds-dgv273-seacev3-1244315-2026-09-07T10:14:15.967810-05:00,1244315-20272904422,70092.0,PEN,Soles,2026-09-04T00:00:00-05:00
ocds-dgv273-seacev3-1243691,ocds-dgv273-seacev3-1243691-2026-09-07T10:14:15.756155-05:00,1243691-1827454,1250372.69,PEN,Soles,2026-09-04T00:00:00-05:00
ocds-dgv273-seacev3-1242466,ocds-dgv273-seacev3-1242466-2026-09-07T10:14:15.717132-05:00,1242466-1826627,1395998.56,PEN,Soles,2026-09-03T00:00:00-05:00
ocds-dgv273-seacev3-1233027,ocds-dgv273-seacev3-1233027-2026-09-07T10:14:15.703699-05:00,1233027-1824741,1356862.16,PEN,Soles,2026-09-01T00:00:00-05:00
ocds-dgv273-seacev3-1239588,ocds-dgv273-seacev3-1239588-2026-09-07T10:14:15.432304-05:00,1239588-1823640,669102.1,PEN,Soles,2026-08-27T00:00:00-05:00
ocds-dgv273-seacev3-1244282,ocds-dgv273-seacev3-1244282-2026-09-07T10:14:15.400334-05:00,1244282-1828410,158080.0,PEN,Soles,2026-09-04T00:00:00-05:00
ocds-dgv273-seacev3-1238045,ocds-dgv273-seacev3-1238045-2026-09-07T10:14:15.156091-05:00,1238045-10730782646,374573.0,PEN,Soles,2026-09-03T00:00:00-05:00
ocds-dgv273-seacev3-1242563,ocds-dgv273-seacev3-1242563-2026-09-07T10:14:15.005843-05:00,1242563-1824159,1568000.0,PEN,Soles,2026-08-24T00:00:00-05:00
ocds-dgv273-seacev3-1244309,ocds-dgv273-seacev3-1244309-2026-09-07T10:14:14.880813-05:00,1244309-20608529528,356120.5,PEN,Soles,2026-09-04T00:00:00-05:00
ocds-dgv273-seacev3-1240781,ocds-dgv273-seacev3-1240781-2026-09-07T10:14:14.788357-05:00,1240781-1824134,1808202.31,PEN,Soles,2026-08-26T00:00:00-05:00
ocds-dgv273-seacev3-1241850,ocds-dgv273-seacev3-1241850-2026-09-07T10:14:14.531103-05:00,1241850-10701123838,589870.0,PEN,Soles,2026-08-27T00:00:00-05:00
ocds-dgv273-seacev3-1241534,ocds-dgv273-seacev3-1241534-2026-09-07T10:14:14.519908-05:00,1241534-1824800,296000.0,PEN,Soles,2026-08-27T00:00:00-05:00
ocds-dgv273-seacev3-1242719,ocds-dgv273-seacev3-1242719-2026-09-07T10:14:14.425039-05:00,1242719-20611368659,54630.0,PEN,Soles,2026-08-25T00:00:00-05:00
ocds-dgv273-seacev3-1243787,ocds-dgv273-seacev3-1243787-2026-09-07T10:14:14.398455-05:00,1243787-20604718865,369505.07,PEN,Soles,2026-09-03T00:00:00-05:00
ocds-dgv273-seacev3-1240075,ocds-dgv273-seacev3-1240075-2026-09-07T10:14:14.291978-05:00,1240075-20507634479,5004228.33,PEN,Soles,2026-09-04T00:00:00-05:00
ocds-dgv273-seacev3-1242810,ocds-dgv273-seacev3-1242810-2026-09-07T10:14:13.611067-05:00,1242810-1827627,244112.52,PEN,Soles,2026-09-02T00:00:00-05:00
ocds-dgv273-seacev3-1238299,ocds-dgv273-seacev3-1238299-2026-09-07T10:14:13.548151-05:00,1238299-20459821652,121212.0,PEN,Soles,2026-08-24T15:25:59-05:00
ocds-dgv273-seacev3-1240548,ocds-dgv273-seacev3-1240548-2026-09-07T10:14:13.389207-05:00,1240548-1823694,4171392.31,PEN,Soles,2026-08-27T00:00:00-05:00
ocds-dgv273-seacev3-1239595,ocds-dgv273-seacev3-1239595-2026-09-07T10:14:13.332541-05:00,1239595-1823133,466543.68,PEN,Soles,2026-09-03T00:00:00-05:00
ocds-dgv273-seacev3-1244321,ocds-dgv273-seacev3-1244321-2026-09-07T10:14:13.286998-05:00,1244321-20481828954,167182.4,PEN,Soles,2026-09-04T00:00:00-05:00
ocds-dgv273-seacev3-1239557,ocds-dgv273-seacev3-1239557-2026-09-07T10:14:13.235579-05:00,1239557-20601118522,662016.0,PEN,Soles,2026-08-28T00:00:00-05:00
ocds-dgv273-seacev3-1243679,ocds-dgv273-seacev3-1243679-2026-09-07T10:14:13.183147-05:00,1243679-10738110329,62830.0,PEN,Soles,2026-09-03T00:00:00-05:00
ocds-dgv273-seacev3-2026-10510-8,ocds-dgv273-seacev3-2026-10510-8-2026-09-07T10:14:12.830255-05:00,1238912-20100070970,290999.03,PEN,Soles,2026-08-20T00:00:00-05:00
ocds-dgv273-seacev3-1244510,ocds-dgv273-seacev3-1244510-2026-09-07T10:14:12.807992-05:00,1244510-1828365,2977895.67,PEN,Soles,2026-09-04T00:00:00-05:00
ocds-dgv273-seacev3-1243339,ocds-dgv273-seacev3-1243339-2026-09-07T10:14:12.794599-05:00,1243339-20607714691,507309.14,PEN,Soles,2026-09-04T00:00:00-05:00
ocds-dgv273-seacev3-1241192,ocds-dgv273-seacev3-1241192-2026-09-07T10:14:12.727848-05:00,1241192-1827663,2627960.02,PEN,Soles,2026-09-03T00:00:00-05:00
ocds-dgv273-seacev3-1240088,ocds-dgv273-seacev3-1240088-2026-09-07T10:14:12.189193-05:00,1240088-20611019069,75600.0,PEN,Soles,2026-08-24T00:00:00-05:00
ocds-dgv273-seacev3-1242678,ocds-dgv273-seacev3-1242678-2026-09-07T10:14:12.149064-05:00,1242678-20481695113,170305.5,PEN,Soles,2026-08-24T00:00:00-05:00
ocds-dgv273-seacev3-1239195,ocds-dgv273-seacev3-1239195-2026-09-07T10:14:12.124462-05:00,1239195-10106595807,125253.0,PEN,Soles,2026-08-26T00:00:00-05:00
ocds-dgv273-seacev3-1240856,ocds-dgv273-seacev3-1240856-2026-09-07T10:14:12.051648-05:00,1240856-20611965649,83250.0,PEN,Soles,2026-08-27T00:00:00-05:00
ocds-dgv273-seacev3-1243195,ocds-dgv273-seacev3-1243195-2026-09-07T10:14:11.044023-05:00,1243195-10413798413,77262.0,PEN,Soles,2026-09-02T00:00:00-05:00
ocds-dgv273-seacev3-1241680,ocds-dgv273-seacev3-1241680-2026-09-07T10:14:10.891429-05:00,1241680-20572246737,144162.5,PEN,Soles,2026-08-25T00:00:00-05:00
ocds-dgv273-seacev3-1234011,ocds-dgv273-seacev3-1234011-2026-09-07T10:14:10.862388-05:00,1234011-20495635822,180103.41,PEN,Soles,2026-08-27T00:00:00-05:00
ocds-dgv273-seacev3-1240423,ocds-dgv273-seacev3-1240423-2026-09-07T10:14:10.755776-05:00,1240423-20609175266,76120.0,PEN,Soles,2026-08-28T00:00:00-05:00
ocds-dgv273-seacev3-1240508,ocds-dgv273-seacev3-1240508-2026-09-07T10:14:10.369276-05:00,1240508-20507077251,130000.0,PEN,Soles,2026-09-02T00:00:00-05:00
ocds-dgv273-seacev3-1238775,ocds-dgv273-seacev3-1238775-2026-09-07T10:14:10.316389-05:00,1238775-1820405,171325.0,PEN,Soles,2026-08-14T00:00:00-05:00
ocds-dgv273-seacev3-1238688,ocds-dgv273-seacev3-1238688-2026-09-07T10:14:10.300413-05:00,1238688-20449458436,88312.0,PEN,Soles,2026-08-14T00:00:00-05:00
ocds-dgv273-seacev3-1239594,ocds-dgv273-seacev3-1239594-2026-09-07T10:14:10.194169-05:00,1239594-20602734740,263179.0,PEN,Soles,2026-08-24T00:00:00-05:00
ocds-dgv273-seacev3-1238837,ocds-dgv273-seacev3-1238837-2026-09-07T10:14:10.180456-05:00,1238837-10457752364,110000.0,PEN,Soles,2026-08-14T00:00:00-05:00
ocds-dgv273-seacev3-1242423,ocds-dgv273-seacev3-1242423-2026-09-07T10:14:09.981254-05:00,1242423-20610800816,190500.0,PEN,Soles,2026-08-28T00:00:00-05:00
ocds-dgv273-seacev3-1247367,ocds-dgv273-seacev3-1247367-2026-09-05T13:37:11.751122-05:00,1247367-1828207,197100.0,PEN,Soles,2026-09-03T00:00:00-05:00
ocds-dgv273-seacev3-1246863,ocds-dgv273-seacev3-1246863-2026-09-05T13:37:11.493135-05:00,1246863-20542671425,615919.21,PEN,Soles,2026-09-02T00:00:00-05:00
ocds-dgv273-seacev3-2026-232347-13,ocds-dgv273-seacev3-2026-232347-13-2026-09-05T13:37:11.228613-05:00,1246414-10475325325,48000.0,PEN,Soles,2026-09-02T00:00:00-05:00
ocds-dgv273-seacev3-2026-1947-152,ocds-dgv273-seacev3-2026-1947-152-2026-09-05T13:37:10.992946-05:00,1246040-L0000005703,45833.33,USD,Dólar Norteamericano,2026-08-31T00:00:00-05:00
ocds-dgv273-seacev3-1245499,ocds-dgv273-seacev3-1245499-2026-09-05T13:37:10.640564-05:00,1245499-1826771,449996.3,PEN,Soles,2026-09-01T00:00:00-05:00
ocds-dgv273-seacev3-1245201,ocds-dgv273-seacev3-1245201-2026-09-05T13:37:10.480756-05:00,1245201-1826752,653737.37,PEN,Soles,2026-08-31T00:00:00-05:00
ocds-dgv273-seacev3-1245273,ocds-dgv273-seacev3-1245273-2026-09-05T13:37:09.393178-05:00,1245273-10286041880,432000.0,PEN,Soles,2026-09-03T00:00:00-05:00
ocds-dgv273-seacev3-1243148,ocds-dgv273-seacev3-1243148-2026-09-05T13:37:08.819435-05:00,1243148-1826765,2491889.2,PEN,Soles,2026-09-03T00:00:00-05:00
ocds-dgv273-seacev3-1242521,ocds-dgv273-seacev3-1242521-2026-09-05T13:37:08.247013-05:00,1242521-10736626727,337920.0,PEN,Soles,2026-08-20T00:00:00-05:00
ocds-dgv273-seacev3-1240478,ocds-dgv273-seacev3-1240478-2026-09-05T13:37:08.068792-05:00,1240478-1823985,90400.0,PEN,Soles,2026-08-27T00:00:00-05:00
ocds-dgv273-seacev3-1242643,ocds-dgv273-seacev3-1242643-2026-09-05T13:37:08.054184-05:00,1242643-1826342,2591873.89,PEN,Soles,2026-09-03T00:00:00-05:00
ocds-dgv273-seacev3-1242361,ocds-dgv273-seacev3-1242361-2026-09-05T13:37:08.011094-05:00,1242361-20608399764,302000.0,PEN,Soles,2026-09-02T00:00:00-05:00
ocds-dgv273-seacev3-1241417,ocds-dgv273-seacev3-1241417-2026-09-05T13:37:07.996102-05:00,1241417-1821581,129750.0,PEN,Soles,2026-08-18T00:00:00-05:00
ocds-dgv273-seacev3-1242365,ocds-dgv273-seacev3-1242365-2026-09-05T13:37:07.786790-05:00,1242365-20605027564,71743.0,PEN,Soles,2026-08-24T00:00:00-05:00
ocds-dgv273-seacev3-1242310,ocds-dgv273-seacev3-1242310-2026-09-05T13:37:07.163131-05:00,1242310-1826043,197000.0,PEN,Soles,2026-09-01T00:00:00-05:00
ocds-dgv273-seacev3-1240853,ocds-dgv273-seacev3-1240853-2026-09-05T13:37:07.102376-05:00,1240853-1823826,329431.57,PEN,Soles,2026-08-24T00:00:00-05:00
ocds-dgv273-seacev3-1239877,ocds-dgv273-seacev3-1239877-2026-09-05T13:37:06.881527-05:00,1239877-20603728271,2657160.0,PEN,Soles,2026-08-14T00:00:00-05:00
ocds-dgv273-seacev3-2026-26-21,ocds-dgv273-seacev3-2026-26-21-2026-09-05T13:37:06.776816-05:00,1238354-20332970411,90000.0,PEN,Soles,2026-08-13T00:00:00-05:00
ocds-dgv273-seacev3-1240497,ocds-dgv273-seacev3-1240497-2026-09-05T13:37:06.630015-05:00,1240497-10038960909,254016.0,PEN,Soles,2026-08-14T00:00:00-05:00
ocds-dgv273-seacev3-1240456,ocds-dgv273-seacev3-1240456-2026-09-05T13:37:06.400393-05:00,1240456-20612336173,72766.9,PEN,Soles,2026-08-18T00:00:00-05:00
ocds-dgv273-seacev3-1245315,ocds-dgv273-seacev3-1245315-2026-09-05T13:37:05.944201-05:00,1245315-10291684870,252000.0,PEN,Soles,2026-09-03T00:00:00-05:00
ocds-dgv273-seacev3-1238998,ocds-dgv273-seacev3-1238998-2026-09-05T13:37:05.650925-05:00,1238998-1822230,406277.86,PEN,Soles,2026-08-21T00:00:00-05:00
ocds-dgv273-seacev3-1241447,ocds-dgv273-seacev3-1241447-2026-09-05T13:37:05.490592-05:00,1241447-10084711379,65483.3,PEN,Soles,2026-08-21T00:00:00-05:00
ocds-dgv273-seacev3-1238765,ocds-dgv273-seacev3-1238765-2026-09-05T13:37:04.425156-05:00,1238765-10456643898,84500.0,PEN,Soles,2026-08-14T00:00:00-05:00
ocds-dgv273-seacev3-1238463,ocds-dgv273-seacev3-1238463-2026-09-05T13:37:03.904299-05:00,1238463-10764279153,97000.0,PEN,Soles,2026-08-11T00:00:00-05:00
ocds-dgv273-seacev3-1243338,ocds-dgv273-seacev3-1243338-2026-09-05T13:37:03.702111-05:00,1243338-1827576,178000.0,PEN,Soles,2026-09-03T00:00:00-05:00
ocds-dgv273-seacev3-1239219,ocds-dgv273-seacev3-1239219-2026-09-05T13:37:03.522441-05:00,1239219-10400964641,79800.0,PEN,Soles,2026-08-26T00:00:00-05:00
ocds-dgv273-seacev3-1240970,ocds-dgv273-seacev3-1240970-2026-09-05T13:37:03.248369-05:00,1240970-1823697,174000.0,PEN,Soles,2026-08-26T00:00:00-05:00
ocds-dgv273-seacev3-1240166,ocds-dgv273-seacev3-1240166-2026-09-05T13:36:58.104656-05:00,1240166-20608550683,271476.91,PEN,Soles,2026-09-02T00:00:00-05:00
ocds-dgv273-seacev3-1238921,ocds-dgv273-seacev3-1238921-2026-09-05T13:36:57.962275-05:00,1238921-10249943032,216000.0,PEN,Soles,2026-08-10T00:00:00-05:00
ocds-dgv273-seacev3-1242959,ocds-dgv273-seacev3-1242959-2026-09-05T13:36:56.870813-05:00,1242959-10451911649,390000.0,PEN,Soles,2026-09-03T00:00:00-05:00
ocds-dgv273-seacev3-1238593,ocds-dgv273-seacev3-1238593-2026-09-05T13:36:56.792578-05:00,1238593-1821654,445699.99,PEN,Nuevos Soles,2026-08-19T00:00:00-05:00
ocds-dgv273-seacev3-1240083,ocds-dgv273-seacev3-1240083-2026-09-05T13:36:56.719749-05:00,1240083-20605822721,365000.0,PEN,Soles,2026-08-19T18:11:50-05:00
ocds-dgv273-seacev3-1237686,ocds-dgv273-seacev3-1237686-2026-09-05T13:36:56.651076-05:00,1237686-20522449271,13151570.0,PEN,Soles,2026-09-03T00:00:00-05:00
ocds-dgv273-seacev3-1239456,ocds-dgv273-seacev3-1239456-2026-09-05T13:36:56.321751-05:00,1239456-20600930801,88238.0,PEN,Soles,2026-08-27T00:00:00-05:00
ocds-dgv273-seacev3-1245260,ocds-dgv273-seacev3-1245260-2026-09-05T13:36:55.618800-05:00,1245260-10236605421,81733.28,PEN,Soles,2026-08-31T00:00:00-05:00
ocds-dgv273-seacev3-1240188,ocds-dgv273-seacev3-1240188-2026-09-05T13:36:55.448121-05:00,1240188-20487064280,192345.99,PEN,Soles,2026-08-25T00:00:00-05:00
ocds-dgv273-seacev3-1238091,ocds-dgv273-seacev3-1238091-2026-09-05T13:36:55.254151-05:00,1238091-10403969490,282510.0,PEN,Soles,2026-08-20T00:00:00-05:00
ocds-dgv273-seacev3-1239867,ocds-dgv273-seacev3-1239867-2026-09-05T13:36:55.163597-05:00,1239867-10459260281,234381.8,PEN,Soles,2026-08-26T00:00:00-05:00
ocds-dgv273-seacev3-1239227,ocds-dgv273-seacev3-1239227-2026-09-05T13:36:55.085235-05:00,1239227-20611235993,55000.0,PEN,Soles,2026-08-13T00:00:00-05:00
ocds-dgv273-seacev3-1237624,ocds-dgv273-seacev3-1237624-2026-09-05T13:36:54.996407-05:00,1237624-20525169431,249800.0,PEN,Soles,2026-08-18T00:00:00-05:00
ocds-dgv273-seacev3-1241450,ocds-dgv273-seacev3-1241450-2026-09-05T13:36:54.947587-05:00,1241450-10704015343,49000.0,PEN,Soles,2026-08-20T00:00:00-05:00
ocds-dgv273-seacev3-1240543,ocds-dgv273-seacev3-1240543-2026-09-05T13:36:54.925578-05:00,1240543-20564111270,247000.0,PEN,Soles,2026-08-26T00:00:00-05:00
ocds-dgv273-seacev3-1240775,ocds-dgv273-seacev3-1240775-2026-09-05T13:36:54.784556-05:00,1240775-10469318741,108000.0,PEN,Soles,2026-08-26T00:00:00-05:00
ocds-dgv273-seacev3-1238556,ocds-dgv273-seacev3-1238556-2026-09-05T13:36:54.715104-05:00,1238556-1821155,215453.7,PEN,Soles,2026-08-17T00:00:00-05:00
ocds-dgv273-seacev3-1241415,ocds-dgv273-seacev3-1241415-2026-09-05T13:36:54.488414-05:00,1241415-10433311359,99982.0,PEN,Soles,2026-08-24T00:00:00-05:00
ocds-dgv273-seacev3-1242160,ocds-dgv273-seacev3-1242160-2026-09-05T13:36:54.339233-05:00,1242160-1826735,381085.41,PEN,Soles,2026-09-03T00:00:00-05:00
ocds-dgv273-seacev3-1239221,ocds-dgv273-seacev3-1239221-2026-09-05T13:36:54.101950-05:00,1239221-20501262260,569326.45,PEN,Soles,2026-08-12T00:00:00-05:00
ocds-dgv273-seacev3-1238468,ocds-dgv273-seacev3-1238468-2026-09-05T13:36:53.998619-05:00,1238468-20611060662,58900.0,PEN,Soles,2026-08-19T00:00:00-05:00
ocds-dgv273-seacev3-1238394,ocds-dgv273-seacev3-1238394-2026-09-05T13:36:53.921776-05:00,1238394-20601908183,61750.0,PEN,Soles,2026-08-18T00:00:00-05:00
ocds-dgv273-seacev3-1240064,ocds-dgv273-seacev3-1240064-2026-09-05T13:36:53.861315-05:00,1240064-20537188333,239000.0,PEN,Soles,2026-08-26T00:00:00-05:00
ocds-dgv273-seacev3-1239428,ocds-dgv273-seacev3-1239428-2026-09-05T13:36:53.848225-05:00,1239428-10436032884,630000.0,PEN,Soles,2026-08-19T00:00:00-05:00
ocds-dgv273-seacev3-1240015,ocds-dgv273-seacev3-1240015-2026-09-05T13:36:53.774066-05:00,1240015-20604068356,706260.0,PEN,Soles,2026-08-21T00:00:00-05:00
ocds-dgv273-seacev3-1239242,ocds-dgv273-seacev3-1239242-2026-09-05T13:36:53.764145-05:00,1239242-1823146,812382.09,PEN,Soles,2026-08-27T00:00:00-05:00
ocds-dgv273-seacev3-1241203,ocds-dgv273-seacev3-1241203-2026-09-05T13:36:53.686163-05:00,1241203-20564000010,111360.0,PEN,Soles,2026-08-26T00:00:00-05:00
ocds-dgv273-seacev3-1243667,ocds-dgv273-seacev3-1243667-2026-09-05T13:36:53.496897-05:00,1243667-20609301750,94500.0,PEN,Soles,2026-08-27T00:00:00-05:00
ocds-dgv273-seacev3-1238600,ocds-dgv273-seacev3-1238600-2026-09-05T13:36:53.286278-05:00,1238600-1822662,3293556.6,PEN,Soles,2026-08-27T00:00:00-05:00
ocds-dgv273-seacev3-1238339,ocds-dgv273-seacev3-1238339-2026-09-05T13:36:53.227284-05:00,1238339-10048041189,159000.0,PEN,Soles,2026-08-26T00:00:00-05:00
ocds-dgv273-seacev3-1238739,ocds-dgv273-seacev3-1238739-2026-09-05T13:36:52.675997-05:00,1238739-10456643898,84000.0,PEN,Soles,2026-08-14T20:33:24-05:00
ocds-dgv273-seacev3-1241433,ocds-dgv273-seacev3-1241433-2026-09-05T13:36:52.498697-05:00,1241433-20604707014,153450.0,PEN,Soles,2026-08-24T00:00:00-05:00
ocds-dgv273-seacev3-1240789,ocds-dgv273-seacev3-1240789-2026-09-05T13:36:52.215032-05:00,1240789-20450636747,192000.0,PEN,Soles,2026-08-25T12:02:45-05:00
ocds-dgv273-seacev3-1239406,ocds-dgv273-seacev3-1239406-2026-09-05T13:36:46.564986-05:00,1239406-1822346,133883.51,PEN,Soles,2026-08-26T00:00:00-05:00
ocds-dgv273-seacev3-1242443,ocds-dgv273-seacev3-1242443-2026-09-05T13:36:46.454314-05:00,1242443-1823838,1528094.18,PEN,Soles,2026-08-26T00:00:00-05:00
ocds-dgv273-seacev3-1240465,ocds-dgv273-seacev3-1240465-2026-09-05T13:36:45.984214-05:00,1240465-10480170429,101100.0,PEN,Soles,2026-08-25T00:00:00-05:00
ocds-dgv273-seacev3-1243341,ocds-dgv273-seacev3-1243341-2026-09-05T13:36:45.949545-05:00,1243341-20610970762,209925.0,PEN,Soles,2026-09-03T00:00:00-05:00
ocds-dgv273-seacev3-1243493,ocds-dgv273-seacev3-1243493-2026-09-05T13:36:45.825453-05:00,1243493-20564316670,68750.0,PEN,Soles,2026-08-27T00:00:00-05:00
ocds-dgv273-seacev3-1241222,ocds-dgv273-seacev3-1241222-2026-09-05T13:36:45.177526-05:00,1241222-1824382,1369094.3,PEN,Soles,2026-08-26T00:00:00-05:00
ocds-dgv273-seacev3-1242569,ocds-dgv273-seacev3-1242569-2026-09-05T13:36:44.483156-05:00,1242569-1826890,2148715.47,PEN,Soles,2026-09-03T00:00:00-05:00
ocds-dgv273-seacev3-1240350,ocds-dgv273-seacev3-1240350-2026-09-05T13:36:44.168994-05:00,1240350-20553003301,388000.0,PEN,Soles,2026-08-24T00:00:00-05:00
ocds-dgv273-seacev3-1237355,ocds-dgv273-seacev3-1237355-2026-09-05T13:36:43.964895-05:00,1237355-20615711935,100000.0,PEN,Soles,2026-08-25T00:00:00-05:00
ocds-dgv273-seacev3-1240123,ocds-dgv273-seacev3-1240123-2026-09-05T13:36:43.219464-05:00,1240123-20100218551,188511.0,PEN,Soles,2026-08-26T00:00:00-05:00
ocds-dgv273-seacev3-1239074,ocds-dgv273-seacev3-1239074-2026-09-05T13:36:42.896740-05:00,1239074-20613570196,73000.0,PEN,Soles,2026-08-27T00:00:00-05:00
ocds-dgv273-seacev3-1240847,ocds-dgv273-seacev3-1240847-2026-09-05T13:36:42.578244-05:00,1240847-20614076683,74900.0,PEN,Soles,2026-08-18T00:00:00-05:00
ocds-dgv273-seacev3-1240114,ocds-dgv273-seacev3-1240114-2026-09-05T13:36:42.088943-05:00,1240114-1826762,1248135.36,PEN,Soles,2026-09-02T00:00:00-05:00
ocds-dgv273-seacev3-2026-232347-18,ocds-dgv273-seacev3-2026-232347-18-2026-09-05T13:36:41.346453-05:00,1246769-10074701375,40000.0,PEN,Soles,2026-09-02T00:00:00-05:00
ocds-dgv273-seacev3-1238209,ocds-dgv273-seacev3-1238209-2026-09-05T13:36:41.177380-05:00,1238209-20563531356,85500.0,PEN,Soles,2026-09-03T00:00:00-05:00
ocds-dgv273-seacev3-1239179,ocds-dgv273-seacev3-1239179-2026-09-05T13:36:40.726683-05:00,1239179-1822996,1878301.65,PEN,Soles,2026-09-02T00:00:00-05:00
ocds-dgv273-seacev3-1243693,ocds-dgv273-seacev3-1243693-2026-09-05T13:36:40.472482-05:00,1243693-20611969792,95200.0,PEN,Soles,2026-08-27T00:00:00-05:00
ocds-dgv273-seacev3-1243364,ocds-dgv273-seacev3-1243364-2026-09-05T13:36:40.446369-05:00,1243364-20609000199,95387.0,PEN,Soles,2026-09-03T00:00:00-05:00
ocds-dgv273-seacev3-1238753,ocds-dgv273-seacev3-1238753-2026-09-05T13:36:40.352691-05:00,1238753-20615583431,55710.0,PEN,Soles,2026-08-11T00:00:00-05:00
ocds-dgv273-seacev3-1239510,ocds-dgv273-seacev3-1239510-2026-09-05T13:36:40.148280-05:00,1239510-20602544789,176650.0,PEN,Soles,2026-08-21T00:00:00-05:00
ocds-dgv273-seacev3-1240606,ocds-dgv273-seacev3-1240606-2026-09-05T13:36:40.053453-05:00,1240606-20608599992,951001.91,PEN,Soles,2026-08-24T00:00:00-05:00
ocds-dgv273-seacev3-1239114,ocds-dgv273-seacev3-1239114-2026-09-05T13:36:39.886741-05:00,1239114-10310436521,131250.0,PEN,Soles,2026-08-18T00:00:00-05:00
ocds-dgv273-seacev3-1241733,ocds-dgv273-seacev3-1241733-2026-09-05T13:36:35.061976-05:00,1241733-20600852346,80080.0,PEN,Soles,2026-08-26T00:00:00-05:00
ocds-dgv273-seacev3-1240806,ocds-dgv273-seacev3-1240806-2026-09-05T13:36:34.683183-05:00,1240806-20492677206,106200.0,PEN,Soles,2026-08-26T00:00:00-05:00
ocds-dgv273-seacev3-2026-232347-12,ocds-dgv273-seacev3-2026-232347-12-2026-09-05T13:36:34.547378-05:00,1246666-10473271295,48000.0,PEN,Soles,2026-09-02T00:00:00-05:00
ocds-dgv273-seacev3-1238664,ocds-dgv273-seacev3-1238664-2026-09-05T13:36:34.352887-05:00,1238664-1822973,475000.0,PEN,Soles,2026-08-26T00:00:00-05:00
ocds-dgv273-seacev3-1243432,ocds-dgv273-seacev3-1243432-2026-09-05T13:36:34.297728-05:00,1243432-1827749,814744.91,PEN,Soles,2026-09-03T00:00:00-05:00
ocds-dgv273-seacev3-1241887,ocds-dgv273-seacev3-1241887-2026-09-05T13:36:34.191318-05:00,1241887-1824187,372100.71,PEN,Soles,2026-08-25T00:00:00-05:00
ocds-dgv273-seacev3-1238724,ocds-dgv273-seacev3-1238724-2026-09-05T13:36:34.172441-05:00,1238724-1822413,89850.0,PEN,Soles,2026-08-20T00:00:00-05:00
ocds-dgv273-seacev3-1241846,ocds-dgv273-seacev3-1241846-2026-09-05T13:36:33.852141-05:00,1241846-1826613,2623078.22,PEN,Soles,2026-09-02T00:00:00-05:00
ocds-dgv273-seacev3-1239842,ocds-dgv273-seacev3-1239842-2026-09-05T13:36:33.628830-05:00,1239842-20601739829,2520000.0,PEN,Soles,2026-08-25T00:00:00-05:00
ocds-dgv273-seacev3-1239680,ocds-dgv273-seacev3-1239680-2026-09-05T13:36:33.437950-05:00,1239680-1827222,108795.26,PEN,Soles,2026-09-03T00:00:00-05:00
ocds-dgv273-seacev3-1242570,ocds-dgv273-seacev3-1242570-2026-09-05T13:36:33.133253-05:00,1242570-1826511,2047511.69,PEN,Soles,2026-09-03T00:00:00-05:00
ocds-dgv273-seacev3-1241195,ocds-dgv273-seacev3-1241195-2026-09-05T13:36:32.629924-05:00,1241195-1824611,339810.72,PEN,Soles,2026-08-26T00:00:00-05:00
ocds-dgv273-seacev3-1239923,ocds-dgv273-seacev3-1239923-2026-09-05T13:36:32.399237-05:00,1239923-1823835,1010669.99,PEN,Soles,2026-08-27T00:00:00-05:00
ocds-dgv273-seacev3-1243850,ocds-dgv273-seacev3-1243850-2026-09-05T13:36:32.151979-05:00,1243850-20556684775,116667.78,PEN,Soles,2026-08-26T00:00:00-05:00
ocds-dgv273-seacev3-1240855,ocds-dgv273-seacev3-1240855-2026-09-05T13:36:31.465663-05:00,1240855-20614076683,87500.0,PEN,Soles,2026-08-18T00:00:00-05:00
ocds-dgv273-seacev3-1239969,ocds-dgv273-seacev3-1239969-2026-09-05T13:36:31.233212-05:00,1239969-20601809061,360951.6,PEN,Soles,2026-08-21T00:00:00-05:00
ocds-dgv273-seacev3-1241975,ocds-dgv273-seacev3-1241975-2026-09-05T13:36:31.110406-05:00,1241975-1825242,2638099.13,PEN,Soles,2026-09-01T00:00:00-05:00
ocds-dgv273-seacev3-1241466,ocds-dgv273-seacev3-1241466-2026-09-05T13:36:30.252118-05:00,1241466-1824657,4755536.29,PEN,Soles,2026-09-01T00:00:00-05:00
ocds-dgv273-seacev3-1240788,ocds-dgv273-seacev3-1240788-2026-09-05T13:36:30.191929-05:00,1240788-10452621288,61900.0,PEN,Soles,2026-08-24T00:00:00-05:00
ocds-dgv273-seacev3-1237680,ocds-dgv273-seacev3-1237680-2026-09-05T13:36:30.070195-05:00,1237680-1821264,182390.0,PEN,Soles,2026-08-17T00:00:00-05:00
ocds-dgv273-seacev3-1243145,ocds-dgv273-seacev3-1243145-2026-09-05T13:36:29.513117-05:00,1243145-10458707125,57576.0,PEN,Soles,2026-08-26T00:00:00-05:00
ocds-dgv273-seacev3-1241353,ocds-dgv273-seacev3-1241353-2026-09-05T13:36:23.423703-05:00,1241353-20385002361,1636000.0,PEN,Soles,2026-08-18T00:00:00-05:00
ocds-dgv273-seacev3-1246709,ocds-dgv273-seacev3-1246709-2026-09-05T13:36:23.116068-05:00,1246709-10714714436,48000.0,PEN,Soles,2026-09-02T00:00:00-05:00
ocds-dgv273-seacev3-1241427,ocds-dgv273-seacev3-1241427-2026-09-05T13:36:23.094991-05:00,1241427-1826144,3452383.02,PEN,Soles,2026-09-02T00:00:00-05:00
ocds-dgv273-seacev3-1240567,ocds-dgv273-seacev3-1240567-2026-09-05T13:36:22.867643-05:00,1240567-1824030,106480.0,PEN,Soles,2026-08-26T00:00:00-05:00
ocds-dgv273-seacev3-1246925,ocds-dgv273-seacev3-1246925-2026-09-05T13:36:22.584448-05:00,1246925-1827856,250000.0,PEN,Nuevos Soles,2026-09-02T00:00:00-05:00
ocds-dgv273-seacev3-1243425,ocds-dgv273-seacev3-1243425-2026-09-05T13:36:22.411775-05:00,1243425-1827337,467636.95,PEN,Soles,2026-09-02T00:00:00-05:00
ocds-dgv273-seacev3-1242087,ocds-dgv273-seacev3-1242087-2026-09-05T13:36:21.763785-05:00,1242087-1825325,60391.04,PEN,Soles,2026-08-27T00:00:00-05:00
ocds-dgv273-seacev3-2026-10418-12,ocds-dgv273-seacev3-2026-10418-12-2026-09-05T13:36:21.747928-05:00,1238232-1823081,295303.59,PEN,Soles,2026-08-26T00:00:00-05:00
ocds-dgv273-seacev3-1240276,ocds-dgv273-seacev3-1240276-2026-09-05T13:36:21.699364-05:00,1240276-10766029570,56150.0,PEN,Soles,2026-08-18T00:00:00-05:00
ocds-dgv273-seacev3-1241479,ocds-dgv273-seacev3-1241479-2026-09-05T13:36:21.631650-05:00,1241479-20603251637,128983.2,PEN,Soles,2026-08-26T00:00:00-05:00
ocds-dgv273-seacev3-1238405,ocds-dgv273-seacev3-1238405-2026-09-05T13:36:21.030724-05:00,1238405-20604777985,60800.0,PEN,Soles,2026-08-11T00:00:00-05:00
ocds-dgv273-seacev3-1239959,ocds-dgv273-seacev3-1239959-2026-09-05T13:36:20.896769-05:00,1239959-20614431858,59800.0,PEN,Nuevos Soles,2026-08-17T00:00:00-05:00
ocds-dgv273-seacev3-1241400,ocds-dgv273-seacev3-1241400-2026-09-05T13:36:20.606178-05:00,1241400-20448154352,194928.0,PEN,Soles,2026-08-24T00:00:00-05:00
ocds-dgv273-seacev3-1243109,ocds-dgv273-seacev3-1243109-2026-09-05T13:36:19.850035-05:00,1243109-20605876774,500000.0,PEN,Soles,2026-08-21T00:00:00-05:00
ocds-dgv273-seacev3-1246179,ocds-dgv273-seacev3-1246179-2026-09-05T13:36:19.559815-05:00,1246179-20614809915,1446165.0,PEN,Soles,2026-09-03T00:00:00-05:00
ocds-dgv273-seacev3-1243741,ocds-dgv273-seacev3-1243741-2026-09-05T13:36:19.176721-05:00,1243741-1827567,2588889.49,PEN,Soles,2026-09-03T00:00:00-05:00
ocds-dgv273-seacev3-1241308,ocds-dgv273-seacev3-1241308-2026-09-05T13:36:19.135521-05:00,1241308-10406417200,113681.15,PEN,Soles,2026-08-27T00:00:00-05:00
ocds-dgv273-seacev3-1240837,ocds-dgv273-seacev3-1240837-2026-09-05T13:36:19.020856-05:00,1240837-10250094685,60380.0,PEN,Soles,2026-08-24T00:00:00-05:00
ocds-dgv273-seacev3-1238577,ocds-dgv273-seacev3-1238577-2026-09-05T13:36:18.886800-05:00,1238577-20448302211,698391.38,PEN,Soles,2026-09-01T00:00:00-05:00
ocds-dgv273-seacev3-1240873,ocds-dgv273-seacev3-1240873-2026-09-05T13:36:18.752878-05:00,1240873-20429683581,142949.89,PEN,Soles,2026-08-18T00:00:00-05:00
ocds-dgv273-seacev3-1239322,ocds-dgv273-seacev3-1239322-2026-09-05T13:36:11.920276-05:00,1239322-10270755262,156176.06,PEN,Soles,2026-08-21T00:00:00-05:00
ocds-dgv273-seacev3-1240297,ocds-dgv273-seacev3-1240297-2026-09-05T13:36:11.835983-05:00,1240297-10310034580,58500.0,PEN,Soles,2026-08-21T12:16:41-05:00
ocds-dgv273-seacev3-1245661,ocds-dgv273-seacev3-1245661-2026-09-05T13:36:11.814972-05:00,1245661-1827394,1789238.5,PEN,Soles,2026-09-01T00:00:00-05:00
ocds-dgv273-seacev3-1241216,ocds-dgv273-seacev3-1241216-2026-09-05T13:36:11.779134-05:00,1241216-20614801761,72960.0,PEN,Soles,2026-08-26T00:00:00-05:00
ocds-dgv273-seacev3-1240557,ocds-dgv273-seacev3-1240557-2026-09-05T13:36:11.359877-05:00,1240557-1824399,91000.0,PEN,Soles,2026-08-26T00:00:00-05:00
ocds-dgv273-seacev3-1240054,ocds-dgv273-seacev3-1240054-2026-09-05T13:36:11.021584-05:00,1240054-10776699484,99783.9,PEN,Soles,2026-08-14T00:00:00-05:00
ocds-dgv273-seacev3-1239870,ocds-dgv273-seacev3-1239870-2026-09-05T13:36:10.874950-05:00,1239870-1822716,4370663.99,PEN,Soles,2026-08-26T00:00:00-05:00
ocds-dgv273-seacev3-1242739,ocds-dgv273-seacev3-1242739-2026-09-05T13:36:10.576189-05:00,1242739-20558593963,2141175.29,PEN,Soles,2026-09-02T00:00:00-05:00
ocds-dgv273-seacev3-1238283,ocds-dgv273-seacev3-1238283-2026-09-05T13:36:10.459364-05:00,1238283-20452468418,3728821.84,PEN,Soles,2026-08-20T00:00:00-05:00
ocds-dgv273-seacev3-1238803,ocds-dgv273-seacev3-1238803-2026-09-05T13:36:10.038388-05:00,1238803-20610308695,96900.0,PEN,Soles,2026-08-26T00:00:00-05:00
ocds-dgv273-seacev3-2026-1906-32,ocds-dgv273-seacev3-2026-1906-32-2026-09-05T13:36:09.989248-05:00,1238559-20601162165,216284.04,PEN,Soles,2026-08-17T00:00:00-05:00
ocds-dgv273-seacev3-1240178,ocds-dgv273-seacev3-1240178-2026-09-05T13:36:09.635588-05:00,1240178-1826959,186133.2,PEN,Nuevos Soles,2026-09-03T00:00:00-05:00
ocds-dgv273-seacev3-2026-232347-19,ocds-dgv273-seacev3-2026-232347-19-2026-09-05T13:36:09.621156-05:00,1246796-10420359018,40000.0,PEN,Soles,2026-09-02T00:00:00-05:00
ocds-dgv273-seacev3-1243865,ocds-dgv273-seacev3-1243865-2026-09-05T13:36:09.526548-05:00,1243865-1827914,120000.0,PEN,Soles,2026-09-03T00:00:00-05:00
ocds-dgv273-seacev3-1238599,ocds-dgv273-seacev3-1238599-2026-09-05T13:36:09.208912-05:00,1238599-20501887286,1192320.0,PEN,Soles,2026-09-03T00:00:00-05:00
ocds-dgv273-seacev3-1240368,ocds-dgv273-seacev3-1240368-2026-09-05T13:36:09.128311-05:00,1240368-20606514647,129381.0,PEN,Soles,2026-09-02T00:00:00-05:00
ocds-dgv273-seacev3-1240433,ocds-dgv273-seacev3-1240433-2026-09-05T13:36:08.667321-05:00,1240433-20468787360,257800.0,PEN,Soles,2026-09-02T00:00:00-05:00
ocds-dgv273-seacev3-1242420,ocds-dgv273-seacev3-1242420-2026-09-05T13:36:08.330446-05:00,1242420-1826970,6599592.79,PEN,Soles,2026-09-02T00:00:00-05:00
ocds-dgv273-seacev3-1241178,ocds-dgv273-seacev3-1241178-2026-09-05T13:36:07.761657-05:00,1241178-20564000010,157440.0,PEN,Soles,2026-08-26T00:00:00-05:00
ocds-dgv273-seacev3-1241422,ocds-dgv273-seacev3-1241422-2026-09-05T13:36:07.609013-05:00,1241422-1824937,195817.19,PEN,Nuevos Soles,2026-09-02T00:00:00-05:00
ocds-dgv273-seacev3-1241585,ocds-dgv273-seacev3-1241585-2026-09-05T13:36:07.519178-05:00,1241585-20601939941,97070.0,PEN,Soles,2026-08-26T19:35:45-05:00
ocds-dgv273-seacev3-1240202,ocds-dgv273-seacev3-1240202-2026-09-05T13:36:06.725894-05:00,1240202-20532492051,344122.5,PEN,Soles,2026-08-21T00:00:00-05:00
ocds-dgv273-seacev3-1239834,ocds-dgv273-seacev3-1239834-2026-09-05T13:36:06.609171-05:00,1239834-20101420753,2429.0,PEN,Soles,2026-09-01T00:00:00-05:00
ocds-dgv273-seacev3-1239834,ocds-dgv273-seacev3-1239834-2026-09-05T13:36:06.609171-05:00,1239834-20502538722,3311.08,PEN,Soles,2026-09-01T00:00:00-05:00
ocds-dgv273-seacev3-1242113,ocds-dgv273-seacev3-1242113-2026-09-05T13:36:06.447017-05:00,1242113-20605026134,57760.0,PEN,Soles,2026-08-24T00:00:00-05:00
ocds-dgv273-seacev3-1242938,ocds-dgv273-seacev3-1242938-2026-09-05T13:36:00.284542-05:00,1242938-1827615,160700.0,PEN,Soles,2026-09-03T00:00:00-05:00
ocds-dgv273-seacev3-2026-28-86,ocds-dgv273-seacev3-2026-28-86-2026-09-05T13:36:00.208163-05:00,1241693-20610342966,85986.0,PEN,Soles,2026-08-26T00:00:00-05:00
ocds-dgv273-seacev3-1241017,ocds-dgv273-seacev3-1241017-2026-09-05T13:35:59.774020-05:00,1241017-20610125736,98910.0,PEN,Soles,2026-08-19T00:00:00-05:00
ocds-dgv273-seacev3-1238329,ocds-dgv273-seacev3-1238329-2026-09-05T13:35:59.494849-05:00,1238329-20536685261,69495.3,PEN,Soles,2026-08-27T00:00:00-05:00
ocds-dgv273-seacev3-1241986,ocds-dgv273-seacev3-1241986-2026-09-05T13:35:59.292325-05:00,1241986-20605533516,150445.0,PEN,Soles,2026-08-28T00:00:00-05:00
ocds-dgv273-seacev3-1238525,ocds-dgv273-seacev3-1238525-2026-09-05T13:35:58.602869-05:00,1238525-20448294448,100615.9,PEN,Soles,2026-08-27T00:00:00-05:00
ocds-dgv273-seacev3-1242538,ocds-dgv273-seacev3-1242538-2026-09-05T13:35:58.416905-05:00,1242538-1826936,1334237.26,PEN,Soles,2026-09-03T00:00:00-05:00
ocds-dgv273-seacev3-1243623,ocds-dgv273-seacev3-1243623-2026-09-05T13:35:57.774206-05:00,1243623-20602582877,475596.2,PEN,Soles,2026-09-03T00:00:00-05:00
ocds-dgv273-seacev3-1238833,ocds-dgv273-seacev3-1238833-2026-09-05T13:35:57.309950-05:00,1238833-20614587815,172450.0,PEN,Soles,2026-08-17T00:00:00-05:00
ocds-dgv273-seacev3-1239429,ocds-dgv273-seacev3-1239429-2026-09-05T13:35:57.147297-05:00,1239429-10774993776,60010.0,PEN,Soles,2026-08-13T00:00:00-05:00
ocds-dgv273-seacev3-1236981,ocds-dgv273-seacev3-1236981-2026-09-05T13:35:57.130250-05:00,1236981-1821845,102000.0,PEN,Soles,2026-08-21T00:00:00-05:00
ocds-dgv273-seacev3-2026-1880-5,ocds-dgv273-seacev3-2026-1880-5-2026-09-05T13:35:57.062997-05:00,1242153-1827433,493002.08,PEN,Soles,2026-09-02T00:00:00-05:00
ocds-dgv273-seacev3-1238863,ocds-dgv273-seacev3-1238863-2026-09-05T13:35:56.945925-05:00,1238863-20614779587,99000.0,PEN,Soles,2026-08-18T17:21:41-05:00
ocds-dgv273-seacev3-1241176,ocds-dgv273-seacev3-1241176-2026-09-05T13:35:56.852142-05:00,1241176-20529113898,133690.0,PEN,Soles,2026-08-26T00:00:00-05:00
ocds-dgv273-seacev3-1240848,ocds-dgv273-seacev3-1240848-2026-09-05T13:35:56.694387-05:00,1240848-1821869,75990.0,PEN,Soles,2026-08-20T00:00:00-05:00
ocds-dgv273-seacev3-1242433,ocds-dgv273-seacev3-1242433-2026-09-05T13:35:56.595340-05:00,1242433-1827198,197000.0,PEN,Soles,2026-09-02T00:00:00-05:00
ocds-dgv273-seacev3-1243466,ocds-dgv273-seacev3-1243466-2026-09-05T13:35:56.501251-05:00,1243466-20408109605,478096.0,PEN,Soles,2026-09-02T00:00:00-05:00
ocds-dgv273-seacev3-1243180,ocds-dgv273-seacev3-1243180-2026-09-05T13:35:55.841289-05:00,1243180-1826803,94947.0,PEN,Soles,2026-09-02T00:00:00-05:00
ocds-dgv273-seacev3-1245734,ocds-dgv273-seacev3-1245734-2026-09-05T13:35:55.691901-05:00,1245734-20601461693,245500.0,PEN,Soles,2026-09-01T00:00:00-05:00
ocds-dgv273-seacev3-1241365,ocds-dgv273-seacev3-1241365-2026-09-05T13:35:54.683813-05:00,1241365-20526944934,184824.0,PEN,Soles,2026-08-26T18:25:59-05:00
ocds-dgv273-seacev3-1245953,ocds-dgv273-seacev3-1245953-2026-09-04T13:58:15.232820-05:00,1245953-10450729511,60000.0,PEN,Soles,2026-09-02T00:00:00-05:00
ocds-dgv273-seacev3-1245041,ocds-dgv273-seacev3-1245041-2026-09-04T13:58:14.705567-05:00,1245041-1827320,805237.06,PEN,Soles,2026-09-02T00:00:00-05:00
ocds-dgv273-seacev3-1243367,ocds-dgv273-seacev3-1243367-2026-09-04T13:58:13.826987-05:00,1243367-1823281,2543415.84,PEN,Soles,2026-08-26T00:00:00-05:00
ocds-dgv273-seacev3-1243324,ocds-dgv273-seacev3-1243324-2026-09-04T13:58:13.793343-05:00,1243324-20615676803,99500.0,PEN,Soles,2026-08-26T00:00:00-05:00
ocds-dgv273-seacev3-1243289,ocds-dgv273-seacev3-1243289-2026-09-04T13:58:13.763998-05:00,1243289-1827173,345127.18,PEN,Soles,2026-09-02T00:00:00-05:00
ocds-dgv273-seacev3-1242136,ocds-dgv273-seacev3-1242136-2026-09-04T13:58:13.415979-05:00,1242136-20612681776,150694.4,PEN,Soles,2026-09-02T00:00:00-05:00
ocds-dgv273-seacev3-1240254,ocds-dgv273-seacev3-1240254-2026-09-04T13:58:13.090371-05:00,1240254-1823720,1276800.3,PEN,Soles,2026-08-26T00:00:00-05:00
ocds-dgv273-seacev3-1241370,ocds-dgv273-seacev3-1241370-2026-09-04T13:58:13.043652-05:00,1241370-10310428839,47760.0,PEN,Soles,2026-08-25T00:00:00-05:00
ocds-dgv273-seacev3-1241244,ocds-dgv273-seacev3-1241244-2026-09-04T13:58:12.950895-05:00,1241244-10726098030,64955.0,PEN,Soles,2026-08-19T00:00:00-05:00
ocds-dgv273-seacev3-1238849,ocds-dgv273-seacev3-1238849-2026-09-04T13:58:12.438003-05:00,1238849-1823121,773211.04,PEN,Soles,2026-08-25T00:00:00-05:00
ocds-dgv273-seacev3-1240450,ocds-dgv273-seacev3-1240450-2026-09-04T13:58:12.057256-05:00,1240450-20612119369,88400.0,PEN,Soles,2026-08-18T00:00:00-05:00
ocds-dgv273-seacev3-1242720,ocds-dgv273-seacev3-1242720-2026-09-04T13:58:11.867120-05:00,1242720-1826517,2416026.62,PEN,Soles,2026-09-02T00:00:00-05:00
ocds-dgv273-seacev3-1239620,ocds-dgv273-seacev3-1239620-2026-09-04T13:58:10.696742-05:00,1239620-20614053128,65000.0,PEN,Soles,2026-08-19T00:00:00-05:00
ocds-dgv273-seacev3-1238627,ocds-dgv273-seacev3-1238627-2026-09-04T13:58:10.639347-05:00,1238627-20559644243,40666.15,PEN,Soles,2026-08-17T00:00:00-05:00
ocds-dgv273-seacev3-1240658,ocds-dgv273-seacev3-1240658-2026-09-04T13:58:10.212946-05:00,1240658-1825908,343008.26,PEN,Soles,2026-09-01T00:00:00-05:00
ocds-dgv273-seacev3-1241230,ocds-dgv273-seacev3-1241230-2026-09-04T13:58:10.014955-05:00,1241230-20613672151,83159.0,PEN,Soles,2026-08-21T00:00:00-05:00
ocds-dgv273-seacev3-1240929,ocds-dgv273-seacev3-1240929-2026-09-04T13:58:09.987086-05:00,1240929-1823433,91959.23,PEN,Soles,2026-08-26T00:00:00-05:00
ocds-dgv273-seacev3-1242449,ocds-dgv273-seacev3-1242449-2026-09-04T13:58:09.866246-05:00,1242449-1825757,325504.85,PEN,Soles,2026-09-01T00:00:00-05:00
ocds-dgv273-seacev3-1240438,ocds-dgv273-seacev3-1240438-2026-09-04T13:58:09.574240-05:00,1240438-10102239836,684000.0,PEN,Soles,2026-08-13T00:00:00-05:00
ocds-dgv273-seacev3-1238783,ocds-dgv273-seacev3-1238783-2026-09-04T13:58:09.474733-05:00,1238783-20609849267,228000.0,PEN,Soles,2026-08-24T00:00:00-05:00
ocds-dgv273-seacev3-1239694,ocds-dgv273-seacev3-1239694-2026-09-04T13:58:09.256548-05:00,1239694-10214378910,180000.0,PEN,Soles,2026-08-21T00:00:00-05:00
ocds-dgv273-seacev3-1240802,ocds-dgv273-seacev3-1240802-2026-09-04T13:58:09.177700-05:00,1240802-1824460,347996.98,PEN,Soles,2026-08-25T00:00:00-05:00
ocds-dgv273-seacev3-1239750,ocds-dgv273-seacev3-1239750-2026-09-04T13:58:08.864492-05:00,1239750-10157347301,60032.5,PEN,Soles,2026-08-18T00:00:00-05:00
ocds-dgv273-seacev3-1241356,ocds-dgv273-seacev3-1241356-2026-09-04T13:58:08.634491-05:00,1241356-1824291,2535892.44,PEN,Soles,2026-08-25T00:00:00-05:00
ocds-dgv273-seacev3-1240316,ocds-dgv273-seacev3-1240316-2026-09-04T13:58:08.389559-05:00,1240316-20452744890,835009.74,PEN,Soles,2026-08-26T00:00:00-05:00
ocds-dgv273-seacev3-2026-10466-4,ocds-dgv273-seacev3-2026-10466-4-2026-09-04T13:58:08.323522-05:00,1239109-20529116722,132063.8,PEN,Soles,2026-08-20T00:00:00-05:00
ocds-dgv273-seacev3-1241227,ocds-dgv273-seacev3-1241227-2026-09-04T13:58:08.123143-05:00,1241227-1824345,128980.02,PEN,Soles,2026-08-25T00:00:00-05:00
ocds-dgv273-seacev3-1241884,ocds-dgv273-seacev3-1241884-2026-09-04T13:58:07.943429-05:00,1241884-1825123,156360.0,PEN,Soles,2026-08-31T00:00:00-05:00
ocds-dgv273-seacev3-1244535,ocds-dgv273-seacev3-1244535-2026-09-04T13:58:07.864959-05:00,1244535-20532818002,170000.0,PEN,Soles,2026-09-02T00:00:00-05:00
ocds-dgv273-seacev3-2026-10418-14,ocds-dgv273-seacev3-2026-10418-14-2026-09-04T13:58:02.451938-05:00,1238196-1823175,294000.0,PEN,Soles,2026-08-25T00:00:00-05:00
ocds-dgv273-seacev3-1238211,ocds-dgv273-seacev3-1238211-2026-09-04T13:58:01.817620-05:00,1238211-20601908183,48000.0,PEN,Soles,2026-08-17T00:00:00-05:00
ocds-dgv273-seacev3-1239532,ocds-dgv273-seacev3-1239532-2026-09-04T13:58:01.572582-05:00,1239532-10400529065,51720.0,PEN,Soles,2026-08-14T00:00:00-05:00
ocds-dgv273-seacev3-1240085,ocds-dgv273-seacev3-1240085-2026-09-04T13:58:01.482674-05:00,1240085-20542671425,615919.21,PEN,Soles,2026-08-31T00:00:00-05:00
ocds-dgv273-seacev3-1239436,ocds-dgv273-seacev3-1239436-2026-09-04T13:58:00.976728-05:00,1239436-1822401,739000.0,PEN,Soles,2026-08-26T00:00:00-05:00
ocds-dgv273-seacev3-1239420,ocds-dgv273-seacev3-1239420-2026-09-04T13:58:00.669543-05:00,1239420-20601392985,109000.0,PEN,Soles,2026-08-21T00:00:00-05:00
ocds-dgv273-seacev3-1240148,ocds-dgv273-seacev3-1240148-2026-09-04T13:58:00.611058-05:00,1240148-1822646,1929136.44,PEN,Soles,2026-08-25T00:00:00-05:00
ocds-dgv273-seacev3-1241183,ocds-dgv273-seacev3-1241183-2026-09-04T13:58:00.552656-05:00,1241183-10463788168,97980.0,PEN,Soles,2026-08-19T00:00:00-05:00
ocds-dgv273-seacev3-1235729,ocds-dgv273-seacev3-1235729-2026-09-04T13:57:59.484096-05:00,1235729-20568370601,84000.0,PEN,Soles,2026-08-17T00:00:00-05:00
ocds-dgv273-seacev3-2026-425-8,ocds-dgv273-seacev3-2026-425-8-2026-09-04T13:57:59.113978-05:00,1239916-10308583894,322419.2,PEN,Soles,2026-09-01T00:00:00-05:00
ocds-dgv273-seacev3-1238360,ocds-dgv273-seacev3-1238360-2026-09-04T13:57:58.868672-05:00,1238360-20406428541,644984.0,PEN,Soles,2026-08-20T00:00:00-05:00
ocds-dgv273-seacev3-1240952,ocds-dgv273-seacev3-1240952-2026-09-04T13:57:58.707193-05:00,1240952-1823843,235000.0,PEN,Soles,2026-08-25T00:00:00-05:00
ocds-dgv273-seacev3-1242881,ocds-dgv273-seacev3-1242881-2026-09-04T13:57:58.693943-05:00,1242881-20534616032,85000.0,PEN,Soles,2026-08-26T00:00:00-05:00
ocds-dgv273-seacev3-1239748,ocds-dgv273-seacev3-1239748-2026-09-04T13:57:58.671897-05:00,1239748-20571404886,67000.0,PEN,Soles,2026-08-18T00:00:00-05:00
ocds-dgv273-seacev3-1240698,ocds-dgv273-seacev3-1240698-2026-09-04T13:57:58.356660-05:00,1240698-1823349,66550.0,PEN,Soles,2026-09-02T00:00:00-05:00
ocds-dgv273-seacev3-1238204,ocds-dgv273-seacev3-1238204-2026-09-04T13:57:58.233405-05:00,1238204-1820797,272444.8,PEN,Soles,2026-08-14T00:00:00-05:00
ocds-dgv273-seacev3-1239673,ocds-dgv273-seacev3-1239673-2026-09-04T13:57:57.713755-05:00,1239673-20610168770,44320.0,PEN,Soles,2026-08-21T00:00:00-05:00
ocds-dgv273-seacev3-1245303,ocds-dgv273-seacev3-1245303-2026-09-04T13:57:57.616882-05:00,1245303-1826592,250165.1,PEN,Soles,2026-08-28T00:00:00-05:00
ocds-dgv273-seacev3-1240029,ocds-dgv273-seacev3-1240029-2026-09-04T13:57:57.352312-05:00,1240029-20559917231,75000.0,PEN,Soles,2026-08-25T00:00:00-05:00
ocds-dgv273-seacev3-1238880,ocds-dgv273-seacev3-1238880-2026-09-04T13:57:57.095996-05:00,1238880-20600927311,129300.0,PEN,Soles,2026-09-02T00:00:00-05:00
ocds-dgv273-seacev3-1242142,ocds-dgv273-seacev3-1242142-2026-09-04T13:57:57.060844-05:00,1242142-1825738,239263.21,PEN,Soles,2026-09-02T00:00:00-05:00
ocds-dgv273-seacev3-1242860,ocds-dgv273-seacev3-1242860-2026-09-04T13:57:56.930964-05:00,1242860-L9000033086,196006.72,PEN,Soles,2026-08-25T00:00:00-05:00
ocds-dgv273-seacev3-1239253,ocds-dgv273-seacev3-1239253-2026-09-04T13:57:56.760139-05:00,1239253-20601023921,99400.0,PEN,Soles,2026-08-17T00:00:00-05:00
ocds-dgv273-seacev3-1238597,ocds-dgv273-seacev3-1238597-2026-09-04T13:57:56.579245-05:00,1238597-10718937341,49000.0,PEN,Soles,2026-09-01T00:00:00-05:00
ocds-dgv273-seacev3-1242742,ocds-dgv273-seacev3-1242742-2026-09-04T13:57:56.525218-05:00,1242742-10053816989,47500.0,PEN,Soles,2026-09-02T00:00:00-05:00
ocds-dgv273-seacev3-1238338,ocds-dgv273-seacev3-1238338-2026-09-04T13:57:56.494200-05:00,1238338-1821153,603399.28,PEN,Soles,2026-08-18T00:00:00-05:00
ocds-dgv273-seacev3-1240177,ocds-dgv273-seacev3-1240177-2026-09-04T13:57:56.318863-05:00,1240177-20392648209,1816374.0,USD,Dólar Norteamericano,2026-08-21T00:00:00-05:00
ocds-dgv273-seacev3-1238951,ocds-dgv273-seacev3-1238951-2026-09-04T13:57:56.158682-05:00,1238951-10439099459,65000.0,PEN,Soles,2026-08-18T00:00:00-05:00
ocds-dgv273-seacev3-1245640,ocds-dgv273-seacev3-1245640-2026-09-04T13:57:50.592360-05:00,1245640-20512747176,160000.0,PEN,Soles,2026-09-02T00:00:00-05:00
ocds-dgv273-seacev3-1245333,ocds-dgv273-seacev3-1245333-2026-09-04T13:57:50.308001-05:00,1245333-10438511381,81060.0,PEN,Soles,2026-09-02T00:00:00-05:00
ocds-dgv273-seacev3-1239973,ocds-dgv273-seacev3-1239973-2026-09-04T13:57:50.251099-05:00,1239973-10703818060,79298.0,PEN,Soles,2026-08-14T00:00:00-05:00
ocds-dgv273-seacev3-1243291,ocds-dgv273-seacev3-1243291-2026-09-04T13:57:49.951570-05:00,1243291-20603832214,85027.0,PEN,Soles,2026-08-26T00:00:00-05:00
ocds-dgv273-seacev3-1239438,ocds-dgv273-seacev3-1239438-2026-09-04T13:57:49.167169-05:00,1239438-20611396326,193000.0,PEN,Soles,2026-08-24T00:00:00-05:00
ocds-dgv273-seacev3-1240298,ocds-dgv273-seacev3-1240298-2026-09-04T13:57:49.014677-05:00,1240298-20370129046,475000.0,PEN,Soles,2026-08-25T00:00:00-05:00
ocds-dgv273-seacev3-1240324,ocds-dgv273-seacev3-1240324-2026-09-04T13:57:48.711799-05:00,1240324-20600153391,65000.0,PEN,Soles,2026-08-18T00:00:00-05:00
ocds-dgv273-seacev3-1238586,ocds-dgv273-seacev3-1238586-2026-09-04T13:57:46.747235-05:00,1238586-10101018674,79430.04,PEN,Soles,2026-08-17T15:26:09-05:00
ocds-dgv273-seacev3-1240213,ocds-dgv273-seacev3-1240213-2026-09-04T13:57:45.617988-05:00,1240213-20409339728,420141.36,PEN,Soles,2026-09-02T00:00:00-05:00
ocds-dgv273-seacev3-1240835,ocds-dgv273-seacev3-1240835-2026-09-04T13:57:45.384781-05:00,1240835-10451141860,99545.26,PEN,Soles,2026-08-18T00:00:00-05:00
ocds-dgv273-seacev3-1243002,ocds-dgv273-seacev3-1243002-2026-09-04T13:57:45.275607-05:00,1243002-1827062,375815.3,PEN,Soles,2026-09-02T00:00:00-05:00
ocds-dgv273-seacev3-1242887,ocds-dgv273-seacev3-1242887-2026-09-04T13:57:44.797631-05:00,1242887-10444609546,216000.0,PEN,Soles,2026-08-21T00:00:00-05:00
ocds-dgv273-seacev3-1242209,ocds-dgv273-seacev3-1242209-2026-09-04T13:57:39.198848-05:00,1242209-1826192,1400683.66,PEN,Soles,2026-08-31T00:00:00-05:00
ocds-dgv273-seacev3-1241051,ocds-dgv273-seacev3-1241051-2026-09-04T13:57:39.130033-05:00,1241051-1824029,114000.0,PEN,Nuevos Soles,2026-08-25T00:00:00-05:00
ocds-dgv273-seacev3-1240913,ocds-dgv273-seacev3-1240913-2026-09-04T13:57:38.991365-05:00,1240913-10431292381,83260.0,PEN,Soles,2026-08-24T00:00:00-05:00
ocds-dgv273-seacev3-1245517,ocds-dgv273-seacev3-1245517-2026-09-04T13:57:38.898457-05:00,1245517-20100061474,67368.0,PEN,Soles,2026-09-02T00:00:00-05:00
ocds-dgv273-seacev3-1241077,ocds-dgv273-seacev3-1241077-2026-09-04T13:57:38.475202-05:00,1241077-10103750402,99500.0,PEN,Soles,2026-08-21T00:00:00-05:00
ocds-dgv273-seacev3-1228140,ocds-dgv273-seacev3-1228140-2026-09-04T13:57:38.461002-05:00,1228140-20555901179,4271112.0,PEN,Soles,2026-08-25T00:00:00-05:00
ocds-dgv273-seacev3-1239766,ocds-dgv273-seacev3-1239766-2026-09-04T13:57:38.262540-05:00,1239766-20559644243,200000.0,PEN,Soles,2026-08-18T00:00:00-05:00
ocds-dgv273-seacev3-1244869,ocds-dgv273-seacev3-1244869-2026-09-04T13:57:37.836326-05:00,1244869-20547737904,684320.0,PEN,Soles,2026-08-28T00:00:00-05:00
ocds-dgv273-seacev3-1242328,ocds-dgv273-seacev3-1242328-2026-09-04T13:57:37.605322-05:00,1242328-10409993082,110400.0,PEN,Soles,2026-08-26T00:00:00-05:00
ocds-dgv273-seacev3-1239316,ocds-dgv273-seacev3-1239316-2026-09-04T13:57:37.338838-05:00,1239316-1824585,243426.0,PEN,Soles,2026-08-31T00:00:00-05:00
ocds-dgv273-seacev3-1240159,ocds-dgv273-seacev3-1240159-2026-09-04T13:57:37.295842-05:00,1240159-1822783,329972.36,PEN,Soles,2026-08-25T00:00:00-05:00
ocds-dgv273-seacev3-2026-1926-178,ocds-dgv273-seacev3-2026-1926-178-2026-09-04T13:57:36.977499-05:00,1240687-20514006661,39906.6,USD,Dólar Norteamericano,2026-09-01T00:00:00-05:00
ocds-dgv273-seacev3-1239938,ocds-dgv273-seacev3-1239938-2026-09-04T13:57:36.698770-05:00,1239938-10456643898,138900.0,PEN,Soles,2026-08-20T17:56:59-05:00
ocds-dgv273-seacev3-1241095,ocds-dgv273-seacev3-1241095-2026-09-04T13:57:36.670288-05:00,1241095-20606132256,171000.0,PEN,Soles,2026-08-26T00:00:00-05:00
ocds-dgv273-seacev3-1239858,ocds-dgv273-seacev3-1239858-2026-09-04T13:57:35.516075-05:00,1239858-1823071,380071.55,PEN,Soles,2026-08-25T00:00:00-05:00
ocds-dgv273-seacev3-1244755,ocds-dgv273-seacev3-1244755-2026-09-04T13:57:35.258599-05:00,1244755-1827005,822644.15,PEN,Soles,2026-09-01T00:00:00-05:00
ocds-dgv273-seacev3-1240091,ocds-dgv273-seacev3-1240091-2026-09-04T13:57:35.177011-05:00,1240091-20493043073,2384867.16,PEN,Soles,2026-08-25T00:00:00-05:00
ocds-dgv273-seacev3-1239652,ocds-dgv273-seacev3-1239652-2026-09-04T13:57:34.990588-05:00,1239652-20559644243,43500.0,PEN,Soles,2026-08-19T00:00:00-05:00
ocds-dgv273-seacev3-1240342,ocds-dgv273-seacev3-1240342-2026-09-04T13:57:34.844947-05:00,1240342-20610140981,210000.0,PEN,Soles,2026-08-25T00:00:00-05:00
ocds-dgv273-seacev3-1243331,ocds-dgv273-seacev3-1243331-2026-09-04T13:57:34.791366-05:00,1243331-10292836835,74894.25,PEN,Soles,2026-09-02T00:00:00-05:00
ocds-dgv273-seacev3-1239697,ocds-dgv273-seacev3-1239697-2026-09-04T13:57:34.178593-05:00,1239697-10434019694,50000.0,PEN,Soles,2026-08-14T00:00:00-05:00
ocds-dgv273-seacev3-1239697,ocds-dgv273-seacev3-1239697-2026-09-04T13:57:34.178593-05:00,1239697-20614930099,51000.0,PEN,Soles,2026-08-26T00:00:00-05:00
ocds-dgv273-seacev3-1240547,ocds-dgv273-seacev3-1240547-2026-09-04T13:57:33.895649-05:00,1240547-10717086762,67800.0,PEN,Soles,2026-08-17T00:00:00-05:00
ocds-dgv273-seacev3-2026-1166-3,ocds-dgv273-seacev3-2026-1166-3-2026-09-04T13:57:27.354355-05:00,1239962-1822712,1076445.57,PEN,Soles,2026-08-25T00:00:00-05:00
ocds-dgv273-seacev3-1241880,ocds-dgv273-seacev3-1241880-2026-09-04T13:57:27.024517-05:00,1241880-1825390,3235000.0,PEN,Soles,2026-08-31T00:00:00-05:00
ocds-dgv273-seacev3-1241456,ocds-dgv273-seacev3-1241456-2026-09-04T13:57:26.401115-05:00,1241456-10706538831,89750.0,PEN,Soles,2026-08-20T00:00:00-05:00
ocds-dgv273-seacev3-1239527,ocds-dgv273-seacev3-1239527-2026-09-04T13:57:25.537308-05:00,1239527-10400529065,50050.0,PEN,Soles,2026-08-14T00:00:00-05:00
ocds-dgv273-seacev3-2026-200387-7,ocds-dgv273-seacev3-2026-200387-7-2026-09-04T13:57:25.100987-05:00,1238750-10456643898,72999.0,PEN,Soles,2026-08-17T00:00:00-05:00
ocds-dgv273-seacev3-1238981,ocds-dgv273-seacev3-1238981-2026-09-04T13:57:24.744159-05:00,1238981-1823914,229000.0,PEN,Soles,2026-08-25T00:00:00-05:00
ocds-dgv273-seacev3-1240487,ocds-dgv273-seacev3-1240487-2026-09-04T13:57:23.133962-05:00,1240487-1823354,103900.0,PEN,Soles,2026-09-02T00:00:00-05:00
ocds-dgv273-seacev3-1239670,ocds-dgv273-seacev3-1239670-2026-09-04T13:57:22.936192-05:00,1239670-20488091035,151456.24,PEN,Soles,2026-08-18T14:02:53-05:00
ocds-dgv273-seacev3-1240655,ocds-dgv273-seacev3-1240655-2026-09-04T13:57:22.570383-05:00,1240655-10470212751,99000.0,PEN,Soles,2026-08-25T00:00:00-05:00
ocds-dgv273-seacev3-1240741,ocds-dgv273-seacev3-1240741-2026-09-04T13:57:22.549834-05:00,1240741-1824707,2722830.84,PEN,Soles,2026-09-01T00:00:00-05:00
ocds-dgv273-seacev3-1242377,ocds-dgv273-seacev3-1242377-2026-09-04T13:57:15.139097-05:00,1242377-1825792,223960.28,PEN,Soles,2026-09-01T00:00:00-05:00
ocds-dgv273-seacev3-1241249,ocds-dgv273-seacev3-1241249-2026-09-04T13:57:15.008042-05:00,1241249-20600352947,217750.0,PEN,Soles,2026-08-26T00:00:00-05:00
ocds-dgv273-seacev3-1240748,ocds-dgv273-seacev3-1240748-2026-09-04T13:57:13.969243-05:00,1240748-20569148899,138701.92,USD,Dólar Norteamericano,2026-08-25T00:00:00-05:00
ocds-dgv273-seacev3-1238606,ocds-dgv273-seacev3-1238606-2026-09-04T13:57:13.889887-05:00,1238606-20563378060,1317600.0,PEN,Soles,2026-08-25T00:00:00-05:00
ocds-dgv273-seacev3-1239309,ocds-dgv273-seacev3-1239309-2026-09-04T13:57:13.652337-05:00,1239309-20526944934,117462.8,PEN,Soles,2026-08-18T00:00:00-05:00
ocds-dgv273-seacev3-1244894,ocds-dgv273-seacev3-1244894-2026-09-04T13:57:13.461371-05:00,1244894-10334325887,360000.0,PEN,Soles,2026-09-02T00:00:00-05:00
ocds-dgv273-seacev3-2026-1922-123,ocds-dgv273-seacev3-2026-1922-123-2026-09-04T13:57:13.277520-05:00,1242393-20392648209,301248.0,PEN,Soles,2026-09-01T00:00:00-05:00
ocds-dgv273-seacev3-1245725,ocds-dgv273-seacev3-1245725-2026-09-04T13:57:12.987259-05:00,1245725-20537188333,333000.0,PEN,Soles,2026-09-02T00:00:00-05:00
ocds-dgv273-seacev3-1240142,ocds-dgv273-seacev3-1240142-2026-09-04T13:57:12.745880-05:00,1240142-20615149587,70265.0,PEN,Soles,2026-08-21T00:00:00-05:00
ocds-dgv273-seacev3-1241262,ocds-dgv273-seacev3-1241262-2026-09-04T13:57:12.640403-05:00,1241262-1821576,1412000.0,PEN,Soles,2026-08-18T00:00:00-05:00
ocds-dgv273-seacev3-1238234,ocds-dgv273-seacev3-1238234-2026-09-04T13:57:10.814183-05:00,1238234-1821412,185488.2,PEN,Soles,2026-08-25T00:00:00-05:00
ocds-dgv273-seacev3-1243129,ocds-dgv273-seacev3-1243129-2026-09-04T13:57:04.040315-05:00,1243129-20155695901,200100.0,PEN,Soles,2026-09-02T00:00:00-05:00
ocds-dgv273-seacev3-1242456,ocds-dgv273-seacev3-1242456-2026-09-04T13:57:03.497483-05:00,1242456-20574710937,326537.84,PEN,Soles,2026-09-02T00:00:00-05:00
ocds-dgv273-seacev3-1238585,ocds-dgv273-seacev3-1238585-2026-09-04T13:57:03.391461-05:00,1238585-20489725194,74364.0,PEN,Soles,2026-08-19T00:00:00-05:00
ocds-dgv273-seacev3-1239935,ocds-dgv273-seacev3-1239935-2026-09-04T13:57:03.114391-05:00,1239935-20604494568,92683.62,PEN,Soles,2026-08-17T00:00:00-05:00
ocds-dgv273-seacev3-1241346,ocds-dgv273-seacev3-1241346-2026-09-04T13:57:03.037692-05:00,1241346-20610865071,55560.0,PEN,Soles,2026-08-25T00:00:00-05:00
ocds-dgv273-seacev3-2026-10400-3,ocds-dgv273-seacev3-2026-10400-3-2026-09-04T13:57:01.705360-05:00,1238358-20533676589,151200.0,PEN,Soles,2026-08-14T00:00:00-05:00
ocds-dgv273-seacev3-1241492,ocds-dgv273-seacev3-1241492-2026-09-04T13:57:00.797089-05:00,1241492-1826477,5816777.46,PEN,Soles,2026-09-01T00:00:00-05:00
ocds-dgv273-seacev3-1242795,ocds-dgv273-seacev3-1242795-2026-09-04T13:57:00.614253-05:00,1242795-20601883024,5817000.0,PEN,Soles,2026-08-25T00:00:00-05:00
ocds-dgv273-seacev3-1241790,ocds-dgv273-seacev3-1241790-2026-09-04T13:57:00.443549-05:00,1241790-20604519251,76537.0,PEN,Soles,2026-08-21T00:00:00-05:00
ocds-dgv273-seacev3-1246734,ocds-dgv273-seacev3-1246734-2026-09-04T13:56:59.275100-05:00,1246734-10405499369,93226.85,PEN,Nuevos Soles,2026-09-02T00:00:00-05:00
ocds-dgv273-seacev3-1240451,ocds-dgv273-seacev3-1240451-2026-09-04T13:56:59.065505-05:00,1240451-20520032372,150000.0,PEN,Soles,2026-08-13T00:00:00-05:00
ocds-dgv273-seacev3-1243582,ocds-dgv273-seacev3-1243582-2026-09-04T13:56:59.012268-05:00,1243582-1827545,342116.5,PEN,Soles,2026-09-02T00:00:00-05:00
ocds-dgv273-seacev3-1239327,ocds-dgv273-seacev3-1239327-2026-09-04T13:56:58.947135-05:00,1239327-10182252137,59000.0,PEN,Soles,2026-08-31T00:00:00-05:00
ocds-dgv273-seacev3-1240129,ocds-dgv273-seacev3-1240129-2026-09-04T13:56:58.699835-05:00,1240129-20610771298,57820.0,PEN,Soles,2026-08-25T00:00:00-05:00
ocds-dgv273-seacev3-1241883,ocds-dgv273-seacev3-1241883-2026-09-04T13:56:58.200770-05:00,1241883-20602882901,63065.8,PEN,Soles,2026-08-24T00:00:00-05:00
ocds-dgv273-seacev3-1238015,ocds-dgv273-seacev3-1238015-2026-09-03T10:51:02.158548-05:00,1238015-1820509,3282671.87,PEN,Soles,2026-08-17T00:00:00-05:00
ocds-dgv273-seacev3-1240118,ocds-dgv273-seacev3-1240118-2026-09-03T10:51:01.947604-05:00,1240118-20607222950,125100.0,PEN,Soles,2026-09-01T00:00:00-05:00
ocds-dgv273-seacev3-2026-1947-149,ocds-dgv273-seacev3-2026-1947-149-2026-09-03T10:51:01.586515-05:00,1244843-L0606465534,14055.56,USD,Dólar Norteamericano,2026-08-26T00:00:00-05:00
ocds-dgv273-seacev3-1238953,ocds-dgv273-seacev3-1238953-2026-09-03T10:51:00.049326-05:00,1238953-20511037001,515100.0,PEN,Soles,2026-08-17T00:00:00-05:00
ocds-dgv273-seacev3-1239127,ocds-dgv273-seacev3-1239127-2026-09-03T10:50:59.798203-05:00,1239127-20490593293,144000.0,PEN,Soles,2026-08-18T10:18:10-05:00
ocds-dgv273-seacev3-1240299,ocds-dgv273-seacev3-1240299-2026-09-03T10:50:59.229140-05:00,1240299-10024422271,200000.0,PEN,Soles,2026-09-01T00:00:00-05:00
ocds-dgv273-seacev3-1239665,ocds-dgv273-seacev3-1239665-2026-09-03T10:50:58.598886-05:00,1239665-1825169,341824.84,PEN,Soles,2026-08-31T00:00:00-05:00
ocds-dgv273-seacev3-1240174,ocds-dgv273-seacev3-1240174-2026-09-03T10:50:58.324666-05:00,1240174-1825278,275791.61,PEN,Soles,2026-08-31T00:00:00-05:00
ocds-dgv273-seacev3-1240262,ocds-dgv273-seacev3-1240262-2026-09-03T10:50:57.329194-05:00,1240262-20100061474,355200.0,PEN,Soles,2026-08-14T00:00:00-05:00
ocds-dgv273-seacev3-1240250,ocds-dgv273-seacev3-1240250-2026-09-03T10:50:57.313743-05:00,1240250-20610675426,47800.0,PEN,Soles,2026-08-21T00:00:00-05:00
ocds-dgv273-seacev3-1241171,ocds-dgv273-seacev3-1241171-2026-09-03T10:50:57.218619-05:00,1241171-20100041953,1586923.0,PEN,Soles,2026-08-20T00:00:00-05:00
ocds-dgv273-seacev3-2026-10249-61,ocds-dgv273-seacev3-2026-10249-61-2026-09-03T10:50:57.196018-05:00,1238596-20610416587,58430.0,PEN,Soles,2026-08-21T00:00:00-05:00
ocds-dgv273-seacev3-2026-200513-6,ocds-dgv273-seacev3-2026-200513-6-2026-09-03T10:50:57.181227-05:00,1238024-20600621654,200040.0,PEN,Soles,2026-08-17T16:40:29-05:00
ocds-dgv273-seacev3-1245609,ocds-dgv273-seacev3-1245609-2026-09-03T10:50:57.096393-05:00,1245609-20566119324,78133.75,PEN,Soles,2026-09-01T00:00:00-05:00
ocds-dgv273-seacev3-1238430,ocds-dgv273-seacev3-1238430-2026-09-03T10:50:56.787045-05:00,1238430-10732071577,349761.55,PEN,Soles,2026-08-19T00:00:00-05:00
ocds-dgv273-seacev3-1240947,ocds-dgv273-seacev3-1240947-2026-09-03T10:50:56.726988-05:00,1240947-20486103079,450000.0,PEN,Soles,2026-08-28T00:00:00-05:00
ocds-dgv273-seacev3-1241581,ocds-dgv273-seacev3-1241581-2026-09-03T10:50:56.612007-05:00,1241581-20604523282,45500.0,PEN,Soles,2026-08-20T00:00:00-05:00
ocds-dgv273-seacev3-1242336,ocds-dgv273-seacev3-1242336-2026-09-03T10:50:56.481859-05:00,1242336-20602695281,62700.0,PEN,Soles,2026-08-24T00:00:00-05:00
ocds-dgv273-seacev3-1238749,ocds-dgv273-seacev3-1238749-2026-09-03T10:50:56.388649-05:00,1238749-20451540336,104610.34,PEN,Soles,2026-08-24T00:00:00-05:00
ocds-dgv273-seacev3-1242406,ocds-dgv273-seacev3-1242406-2026-09-03T10:50:56.355754-05:00,1242406-1825780,323593.0,PEN,Soles,2026-09-01T00:00:00-05:00
ocds-dgv273-seacev3-1244076,ocds-dgv273-seacev3-1244076-2026-09-03T10:50:56.128836-05:00,1244076-1825164,31858143.24,PEN,Nuevos Soles,2026-08-31T00:00:00-05:00
ocds-dgv273-seacev3-1238689,ocds-dgv273-seacev3-1238689-2026-09-03T10:50:55.972948-05:00,1238689-10401974691,93200.03,PEN,Soles,2026-08-28T00:00:00-05:00
ocds-dgv273-seacev3-1241993,ocds-dgv273-seacev3-1241993-2026-09-03T10:50:55.852720-05:00,1241993-1826529,1080000.0,PEN,Soles,2026-08-31T00:00:00-05:00
ocds-dgv273-seacev3-1243000,ocds-dgv273-seacev3-1243000-2026-09-03T10:50:55.634787-05:00,1243000-1826995,621308.86,PEN,Soles,2026-09-01T00:00:00-05:00
ocds-dgv273-seacev3-1239958,ocds-dgv273-seacev3-1239958-2026-09-03T10:50:55.564816-05:00,1239958-20602857914,297000.0,PEN,Soles,2026-08-21T00:00:00-05:00
ocds-dgv273-seacev3-1241112,ocds-dgv273-seacev3-1241112-2026-09-03T10:50:55.472656-05:00,1241112-20609270901,64680.0,PEN,Soles,2026-08-21T00:00:00-05:00
ocds-dgv273-seacev3-1239628,ocds-dgv273-seacev3-1239628-2026-09-03T10:50:55.392811-05:00,1239628-20609840791,107500.0,PEN,Soles,2026-08-20T00:00:00-05:00
ocds-dgv273-seacev3-1242805,ocds-dgv273-seacev3-1242805-2026-09-03T10:50:55.237780-05:00,1242805-10282920994,252000.0,PEN,Soles,2026-08-21T00:00:00-05:00
ocds-dgv273-seacev3-1242468,ocds-dgv273-seacev3-1242468-2026-09-03T10:50:53.004536-05:00,1242468-10182252137,174757.0,PEN,Soles,2026-09-01T00:00:00-05:00
ocds-dgv273-seacev3-1238923,ocds-dgv273-seacev3-1238923-2026-09-03T10:50:52.832993-05:00,1238923-1822585,4824842.81,PEN,Soles,2026-08-24T00:00:00-05:00
ocds-dgv273-seacev3-1241943,ocds-dgv273-seacev3-1241943-2026-09-03T10:50:52.769294-05:00,1241943-20600386167,2405091.82,PEN,Soles,2026-08-21T00:00:00-05:00
ocds-dgv273-seacev3-1242344,ocds-dgv273-seacev3-1242344-2026-09-03T10:50:52.668585-05:00,1242344-1826019,129700.04,PEN,Soles,2026-09-01T00:00:00-05:00
ocds-dgv273-seacev3-2026-695-8,ocds-dgv273-seacev3-2026-695-8-2026-09-03T10:50:52.646948-05:00,1242027-1826413,121041.51,PEN,Soles,2026-08-31T00:00:00-05:00
ocds-dgv273-seacev3-1243614,ocds-dgv273-seacev3-1243614-2026-09-03T10:50:52.574094-05:00,1243614-1826711,4246724.4,PEN,Soles,2026-08-31T00:00:00-05:00
ocds-dgv273-seacev3-1240610,ocds-dgv273-seacev3-1240610-2026-09-03T10:50:52.558972-05:00,1240610-1823090,1032090.45,PEN,Soles,2026-08-24T00:00:00-05:00
ocds-dgv273-seacev3-1241922,ocds-dgv273-seacev3-1241922-2026-09-03T10:50:52.308326-05:00,1241922-10239762161,68246.0,PEN,Soles,2026-08-21T00:00:00-05:00
ocds-dgv273-seacev3-1239770,ocds-dgv273-seacev3-1239770-2026-09-03T10:50:51.840977-05:00,1239770-10182252137,113347.52,PEN,Soles,2026-09-01T00:00:00-05:00
ocds-dgv273-seacev3-1246038,ocds-dgv273-seacev3-1246038-2026-09-03T10:50:51.725318-05:00,1246038-10420557821,81200.0,PEN,Soles,2026-08-31T00:00:00-05:00
ocds-dgv273-seacev3-1242465,ocds-dgv273-seacev3-1242465-2026-09-03T10:50:51.394083-05:00,1242465-20604750866,474700.0,PEN,Soles,2026-08-24T00:00:00-05:00
ocds-dgv273-seacev3-1238315,ocds-dgv273-seacev3-1238315-2026-09-03T10:50:51.254968-05:00,1238315-20611216760,80200.0,PEN,Soles,2026-08-10T00:00:00-05:00
ocds-dgv273-seacev3-1242766,ocds-dgv273-seacev3-1242766-2026-09-03T10:50:50.956988-05:00,1242766-20608744372,104178.75,PEN,Soles,2026-09-01T00:00:00-05:00
ocds-dgv273-seacev3-1239011,ocds-dgv273-seacev3-1239011-2026-09-03T10:50:50.613822-05:00,1239011-1825156,216271.84,PEN,Soles,2026-08-31T00:00:00-05:00
ocds-dgv273-seacev3-1239097,ocds-dgv273-seacev3-1239097-2026-09-03T10:50:50.371005-05:00,1239097-10417941822,99246.0,PEN,Soles,2026-08-12T00:00:00-05:00
ocds-dgv273-seacev3-1239006,ocds-dgv273-seacev3-1239006-2026-09-03T10:50:50.356760-05:00,1239006-1821938,258525.0,PEN,Soles,2026-08-21T00:00:00-05:00
ocds-dgv273-seacev3-2026-399-11,ocds-dgv273-seacev3-2026-399-11-2026-09-03T10:50:50.246048-05:00,1239625-20609577691,126630.0,PEN,Soles,2026-08-21T00:00:00-05:00
ocds-dgv273-seacev3-1240587,ocds-dgv273-seacev3-1240587-2026-09-03T10:50:50.099033-05:00,1240587-1825386,492717.59,PEN,Soles,2026-09-01T00:00:00-05:00
ocds-dgv273-seacev3-1242422,ocds-dgv273-seacev3-1242422-2026-09-03T10:50:49.888237-05:00,1242422-1823532,707764.48,PEN,Soles,2026-08-25T00:00:00-05:00
ocds-dgv273-seacev3-1238835,ocds-dgv273-seacev3-1238835-2026-09-03T10:50:49.449446-05:00,1238835-20615587029,74890.0,PEN,Soles,2026-08-12T00:00:00-05:00
ocds-dgv273-seacev3-1241101,ocds-dgv273-seacev3-1241101-2026-09-03T10:50:49.170031-05:00,1241101-10239762374,72422.0,PEN,Soles,2026-08-19T00:00:00-05:00
ocds-dgv273-seacev3-2026-2543-591,ocds-dgv273-seacev3-2026-2543-591-2026-09-03T10:50:48.917438-05:00,1241672-10010439081,175889.0,PEN,Soles,2026-08-31T00:00:00-05:00
ocds-dgv273-seacev3-1243386,ocds-dgv273-seacev3-1243386-2026-09-03T10:50:48.708379-05:00,1243386-20600360389,210383.0,PEN,Soles,2026-09-01T00:00:00-05:00
ocds-dgv273-seacev3-1243386,ocds-dgv273-seacev3-1243386-2026-09-03T10:50:48.708379-05:00,1243386-20609653176,126429.8,PEN,Soles,2026-09-01T00:00:00-05:00
ocds-dgv273-seacev3-1239454,ocds-dgv273-seacev3-1239454-2026-09-03T10:50:48.608572-05:00,1239454-20100057523,69950.0,PEN,Soles,2026-08-18T00:00:00-05:00
ocds-dgv273-seacev3-2026-1947-151,ocds-dgv273-seacev3-2026-1947-151-2026-09-03T10:50:41.068683-05:00,1244887-L0606465534,72222.22,USD,Dólar Norteamericano,2026-08-26T00:00:00-05:00
ocds-dgv273-seacev3-1242944,ocds-dgv273-seacev3-1242944-2026-09-03T10:50:40.450365-05:00,1242944-1826111,90000.0,PEN,Soles,2026-08-31T00:00:00-05:00
ocds-dgv273-seacev3-1242395,ocds-dgv273-seacev3-1242395-2026-09-03T10:50:40.428602-05:00,1242395-1826164,1070871.54,PEN,Soles,2026-08-31T00:00:00-05:00
ocds-dgv273-seacev3-1245644,ocds-dgv273-seacev3-1245644-2026-09-03T10:50:39.848696-05:00,1245644-L0556212121,50477.0,USD,Dólar Norteamericano,2026-08-28T00:00:00-05:00
ocds-dgv273-seacev3-1244651,ocds-dgv273-seacev3-1244651-2026-09-03T10:50:39.634392-05:00,1244651-10405127739,960000.0,PEN,Soles,2026-08-31T00:00:00-05:00
ocds-dgv273-seacev3-1246173,ocds-dgv273-seacev3-1246173-2026-09-03T10:50:39.468147-05:00,1246173-20602387942,104946.96,PEN,Soles,2026-09-01T00:00:00-05:00
ocds-dgv273-seacev3-1245988,ocds-dgv273-seacev3-1245988-2026-09-03T10:50:39.453209-05:00,1245988-10438635659,18000.0,PEN,Soles,2026-08-31T00:00:00-05:00
ocds-dgv273-seacev3-1245504,ocds-dgv273-seacev3-1245504-2026-09-03T10:50:39.143483-05:00,1245504-20602159834,78410.16,PEN,Soles,2026-08-31T00:00:00-05:00
ocds-dgv273-seacev3-1245271,ocds-dgv273-seacev3-1245271-2026-09-03T10:50:38.112617-05:00,1245271-20100365341,215000.0,PEN,Soles,2026-09-01T00:00:00-05:00
ocds-dgv273-seacev3-1244937,ocds-dgv273-seacev3-1244937-2026-09-03T10:50:38.098291-05:00,1244937-20108629909,72800.0,PEN,Soles,2026-08-28T00:00:00-05:00
ocds-dgv273-seacev3-1240401,ocds-dgv273-seacev3-1240401-2026-09-03T10:50:29.792887-05:00,1240401-10157002690,52400.0,PEN,Soles,2026-08-20T00:00:00-05:00
ocds-dgv273-seacev3-1241405,ocds-dgv273-seacev3-1241405-2026-09-03T10:50:29.581294-05:00,1241405-1826863,1726971.1,PEN,Soles,2026-09-01T00:00:00-05:00
ocds-dgv273-seacev3-1238285,ocds-dgv273-seacev3-1238285-2026-09-03T10:50:29.483052-05:00,1238285-20611019069,91200.0,PEN,Soles,2026-08-13T00:00:00-05:00
ocds-dgv273-seacev3-1240197,ocds-dgv273-seacev3-1240197-2026-09-03T10:50:29.372837-05:00,1240197-1825258,1158474.53,PEN,Soles,2026-08-31T00:00:00-05:00
ocds-dgv273-seacev3-1238148,ocds-dgv273-seacev3-1238148-2026-09-03T10:50:29.232793-05:00,1238148-1821827,734240.07,PEN,Soles,2026-08-21T00:00:00-05:00
ocds-dgv273-seacev3-1240792,ocds-dgv273-seacev3-1240792-2026-09-03T10:50:29.008389-05:00,1240792-20605822721,238000.0,PEN,Soles,2026-08-24T12:13:43-05:00
ocds-dgv273-seacev3-1240466,ocds-dgv273-seacev3-1240466-2026-09-03T10:50:28.941175-05:00,1240466-1824448,274916.4,PEN,Soles,2026-09-01T00:00:00-05:00
ocds-dgv273-seacev3-1241258,ocds-dgv273-seacev3-1241258-2026-09-03T10:50:28.874959-05:00,1241258-20602276644,90000.0,PEN,Soles,2026-08-19T00:00:00-05:00
ocds-dgv273-seacev3-1241632,ocds-dgv273-seacev3-1241632-2026-09-03T10:50:28.592472-05:00,1241632-20615436578,80488.8,PEN,Soles,2026-08-20T00:00:00-05:00
ocds-dgv273-seacev3-1240810,ocds-dgv273-seacev3-1240810-2026-09-03T10:50:28.498275-05:00,1240810-20600980191,427000.0,PEN,Soles,2026-08-24T00:00:00-05:00
ocds-dgv273-seacev3-1242271,ocds-dgv273-seacev3-1242271-2026-09-03T10:50:28.408735-05:00,1242271-20536598708,133500.0,PEN,Soles,2026-08-31T00:00:00-05:00
ocds-dgv273-seacev3-1239639,ocds-dgv273-seacev3-1239639-2026-09-03T10:50:28.355398-05:00,1239639-20601217300,51500.0,PEN,Soles,2026-08-31T00:00:00-05:00
ocds-dgv273-seacev3-1241999,ocds-dgv273-seacev3-1241999-2026-09-03T10:50:28.023802-05:00,1241999-1825825,69182.63,PEN,Soles,2026-09-01T00:00:00-05:00
ocds-dgv273-seacev3-1240273,ocds-dgv273-seacev3-1240273-2026-09-03T10:50:28.001369-05:00,1240273-1823613,2338423.65,PEN,Soles,2026-08-24T00:00:00-05:00
ocds-dgv273-seacev3-1239692,ocds-dgv273-seacev3-1239692-2026-09-03T10:50:27.965770-05:00,1239692-20490582259,250086.9,PEN,Soles,2026-08-31T00:00:00-05:00
ocds-dgv273-seacev3-2026-200269-6,ocds-dgv273-seacev3-2026-200269-6-2026-09-03T10:50:27.941554-05:00,1238406-20601258812,330449.88,PEN,Soles,2026-08-21T00:00:00-05:00
ocds-dgv273-seacev3-1239447,ocds-dgv273-seacev3-1239447-2026-09-03T10:50:27.187939-05:00,1239447-20559644243,56543.1,PEN,Soles,2026-08-18T00:00:00-05:00
ocds-dgv273-seacev3-1239509,ocds-dgv273-seacev3-1239509-2026-09-03T10:50:27.164354-05:00,1239509-1822221,123935.29,PEN,Soles,2026-08-19T00:00:00-05:00
ocds-dgv273-seacev3-1241671,ocds-dgv273-seacev3-1241671-2026-09-03T10:50:27.073424-05:00,1241671-1825822,948759.28,PEN,Soles,2026-09-01T00:00:00-05:00
ocds-dgv273-seacev3-1240953,ocds-dgv273-seacev3-1240953-2026-09-03T10:50:26.928902-05:00,1240953-20445359476,1669959.07,PEN,Soles,2026-08-24T00:00:00-05:00
ocds-dgv273-seacev3-1239441,ocds-dgv273-seacev3-1239441-2026-09-03T10:50:26.883288-05:00,1239441-20485592556,88775.0,PEN,Soles,2026-08-18T00:00:00-05:00
ocds-dgv273-seacev3-1239584,ocds-dgv273-seacev3-1239584-2026-09-03T10:50:26.333281-05:00,1239584-20155695901,165000.0,PEN,Soles,2026-08-20T00:00:00-05:00
ocds-dgv273-seacev3-2026-10143-23,ocds-dgv273-seacev3-2026-10143-23-2026-09-03T10:50:26.222522-05:00,1240827-10179354620,125500.0,PEN,Soles,2026-08-24T00:00:00-05:00
ocds-dgv273-seacev3-1238342,ocds-dgv273-seacev3-1238342-2026-09-03T10:50:26.063167-05:00,1238342-20564173895,61578.0,PEN,Soles,2026-08-17T00:00:00-05:00
ocds-dgv273-seacev3-1238659,ocds-dgv273-seacev3-1238659-2026-09-03T10:50:25.925475-05:00,1238659-1822960,616352.83,PEN,Soles,2026-08-24T00:00:00-05:00
ocds-dgv273-seacev3-1238894,ocds-dgv273-seacev3-1238894-2026-09-03T10:50:25.813123-05:00,1238894-10460694936,105333.74,PEN,Soles,2026-08-18T15:56:14-05:00
ocds-dgv273-seacev3-1241268,ocds-dgv273-seacev3-1241268-2026-09-03T10:50:25.566069-05:00,1241268-L9000033068,9052.0,PEN,Soles,2026-08-21T00:00:00-05:00
ocds-dgv273-seacev3-1241031,ocds-dgv273-seacev3-1241031-2026-09-03T10:50:25.367509-05:00,1241031-20603875576,339000.0,PEN,Soles,2026-08-31T00:00:00-05:00
ocds-dgv273-seacev3-1242106,ocds-dgv273-seacev3-1242106-2026-09-03T10:50:25.161630-05:00,1242106-1825307,1554816.66,PEN,Soles,2026-08-28T00:00:00-05:00
ocds-dgv273-seacev3-1238160,ocds-dgv273-seacev3-1238160-2026-09-03T10:50:25.131726-05:00,1238160-20608306057,102000.0,PEN,Soles,2026-08-20T00:00:00-05:00
ocds-dgv273-seacev3-1241126,ocds-dgv273-seacev3-1241126-2026-09-03T10:50:24.853455-05:00,1241126-20502538722,25152.0,PEN,Soles,2026-08-26T00:00:00-05:00
ocds-dgv273-seacev3-2026-48-6,ocds-dgv273-seacev3-2026-48-6-2026-09-03T10:50:24.748651-05:00,1239208-20529705043,4916235.53,PEN,Soles,2026-08-21T00:00:00-05:00
ocds-dgv273-seacev3-1238876,ocds-dgv273-seacev3-1238876-2026-09-03T10:50:24.460265-05:00,1238876-20445617602,147100.0,PEN,Soles,2026-08-17T00:00:00-05:00
ocds-dgv273-seacev3-1237844,ocds-dgv273-seacev3-1237844-2026-09-03T10:50:24.357864-05:00,1237844-20615436357,64000.0,PEN,Soles,2026-08-11T00:00:00-05:00
ocds-dgv273-seacev3-2026-212-3,ocds-dgv273-seacev3-2026-212-3-2026-09-03T10:50:17.106373-05:00,1242920-1826215,518872.72,PEN,Soles,2026-08-31T00:00:00-05:00
ocds-dgv273-seacev3-1238025,ocds-dgv273-seacev3-1238025-2026-09-03T10:50:16.547385-05:00,1238025-20609314797,92680.0,PEN,Soles,2026-08-11T00:00:00-05:00
ocds-dgv273-seacev3-1241888,ocds-dgv273-seacev3-1241888-2026-09-03T10:50:16.345207-05:00,1241888-1822828,268854.96,PEN,Soles,2026-08-21T00:00:00-05:00
ocds-dgv273-seacev3-1240053,ocds-dgv273-seacev3-1240053-2026-09-03T10:50:16.082311-05:00,1240053-20607981052,86800.0,PEN,Soles,2026-08-17T00:00:00-05:00
ocds-dgv273-seacev3-1238142,ocds-dgv273-seacev3-1238142-2026-09-03T10:50:15.651115-05:00,1238142-10179354620,205500.0,PEN,Soles,2026-08-14T00:00:00-05:00
ocds-dgv273-seacev3-1241711,ocds-dgv273-seacev3-1241711-2026-09-03T10:50:15.367128-05:00,1241711-10407433756,189000.0,PEN,Soles,2026-08-28T00:00:00-05:00
ocds-dgv273-seacev3-1241201,ocds-dgv273-seacev3-1241201-2026-09-03T10:50:15.322840-05:00,1241201-10200447285,83430.0,PEN,Soles,2026-08-19T00:00:00-05:00
ocds-dgv273-seacev3-1242499,ocds-dgv273-seacev3-1242499-2026-09-03T10:50:14.020424-05:00,1242499-1825796,154723.18,PEN,Soles,2026-08-31T00:00:00-05:00
ocds-dgv273-seacev3-1238832,ocds-dgv273-seacev3-1238832-2026-09-03T10:50:13.822745-05:00,1238832-20610338683,99761.0,PEN,Soles,2026-08-12T00:00:00-05:00
ocds-dgv273-seacev3-1241059,ocds-dgv273-seacev3-1241059-2026-09-03T10:50:13.580465-05:00,1241059-20603875576,299000.0,PEN,Soles,2026-08-31T00:00:00-05:00
ocds-dgv273-seacev3-1238087,ocds-dgv273-seacev3-1238087-2026-09-03T10:50:13.145093-05:00,1238087-20568596596,868133.14,PEN,Soles,2026-08-18T00:00:00-05:00
ocds-dgv273-seacev3-1240723,ocds-dgv273-seacev3-1240723-2026-09-03T10:50:12.796611-05:00,1240723-10104348586,198000.0,PEN,Soles,2026-08-24T00:00:00-05:00
ocds-dgv273-seacev3-1239656,ocds-dgv273-seacev3-1239656-2026-09-03T10:50:12.343971-05:00,1239656-10420431096,59675.0,PEN,Soles,2026-08-13T00:00:00-05:00
ocds-dgv273-seacev3-1240096,ocds-dgv273-seacev3-1240096-2026-09-03T10:50:12.244776-05:00,1240096-20611579552,55240.0,PEN,Soles,2026-08-17T00:00:00-05:00
ocds-dgv273-seacev3-1243505,ocds-dgv273-seacev3-1243505-2026-09-03T10:50:12.225292-05:00,1243505-20609542005,3200000.0,PEN,Soles,2026-08-27T00:00:00-05:00
ocds-dgv273-seacev3-1238869,ocds-dgv273-seacev3-1238869-2026-09-03T10:50:11.959267-05:00,1238869-1821601,387932.91,PEN,Soles,2026-08-18T00:00:00-05:00
ocds-dgv273-seacev3-1242496,ocds-dgv273-seacev3-1242496-2026-09-03T10:50:11.383186-05:00,1242496-20605184198,295000.0,PEN,Soles,2026-08-24T00:00:00-05:00
ocds-dgv273-seacev3-1238615,ocds-dgv273-seacev3-1238615-2026-09-03T10:50:11.272970-05:00,1238615-20608635671,99550.0,PEN,Soles,2026-08-12T00:00:00-05:00
ocds-dgv273-seacev3-1245965,ocds-dgv273-seacev3-1245965-2026-09-03T10:50:04.420410-05:00,1245965-10474857161,78000.0,PEN,Soles,2026-08-31T00:00:00-05:00
ocds-dgv273-seacev3-1244100,ocds-dgv273-seacev3-1244100-2026-09-03T10:50:04.118346-05:00,1244100-1824969,8845000.0,PEN,Soles,2026-08-27T00:00:00-05:00
ocds-dgv273-seacev3-1238180,ocds-dgv273-seacev3-1238180-2026-09-03T10:50:03.879366-05:00,1238180-20602375715,560000.0,PEN,Soles,2026-08-24T00:00:00-05:00
ocds-dgv273-seacev3-1245907,ocds-dgv273-seacev3-1245907-2026-09-03T10:50:03.778333-05:00,1245907-10091514031,25500.0,PEN,Soles,2026-08-31T00:00:00-05:00
ocds-dgv273-seacev3-1239284,ocds-dgv273-seacev3-1239284-2026-09-03T10:50:03.262033-05:00,1239284-10801596113,99800.0,PEN,Soles,2026-08-13T00:00:00-05:00
ocds-dgv273-seacev3-1239619,ocds-dgv273-seacev3-1239619-2026-09-03T10:50:03.118433-05:00,1239619-20614935465,112000.0,PEN,Soles,2026-08-24T00:00:00-05:00
ocds-dgv273-seacev3-1238757,ocds-dgv273-seacev3-1238757-2026-09-03T10:50:02.592482-05:00,1238757-1826950,2117869.56,PEN,Nuevos Soles,2026-09-01T00:00:00-05:00
ocds-dgv273-seacev3-1238875,ocds-dgv273-seacev3-1238875-2026-09-03T10:50:02.490165-05:00,1238875-20601793289,119054.07,PEN,Soles,2026-08-19T00:00:00-05:00
ocds-dgv273-seacev3-1239334,ocds-dgv273-seacev3-1239334-2026-09-03T10:50:02.213421-05:00,1239334-1822719,368607.18,PEN,Soles,2026-08-24T00:00:00-05:00
ocds-dgv273-seacev3-1238363,ocds-dgv273-seacev3-1238363-2026-09-03T10:50:02.191096-05:00,1238363-20612214957,67100.0,PEN,Soles,2026-08-10T00:00:00-05:00
ocds-dgv273-seacev3-1239269,ocds-dgv273-seacev3-1239269-2026-09-03T10:50:01.907493-05:00,1239269-1824304,2949103.93,PEN,Soles,2026-09-01T00:00:00-05:00
ocds-dgv273-seacev3-1239091,ocds-dgv273-seacev3-1239091-2026-09-03T10:50:01.702965-05:00,1239091-20393693208,74231.14,PEN,Soles,2026-08-18T00:00:00-05:00
ocds-dgv273-seacev3-1240158,ocds-dgv273-seacev3-1240158-2026-09-03T10:50:00.941699-05:00,1240158-20610919759,99895.0,PEN,Soles,2026-08-14T00:00:00-05:00
ocds-dgv273-seacev3-1238904,ocds-dgv273-seacev3-1238904-2026-09-03T10:50:00.566679-05:00,1238904-20490593293,54000.0,PEN,Soles,2026-08-17T00:00:00-05:00
ocds-dgv273-seacev3-2026-234-5,ocds-dgv273-seacev3-2026-234-5-2026-09-03T10:50:00.029647-05:00,1238548-20610517413,147000.0,PEN,Soles,2026-08-24T00:00:00-05:00
ocds-dgv273-seacev3-1230715,ocds-dgv273-seacev3-1230715-2026-09-03T10:50:00.005987-05:00,1230715-1822617,122484.0,PEN,Soles,2026-08-25T00:00:00-05:00
ocds-dgv273-seacev3-1239175,ocds-dgv273-seacev3-1239175-2026-09-03T10:49:59.363993-05:00,1239175-20602472311,116500.0,PEN,Nuevos Soles,2026-08-20T00:00:00-05:00
ocds-dgv273-seacev3-1242574,ocds-dgv273-seacev3-1242574-2026-09-03T10:49:58.993300-05:00,1242574-10282193537,1162668.0,PEN,Soles,2026-08-31T00:00:00-05:00
ocds-dgv273-seacev3-1240071,ocds-dgv273-seacev3-1240071-2026-09-03T10:49:58.821938-05:00,1240071-20607465542,80000.0,PEN,Soles,2026-08-21T10:30:47-05:00
ocds-dgv273-seacev3-1241127,ocds-dgv273-seacev3-1241127-2026-09-03T10:49:58.574986-05:00,1241127-10437109261,459475.0,PEN,Soles,2026-08-27T00:00:00-05:00
ocds-dgv273-seacev3-1240798,ocds-dgv273-seacev3-1240798-2026-09-03T10:49:58.567222-05:00,1240798-17116738643,467000.0,PEN,Soles,2026-08-25T00:00:00-05:00
ocds-dgv273-seacev3-1240797,ocds-dgv273-seacev3-1240797-2026-09-03T10:49:58.490967-05:00,1240797-10759023761,51835.68,PEN,Soles,2026-08-18T00:00:00-05:00
ocds-dgv273-seacev3-1241556,ocds-dgv273-seacev3-1241556-2026-09-03T10:49:58.123085-05:00,1241556-20613217721,142000.0,PEN,Soles,2026-08-28T00:00:00-05:00
ocds-dgv273-seacev3-1238059,ocds-dgv273-seacev3-1238059-2026-09-03T10:49:52.903128-05:00,1238059-10719336235,42000.0,PEN,Soles,2026-08-17T21:22:23-05:00
ocds-dgv273-seacev3-1242859,ocds-dgv273-seacev3-1242859-2026-09-03T10:49:52.752934-05:00,1242859-1827034,1453512.16,PEN,Soles,2026-09-01T00:00:00-05:00
ocds-dgv273-seacev3-1245550,ocds-dgv273-seacev3-1245550-2026-09-03T10:49:52.621680-05:00,1245550-1826667,351362.25,PEN,Soles,2026-08-31T00:00:00-05:00
ocds-dgv273-seacev3-1242592,ocds-dgv273-seacev3-1242592-2026-09-03T10:49:52.357330-05:00,1242592-20533059890,532231.53,PEN,Soles,2026-09-01T00:00:00-05:00
ocds-dgv273-seacev3-1238858,ocds-dgv273-seacev3-1238858-2026-09-03T10:49:52.184359-05:00,1238858-20606092165,60029.37,PEN,Soles,2026-08-24T00:00:00-05:00
ocds-dgv273-seacev3-1240045,ocds-dgv273-seacev3-1240045-2026-09-03T10:49:51.606042-05:00,1240045-1822678,223739.78,PEN,Soles,2026-09-01T00:00:00-05:00
ocds-dgv273-seacev3-1241253,ocds-dgv273-seacev3-1241253-2026-09-03T10:49:51.490005-05:00,1241253-20492677206,69000.0,PEN,Soles,2026-08-24T00:00:00-05:00
ocds-dgv273-seacev3-1239022,ocds-dgv273-seacev3-1239022-2026-09-03T10:49:51.311366-05:00,1239022-20450131891,158709.6,PEN,Soles,2026-08-21T00:00:00-05:00
ocds-dgv273-seacev3-1245476,ocds-dgv273-seacev3-1245476-2026-09-03T10:49:50.996471-05:00,1245476-20509829986,148000.0,PEN,Soles,2026-09-01T00:00:00-05:00
ocds-dgv273-seacev3-2026-1947-150,ocds-dgv273-seacev3-2026-1947-150-2026-09-03T10:49:50.737578-05:00,1244879-L0603769486,19495.83,USD,Dólar Norteamericano,2026-08-26T00:00:00-05:00
ocds-dgv273-seacev3-2026-1959-28,ocds-dgv273-seacev3-2026-1959-28-2026-09-03T10:49:50.692247-05:00,1240679-20514781851,71599.0,PEN,Soles,2026-08-25T00:00:00-05:00
ocds-dgv273-seacev3-1240963,ocds-dgv273-seacev3-1240963-2026-09-03T10:49:50.237479-05:00,1240963-1823927,2055448.8,PEN,Soles,2026-08-25T00:00:00-05:00
ocds-dgv273-seacev3-1240982,ocds-dgv273-seacev3-1240982-2026-09-03T10:49:50.097298-05:00,1240982-1823744,2079305.71,PEN,Soles,2026-08-24T00:00:00-05:00
ocds-dgv273-seacev3-1239745,ocds-dgv273-seacev3-1239745-2026-09-03T10:49:50.082190-05:00,1239745-20614301300,160000.0,PEN,Soles,2026-08-21T00:00:00-05:00
ocds-dgv273-seacev3-1238990,ocds-dgv273-seacev3-1238990-2026-09-03T10:49:49.887572-05:00,1238990-1822841,135000.0,PEN,Soles,2026-08-21T00:00:00-05:00
ocds-dgv273-seacev3-1240162,ocds-dgv273-seacev3-1240162-2026-09-03T10:49:48.997028-05:00,1240162-20602703879,150020.0,PEN,Soles,2026-08-14T00:00:00-05:00
ocds-dgv273-seacev3-1242068,ocds-dgv273-seacev3-1242068-2026-09-03T10:49:48.878288-05:00,1242068-1825711,69601.58,PEN,Soles,2026-09-01T00:00:00-05:00
ocds-dgv273-seacev3-1239693,ocds-dgv273-seacev3-1239693-2026-09-03T10:49:48.660855-05:00,1239693-20609372398,69190.0,PEN,Soles,2026-08-14T00:00:00-05:00
ocds-dgv273-seacev3-2026-35856-2,ocds-dgv273-seacev3-2026-35856-2-2026-09-03T10:49:47.836702-05:00,1239643-20557219987,1526061.36,PEN,Soles,2026-08-21T00:00:00-05:00
ocds-dgv273-seacev3-1241036,ocds-dgv273-seacev3-1241036-2026-09-03T10:49:46.985879-05:00,1241036-20612653357,161106.0,PEN,Soles,2026-08-24T00:00:00-05:00
ocds-dgv273-seacev3-1239233,ocds-dgv273-seacev3-1239233-2026-09-03T10:49:46.869304-05:00,1239233-1821913,149500.0,PEN,Soles,2026-08-21T00:00:00-05:00
ocds-dgv273-seacev3-1241218,ocds-dgv273-seacev3-1241218-2026-09-03T10:49:46.467117-05:00,1241218-1825018,325285.12,PEN,Soles,2026-09-01T00:00:00-05:00
ocds-dgv273-seacev3-1239482,ocds-dgv273-seacev3-1239482-2026-09-03T10:49:46.215352-05:00,1239482-20612150631,238000.0,PEN,Soles,2026-08-24T00:00:00-05:00
ocds-dgv273-seacev3-1244102,ocds-dgv273-seacev3-1244102-2026-09-03T10:49:41.813065-05:00,1244102-1825693,592415.37,PEN,Soles,2026-08-31T00:00:00-05:00
ocds-dgv273-seacev3-1242960,ocds-dgv273-seacev3-1242960-2026-09-03T10:49:41.757336-05:00,1242960-1826336,698664.35,PEN,Soles,2026-08-31T00:00:00-05:00
ocds-dgv273-seacev3-1243915,ocds-dgv273-seacev3-1243915-2026-09-03T10:49:41.730346-05:00,1243915-20603177267,248436.36,USD,Dólar Norteamericano,2026-09-01T00:00:00-05:00
ocds-dgv273-seacev3-1245221,ocds-dgv273-seacev3-1245221-2026-09-03T10:49:41.640508-05:00,1245221-20604257761,121953.0,PEN,Soles,2026-08-27T00:00:00-05:00
ocds-dgv273-seacev3-1245001,ocds-dgv273-seacev3-1245001-2026-09-03T10:49:41.567950-05:00,1245001-20108629909,202800.0,PEN,Soles,2026-08-28T00:00:00-05:00
ocds-dgv273-seacev3-1244941,ocds-dgv273-seacev3-1244941-2026-09-03T10:49:39.042987-05:00,1244941-10097990099,63100.0,PEN,Soles,2026-09-01T00:00:00-05:00
ocds-dgv273-seacev3-1242822,ocds-dgv273-seacev3-1242822-2026-09-03T10:49:39.028855-05:00,1242822-1826403,219750.0,PEN,Soles,2026-08-31T00:00:00-05:00
ocds-dgv273-seacev3-1239725,ocds-dgv273-seacev3-1239725-2026-09-03T10:49:30.168962-05:00,1239725-10061122449,312000.0,PEN,Soles,2026-08-20T00:00:00-05:00
ocds-dgv273-seacev3-1241223,ocds-dgv273-seacev3-1241223-2026-09-03T10:49:29.949939-05:00,1241223-L9000033070,9052.0,PEN,Soles,2026-08-21T00:00:00-05:00
ocds-dgv273-seacev3-2026-1341-1,ocds-dgv273-seacev3-2026-1341-1-2026-09-03T10:49:29.558015-05:00,1238048-20511382875,712800.0,PEN,Soles,2026-08-17T00:00:00-05:00
ocds-dgv273-seacev3-1245524,ocds-dgv273-seacev3-1245524-2026-09-03T10:49:29.266199-05:00,1245524-20612892335,70000.0,PEN,Soles,2026-09-01T00:00:00-05:00
ocds-dgv273-seacev3-1241001,ocds-dgv273-seacev3-1241001-2026-09-03T10:49:28.767765-05:00,1241001-1826386,1528874.45,PEN,Soles,2026-08-31T00:00:00-05:00
ocds-dgv273-seacev3-1245301,ocds-dgv273-seacev3-1245301-2026-09-03T10:49:28.741198-05:00,1245301-10081192389,1476000.0,PEN,Soles,2026-08-31T00:00:00-05:00
ocds-dgv273-seacev3-1240831,ocds-dgv273-seacev3-1240831-2026-09-03T10:49:28.674107-05:00,1240831-1826327,360695.86,PEN,Soles,2026-08-31T00:00:00-05:00
ocds-dgv273-seacev3-1240568,ocds-dgv273-seacev3-1240568-2026-09-03T10:49:28.526520-05:00,1240568-10405661395,50000.0,PEN,Soles,2026-08-31T00:00:00-05:00
ocds-dgv273-seacev3-1239553,ocds-dgv273-seacev3-1239553-2026-09-03T10:49:28.309727-05:00,1239553-1822674,212770.0,PEN,Soles,2026-08-21T00:00:00-05:00
ocds-dgv273-seacev3-1240103,ocds-dgv273-seacev3-1240103-2026-09-03T10:49:27.459118-05:00,1240103-20534474572,469000.0,PEN,Soles,2026-08-21T00:00:00-05:00
ocds-dgv273-seacev3-1244477,ocds-dgv273-seacev3-1244477-2026-09-03T10:49:27.307453-05:00,1244477-20130471464,3499370.85,PEN,Soles,2026-08-28T00:00:00-05:00
ocds-dgv273-seacev3-1239587,ocds-dgv273-seacev3-1239587-2026-09-03T10:49:27.252748-05:00,1239587-1824017,346639.88,PEN,Soles,2026-08-28T00:00:00-05:00
ocds-dgv273-seacev3-1238343,ocds-dgv273-seacev3-1238343-2026-09-03T10:49:27.229577-05:00,1238343-20559644243,48980.0,PEN,Soles,2026-08-14T00:00:00-05:00
ocds-dgv273-seacev3-1239268,ocds-dgv273-seacev3-1239268-2026-09-03T10:49:26.704528-05:00,1239268-1822392,1254996.08,PEN,Soles,2026-08-25T00:00:00-05:00
ocds-dgv273-seacev3-1244707,ocds-dgv273-seacev3-1244707-2026-09-03T10:49:26.503308-05:00,1244707-20182246078,128461.11,PEN,Soles,2026-08-31T00:00:00-05:00
ocds-dgv273-seacev3-1240198,ocds-dgv273-seacev3-1240198-2026-09-03T10:49:26.450141-05:00,1240198-1822934,1783200.0,PEN,Soles,2026-08-26T00:00:00-05:00
ocds-dgv273-seacev3-1233698,ocds-dgv273-seacev3-1233698-2026-09-03T10:49:26.385526-05:00,1233698-20608988816,165000.0,PEN,Soles,2026-08-31T00:00:00-05:00
ocds-dgv273-seacev3-1238731,ocds-dgv273-seacev3-1238731-2026-09-03T10:49:26.087738-05:00,1238731-20544172761,432681.0,PEN,Soles,2026-08-18T00:00:00-05:00
ocds-dgv273-seacev3-1245818,ocds-dgv273-seacev3-1245818-2026-09-03T10:49:25.258548-05:00,1245818-20100114349,885734.35,PEN,Soles,2026-08-31T00:00:00-05:00
ocds-dgv273-seacev3-1240891,ocds-dgv273-seacev3-1240891-2026-09-03T10:49:25.215693-05:00,1240891-1824131,239148.36,PEN,Nuevos Soles,2026-08-26T00:00:00-05:00
ocds-dgv273-seacev3-2026-2407-87,ocds-dgv273-seacev3-2026-2407-87-2026-09-03T10:49:25.031063-05:00,1240749-10106820240,279600.0,PEN,Soles,2026-08-24T14:27:11-05:00
ocds-dgv273-seacev3-1234204,ocds-dgv273-seacev3-1234204-2026-09-03T10:49:17.461511-05:00,1234204-20607656224,65900.0,PEN,Soles,2026-08-13T00:00:00-05:00
ocds-dgv273-seacev3-1240145,ocds-dgv273-seacev3-1240145-2026-09-03T10:49:16.831284-05:00,1240145-20601311918,180000.0,PEN,Soles,2026-08-24T00:00:00-05:00
ocds-dgv273-seacev3-1241334,ocds-dgv273-seacev3-1241334-2026-09-03T10:49:16.572969-05:00,1241334-20182246078,131871.75,PEN,Soles,2026-08-27T00:00:00-05:00
ocds-dgv273-seacev3-1239913,ocds-dgv273-seacev3-1239913-2026-09-03T10:49:15.620091-05:00,1239913-20542625741,215180.0,PEN,Soles,2026-08-31T00:00:00-05:00
ocds-dgv273-seacev3-1239940,ocds-dgv273-seacev3-1239940-2026-09-03T10:49:15.592408-05:00,1239940-20600852346,162683.2,PEN,Soles,2026-08-21T00:00:00-05:00
ocds-dgv273-seacev3-1238710,ocds-dgv273-seacev3-1238710-2026-09-03T10:49:15.548699-05:00,1238710-20491097338,67840.0,PEN,Soles,2026-08-18T00:00:00-05:00
ocds-dgv273-seacev3-1242012,ocds-dgv273-seacev3-1242012-2026-09-03T10:49:15.376788-05:00,1242012-1825323,295624.92,PEN,Soles,2026-08-31T00:00:00-05:00
ocds-dgv273-seacev3-1240020,ocds-dgv273-seacev3-1240020-2026-09-03T10:49:15.064827-05:00,1240020-20530582133,91986.84,PEN,Soles,2026-08-21T00:00:00-05:00
ocds-dgv273-seacev3-1240024,ocds-dgv273-seacev3-1240024-2026-09-03T10:49:15.051206-05:00,1240024-20609487667,101000.0,PEN,Soles,2026-08-21T00:00:00-05:00
ocds-dgv273-seacev3-1242885,ocds-dgv273-seacev3-1242885-2026-09-03T10:49:15.030350-05:00,1242885-1827076,641159.09,PEN,Soles,2026-09-01T00:00:00-05:00
ocds-dgv273-seacev3-1240382,ocds-dgv273-seacev3-1240382-2026-09-03T10:49:14.919497-05:00,1240382-1823603,331170.16,PEN,Soles,2026-08-28T00:00:00-05:00
ocds-dgv273-seacev3-1241318,ocds-dgv273-seacev3-1241318-2026-09-03T10:49:14.584219-05:00,1241318-1824299,170250.0,PEN,Soles,2026-08-31T00:00:00-05:00
ocds-dgv273-seacev3-1243228,ocds-dgv273-seacev3-1243228-2026-09-03T10:49:14.416764-05:00,1243228-20610772383,108342.88,PEN,Soles,2026-08-24T00:00:00-05:00
ocds-dgv273-seacev3-1239123,ocds-dgv273-seacev3-1239123-2026-09-03T10:49:14.388267-05:00,1239123-10467646520,71440.42,PEN,Soles,2026-08-19T00:00:00-05:00
ocds-dgv273-seacev3-1241260,ocds-dgv273-seacev3-1241260-2026-09-03T10:49:14.243690-05:00,1241260-1825945,454521.12,PEN,Soles,2026-08-28T00:00:00-05:00
ocds-dgv273-seacev3-1242394,ocds-dgv273-seacev3-1242394-2026-09-03T10:49:14.121838-05:00,1242394-20607917508,98800.0,PEN,Soles,2026-08-24T00:00:00-05:00
ocds-dgv273-seacev3-1243502,ocds-dgv273-seacev3-1243502-2026-09-03T10:49:13.696912-05:00,1243502-1823352,4963724.32,PEN,Soles,2026-08-21T00:00:00-05:00
ocds-dgv273-seacev3-1240850,ocds-dgv273-seacev3-1240850-2026-09-03T10:49:13.608775-05:00,1240850-1821579,36201994.0,PEN,Soles,2026-08-18T00:00:00-05:00
ocds-dgv273-seacev3-1239150,ocds-dgv273-seacev3-1239150-2026-09-03T10:49:13.473176-05:00,1239150-1821574,1100940.86,PEN,Soles,2026-08-18T00:00:00-05:00
ocds-dgv273-seacev3-1238309,ocds-dgv273-seacev3-1238309-2026-09-03T10:49:13.458590-05:00,1238309-20611886021,59500.0,PEN,Soles,2026-08-10T00:00:00-05:00
ocds-dgv273-seacev3-2026-26-17,ocds-dgv273-seacev3-2026-26-17-2026-09-03T10:49:13.231953-05:00,1239530-20563378060,150000.0,PEN,Soles,2026-08-21T00:00:00-05:00
ocds-dgv273-seacev3-1240972,ocds-dgv273-seacev3-1240972-2026-09-03T10:49:12.321252-05:00,1240972-10094504622,30000.0,PEN,Soles,2026-08-19T00:00:00-05:00
ocds-dgv273-seacev3-1239417,ocds-dgv273-seacev3-1239417-2026-09-01T10:23:40.754638-05:00,1239417-1824103,1053742.04,PEN,Soles,2026-08-26T00:00:00-05:00
ocds-dgv273-seacev3-1244798,ocds-dgv273-seacev3-1244798-2026-08-30T10:02:55.183315-05:00,1244798-L9000033089,1210.0,USD,Dólar Norteamericano,2026-08-26T00:00:00-05:00
ocds-dgv273-seacev3-1244459,ocds-dgv273-seacev3-1244459-2026-08-30T10:02:55.067553-05:00,1244459-20100091543,66270.0,PEN,Soles,2026-08-28T00:00:00-05:00
ocds-dgv273-seacev3-1244368,ocds-dgv273-seacev3-1244368-2026-08-30T10:02:54.994572-05:00,1244368-1825371,504696.0,PEN,Soles,2026-08-28T00:00:00-05:00
ocds-dgv273-seacev3-1244240,ocds-dgv273-seacev3-1244240-2026-08-30T10:02:54.907395-05:00,1244240-1825651,419854.95,PEN,Soles,2026-08-28T00:00:00-05:00
ocds-dgv273-seacev3-1240439,ocds-dgv273-seacev3-1240439-2026-08-30T10:02:54.632135-05:00,1240439-1822974,52677.03,PEN,Soles,2026-08-21T00:00:00-05:00
ocds-dgv273-seacev3-1241306,ocds-dgv273-seacev3-1241306-2026-08-30T10:02:54.334658-05:00,1241306-20381450377,629400.0,PEN,Soles,2026-08-18T00:00:00-05:00
ocds-dgv273-seacev3-1239683,ocds-dgv273-seacev3-1239683-2026-08-30T10:02:54.233182-05:00,1239683-20600247841,98000.0,PEN,Soles,2026-08-17T00:00:00-05:00
ocds-dgv273-seacev3-1239992,ocds-dgv273-seacev3-1239992-2026-08-30T10:02:53.968091-05:00,1239992-20539584945,88499.0,PEN,Soles,2026-08-18T00:00:00-05:00
ocds-dgv273-seacev3-1238520,ocds-dgv273-seacev3-1238520-2026-08-30T10:02:53.832372-05:00,1238520-10739630466,50400.0,PEN,Soles,2026-08-11T00:00:00-05:00
ocds-dgv273-seacev3-1241175,ocds-dgv273-seacev3-1241175-2026-08-30T10:02:53.568866-05:00,1241175-20603717393,65200.0,PEN,Soles,2026-08-19T00:00:00-05:00
ocds-dgv273-seacev3-1240215,ocds-dgv273-seacev3-1240215-2026-08-30T10:02:52.901694-05:00,1240215-20611138980,151079.84,PEN,Soles,2026-08-25T00:00:00-05:00
ocds-dgv273-seacev3-1239516,ocds-dgv273-seacev3-1239516-2026-08-30T10:02:52.477131-05:00,1239516-1823221,1581355.55,PEN,Soles,2026-08-28T00:00:00-05:00
ocds-dgv273-seacev3-1241949,ocds-dgv273-seacev3-1241949-2026-08-30T10:02:52.407072-05:00,1241949-1825366,1859950.85,PEN,Soles,2026-08-28T00:00:00-05:00
ocds-dgv273-seacev3-2026-232347-16,ocds-dgv273-seacev3-2026-232347-16-2026-08-30T10:02:52.258231-05:00,1245242-10719621533,48000.0,PEN,Soles,2026-08-27T00:00:00-05:00
ocds-dgv273-seacev3-1239401,ocds-dgv273-seacev3-1239401-2026-08-30T10:02:52.224249-05:00,1239401-20605897330,300000.0,PEN,Soles,2026-08-21T00:00:00-05:00
ocds-dgv273-seacev3-1242747,ocds-dgv273-seacev3-1242747-2026-08-30T10:02:51.475220-05:00,1242747-1823179,610138.08,PEN,Soles,2026-08-20T00:00:00-05:00
ocds-dgv273-seacev3-2026-10247-105,ocds-dgv273-seacev3-2026-10247-105-2026-08-30T10:02:50.828949-05:00,1239299-20502265653,351000.0,PEN,Soles,2026-08-18T00:00:00-05:00
ocds-dgv273-seacev3-1242916,ocds-dgv273-seacev3-1242916-2026-08-30T10:02:50.593277-05:00,1242916-20513113456,214760.0,PEN,Soles,2026-08-28T00:00:00-05:00
ocds-dgv273-seacev3-1238578,ocds-dgv273-seacev3-1238578-2026-08-30T10:02:50.071618-05:00,1238578-1821598,100075.62,PEN,Soles,2026-08-28T00:00:00-05:00
ocds-dgv273-seacev3-1238938,ocds-dgv273-seacev3-1238938-2026-08-30T10:02:49.836042-05:00,1238938-1822748,153411.95,PEN,Soles,2026-08-21T00:00:00-05:00
ocds-dgv273-seacev3-1244764,ocds-dgv273-seacev3-1244764-2026-08-30T10:02:49.714981-05:00,1244764-L0603769486,2750.0,USD,Dólar Norteamericano,2026-08-26T00:00:00-05:00
ocds-dgv273-seacev3-1240044,ocds-dgv273-seacev3-1240044-2026-08-30T10:02:49.301341-05:00,1240044-1823196,257972.68,PEN,Soles,2026-08-27T00:00:00-05:00
ocds-dgv273-seacev3-2026-200322-4,ocds-dgv273-seacev3-2026-200322-4-2026-08-30T10:02:49.244539-05:00,1241448-20608634593,149000.0,PEN,Soles,2026-08-26T00:00:00-05:00
ocds-dgv273-seacev3-1241746,ocds-dgv273-seacev3-1241746-2026-08-30T10:02:44.150975-05:00,1241746-1824850,4166868.0,PEN,Soles,2026-08-27T00:00:00-05:00
ocds-dgv273-seacev3-1240752,ocds-dgv273-seacev3-1240752-2026-08-30T10:02:43.837679-05:00,1240752-20382350368,73891.6,PEN,Soles,2026-08-17T00:00:00-05:00
ocds-dgv273-seacev3-1244801,ocds-dgv273-seacev3-1244801-2026-08-30T10:02:43.535143-05:00,1244801-L0606465534,33333.33,USD,Dólar Norteamericano,2026-08-26T00:00:00-05:00
ocds-dgv273-seacev3-1244660,ocds-dgv273-seacev3-1244660-2026-08-30T10:02:43.428572-05:00,1244660-20609908212,51547.92,PEN,Soles,2026-08-28T00:00:00-05:00
ocds-dgv273-seacev3-1244851,ocds-dgv273-seacev3-1244851-2026-08-30T10:02:43.195020-05:00,1244851-1826169,208366.21,PEN,Soles,2026-08-28T00:00:00-05:00
ocds-dgv273-seacev3-1241954,ocds-dgv273-seacev3-1241954-2026-08-30T10:02:42.975368-05:00,1241954-1825259,4039581.93,PEN,Soles,2026-08-27T00:00:00-05:00
ocds-dgv273-seacev3-1236015,ocds-dgv273-seacev3-1236015-2026-08-30T10:02:42.203546-05:00,1236015-1820762,471000.0,PEN,Soles,2026-08-19T00:00:00-05:00
ocds-dgv273-seacev3-1238584,ocds-dgv273-seacev3-1238584-2026-08-30T10:02:42.145328-05:00,1238584-20101704352,57395.0,PEN,Soles,2026-08-20T00:00:00-05:00
ocds-dgv273-seacev3-1244706,ocds-dgv273-seacev3-1244706-2026-08-30T10:02:42.105272-05:00,1244706-L0000005736,4164.17,USD,Dólar Norteamericano,2026-08-26T00:00:00-05:00
ocds-dgv273-seacev3-1241537,ocds-dgv273-seacev3-1241537-2026-08-30T10:02:41.755617-05:00,1241537-20605667369,107400.0,PEN,Soles,2026-08-18T00:00:00-05:00
ocds-dgv273-seacev3-1244566,ocds-dgv273-seacev3-1244566-2026-08-30T10:02:41.609389-05:00,1244566-20607180581,264643.71,PEN,Soles,2026-08-28T00:00:00-05:00
ocds-dgv273-seacev3-1241729,ocds-dgv273-seacev3-1241729-2026-08-30T10:02:40.136413-05:00,1241729-20332970411,133910.97,PEN,Soles,2026-08-18T00:00:00-05:00
ocds-dgv273-seacev3-1239234,ocds-dgv273-seacev3-1239234-2026-08-30T10:02:40.017517-05:00,1239234-20600047478,450000.0,PEN,Soles,2026-08-25T00:00:00-05:00
ocds-dgv273-seacev3-1239107,ocds-dgv273-seacev3-1239107-2026-08-30T10:02:39.304789-05:00,1239107-1822156,1927063.25,PEN,Soles,2026-08-20T00:00:00-05:00
ocds-dgv273-seacev3-1238347,ocds-dgv273-seacev3-1238347-2026-08-30T10:02:39.044739-05:00,1238347-20613024019,69430.79,PEN,Soles,2026-08-13T00:00:00-05:00
ocds-dgv273-seacev3-1240573,ocds-dgv273-seacev3-1240573-2026-08-30T10:02:38.914963-05:00,1240573-10078867006,450720.0,PEN,Soles,2026-08-21T00:00:00-05:00
ocds-dgv273-seacev3-1243266,ocds-dgv273-seacev3-1243266-2026-08-30T10:02:38.754460-05:00,1243266-20603728271,1601838.6,PEN,Soles,2026-08-28T00:00:00-05:00
ocds-dgv273-seacev3-1239978,ocds-dgv273-seacev3-1239978-2026-08-30T10:02:38.598040-05:00,1239978-10708982739,59472.0,PEN,Soles,2026-08-27T00:00:00-05:00
ocds-dgv273-seacev3-1242411,ocds-dgv273-seacev3-1242411-2026-08-30T10:02:38.481688-05:00,1242411-L0609016880,5103.0,USD,Dólar Norteamericano,2026-08-26T00:00:00-05:00
ocds-dgv273-seacev3-1242063,ocds-dgv273-seacev3-1242063-2026-08-30T10:02:33.275736-05:00,1242063-20541181556,305062.93,PEN,Soles,2026-08-28T00:00:00-05:00
ocds-dgv273-seacev3-1238044,ocds-dgv273-seacev3-1238044-2026-08-30T10:02:33.173576-05:00,1238044-1823367,1495115.26,PEN,Soles,2026-08-28T00:00:00-05:00
ocds-dgv273-seacev3-1245075,ocds-dgv273-seacev3-1245075-2026-08-30T10:02:33.087126-05:00,1245075-20478175010,175496.54,USD,Dólar Norteamericano,2026-08-27T00:00:00-05:00
ocds-dgv273-seacev3-1239413,ocds-dgv273-seacev3-1239413-2026-08-30T10:02:33.072748-05:00,1239413-20614208610,196411.2,PEN,Soles,2026-08-18T00:00:00-05:00
ocds-dgv273-seacev3-1243874,ocds-dgv273-seacev3-1243874-2026-08-30T10:02:32.570646-05:00,1243874-20419020606,247800.0,PEN,Soles,2026-08-28T00:00:00-05:00
ocds-dgv273-seacev3-1244970,ocds-dgv273-seacev3-1244970-2026-08-30T10:02:32.120272-05:00,1244970-20464937537,130000.0,PEN,Soles,2026-08-26T00:00:00-05:00
ocds-dgv273-seacev3-1240552,ocds-dgv273-seacev3-1240552-2026-08-30T10:02:31.918532-05:00,1240552-1823381,126600.0,PEN,Soles,2026-08-27T00:00:00-05:00
ocds-dgv273-seacev3-1243962,ocds-dgv273-seacev3-1243962-2026-08-30T10:02:31.887927-05:00,1243962-20600123701,81783.0,PEN,Soles,2026-08-28T00:00:00-05:00
ocds-dgv273-seacev3-1240303,ocds-dgv273-seacev3-1240303-2026-08-30T10:02:31.734248-05:00,1240303-20606106573,99975.0,PEN,Soles,2026-08-17T00:00:00-05:00
ocds-dgv273-seacev3-1242390,ocds-dgv273-seacev3-1242390-2026-08-30T10:02:31.651031-05:00,1242390-1825609,130040.0,PEN,Soles,2026-08-28T00:00:00-05:00
ocds-dgv273-seacev3-1241459,ocds-dgv273-seacev3-1241459-2026-08-30T10:02:31.600266-05:00,1241459-20600123158,327420.5,PEN,Soles,2026-08-18T00:00:00-05:00
ocds-dgv273-seacev3-1240641,ocds-dgv273-seacev3-1240641-2026-08-30T10:02:31.586602-05:00,1240641-20490828606,88023.0,PEN,Soles,2026-08-18T00:00:00-05:00
ocds-dgv273-seacev3-1241845,ocds-dgv273-seacev3-1241845-2026-08-30T10:02:30.718054-05:00,1241845-20608966405,324000.0,PEN,Soles,2026-08-19T00:00:00-05:00
ocds-dgv273-seacev3-1242347,ocds-dgv273-seacev3-1242347-2026-08-30T10:02:29.403077-05:00,1242347-20538849970,156000.0,PEN,Soles,2026-08-28T00:00:00-05:00
ocds-dgv273-seacev3-1240830,ocds-dgv273-seacev3-1240830-2026-08-30T10:02:29.371214-05:00,1240830-1824597,185940.31,PEN,Soles,2026-08-27T00:00:00-05:00
ocds-dgv273-seacev3-1238497,ocds-dgv273-seacev3-1238497-2026-08-30T10:02:29.357575-05:00,1238497-20343493984,225852.0,PEN,Soles,2026-08-20T00:00:00-05:00
ocds-dgv273-seacev3-1244569,ocds-dgv273-seacev3-1244569-2026-08-30T10:02:29.099015-05:00,1244569-10244650746,276000.0,PEN,Soles,2026-08-28T00:00:00-05:00
ocds-dgv273-seacev3-1237411,ocds-dgv273-seacev3-1237411-2026-08-30T10:02:28.898086-05:00,1237411-20600378377,98000.0,PEN,Soles,2026-08-21T00:00:00-05:00
ocds-dgv273-seacev3-1242203,ocds-dgv273-seacev3-1242203-2026-08-30T10:02:28.780240-05:00,1242203-1826071,89909.85,PEN,Soles,2026-08-28T00:00:00-05:00
ocds-dgv273-seacev3-1241109,ocds-dgv273-seacev3-1241109-2026-08-30T10:02:28.643115-05:00,1241109-20600475208,80950.0,PEN,Soles,2026-08-21T00:00:00-05:00
ocds-dgv273-seacev3-1241156,ocds-dgv273-seacev3-1241156-2026-08-30T10:02:28.405025-05:00,1241156-1825416,95209.62,PEN,Soles,2026-08-27T00:00:00-05:00
ocds-dgv273-seacev3-1244331,ocds-dgv273-seacev3-1244331-2026-08-30T10:02:28.387034-05:00,1244331-20100139848,193651.2,PEN,Soles,2026-08-28T00:00:00-05:00
ocds-dgv273-seacev3-2026-1947-124,ocds-dgv273-seacev3-2026-1947-124-2026-08-30T10:02:28.067216-05:00,1238431-20609488566,562700.0,PEN,Soles,2026-08-18T00:00:00-05:00
ocds-dgv273-seacev3-1241153,ocds-dgv273-seacev3-1241153-2026-08-30T10:02:27.850041-05:00,1241153-20605845291,71078.2,PEN,Soles,2026-08-21T00:00:00-05:00
ocds-dgv273-seacev3-1239860,ocds-dgv273-seacev3-1239860-2026-08-30T10:02:22.994674-05:00,1239860-1822926,920000.0,PEN,Soles,2026-08-26T00:00:00-05:00
ocds-dgv273-seacev3-1238144,ocds-dgv273-seacev3-1238144-2026-08-30T10:02:22.975075-05:00,1238144-10409627043,58465.0,PEN,Soles,2026-08-12T00:00:00-05:00
ocds-dgv273-seacev3-1241863,ocds-dgv273-seacev3-1241863-2026-08-30T10:02:22.854003-05:00,1241863-20431995281,460200.0,PEN,Soles,2026-08-21T00:00:00-05:00
ocds-dgv273-seacev3-1244625,ocds-dgv273-seacev3-1244625-2026-08-30T10:02:22.100652-05:00,1244625-10702946501,80829.7,PEN,Soles,2026-08-28T00:00:00-05:00
ocds-dgv273-seacev3-1238105,ocds-dgv273-seacev3-1238105-2026-08-30T10:02:21.933901-05:00,1238105-10054113680,85008.0,PEN,Soles,2026-08-18T00:00:00-05:00
ocds-dgv273-seacev3-1240097,ocds-dgv273-seacev3-1240097-2026-08-30T10:02:21.472989-05:00,1240097-20609109069,357500.0,PEN,Soles,2026-08-20T00:00:00-05:00
ocds-dgv273-seacev3-1238215,ocds-dgv273-seacev3-1238215-2026-08-30T10:02:21.202849-05:00,1238215-1820816,1288910.74,PEN,Soles,2026-08-21T00:00:00-05:00
ocds-dgv273-seacev3-1241130,ocds-dgv273-seacev3-1241130-2026-08-30T10:02:21.183063-05:00,1241130-1824525,258147.62,PEN,Soles,2026-08-27T00:00:00-05:00
ocds-dgv273-seacev3-2026-10141-41,ocds-dgv273-seacev3-2026-10141-41-2026-08-30T10:02:21.009413-05:00,1189536-10474988215,85000.0,PEN,Soles,2026-03-12T00:00:00-05:00
ocds-dgv273-seacev3-2026-10141-41,ocds-dgv273-seacev3-2026-10141-41-2026-08-30T10:02:21.009413-05:00,1189536-10722280224,470000.0,PEN,Soles,2026-04-24T00:00:00-05:00
ocds-dgv273-seacev3-2026-10141-41,ocds-dgv273-seacev3-2026-10141-41-2026-08-30T10:02:21.009413-05:00,1189536-20393744392,366072.0,PEN,Soles,2026-04-24T00:00:00-05:00
ocds-dgv273-seacev3-2026-10141-41,ocds-dgv273-seacev3-2026-10141-41-2026-08-30T10:02:21.009413-05:00,1189536-20601262178,225637.5,PEN,Soles,2026-03-12T00:00:00-05:00
ocds-dgv273-seacev3-2026-10141-41,ocds-dgv273-seacev3-2026-10141-41-2026-08-30T10:02:21.009413-05:00,1189536-99999999999,794687.79,PEN,Soles,2026-06-03T00:00:00-05:00
ocds-dgv273-seacev3-2026-10141-41,ocds-dgv273-seacev3-2026-10141-41-2026-08-30T10:02:21.009413-05:00,1189536-20615362213,854435.4099999999,PEN,Soles,2026-06-03T00:00:00-05:00
ocds-dgv273-seacev3-1239311,ocds-dgv273-seacev3-1239311-2026-08-30T10:02:20.780932-05:00,1239311-1823630,960205.0,PEN,Soles,2026-08-26T00:00:00-05:00
ocds-dgv273-seacev3-1238842,ocds-dgv273-seacev3-1238842-2026-08-30T10:02:19.854832-05:00,1238842-20610224408,110000.0,PEN,Soles,2026-08-24T00:00:00-05:00
ocds-dgv273-seacev3-1244463,ocds-dgv273-seacev3-1244463-2026-08-30T10:02:19.618026-05:00,1244463-20393993422,704000.0,PEN,Soles,2026-08-28T00:00:00-05:00
ocds-dgv273-seacev3-1240078,ocds-dgv273-seacev3-1240078-2026-08-30T10:02:18.286805-05:00,1240078-20540013391,212000.0,PEN,Soles,2026-08-20T00:00:00-05:00
ocds-dgv273-seacev3-1239176,ocds-dgv273-seacev3-1239176-2026-08-30T10:02:18.163964-05:00,1239176-20610677283,54488.0,PEN,Soles,2026-08-13T00:00:00-05:00
ocds-dgv273-seacev3-1238948,ocds-dgv273-seacev3-1238948-2026-08-30T10:02:18.108492-05:00,1238948-1822898,243000.0,PEN,Soles,2026-08-25T00:00:00-05:00
ocds-dgv273-seacev3-1241094,ocds-dgv273-seacev3-1241094-2026-08-30T10:02:18.048022-05:00,1241094-20606258527,116400.0,PEN,Soles,2026-08-25T00:00:00-05:00
ocds-dgv273-seacev3-1240906,ocds-dgv273-seacev3-1240906-2026-08-30T10:02:17.778294-05:00,1240906-1824289,990839.46,PEN,Soles,2026-08-27T00:00:00-05:00
ocds-dgv273-seacev3-2026-705-37,ocds-dgv273-seacev3-2026-705-37-2026-08-30T10:02:17.502985-05:00,1240455-20480811004,121506.0,PEN,Soles,2026-08-28T00:00:00-05:00
ocds-dgv273-seacev3-1240310,ocds-dgv273-seacev3-1240310-2026-08-30T10:02:17.133546-05:00,1240310-20612501921,66108.8,PEN,Soles,2026-08-17T00:00:00-05:00
ocds-dgv273-seacev3-1239073,ocds-dgv273-seacev3-1239073-2026-08-29T10:11:45.601320-05:00,1239073-1821674,709051.89,PEN,Soles,2026-08-19T00:00:00-05:00
ocds-dgv273-seacev3-1240805,ocds-dgv273-seacev3-1240805-2026-08-29T10:11:44.424621-05:00,1240805-20450589641,203920.0,PEN,Soles,2026-08-24T00:00:00-05:00
ocds-dgv273-seacev3-1240407,ocds-dgv273-seacev3-1240407-2026-08-29T10:11:44.303673-05:00,1240407-1825453,150000.0,PEN,Soles,2026-08-27T00:00:00-05:00
ocds-dgv273-seacev3-1244143,ocds-dgv273-seacev3-1244143-2026-08-29T10:11:42.933020-05:00,1244143-L0611180134,50000.0,USD,Dólar Norteamericano,2026-08-26T00:00:00-05:00
ocds-dgv273-seacev3-1240143,ocds-dgv273-seacev3-1240143-2026-08-29T10:11:42.700119-05:00,1240143-1823573,206000.0,PEN,Soles,2026-08-27T00:00:00-05:00
ocds-dgv273-seacev3-1240977,ocds-dgv273-seacev3-1240977-2026-08-29T10:11:42.479033-05:00,1240977-1823651,1788000.22,PEN,Soles,2026-08-26T00:00:00-05:00
ocds-dgv273-seacev3-1238920,ocds-dgv273-seacev3-1238920-2026-08-29T10:11:42.326818-05:00,1238920-1821947,365142.57,PEN,Soles,2026-08-18T00:00:00-05:00
ocds-dgv273-seacev3-1241441,ocds-dgv273-seacev3-1241441-2026-08-29T10:11:36.150520-05:00,1241441-1824672,285029.91,PEN,Soles,2026-08-26T00:00:00-05:00
ocds-dgv273-seacev3-1238377,ocds-dgv273-seacev3-1238377-2026-08-29T10:11:35.484858-05:00,1238377-1821408,460122.18,PEN,Soles,2026-08-17T00:00:00-05:00
ocds-dgv273-seacev3-1244885,ocds-dgv273-seacev3-1244885-2026-08-29T10:11:35.206841-05:00,1244885-20606411015,180000.0,PEN,Soles,2026-08-27T00:00:00-05:00
ocds-dgv273-seacev3-1235613,ocds-dgv273-seacev3-1235613-2026-08-29T10:11:34.592374-05:00,1235613-20609512262,80000.0,PEN,Soles,2026-08-19T00:00:00-05:00
ocds-dgv273-seacev3-1242921,ocds-dgv273-seacev3-1242921-2026-08-29T10:11:33.835804-05:00,1242921-20409352406,373942.57,PEN,Soles,2026-08-20T00:00:00-05:00
ocds-dgv273-seacev3-1240092,ocds-dgv273-seacev3-1240092-2026-08-29T10:11:33.768720-05:00,1240092-1823518,240000.0,PEN,Soles,2026-08-26T00:00:00-05:00
ocds-dgv273-seacev3-1241321,ocds-dgv273-seacev3-1241321-2026-08-29T10:11:33.405976-05:00,1241321-20609072661,87500.0,PEN,Soles,2026-08-20T00:00:00-05:00
ocds-dgv273-seacev3-1237755,ocds-dgv273-seacev3-1237755-2026-08-29T10:11:33.227650-05:00,1237755-1823115,417697.82,PEN,Soles,2026-08-26T00:00:00-05:00
ocds-dgv273-seacev3-1240902,ocds-dgv273-seacev3-1240902-2026-08-29T10:11:33.179668-05:00,1240902-10450738323,274950.0,PEN,Soles,2026-08-27T00:00:00-05:00
ocds-dgv273-seacev3-1243436,ocds-dgv273-seacev3-1243436-2026-08-29T10:11:32.530636-05:00,1243436-L9000033078,6216.0,EUR,Euro,2026-08-21T00:00:00-05:00
ocds-dgv273-seacev3-2026-2384-2,ocds-dgv273-seacev3-2026-2384-2-2026-08-29T10:11:31.546729-05:00,1240756-10704404277,77742.0,PEN,Soles,2026-08-26T00:00:00-05:00
ocds-dgv273-seacev3-1240782,ocds-dgv273-seacev3-1240782-2026-08-29T10:11:31.153448-05:00,1240782-1821717,1736041.78,PEN,Soles,2026-08-19T00:00:00-05:00
ocds-dgv273-seacev3-1240809,ocds-dgv273-seacev3-1240809-2026-08-29T10:11:25.218817-05:00,1240809-20440983261,66540.0,PEN,Soles,2026-08-18T00:00:00-05:00
ocds-dgv273-seacev3-2026-705-31,ocds-dgv273-seacev3-2026-705-31-2026-08-29T10:11:25.158088-05:00,1238895-1822873,117856.51,PEN,Soles,2026-08-25T00:00:00-05:00
ocds-dgv273-seacev3-2026-1735-9,ocds-dgv273-seacev3-2026-1735-9-2026-08-29T10:11:25.089083-05:00,1215744-20605340408,210977.58,PEN,Soles,2026-06-26T00:00:00-05:00
ocds-dgv273-seacev3-2026-1735-9,ocds-dgv273-seacev3-2026-1735-9-2026-08-29T10:11:25.089083-05:00,1241266-20601844975,212057.67,PEN,Soles,2026-08-26T00:00:00-05:00
ocds-dgv273-seacev3-1240122,ocds-dgv273-seacev3-1240122-2026-08-29T10:11:25.016911-05:00,1240122-1823527,446000.0,PEN,Soles,2026-08-26T00:00:00-05:00
ocds-dgv273-seacev3-1239960,ocds-dgv273-seacev3-1239960-2026-08-29T10:11:24.757554-05:00,1239960-20570581962,540000.0,PEN,Soles,2026-08-19T00:00:00-05:00
ocds-dgv273-seacev3-1240631,ocds-dgv273-seacev3-1240631-2026-08-29T10:11:24.066555-05:00,1240631-20605435271,53900.0,PEN,Soles,2026-08-20T00:00:00-05:00
ocds-dgv273-seacev3-1240127,ocds-dgv273-seacev3-1240127-2026-08-29T10:11:23.301620-05:00,1240127-1824639,1653985.59,PEN,Soles,2026-08-26T00:00:00-05:00
ocds-dgv273-seacev3-1239318,ocds-dgv273-seacev3-1239318-2026-08-29T10:11:22.953947-05:00,1239318-1824260,1273603.18,PEN,Soles,2026-08-27T00:00:00-05:00
ocds-dgv273-seacev3-1240243,ocds-dgv273-seacev3-1240243-2026-08-29T10:11:21.952414-05:00,1240243-10466199732,99700.0,PEN,Soles,2026-08-20T00:00:00-05:00
ocds-dgv273-seacev3-1240169,ocds-dgv273-seacev3-1240169-2026-08-29T10:11:21.241131-05:00,1240169-1824387,1902930.68,PEN,Soles,2026-08-26T00:00:00-05:00
ocds-dgv273-seacev3-1239592,ocds-dgv273-seacev3-1239592-2026-08-29T10:11:20.958228-05:00,1239592-20612935794,66195.0,PEN,Soles,2026-08-17T00:00:00-05:00
ocds-dgv273-seacev3-1240517,ocds-dgv273-seacev3-1240517-2026-08-29T10:11:20.267291-05:00,1240517-20490995928,89000.0,PEN,Soles,2026-08-11T00:00:00-05:00
ocds-dgv273-seacev3-1240483,ocds-dgv273-seacev3-1240483-2026-08-29T10:11:20.157992-05:00,1240483-20600825551,285000.0,PEN,Soles,2026-08-13T00:00:00-05:00
ocds-dgv273-seacev3-1240783,ocds-dgv273-seacev3-1240783-2026-08-29T10:11:20.070327-05:00,1240783-1821029,1121450.0,PEN,Soles,2026-08-14T00:00:00-05:00
ocds-dgv273-seacev3-1241288,ocds-dgv273-seacev3-1241288-2026-08-29T10:11:19.620641-05:00,1241288-1821082,908500.0,PEN,Soles,2026-08-14T00:00:00-05:00
ocds-dgv273-seacev3-1239010,ocds-dgv273-seacev3-1239010-2026-08-29T10:11:19.244494-05:00,1239010-20132091979,56247.97,PEN,Soles,2026-08-27T00:00:00-05:00
ocds-dgv273-seacev3-1240381,ocds-dgv273-seacev3-1240381-2026-08-29T10:11:14.440280-05:00,1240381-20566205085,29348.96,USD,Dólar Norteamericano,2026-08-20T00:00:00-05:00
ocds-dgv273-seacev3-1240139,ocds-dgv273-seacev3-1240139-2026-08-29T10:11:14.316467-05:00,1240139-1823572,346000.0,PEN,Soles,2026-08-27T00:00:00-05:00
ocds-dgv273-seacev3-1240183,ocds-dgv273-seacev3-1240183-2026-08-29T10:11:14.142479-05:00,1240183-20602811531,109000.0,PEN,Soles,2026-08-19T00:00:00-05:00
ocds-dgv273-seacev3-2026-2362-3,ocds-dgv273-seacev3-2026-2362-3-2026-08-29T10:11:14.105281-05:00,1239512-20100291551,99061.11,PEN,Soles,2026-08-25T00:00:00-05:00
ocds-dgv273-seacev3-1238713,ocds-dgv273-seacev3-1238713-2026-08-29T10:11:13.996365-05:00,1238713-20511037001,467115.0,PEN,Soles,2026-08-14T00:00:00-05:00
ocds-dgv273-seacev3-1245277,ocds-dgv273-seacev3-1245277-2026-08-29T10:11:13.944136-05:00,1245277-20393606321,93640.0,PEN,Soles,2026-08-27T00:00:00-05:00
ocds-dgv273-seacev3-2026-1960-10,ocds-dgv273-seacev3-2026-1960-10-2026-08-29T10:11:13.929382-05:00,1238213-20503713285,101535.87,PEN,Soles,2026-08-20T00:00:00-05:00
ocds-dgv273-seacev3-1238755,ocds-dgv273-seacev3-1238755-2026-08-29T10:11:12.909588-05:00,1238755-10408532286,213553.75,PEN,Soles,2026-08-19T00:00:00-05:00
ocds-dgv273-seacev3-1240879,ocds-dgv273-seacev3-1240879-2026-08-29T10:11:12.501906-05:00,1240879-1824434,3470419.01,PEN,Soles,2026-08-26T00:00:00-05:00
ocds-dgv273-seacev3-1245316,ocds-dgv273-seacev3-1245316-2026-08-29T10:11:11.673448-05:00,1245316-20536429183,156450.0,PEN,Soles,2026-08-27T00:00:00-05:00
ocds-dgv273-seacev3-1238207,ocds-dgv273-seacev3-1238207-2026-08-29T10:11:10.460315-05:00,1238207-1818941,194622.12,PEN,Soles,2026-08-11T00:00:00-05:00
ocds-dgv273-seacev3-1238715,ocds-dgv273-seacev3-1238715-2026-08-29T10:11:10.105413-05:00,1238715-20100042500,82000.0,PEN,Soles,2026-08-27T00:00:00-05:00
ocds-dgv273-seacev3-1239224,ocds-dgv273-seacev3-1239224-2026-08-29T10:11:09.814314-05:00,1239224-20613901478,64100.0,PEN,Soles,2026-08-13T00:00:00-05:00
ocds-dgv273-seacev3-1239012,ocds-dgv273-seacev3-1239012-2026-08-29T10:11:09.371198-05:00,1239012-20448729941,55200.0,PEN,Soles,2026-08-20T00:00:00-05:00
ocds-dgv273-seacev3-1240006,ocds-dgv273-seacev3-1240006-2026-08-29T10:11:09.010883-05:00,1240006-1825425,180000.0,PEN,Soles,2026-08-27T00:00:00-05:00
ocds-dgv273-seacev3-2026-1922-117,ocds-dgv273-seacev3-2026-1922-117-2026-08-29T10:11:08.664106-05:00,1244599-L0611180127,23117.6,USD,Dólar Norteamericano,2026-08-26T00:00:00-05:00
ocds-dgv273-seacev3-1238120,ocds-dgv273-seacev3-1238120-2026-08-29T10:11:08.490684-05:00,1238120-10460916327,180000.0,PEN,Soles,2026-08-18T00:00:00-05:00
ocds-dgv273-seacev3-1238261,ocds-dgv273-seacev3-1238261-2026-08-29T10:11:08.386573-05:00,1238261-1820883,263536.2,PEN,Soles,2026-08-19T00:00:00-05:00
ocds-dgv273-seacev3-1243370,ocds-dgv273-seacev3-1243370-2026-08-29T10:11:08.219115-05:00,1243370-20608303635,4500000.0,PEN,Soles,2026-08-27T00:00:00-05:00
ocds-dgv273-seacev3-1241392,ocds-dgv273-seacev3-1241392-2026-08-29T10:11:03.094915-05:00,1241392-1824223,553683.18,PEN,Soles,2026-08-26T00:00:00-05:00
ocds-dgv273-seacev3-1240498,ocds-dgv273-seacev3-1240498-2026-08-29T10:11:02.895443-05:00,1240498-20158165113,75000.0,PEN,Soles,2026-08-26T00:00:00-05:00
ocds-dgv273-seacev3-1243930,ocds-dgv273-seacev3-1243930-2026-08-29T10:11:02.671156-05:00,1243930-10412725765,174330.24,PEN,Soles,2026-08-27T00:00:00-05:00
ocds-dgv273-seacev3-1238388,ocds-dgv273-seacev3-1238388-2026-08-29T10:11:02.494867-05:00,1238388-10420406911,161302.4,PEN,Soles,2026-08-17T00:00:00-05:00
ocds-dgv273-seacev3-2026-211-2,ocds-dgv273-seacev3-2026-211-2-2026-08-29T10:11:00.519377-05:00,1213671-20530880746,602431.1,PEN,Soles,2026-05-26T12:59:11-05:00
ocds-dgv273-seacev3-1239825,ocds-dgv273-seacev3-1239825-2026-08-29T10:11:00.439165-05:00,1239825-1822876,127118.64,PEN,Soles,2026-08-27T00:00:00-05:00
ocds-dgv273-seacev3-1240638,ocds-dgv273-seacev3-1240638-2026-08-29T10:11:00.332003-05:00,1240638-20604297975,146400.0,PEN,Soles,2026-08-26T00:00:00-05:00
ocds-dgv273-seacev3-1239271,ocds-dgv273-seacev3-1239271-2026-08-29T10:10:59.036689-05:00,1239271-1821697,60993.59,PEN,Soles,2026-08-25T00:00:00-05:00
ocds-dgv273-seacev3-1239187,ocds-dgv273-seacev3-1239187-2026-08-29T10:10:57.906045-05:00,1239187-20559256154,89700.0,PEN,Soles,2026-08-18T00:00:00-05:00
ocds-dgv273-seacev3-1238242,ocds-dgv273-seacev3-1238242-2026-08-29T10:10:57.870066-05:00,1238242-1818926,77776.16,PEN,Soles,2026-08-11T00:00:00-05:00
ocds-dgv273-seacev3-1241381,ocds-dgv273-seacev3-1241381-2026-08-29T10:10:57.817573-05:00,1241381-20615504506,97900.0,PEN,Soles,2026-08-26T00:00:00-05:00
ocds-dgv273-seacev3-1242231,ocds-dgv273-seacev3-1242231-2026-08-29T10:10:57.733647-05:00,1242231-20603682565,648000.0,PEN,Soles,2026-08-27T17:12:14-05:00
ocds-dgv273-seacev3-1240414,ocds-dgv273-seacev3-1240414-2026-08-29T10:10:57.705682-05:00,1240414-20611726369,72000.0,PEN,Soles,2026-08-17T00:00:00-05:00
ocds-dgv273-seacev3-1238271,ocds-dgv273-seacev3-1238271-2026-08-29T10:10:51.204206-05:00,1238271-20604924813,97100.0,PEN,Soles,2026-08-10T00:00:00-05:00
ocds-dgv273-seacev3-1242717,ocds-dgv273-seacev3-1242717-2026-08-29T10:10:50.948891-05:00,1242717-1825543,64343.75,PEN,Soles,2026-08-27T00:00:00-05:00
ocds-dgv273-seacev3-1240328,ocds-dgv273-seacev3-1240328-2026-08-29T10:10:50.611925-05:00,1240328-1820701,470192.0,PEN,Soles,2026-08-14T00:00:00-05:00
ocds-dgv273-seacev3-1244773,ocds-dgv273-seacev3-1244773-2026-08-29T10:10:50.437359-05:00,1244773-20103912297,464285.7,PEN,Soles,2026-08-27T00:00:00-05:00
ocds-dgv273-seacev3-1239653,ocds-dgv273-seacev3-1239653-2026-08-29T10:10:49.016852-05:00,1239653-10013219457,81133.0,PEN,Soles,2026-08-19T00:00:00-05:00
ocds-dgv273-seacev3-1238764,ocds-dgv273-seacev3-1238764-2026-08-29T10:10:48.659921-05:00,1238764-20448729941,42000.0,PEN,Soles,2026-08-20T00:00:00-05:00
ocds-dgv273-seacev3-1239184,ocds-dgv273-seacev3-1239184-2026-08-29T10:10:48.577627-05:00,1239184-20490297643,61962.0,PEN,Soles,2026-08-18T00:00:00-05:00
ocds-dgv273-seacev3-2026-237-15,ocds-dgv273-seacev3-2026-237-15-2026-08-29T10:10:48.290525-05:00,1240684-20611108461,99222.98,PEN,Soles,2026-08-27T00:00:00-05:00
ocds-dgv273-seacev3-1244497,ocds-dgv273-seacev3-1244497-2026-08-29T10:10:46.500796-05:00,1244497-20610734376,527000.0,PEN,Soles,2026-08-27T00:00:00-05:00
ocds-dgv273-seacev3-1239644,ocds-dgv273-seacev3-1239644-2026-08-29T10:10:38.620594-05:00,1239644-10200663042,105283.5,PEN,Soles,2026-08-26T00:00:00-05:00
ocds-dgv273-seacev3-1238485,ocds-dgv273-seacev3-1238485-2026-08-29T10:10:37.353395-05:00,1238485-20610968423,69600.0,PEN,Soles,2026-08-11T00:00:00-05:00
ocds-dgv273-seacev3-1240259,ocds-dgv273-seacev3-1240259-2026-08-29T10:10:37.101579-05:00,1240259-L9000033059,4870.68,GBP,Libra Esterlina,2026-08-12T00:00:00-05:00
ocds-dgv273-seacev3-1240685,ocds-dgv273-seacev3-1240685-2026-08-29T10:10:36.825360-05:00,1240685-10715521372,66400.0,PEN,Soles,2026-08-26T00:00:00-05:00
ocds-dgv273-seacev3-1240747,ocds-dgv273-seacev3-1240747-2026-08-29T10:10:36.511171-05:00,1240747-10473909591,75650.0,PEN,Soles,2026-08-19T00:00:00-05:00
ocds-dgv273-seacev3-1240138,ocds-dgv273-seacev3-1240138-2026-08-29T10:10:36.035264-05:00,1240138-1823521,448000.0,PEN,Soles,2026-08-27T00:00:00-05:00
ocds-dgv273-seacev3-1242724,ocds-dgv273-seacev3-1242724-2026-08-29T10:10:35.962772-05:00,1242724-20605249184,259534.38,PEN,Soles,2026-08-21T00:00:00-05:00
ocds-dgv273-seacev3-1239068,ocds-dgv273-seacev3-1239068-2026-08-29T10:10:35.632613-05:00,1239068-20615936422,69840.0,PEN,Soles,2026-08-13T00:00:00-05:00
ocds-dgv273-seacev3-1243864,ocds-dgv273-seacev3-1243864-2026-08-29T10:10:35.506731-05:00,1243864-20503758114,181207.7,PEN,Soles,2026-08-27T00:00:00-05:00
ocds-dgv273-seacev3-2026-695-7,ocds-dgv273-seacev3-2026-695-7-2026-08-29T10:10:33.616121-05:00,1240836-1825209,1954737.66,PEN,Soles,2026-08-27T00:00:00-05:00
ocds-dgv273-seacev3-1240979,ocds-dgv273-seacev3-1240979-2026-08-29T10:10:33.515795-05:00,1240979-20539408543,301898.63,PEN,Soles,2026-08-27T00:00:00-05:00
ocds-dgv273-seacev3-1243671,ocds-dgv273-seacev3-1243671-2026-08-28T10:30:31.135493-05:00,1243671-20519131243,19352520.0,PEN,Soles,2026-08-26T00:00:00-05:00
ocds-dgv273-seacev3-1241674,ocds-dgv273-seacev3-1241674-2026-08-28T10:30:30.268354-05:00,1241674-20601098581,127000.0,PEN,Soles,2026-08-26T00:00:00-05:00
ocds-dgv273-seacev3-1241085,ocds-dgv273-seacev3-1241085-2026-08-28T10:30:29.981235-05:00,1241085-10409447908,190000.0,PEN,Soles,2026-08-25T00:00:00-05:00
ocds-dgv273-seacev3-1240704,ocds-dgv273-seacev3-1240704-2026-08-28T10:30:29.882657-05:00,1240704-1823878,179071.87,PEN,Soles,2026-08-25T00:00:00-05:00
ocds-dgv273-seacev3-1240366,ocds-dgv273-seacev3-1240366-2026-08-28T10:30:29.727070-05:00,1240366-20543036961,2315840.0,PEN,Nuevos Soles,2026-08-13T00:00:00-05:00
ocds-dgv273-seacev3-1238974,ocds-dgv273-seacev3-1238974-2026-08-28T10:30:29.387336-05:00,1238974-1823607,1151550.83,PEN,Soles,2026-08-26T00:00:00-05:00
ocds-dgv273-seacev3-1238130,ocds-dgv273-seacev3-1238130-2026-08-28T10:30:29.169046-05:00,1238130-1818156,296100.0,PEN,Soles,2026-08-07T00:00:00-05:00
ocds-dgv273-seacev3-1240965,ocds-dgv273-seacev3-1240965-2026-08-28T10:30:28.402556-05:00,1240965-20482530592,241334.79,PEN,Soles,2026-08-25T00:00:00-05:00
ocds-dgv273-seacev3-1238303,ocds-dgv273-seacev3-1238303-2026-08-28T10:30:28.250768-05:00,1238303-20432538321,123226.5,PEN,Soles,2026-08-26T00:00:00-05:00
ocds-dgv273-seacev3-1244464,ocds-dgv273-seacev3-1244464-2026-08-28T10:30:27.920704-05:00,1244464-1824586,694632.72,PEN,Soles,2026-08-25T00:00:00-05:00
ocds-dgv273-seacev3-1240049,ocds-dgv273-seacev3-1240049-2026-08-28T10:30:27.650333-05:00,1240049-1822964,141734.0,PEN,Soles,2026-08-25T00:00:00-05:00
ocds-dgv273-seacev3-2026-295-3,ocds-dgv273-seacev3-2026-295-3-2026-08-28T10:30:24.985376-05:00,1232092-20542196522,87000.0,PEN,Soles,2026-08-26T00:00:00-05:00
ocds-dgv273-seacev3-1240130,ocds-dgv273-seacev3-1240130-2026-08-28T10:30:24.924236-05:00,1240130-20212980774,26541.1,PEN,Soles,2026-08-21T00:00:00-05:00
ocds-dgv273-seacev3-1240521,ocds-dgv273-seacev3-1240521-2026-08-28T10:30:24.033043-05:00,1240521-20606421070,3980.0,PEN,Soles,2026-08-17T00:00:00-05:00
ocds-dgv273-seacev3-1238881,ocds-dgv273-seacev3-1238881-2026-08-28T10:30:23.017875-05:00,1238881-1821097,184516.45,PEN,Nuevos Soles,2026-08-18T00:00:00-05:00
ocds-dgv273-seacev3-1239576,ocds-dgv273-seacev3-1239576-2026-08-28T10:30:17.072186-05:00,1239576-10417332664,99400.0,PEN,Soles,2026-08-14T00:00:00-05:00
ocds-dgv273-seacev3-1239917,ocds-dgv273-seacev3-1239917-2026-08-28T10:30:16.309446-05:00,1239917-20447978360,53602.72,PEN,Soles,2026-08-25T00:00:00-05:00
ocds-dgv273-seacev3-1238414,ocds-dgv273-seacev3-1238414-2026-08-28T10:30:16.109397-05:00,1238414-20609105292,561607.0,PEN,Soles,2026-08-14T00:00:00-05:00
ocds-dgv273-seacev3-1238245,ocds-dgv273-seacev3-1238245-2026-08-28T10:30:15.602216-05:00,1238245-20393739551,350902.49,PEN,Soles,2026-08-18T00:00:00-05:00
ocds-dgv273-seacev3-1239426,ocds-dgv273-seacev3-1239426-2026-08-28T10:30:15.383035-05:00,1239426-20601143004,47446.62,PEN,Soles,2026-08-25T00:00:00-05:00
ocds-dgv273-seacev3-1240995,ocds-dgv273-seacev3-1240995-2026-08-28T10:30:13.219520-05:00,1240995-1824244,245474.62,PEN,Soles,2026-08-25T00:00:00-05:00
ocds-dgv273-seacev3-1239651,ocds-dgv273-seacev3-1239651-2026-08-28T10:30:12.813050-05:00,1239651-20459090003,133200.0,PEN,Soles,2026-08-25T00:00:00-05:00
ocds-dgv273-seacev3-1238629,ocds-dgv273-seacev3-1238629-2026-08-28T10:30:06.041926-05:00,1238629-1821436,79800.0,PEN,Soles,2026-08-17T00:00:00-05:00
ocds-dgv273-seacev3-1241151,ocds-dgv273-seacev3-1241151-2026-08-28T10:30:05.628860-05:00,1241151-10409447908,160000.0,PEN,Soles,2026-08-25T00:00:00-05:00
ocds-dgv273-seacev3-1238650,ocds-dgv273-seacev3-1238650-2026-08-28T10:30:05.566423-05:00,1238650-1821090,1496815.23,PEN,Soles,2026-08-24T00:00:00-05:00
ocds-dgv273-seacev3-1238911,ocds-dgv273-seacev3-1238911-2026-08-28T10:30:04.428200-05:00,1238911-1821725,924034.45,PEN,Soles,2026-08-19T00:00:00-05:00
ocds-dgv273-seacev3-1239704,ocds-dgv273-seacev3-1239704-2026-08-28T10:30:03.568472-05:00,1239704-20489958539,85940.0,PEN,Soles,2026-08-14T00:00:00-05:00
ocds-dgv273-seacev3-1238080,ocds-dgv273-seacev3-1238080-2026-08-28T10:30:02.609188-05:00,1238080-20547957009,95000.0,PEN,Soles,2026-08-10T00:00:00-05:00
ocds-dgv273-seacev3-2026-1044-13,ocds-dgv273-seacev3-2026-1044-13-2026-08-28T10:30:02.243843-05:00,1239855-1824196,371422.94,PEN,Soles,2026-08-25T00:00:00-05:00
ocds-dgv273-seacev3-1239384,ocds-dgv273-seacev3-1239384-2026-08-28T10:30:01.860424-05:00,1239384-20511037001,89799.84,PEN,Soles,2026-08-18T19:18:54-05:00
ocds-dgv273-seacev3-1239427,ocds-dgv273-seacev3-1239427-2026-08-28T10:30:01.284090-05:00,1239427-20501262260,2348.99,PEN,Soles,2026-08-25T00:00:00-05:00
ocds-dgv273-seacev3-1239427,ocds-dgv273-seacev3-1239427-2026-08-28T10:30:01.284090-05:00,1239427-20549758054,932.4399999999999,PEN,Soles,2026-08-25T00:00:00-05:00
ocds-dgv273-seacev3-1239427,ocds-dgv273-seacev3-1239427-2026-08-28T10:30:01.284090-05:00,1239427-20609331781,1691.4,PEN,Soles,2026-08-25T00:00:00-05:00
ocds-dgv273-seacev3-1239666,ocds-dgv273-seacev3-1239666-2026-08-28T10:30:01.008222-05:00,1239666-1822980,119690.0,PEN,Soles,2026-08-26T00:00:00-05:00
ocds-dgv273-seacev3-1243018,ocds-dgv273-seacev3-1243018-2026-08-28T10:30:00.850662-05:00,1243018-20494626978,54500.0,PEN,Soles,2026-08-24T00:00:00-05:00
ocds-dgv273-seacev3-1239344,ocds-dgv273-seacev3-1239344-2026-08-28T10:29:53.924620-05:00,1239344-1823684,224870.36,PEN,Soles,2026-08-26T00:00:00-05:00
ocds-dgv273-seacev3-1244343,ocds-dgv273-seacev3-1244343-2026-08-28T10:29:53.231854-05:00,1244343-10224879348,48300.0,PEN,Soles,2026-08-26T00:00:00-05:00
ocds-dgv273-seacev3-1241396,ocds-dgv273-seacev3-1241396-2026-08-28T10:29:52.867372-05:00,1241396-20393260433,172980.0,PEN,Soles,2026-08-25T00:00:00-05:00
ocds-dgv273-seacev3-2026-1044-12,ocds-dgv273-seacev3-2026-1044-12-2026-08-28T10:29:50.307195-05:00,1239843-1824126,283560.58,PEN,Soles,2026-08-25T00:00:00-05:00
ocds-dgv273-seacev3-1239687,ocds-dgv273-seacev3-1239687-2026-08-28T10:29:49.510381-05:00,1239687-10086114980,63410.0,PEN,Soles,2026-08-17T00:00:00-05:00
ocds-dgv273-seacev3-1244091,ocds-dgv273-seacev3-1244091-2026-08-28T10:29:49.212562-05:00,1244091-1824940,100000.0,PEN,Soles,2026-08-26T00:00:00-05:00
ocds-dgv273-seacev3-1238227,ocds-dgv273-seacev3-1238227-2026-08-28T10:29:42.604585-05:00,1238227-20602142206,99190.0,PEN,Soles,2026-08-10T00:00:00-05:00
ocds-dgv273-seacev3-1241147,ocds-dgv273-seacev3-1241147-2026-08-28T10:29:42.349001-05:00,1241147-10181107940,80000.0,PEN,Soles,2026-08-25T00:00:00-05:00
ocds-dgv273-seacev3-1240087,ocds-dgv273-seacev3-1240087-2026-08-28T10:29:41.053902-05:00,1240087-1823716,333164.34,PEN,Soles,2026-08-26T00:00:00-05:00
ocds-dgv273-seacev3-1238380,ocds-dgv273-seacev3-1238380-2026-08-28T10:29:40.747344-05:00,1238380-1820699,1440565.79,PEN,Soles,2026-08-17T00:00:00-05:00
ocds-dgv273-seacev3-2026-1921-80,ocds-dgv273-seacev3-2026-1921-80-2026-08-28T10:29:39.861858-05:00,1242175-L9000033076,11791.21,USD,Dólar Norteamericano,2026-08-24T00:00:00-05:00
ocds-dgv273-seacev3-1240019,ocds-dgv273-seacev3-1240019-2026-08-28T10:29:38.714743-05:00,1240019-10410117431,250000.0,PEN,Soles,2026-08-13T00:00:00-05:00
ocds-dgv273-seacev3-1240447,ocds-dgv273-seacev3-1240447-2026-08-28T10:29:37.936868-05:00,1240447-1823538,342865.53,PEN,Soles,2026-08-25T00:00:00-05:00
ocds-dgv273-seacev3-1241760,ocds-dgv273-seacev3-1241760-2026-08-28T10:29:30.933701-05:00,1241760-20614109310,790725.5,PEN,Soles,2026-08-18T00:00:00-05:00
ocds-dgv273-seacev3-1243835,ocds-dgv273-seacev3-1243835-2026-08-28T10:29:30.728867-05:00,1243835-20351557321,274659.61,PEN,Soles,2026-08-26T00:00:00-05:00
ocds-dgv273-seacev3-1238136,ocds-dgv273-seacev3-1238136-2026-08-28T10:29:30.260084-05:00,1238136-10096334929,864000.0,PEN,Soles,2026-08-07T00:00:00-05:00
ocds-dgv273-seacev3-1238273,ocds-dgv273-seacev3-1238273-2026-08-28T10:29:28.296885-05:00,1238273-10466643578,84000.0,PEN,Soles,2026-08-14T00:00:00-05:00
ocds-dgv273-seacev3-1239713,ocds-dgv273-seacev3-1239713-2026-08-28T10:29:27.924652-05:00,1239713-10735087164,80350.0,PEN,Soles,2026-08-17T00:00:00-05:00
ocds-dgv273-seacev3-1238203,ocds-dgv273-seacev3-1238203-2026-08-28T10:29:27.802414-05:00,1238203-20487625656,363689.97,PEN,Soles,2026-08-26T00:00:00-05:00
ocds-dgv273-seacev3-1238266,ocds-dgv273-seacev3-1238266-2026-08-28T10:29:26.801338-05:00,1238266-20533628690,67135.92,PEN,Soles,2026-08-18T00:00:00-05:00
ocds-dgv273-seacev3-1242776,ocds-dgv273-seacev3-1242776-2026-08-28T10:29:26.316975-05:00,1242776-L0000004405,78000.0,USD,Dólar Norteamericano,2026-08-19T00:00:00-05:00
ocds-dgv273-seacev3-1234384,ocds-dgv273-seacev3-1234384-2026-08-28T10:29:19.466801-05:00,1234384-20613680811,144499.0,PEN,Soles,2026-08-17T00:00:00-05:00
ocds-dgv273-seacev3-1239358,ocds-dgv273-seacev3-1239358-2026-08-28T10:29:18.263741-05:00,1239358-20613349961,80900.0,PEN,Soles,2026-08-18T00:00:00-05:00
ocds-dgv273-seacev3-1238037,ocds-dgv273-seacev3-1238037-2026-08-28T10:29:17.541050-05:00,1238037-20611715651,130398.25,PEN,Nuevos Soles,2026-08-19T00:00:00-05:00
ocds-dgv273-seacev3-1240628,ocds-dgv273-seacev3-1240628-2026-08-28T10:29:13.837038-05:00,1240628-20212561534,2123016.0,PEN,Soles,2026-08-18T00:00:00-05:00
ocds-dgv273-seacev3-1240691,ocds-dgv273-seacev3-1240691-2026-08-27T10:33:23.808095-05:00,1240691-1823718,3361749.67,PEN,Soles,2026-08-24T00:00:00-05:00
ocds-dgv273-seacev3-1240287,ocds-dgv273-seacev3-1240287-2026-08-27T10:33:23.185653-05:00,1240287-1823473,23000.0,PEN,Soles,2026-08-24T00:00:00-05:00
ocds-dgv273-seacev3-1239754,ocds-dgv273-seacev3-1239754-2026-08-27T10:33:23.062438-05:00,1239754-10460769421,90000.0,PEN,Soles,2026-08-13T00:00:00-05:00
ocds-dgv273-seacev3-1238364,ocds-dgv273-seacev3-1238364-2026-08-27T10:33:22.617373-05:00,1238364-1823510,643241.06,PEN,Soles,2026-08-25T00:00:00-05:00
ocds-dgv273-seacev3-1238176,ocds-dgv273-seacev3-1238176-2026-08-27T10:33:22.575738-05:00,1238176-20499935286,122003.7,PEN,Soles,2026-08-10T00:00:00-05:00
ocds-dgv273-seacev3-1244045,ocds-dgv273-seacev3-1244045-2026-08-27T10:33:19.487371-05:00,1244045-20608108239,346909.63,PEN,Soles,2026-08-25T00:00:00-05:00
ocds-dgv273-seacev3-1239143,ocds-dgv273-seacev3-1239143-2026-08-27T10:33:19.128471-05:00,1239143-20505363435,97820.0,PEN,Soles,2026-08-17T00:00:00-05:00
ocds-dgv273-seacev3-1240457,ocds-dgv273-seacev3-1240457-2026-08-27T10:33:18.559481-05:00,1240457-20604225010,700225.09,PEN,Soles,2026-08-25T00:00:00-05:00
ocds-dgv273-seacev3-1238095,ocds-dgv273-seacev3-1238095-2026-08-27T10:33:17.292963-05:00,1238095-1821025,534480.21,PEN,Soles,2026-08-25T00:00:00-05:00
ocds-dgv273-seacev3-1241675,ocds-dgv273-seacev3-1241675-2026-08-27T10:33:16.190032-05:00,1241675-20569108595,1178660.58,PEN,Soles,2026-08-18T00:00:00-05:00
ocds-dgv273-seacev3-1241675,ocds-dgv273-seacev3-1241675-2026-08-27T10:33:16.190032-05:00,1241675-20607661295,574849.56,PEN,Soles,2026-08-18T00:00:00-05:00
ocds-dgv273-seacev3-1242884,ocds-dgv273-seacev3-1242884-2026-08-27T10:33:15.864394-05:00,1242884-20513113456,126405.14,PEN,Soles,2026-08-25T00:00:00-05:00
ocds-dgv273-seacev3-1239630,ocds-dgv273-seacev3-1239630-2026-08-27T10:33:15.749849-05:00,1239630-10209613064,160564.5,PEN,Soles,2026-08-24T00:00:00-05:00
ocds-dgv273-seacev3-1242877,ocds-dgv273-seacev3-1242877-2026-08-27T10:33:15.396412-05:00,1242877-20527701903,615000.0,PEN,Soles,2026-08-25T00:00:00-05:00
ocds-dgv273-seacev3-1238767,ocds-dgv273-seacev3-1238767-2026-08-27T10:33:14.618665-05:00,1238767-10706036089,102200.0,PEN,Soles,2026-08-17T00:00:00-05:00
ocds-dgv273-seacev3-1238398,ocds-dgv273-seacev3-1238398-2026-08-27T10:33:07.690136-05:00,1238398-1823477,725366.41,PEN,Soles,2026-08-25T00:00:00-05:00
ocds-dgv273-seacev3-1243976,ocds-dgv273-seacev3-1243976-2026-08-27T10:33:07.556041-05:00,1243976-10700618892,80500.0,PEN,Soles,2026-08-25T00:00:00-05:00
ocds-dgv273-seacev3-1239507,ocds-dgv273-seacev3-1239507-2026-08-27T10:33:07.097567-05:00,1239507-20506813191,172800.0,PEN,Soles,2026-08-11T00:00:00-05:00
ocds-dgv273-seacev3-1238968,ocds-dgv273-seacev3-1238968-2026-08-27T10:33:04.786161-05:00,1238968-20569308845,60200.0,PEN,Soles,2026-08-24T00:00:00-05:00
ocds-dgv273-seacev3-1239190,ocds-dgv273-seacev3-1239190-2026-08-27T10:33:04.269620-05:00,1239190-20600801768,79765.8,PEN,Soles,2026-08-17T00:00:00-05:00
ocds-dgv273-seacev3-1240601,ocds-dgv273-seacev3-1240601-2026-08-27T10:33:04.198608-05:00,1240601-1823685,1301973.31,PEN,Soles,2026-08-24T00:00:00-05:00
ocds-dgv273-seacev3-1239755,ocds-dgv273-seacev3-1239755-2026-08-27T10:33:03.611771-05:00,1239755-20602573461,99395.0,PEN,Soles,2026-08-13T00:00:00-05:00
ocds-dgv273-seacev3-1237915,ocds-dgv273-seacev3-1237915-2026-08-27T10:33:03.597584-05:00,1237915-20527705569,160000.0,PEN,Soles,2026-08-24T00:00:00-05:00
ocds-dgv273-seacev3-1243088,ocds-dgv273-seacev3-1243088-2026-08-27T10:33:02.700579-05:00,1243088-20513113456,210269.99,PEN,Soles,2026-08-25T00:00:00-05:00
ocds-dgv273-seacev3-1242101,ocds-dgv273-seacev3-1242101-2026-08-27T10:33:02.459485-05:00,1242101-1822912,2777260.7,PEN,Soles,2026-08-20T00:00:00-05:00
ocds-dgv273-seacev3-1240976,ocds-dgv273-seacev3-1240976-2026-08-27T10:32:56.355322-05:00,1240976-1823700,2033544.2,PEN,Soles,2026-08-24T00:00:00-05:00
ocds-dgv273-seacev3-1240973,ocds-dgv273-seacev3-1240973-2026-08-27T10:32:54.674270-05:00,1240973-1823562,80000.0,PEN,Soles,2026-08-24T00:00:00-05:00
ocds-dgv273-seacev3-1239183,ocds-dgv273-seacev3-1239183-2026-08-27T10:32:53.929602-05:00,1239183-20604678561,62181.55,PEN,Soles,2026-08-21T00:00:00-05:00
ocds-dgv273-seacev3-1243372,ocds-dgv273-seacev3-1243372-2026-08-27T10:32:52.486477-05:00,1243372-10447573119,24000.0,PEN,Soles,2026-08-21T00:00:00-05:00
ocds-dgv273-seacev3-1239773,ocds-dgv273-seacev3-1239773-2026-08-27T10:32:51.228189-05:00,1239773-10460769421,78000.0,PEN,Soles,2026-08-13T00:00:00-05:00
ocds-dgv273-seacev3-1238521,ocds-dgv273-seacev3-1238521-2026-08-27T10:32:44.111806-05:00,1238521-1823881,127115.9,PEN,Soles,2026-08-24T00:00:00-05:00
ocds-dgv273-seacev3-1240931,ocds-dgv273-seacev3-1240931-2026-08-27T10:32:42.704018-05:00,1240931-20612459895,304797.1,PEN,Soles,2026-08-25T00:00:00-05:00
ocds-dgv273-seacev3-1240100,ocds-dgv273-seacev3-1240100-2026-08-27T10:32:42.443214-05:00,1240100-1823623,187000.0,PEN,Soles,2026-08-24T00:00:00-05:00
ocds-dgv273-seacev3-2026-90-3,ocds-dgv273-seacev3-2026-90-3-2026-08-27T10:32:40.940976-05:00,1188466-10405858890,128000.0,PEN,Soles,2026-03-11T16:59:53-05:00
ocds-dgv273-seacev3-2026-90-3,ocds-dgv273-seacev3-2026-90-3-2026-08-27T10:32:40.940976-05:00,1188466-10335911895,142400.0,PEN,Soles,2026-03-11T00:00:00-05:00
ocds-dgv273-seacev3-2026-90-3,ocds-dgv273-seacev3-2026-90-3-2026-08-27T10:32:40.940976-05:00,1188466-10338261328,144800.0,PEN,Soles,2026-04-16T00:00:00-05:00
ocds-dgv273-seacev3-2026-237-16,ocds-dgv273-seacev3-2026-237-16-2026-08-27T10:32:39.730409-05:00,1238318-20602002285,339349.27,PEN,Soles,2026-08-20T00:00:00-05:00
ocds-dgv273-seacev3-1240529,ocds-dgv273-seacev3-1240529-2026-08-27T10:32:33.287345-05:00,1240529-1823628,500189.36,PEN,Soles,2026-08-24T00:00:00-05:00
ocds-dgv273-seacev3-1240536,ocds-dgv273-seacev3-1240536-2026-08-27T10:32:32.938191-05:00,1240536-1823426,174000.0,PEN,Soles,2026-08-25T00:00:00-05:00
ocds-dgv273-seacev3-1240967,ocds-dgv273-seacev3-1240967-2026-08-27T10:32:32.249779-05:00,1240967-1823484,80000.0,PEN,Soles,2026-08-24T00:00:00-05:00
ocds-dgv273-seacev3-1239537,ocds-dgv273-seacev3-1239537-2026-08-27T10:32:31.794647-05:00,1239537-1822860,228420.0,PEN,Soles,2026-08-24T00:00:00-05:00
ocds-dgv273-seacev3-1238337,ocds-dgv273-seacev3-1238337-2026-08-27T10:32:29.400680-05:00,1238337-20610513213,99500.0,PEN,Soles,2026-08-12T00:00:00-05:00
ocds-dgv273-seacev3-1239664,ocds-dgv273-seacev3-1239664-2026-08-27T10:32:29.197358-05:00,1239664-20601387701,67500.0,PEN,Soles,2026-08-17T00:00:00-05:00
ocds-dgv273-seacev3-1242664,ocds-dgv273-seacev3-1242664-2026-08-27T10:32:22.096171-05:00,1242664-L0000003238,5298.7,USD,Dólar Norteamericano,2026-08-20T00:00:00-05:00
ocds-dgv273-seacev3-1238509,ocds-dgv273-seacev3-1238509-2026-08-27T10:32:22.050473-05:00,1238509-20494662001,99995.0,PEN,Soles,2026-08-11T00:00:00-05:00
ocds-dgv273-seacev3-1238425,ocds-dgv273-seacev3-1238425-2026-08-27T10:32:21.671690-05:00,1238425-1821631,72874.1,PEN,Soles,2026-08-18T00:00:00-05:00
ocds-dgv273-seacev3-1239106,ocds-dgv273-seacev3-1239106-2026-08-27T10:32:21.555267-05:00,1239106-20522173933,3262216.56,PEN,Soles,2026-08-24T00:00:00-05:00
ocds-dgv273-seacev3-1238885,ocds-dgv273-seacev3-1238885-2026-08-27T10:32:21.323541-05:00,1238885-10316773384,85686.2,PEN,Soles,2026-08-21T00:00:00-05:00
ocds-dgv273-seacev3-1242684,ocds-dgv273-seacev3-1242684-2026-08-27T10:32:21.027005-05:00,1242684-1824501,1187326.4,PEN,Soles,2026-08-25T00:00:00-05:00
ocds-dgv273-seacev3-1239654,ocds-dgv273-seacev3-1239654-2026-08-27T10:32:20.979554-05:00,1239654-20612148032,98250.0,PEN,Soles,2026-08-17T00:00:00-05:00
ocds-dgv273-seacev3-1242864,ocds-dgv273-seacev3-1242864-2026-08-27T10:32:20.325005-05:00,1242864-20610513213,1259500.0,PEN,Soles,2026-08-25T00:00:00-05:00
ocds-dgv273-seacev3-1238903,ocds-dgv273-seacev3-1238903-2026-08-27T10:32:19.879047-05:00,1238903-10737638869,69890.0,PEN,Soles,2026-08-13T00:00:00-05:00
ocds-dgv273-seacev3-1238661,ocds-dgv273-seacev3-1238661-2026-08-27T10:32:19.783765-05:00,1238661-20608683454,99952.0,PEN,Soles,2026-08-13T00:00:00-05:00
ocds-dgv273-seacev3-1238773,ocds-dgv273-seacev3-1238773-2026-08-27T10:32:17.663026-05:00,1238773-1821554,353122.74,PEN,Soles,2026-08-24T00:00:00-05:00
ocds-dgv273-seacev3-1239333,ocds-dgv273-seacev3-1239333-2026-08-27T10:32:10.051427-05:00,1239333-1823597,253935.68,PEN,Soles,2026-08-24T00:00:00-05:00
ocds-dgv273-seacev3-1235627,ocds-dgv273-seacev3-1235627-2026-08-27T10:32:10.037264-05:00,1235627-10474057505,75530.0,PEN,Soles,2026-08-12T00:00:00-05:00
ocds-dgv273-seacev3-2026-705-35,ocds-dgv273-seacev3-2026-705-35-2026-08-27T10:32:09.021704-05:00,1239039-1823008,133010.37,PEN,Soles,2026-08-25T00:00:00-05:00
ocds-dgv273-seacev3-1243067,ocds-dgv273-seacev3-1243067-2026-08-27T10:32:08.890072-05:00,1243067-L0000002663,4440.0,USD,Dólar Norteamericano,2026-08-25T00:00:00-05:00
ocds-dgv273-seacev3-1240662,ocds-dgv273-seacev3-1240662-2026-08-27T10:32:08.878030-05:00,1240662-10230082702,540000.0,PEN,Soles,2026-08-25T00:00:00-05:00
ocds-dgv273-seacev3-2026-1630-3,ocds-dgv273-seacev3-2026-1630-3-2026-08-27T10:32:08.697469-05:00,1239170-20615748669,121517.9,PEN,Soles,2026-08-17T00:00:00-05:00
ocds-dgv273-seacev3-1244067,ocds-dgv273-seacev3-1244067-2026-08-27T10:32:08.088670-05:00,1244067-20603173229,113067.91,PEN,Soles,2026-08-25T00:00:00-05:00
ocds-dgv273-seacev3-1238672,ocds-dgv273-seacev3-1238672-2026-08-27T10:32:07.669353-05:00,1238672-20603728271,443307.36,PEN,Soles,2026-08-10T00:00:00-05:00
ocds-dgv273-seacev3-1243739,ocds-dgv273-seacev3-1243739-2026-08-26T10:29:20.418699-05:00,1243739-L9000033084,3545831.52,PEN,Soles,2026-08-21T00:00:00-05:00
ocds-dgv273-seacev3-1243427,ocds-dgv273-seacev3-1243427-2026-08-26T10:29:20.275765-05:00,1243427-10453247967,12000.0,PEN,Soles,2026-08-21T00:00:00-05:00
ocds-dgv273-seacev3-1238657,ocds-dgv273-seacev3-1238657-2026-08-26T10:29:19.977570-05:00,1238657-1823583,475718.43,PEN,Soles,2026-08-24T00:00:00-05:00
ocds-dgv273-seacev3-1240419,ocds-dgv273-seacev3-1240419-2026-08-26T10:29:19.387338-05:00,1240419-20606142880,336662.48,PEN,Soles,2026-08-14T00:00:00-05:00
ocds-dgv273-seacev3-1243641,ocds-dgv273-seacev3-1243641-2026-08-26T10:29:19.251730-05:00,1243641-10704000362,8000.0,PEN,Soles,2026-08-24T00:00:00-05:00
ocds-dgv273-seacev3-1237898,ocds-dgv273-seacev3-1237898-2026-08-26T10:29:18.571962-05:00,1237898-20608111841,110000.0,PEN,Soles,2026-08-14T00:00:00-05:00
ocds-dgv273-seacev3-1239504,ocds-dgv273-seacev3-1239504-2026-08-26T10:29:07.324316-05:00,1239504-20607976393,99780.0,PEN,Soles,2026-08-13T00:00:00-05:00
ocds-dgv273-seacev3-1243624,ocds-dgv273-seacev3-1243624-2026-08-26T10:29:07.222405-05:00,1243624-10707505449,8000.0,PEN,Soles,2026-08-24T00:00:00-05:00
ocds-dgv273-seacev3-1239066,ocds-dgv273-seacev3-1239066-2026-08-26T10:29:05.986048-05:00,1239066-1822861,2484337.97,PEN,Soles,2026-08-24T00:00:00-05:00
ocds-dgv273-seacev3-1242575,ocds-dgv273-seacev3-1242575-2026-08-26T10:29:04.855546-05:00,1242575-1822927,439573.84,PEN,Soles,2026-08-24T00:00:00-05:00
ocds-dgv273-seacev3-1241493,ocds-dgv273-seacev3-1241493-2026-08-26T10:29:04.314763-05:00,1241493-L0611179757,5551950.0,USD,Dólar Norteamericano,2026-08-14T00:00:00-05:00
ocds-dgv273-seacev3-1239021,ocds-dgv273-seacev3-1239021-2026-08-26T10:28:58.185455-05:00,1239021-20542210967,98400.0,PEN,Soles,2026-08-24T00:00:00-05:00
ocds-dgv273-seacev3-1236082,ocds-dgv273-seacev3-1236082-2026-08-26T10:28:57.280348-05:00,1236082-20601046769,99256.5,PEN,Soles,2026-08-14T00:00:00-05:00
ocds-dgv273-seacev3-1239521,ocds-dgv273-seacev3-1239521-2026-08-26T10:28:56.790096-05:00,1239521-1822534,2482117.0,PEN,Soles,2026-08-21T00:00:00-05:00
ocds-dgv273-seacev3-1241981,ocds-dgv273-seacev3-1241981-2026-08-26T10:28:56.680945-05:00,1241981-20610286560,703468.8,PEN,Soles,2026-08-24T00:00:00-05:00
ocds-dgv273-seacev3-1239251,ocds-dgv273-seacev3-1239251-2026-08-26T10:28:56.306853-05:00,1239251-10753713889,74482.82,PEN,Soles,2026-08-12T00:00:00-05:00
ocds-dgv273-seacev3-1240026,ocds-dgv273-seacev3-1240026-2026-08-26T10:28:55.863390-05:00,1240026-20553196931,85247.0,PEN,Soles,2026-08-14T00:00:00-05:00
ocds-dgv273-seacev3-1239820,ocds-dgv273-seacev3-1239820-2026-08-26T10:28:55.849294-05:00,1239820-20606170930,98546.0,PEN,Soles,2026-08-14T00:00:00-05:00
ocds-dgv273-seacev3-1240313,ocds-dgv273-seacev3-1240313-2026-08-26T10:28:54.865334-05:00,1240313-20542210967,66000.0,PEN,Soles,2026-08-24T00:00:00-05:00
ocds-dgv273-seacev3-1241749,ocds-dgv273-seacev3-1241749-2026-08-26T10:28:53.099502-05:00,1241749-20609158761,65000.0,PEN,Soles,2026-08-20T00:00:00-05:00
ocds-dgv273-seacev3-1243423,ocds-dgv273-seacev3-1243423-2026-08-26T10:28:46.384891-05:00,1243423-10774258812,24000.0,PEN,Soles,2026-08-21T00:00:00-05:00
ocds-dgv273-seacev3-1237572,ocds-dgv273-seacev3-1237572-2026-08-26T10:28:44.559886-05:00,1237572-1818360,3907656.69,PEN,Soles,2026-08-07T00:00:00-05:00
ocds-dgv273-seacev3-1243385,ocds-dgv273-seacev3-1243385-2026-08-26T10:28:43.334287-05:00,1243385-10476098969,8000.0,PEN,Soles,2026-08-21T00:00:00-05:00
ocds-dgv273-seacev3-1238119,ocds-dgv273-seacev3-1238119-2026-08-26T10:28:42.942169-05:00,1238119-20553853355,79700.0,PEN,Soles,2026-08-07T00:00:00-05:00
ocds-dgv273-seacev3-1238583,ocds-dgv273-seacev3-1238583-2026-08-26T10:28:42.465921-05:00,1238583-20611466049,111977.0,PEN,Soles,2026-08-17T00:00:00-05:00
ocds-dgv273-seacev3-1240550,ocds-dgv273-seacev3-1240550-2026-08-26T10:28:34.586957-05:00,1240550-1823217,89400.0,PEN,Soles,2026-08-21T00:00:00-05:00
ocds-dgv273-seacev3-1243450,ocds-dgv273-seacev3-1243450-2026-08-26T10:28:34.040696-05:00,1243450-10721367652,9000.0,PEN,Soles,2026-08-21T00:00:00-05:00
ocds-dgv273-seacev3-1243627,ocds-dgv273-seacev3-1243627-2026-08-26T10:28:32.186442-05:00,1243627-10729351020,8000.0,PEN,Soles,2026-08-21T00:00:00-05:00
ocds-dgv273-seacev3-1243567,ocds-dgv273-seacev3-1243567-2026-08-26T10:28:32.172630-05:00,1243567-10726398131,15000.0,PEN,Soles,2026-08-21T00:00:00-05:00
ocds-dgv273-seacev3-1243581,ocds-dgv273-seacev3-1243581-2026-08-26T10:28:31.710919-05:00,1243581-10452973044,24000.0,PEN,Soles,2026-08-21T00:00:00-05:00
ocds-dgv273-seacev3-1243478,ocds-dgv273-seacev3-1243478-2026-08-26T10:28:31.416379-05:00,1243478-10731950291,24000.0,PEN,Soles,2026-08-21T00:00:00-05:00
ocds-dgv273-seacev3-1241264,ocds-dgv273-seacev3-1241264-2026-08-26T10:28:23.908034-05:00,1241264-20612583031,109799.6,PEN,Soles,2026-08-21T00:00:00-05:00
ocds-dgv273-seacev3-1239042,ocds-dgv273-seacev3-1239042-2026-08-26T10:28:23.523166-05:00,1239042-20542210967,295200.0,PEN,Soles,2026-08-24T00:00:00-05:00
ocds-dgv273-seacev3-1239321,ocds-dgv273-seacev3-1239321-2026-08-26T10:28:22.835437-05:00,1239321-20408088250,75200.0,PEN,Soles,2026-08-21T00:00:00-05:00
ocds-dgv273-seacev3-1243418,ocds-dgv273-seacev3-1243418-2026-08-26T10:28:12.993739-05:00,1243418-10764389510,18000.0,PEN,Soles,2026-08-21T00:00:00-05:00
ocds-dgv273-seacev3-1238720,ocds-dgv273-seacev3-1238720-2026-08-26T10:28:12.176364-05:00,1238720-20612278866,72832.5,PEN,Soles,2026-08-14T00:00:00-05:00
ocds-dgv273-seacev3-1240256,ocds-dgv273-seacev3-1240256-2026-08-26T10:28:10.246615-05:00,1240256-1822958,109000.0,PEN,Soles,2026-08-21T00:00:00-05:00
ocds-dgv273-seacev3-1235622,ocds-dgv273-seacev3-1235622-2026-08-26T10:28:09.905311-05:00,1235622-20601046769,88450.0,PEN,Soles,2026-08-14T00:00:00-05:00
ocds-dgv273-seacev3-1240189,ocds-dgv273-seacev3-1240189-2026-08-26T10:28:09.708686-05:00,1240189-20145496170,115103.0,PEN,Soles,2026-08-21T00:00:00-05:00
ocds-dgv273-seacev3-1243533,ocds-dgv273-seacev3-1243533-2026-08-26T10:28:07.309562-05:00,1243533-10440465566,8000.0,PEN,Soles,2026-08-24T00:00:00-05:00
ocds-dgv273-seacev3-1239019,ocds-dgv273-seacev3-1239019-2026-08-24T10:04:56.165610-05:00,1239019-20529265566,310952.8,PEN,Soles,2026-08-21T00:00:00-05:00
ocds-dgv273-seacev3-1239894,ocds-dgv273-seacev3-1239894-2026-08-24T10:04:55.102540-05:00,1239894-20507312277,131391.0,PEN,Soles,2026-08-20T00:00:00-05:00
ocds-dgv273-seacev3-1238551,ocds-dgv273-seacev3-1238551-2026-08-23T10:35:26.851037-05:00,1238551-20393665093,70196.0,PEN,Soles,2026-08-12T00:00:00-05:00
ocds-dgv273-seacev3-1239262,ocds-dgv273-seacev3-1239262-2026-08-23T10:35:25.319768-05:00,1239262-20522943470,89235.8,PEN,Soles,2026-08-12T00:00:00-05:00
ocds-dgv273-seacev3-1242229,ocds-dgv273-seacev3-1242229-2026-08-23T10:35:17.086511-05:00,1242229-L0609017948,23400.0,USD,Dólar Norteamericano,2026-08-18T00:00:00-05:00
ocds-dgv273-seacev3-1239500,ocds-dgv273-seacev3-1239500-2026-08-23T10:35:15.582688-05:00,1239500-10053588706,123889.9,PEN,Soles,2026-08-21T00:00:00-05:00
ocds-dgv273-seacev3-1238472,ocds-dgv273-seacev3-1238472-2026-08-23T10:35:14.780439-05:00,1238472-20605422269,243250.03,PEN,Soles,2026-08-17T00:00:00-05:00
ocds-dgv273-seacev3-1238307,ocds-dgv273-seacev3-1238307-2026-08-23T10:35:14.094269-05:00,1238307-1822122,569361.12,PEN,Soles,2026-08-21T00:00:00-05:00
ocds-dgv273-seacev3-1243413,ocds-dgv273-seacev3-1243413-2026-08-23T10:35:06.580931-05:00,1243413-20607098647,25080.19,USD,Dólar Norteamericano,2026-08-21T00:00:00-05:00
ocds-dgv273-seacev3-1243520,ocds-dgv273-seacev3-1243520-2026-08-23T10:35:06.410340-05:00,1243520-20500242966,419806.92,PEN,Soles,2026-08-21T00:00:00-05:00
ocds-dgv273-seacev3-1238184,ocds-dgv273-seacev3-1238184-2026-08-23T10:34:57.854489-05:00,1238184-10310247508,113640.0,PEN,Soles,2026-08-21T00:00:00-05:00
ocds-dgv273-seacev3-1238112,ocds-dgv273-seacev3-1238112-2026-08-23T10:34:56.063265-05:00,1238112-20606721618,96211.3,PEN,Soles,2026-08-10T00:00:00-05:00
ocds-dgv273-seacev3-1239583,ocds-dgv273-seacev3-1239583-2026-08-23T10:34:54.816964-05:00,1239583-L9000032872,83397.2,USD,Dólar Norteamericano,2026-08-14T00:00:00-05:00
ocds-dgv273-seacev3-2026-853-2,ocds-dgv273-seacev3-2026-853-2-2026-08-23T10:34:46.426027-05:00,1239296-20527590648,92448.0,PEN,Soles,2026-08-21T00:00:00-05:00
ocds-dgv273-seacev3-1243155,ocds-dgv273-seacev3-1243155-2026-08-23T10:34:46.296106-05:00,1243155-L9000033077,12465273.6,PEN,Soles,2026-08-20T00:00:00-05:00
ocds-dgv273-seacev3-1240278,ocds-dgv273-seacev3-1240278-2026-08-23T10:34:45.702462-05:00,1240278-20604528101,97889.0,PEN,Soles,2026-08-12T00:00:00-05:00
ocds-dgv273-seacev3-2026-1947-44,ocds-dgv273-seacev3-2026-1947-44-2026-08-23T10:34:44.285724-05:00,1241848-L0000000084,464142.0,USD,Dólar Norteamericano,2026-08-17T00:00:00-05:00
ocds-dgv273-seacev3-1240921,ocds-dgv273-seacev3-1240921-2026-08-23T10:34:26.678433-05:00,1240921-1820353,100000.0,PEN,Soles,2026-08-13T00:00:00-05:00
ocds-dgv273-seacev3-1237628,ocds-dgv273-seacev3-1237628-2026-08-23T10:34:26.562894-05:00,1237628-1821729,782610.93,PEN,Soles,2026-08-18T00:00:00-05:00
ocds-dgv273-seacev3-1241538,ocds-dgv273-seacev3-1241538-2026-08-23T10:34:26.525856-05:00,1241538-20100061474,181720.0,PEN,Soles,2026-08-21T00:00:00-05:00
ocds-dgv273-seacev3-1238330,ocds-dgv273-seacev3-1238330-2026-08-23T10:34:25.269843-05:00,1238330-1821299,282053.69,PEN,Soles,2026-08-17T00:00:00-05:00
ocds-dgv273-seacev3-1240110,ocds-dgv273-seacev3-1240110-2026-08-23T10:34:25.215026-05:00,1240110-10434832107,96047.52,PEN,Nuevos Soles,2026-08-13T00:00:00-05:00
ocds-dgv273-seacev3-1239718,ocds-dgv273-seacev3-1239718-2026-08-23T10:34:24.979975-05:00,1239718-10730385086,4000.0,PEN,Soles,2026-08-17T00:00:00-05:00
ocds-dgv273-seacev3-1237995,ocds-dgv273-seacev3-1237995-2026-08-23T10:34:24.922275-05:00,1237995-1821738,53000.0,PEN,Soles,2026-08-20T00:00:00-05:00
ocds-dgv273-seacev3-1239780,ocds-dgv273-seacev3-1239780-2026-08-23T10:34:24.501809-05:00,1239780-L9000033046,1475000.0,USD,Dólar Norteamericano,2026-08-10T00:00:00-05:00
ocds-dgv273-seacev3-1239137,ocds-dgv273-seacev3-1239137-2026-08-23T10:34:23.794678-05:00,1239137-1822817,1994369.59,PEN,Soles,2026-08-20T00:00:00-05:00
ocds-dgv273-seacev3-1238016,ocds-dgv273-seacev3-1238016-2026-08-23T10:34:23.600628-05:00,1238016-10200447331,54000.0,PEN,Soles,2026-08-20T00:00:00-05:00
ocds-dgv273-seacev3-1242243,ocds-dgv273-seacev3-1242243-2026-08-23T10:34:15.102799-05:00,1242243-L9000033073,12568.14,PEN,Soles,2026-08-21T00:00:00-05:00
ocds-dgv273-seacev3-1238332,ocds-dgv273-seacev3-1238332-2026-08-23T10:34:14.839951-05:00,1238332-1821821,375000.0,PEN,Soles,2026-08-21T00:00:00-05:00
ocds-dgv273-seacev3-1242975,ocds-dgv273-seacev3-1242975-2026-08-23T10:34:13.306282-05:00,1242975-L9000033071,102960.0,PEN,Soles,2026-08-20T00:00:00-05:00
ocds-dgv273-seacev3-1240811,ocds-dgv273-seacev3-1240811-2026-08-23T10:34:13.038213-05:00,1240811-10093161381,8625.0,PEN,Soles,2026-08-20T00:00:00-05:00
ocds-dgv273-seacev3-1239762,ocds-dgv273-seacev3-1239762-2026-08-23T10:33:54.231494-05:00,1239762-20409369988,944421.47,PEN,Soles,2026-08-11T00:00:00-05:00
ocds-dgv273-seacev3-1238365,ocds-dgv273-seacev3-1238365-2026-08-23T10:33:53.961369-05:00,1238365-1821587,2382840.3,PEN,Soles,2026-08-18T00:00:00-05:00
ocds-dgv273-seacev3-1238891,ocds-dgv273-seacev3-1238891-2026-08-23T10:33:52.964613-05:00,1238891-20608005031,67206.25,PEN,Soles,2026-08-12T00:00:00-05:00
ocds-dgv273-seacev3-1242376,ocds-dgv273-seacev3-1242376-2026-08-23T10:33:52.092841-05:00,1242376-10329276746,162000.0,PEN,Soles,2026-08-21T00:00:00-05:00
ocds-dgv273-seacev3-1238326,ocds-dgv273-seacev3-1238326-2026-08-23T10:33:43.802872-05:00,1238326-1817480,8658890.0,PEN,Soles,2026-08-04T00:00:00-05:00
ocds-dgv273-seacev3-1238061,ocds-dgv273-seacev3-1238061-2026-08-23T10:33:42.637689-05:00,1238061-1822364,482270.0,PEN,Soles,2026-08-21T00:00:00-05:00
ocds-dgv273-seacev3-1243781,ocds-dgv273-seacev3-1243781-2026-08-23T10:33:42.572413-05:00,1243781-1823842,3457063.9,PEN,Soles,2026-08-21T00:00:00-05:00
ocds-dgv273-seacev3-1240308,ocds-dgv273-seacev3-1240308-2026-08-23T10:33:41.134418-05:00,1240308-1823123,1247915.82,PEN,Soles,2026-08-21T00:00:00-05:00
ocds-dgv273-seacev3-1242978,ocds-dgv273-seacev3-1242978-2026-08-22T10:45:08.081176-05:00,1242978-20167700277,732902.72,PEN,Soles,2026-08-20T00:00:00-05:00
ocds-dgv273-seacev3-1241545,ocds-dgv273-seacev3-1241545-2026-08-22T10:45:07.177433-05:00,1241545-10705846788,8000.0,PEN,Soles,2026-08-20T00:00:00-05:00
ocds-dgv273-seacev3-1241442,ocds-dgv273-seacev3-1241442-2026-08-22T10:45:07.085994-05:00,1241442-10454554910,36000.0,PEN,Soles,2026-08-20T00:00:00-05:00
ocds-dgv273-seacev3-1238941,ocds-dgv273-seacev3-1238941-2026-08-22T10:45:05.948667-05:00,1238941-10415663205,73200.0,PEN,Soles,2026-08-20T00:00:00-05:00
ocds-dgv273-seacev3-1237119,ocds-dgv273-seacev3-1237119-2026-08-22T10:44:50.897776-05:00,1237119-20602445527,51300.0,PEN,Soles,2026-08-10T00:00:00-05:00
ocds-dgv273-seacev3-1241950,ocds-dgv273-seacev3-1241950-2026-08-22T10:44:47.772654-05:00,1241950-10012811786,378000.0,PEN,Soles,2026-08-20T00:00:00-05:00
ocds-dgv273-seacev3-1239939,ocds-dgv273-seacev3-1239939-2026-08-22T10:44:46.775460-05:00,1239939-L9000033064,33000.0,PEN,Soles,2026-08-20T00:00:00-05:00
ocds-dgv273-seacev3-1241453,ocds-dgv273-seacev3-1241453-2026-08-22T10:44:46.591779-05:00,1241453-10452053913,18000.0,PEN,Soles,2026-08-20T00:00:00-05:00
ocds-dgv273-seacev3-1237757,ocds-dgv273-seacev3-1237757-2026-08-22T10:44:07.481104-05:00,1237757-20605758739,47211.05,PEN,Soles,2026-08-12T00:00:00-05:00
ocds-dgv273-seacev3-1241604,ocds-dgv273-seacev3-1241604-2026-08-22T10:43:56.427369-05:00,1241604-10482211670,24000.0,PEN,Soles,2026-08-20T00:00:00-05:00
ocds-dgv273-seacev3-1241540,ocds-dgv273-seacev3-1241540-2026-08-22T10:43:56.123527-05:00,1241540-10708087004,8000.0,PEN,Soles,2026-08-20T00:00:00-05:00
ocds-dgv273-seacev3-1241549,ocds-dgv273-seacev3-1241549-2026-08-22T10:43:55.674200-05:00,1241549-10085504792,36000.0,PEN,Soles,2026-08-20T00:00:00-05:00
ocds-dgv273-seacev3-1242349,ocds-dgv273-seacev3-1242349-2026-08-22T10:43:55.467860-05:00,1242349-10000824751,24000.0,PEN,Soles,2026-08-20T00:00:00-05:00
ocds-dgv273-seacev3-1242374,ocds-dgv273-seacev3-1242374-2026-08-22T10:43:55.446258-05:00,1242374-10730344860,36000.0,PEN,Soles,2026-08-20T00:00:00-05:00
ocds-dgv273-seacev3-1239738,ocds-dgv273-seacev3-1239738-2026-08-22T10:43:54.969498-05:00,1239738-10425813060,87042.7,PEN,Soles,2026-08-11T00:00:00-05:00
ocds-dgv273-seacev3-1240975,ocds-dgv273-seacev3-1240975-2026-08-22T10:43:54.659018-05:00,1240975-10015510604,128648.0,PEN,Soles,2026-08-20T00:00:00-05:00
ocds-dgv273-seacev3-1241455,ocds-dgv273-seacev3-1241455-2026-08-22T10:43:54.458453-05:00,1241455-10459785618,8000.0,PEN,Soles,2026-08-20T00:00:00-05:00
ocds-dgv273-seacev3-1241359,ocds-dgv273-seacev3-1241359-2026-08-22T10:43:53.569163-05:00,1241359-10441820238,80000.0,PEN,Soles,2026-08-18T00:00:00-05:00
ocds-dgv273-seacev3-1240635,ocds-dgv273-seacev3-1240635-2026-08-22T10:43:36.736054-05:00,1240635-1820925,1512111.68,PEN,Soles,2026-08-14T00:00:00-05:00
ocds-dgv273-seacev3-1240367,ocds-dgv273-seacev3-1240367-2026-08-22T10:43:36.598306-05:00,1240367-20603875312,222709.06,PEN,Soles,2026-08-13T00:00:00-05:00
ocds-dgv273-seacev3-1240141,ocds-dgv273-seacev3-1240141-2026-08-22T10:43:33.133520-05:00,1240141-20600718704,1699200.0,PEN,Soles,2026-08-12T00:00:00-05:00
ocds-dgv273-seacev3-1238966,ocds-dgv273-seacev3-1238966-2026-08-22T10:43:31.240093-05:00,1238966-20530218326,771000.0,PEN,Soles,2026-08-13T00:00:00-05:00
ocds-dgv273-seacev3-1239180,ocds-dgv273-seacev3-1239180-2026-08-22T10:43:10.957545-05:00,1239180-10411007702,85306.36,PEN,Soles,2026-08-20T00:00:00-05:00
ocds-dgv273-seacev3-1238382,ocds-dgv273-seacev3-1238382-2026-08-22T10:42:50.802795-05:00,1238382-1820923,3067465.71,PEN,Soles,2026-08-17T00:00:00-05:00
ocds-dgv273-seacev3-1239159,ocds-dgv273-seacev3-1239159-2026-08-22T10:42:49.027683-05:00,1239159-10205213720,94317.5,PEN,Soles,2026-08-12T00:00:00-05:00
ocds-dgv273-seacev3-1242216,ocds-dgv273-seacev3-1242216-2026-08-22T10:42:48.583083-05:00,1242216-10214386777,720000.0,PEN,Soles,2026-08-20T00:00:00-05:00
ocds-dgv273-seacev3-1241360,ocds-dgv273-seacev3-1241360-2026-08-22T10:42:48.399696-05:00,1241360-20526206437,1051375.2,PEN,Soles,2026-08-18T00:00:00-05:00
ocds-dgv273-seacev3-1243006,ocds-dgv273-seacev3-1243006-2026-08-22T10:42:48.328429-05:00,1243006-20100114349,2521921.71,PEN,Soles,2026-08-20T00:00:00-05:00
ocds-dgv273-seacev3-1241472,ocds-dgv273-seacev3-1241472-2026-08-22T10:42:47.829439-05:00,1241472-10460528165,8000.0,PEN,Soles,2026-08-20T00:00:00-05:00
ocds-dgv273-seacev3-1240826,ocds-dgv273-seacev3-1240826-2026-08-22T10:42:47.142606-05:00,1240826-20603820968,25200.0,PEN,Soles,2026-08-19T00:00:00-05:00
ocds-dgv273-seacev3-1239819,ocds-dgv273-seacev3-1239819-2026-08-21T10:31:10.905607-05:00,1239819-20445782476,69833.58,PEN,Soles,2026-08-12T00:00:00-05:00
ocds-dgv273-seacev3-1239819,ocds-dgv273-seacev3-1239819-2026-08-21T10:31:10.905607-05:00,1239819-20531860251,46730.43,PEN,Soles,2026-08-12T00:00:00-05:00
ocds-dgv273-seacev3-1238785,ocds-dgv273-seacev3-1238785-2026-08-21T10:31:10.793495-05:00,1238785-1822106,230000.0,PEN,Soles,2026-08-19T00:00:00-05:00
ocds-dgv273-seacev3-1239902,ocds-dgv273-seacev3-1239902-2026-08-21T10:31:08.801816-05:00,1239902-1822599,1761258.37,PEN,Soles,2026-08-19T00:00:00-05:00
ocds-dgv273-seacev3-1238591,ocds-dgv273-seacev3-1238591-2026-08-21T10:31:08.085949-05:00,1238591-20608171704,72000.0,PEN,Soles,2026-08-07T00:00:00-05:00
ocds-dgv273-seacev3-1238557,ocds-dgv273-seacev3-1238557-2026-08-21T10:31:07.512972-05:00,1238557-1821341,2892966.64,PEN,Soles,2026-08-18T00:00:00-05:00
ocds-dgv273-seacev3-1241829,ocds-dgv273-seacev3-1241829-2026-08-21T10:31:00.854233-05:00,1241829-10072171891,27000.0,PEN,Soles,2026-08-17T00:00:00-05:00
ocds-dgv273-seacev3-1241152,ocds-dgv273-seacev3-1241152-2026-08-21T10:31:00.282892-05:00,1241152-10267201418,133962.8,PEN,Soles,2026-08-18T00:00:00-05:00
ocds-dgv273-seacev3-1238054,ocds-dgv273-seacev3-1238054-2026-08-21T10:30:56.384524-05:00,1238054-1820654,110877.02,PEN,Nuevos Soles,2026-08-19T00:00:00-05:00
ocds-dgv273-seacev3-1239115,ocds-dgv273-seacev3-1239115-2026-08-21T10:30:56.123703-05:00,1239115-10469273879,98000.0,PEN,Soles,2026-08-12T00:00:00-05:00
ocds-dgv273-seacev3-1240771,ocds-dgv273-seacev3-1240771-2026-08-21T10:30:47.310843-05:00,1240771-10010487728,60000.0,PEN,Soles,2026-08-19T00:00:00-05:00
ocds-dgv273-seacev3-1239815,ocds-dgv273-seacev3-1239815-2026-08-21T10:30:45.755288-05:00,1239815-L9000033047,55150.27,USD,Dólar Norteamericano,2026-08-10T00:00:00-05:00
ocds-dgv273-seacev3-1241910,ocds-dgv273-seacev3-1241910-2026-08-21T10:30:37.065563-05:00,1241910-1822780,1823238.05,PEN,Soles,2026-08-19T00:00:00-05:00
ocds-dgv273-seacev3-1238057,ocds-dgv273-seacev3-1238057-2026-08-21T10:30:36.452666-05:00,1238057-1817952,199200.0,PEN,Soles,2026-08-07T00:00:00-05:00
ocds-dgv273-seacev3-1239816,ocds-dgv273-seacev3-1239816-2026-08-21T10:30:26.476338-05:00,1239816-1822595,4963411.69,PEN,Soles,2026-08-19T00:00:00-05:00
ocds-dgv273-seacev3-1238494,ocds-dgv273-seacev3-1238494-2026-08-21T10:30:25.820098-05:00,1238494-20102185863,3220999.0,PEN,Soles,2026-08-17T00:00:00-05:00
ocds-dgv273-seacev3-1238741,ocds-dgv273-seacev3-1238741-2026-08-21T10:30:24.825619-05:00,1238741-20609444658,62160.8,PEN,Soles,2026-08-11T00:00:00-05:00
ocds-dgv273-seacev3-1240821,ocds-dgv273-seacev3-1240821-2026-08-21T10:30:22.395140-05:00,1240821-L0603769130,5541.83,GBP,Libra Esterlina,2026-08-12T00:00:00-05:00
ocds-dgv273-seacev3-1238384,ocds-dgv273-seacev3-1238384-2026-08-21T10:30:09.416977-05:00,1238384-20607438715,45012.86,PEN,Soles,2026-08-18T00:00:00-05:00
ocds-dgv273-seacev3-2026-10550-7,ocds-dgv273-seacev3-2026-10550-7-2026-08-21T10:29:57.259829-05:00,1238456-20606588071,94500.0,PEN,Soles,2026-08-11T00:00:00-05:00
ocds-dgv273-seacev3-1241030,ocds-dgv273-seacev3-1241030-2026-08-20T10:31:24.228837-05:00,1241030-L9000033066,63000.0,PEN,Soles,2026-08-14T00:00:00-05:00
ocds-dgv273-seacev3-1238478,ocds-dgv273-seacev3-1238478-2026-08-20T10:31:19.531181-05:00,1238478-20423555182,857306.15,PEN,Soles,2026-08-05T00:00:00-05:00
ocds-dgv273-seacev3-1238151,ocds-dgv273-seacev3-1238151-2026-08-20T10:31:18.764070-05:00,1238151-20601981905,66128.94,PEN,Soles,2026-08-18T00:00:00-05:00
ocds-dgv273-seacev3-1238022,ocds-dgv273-seacev3-1238022-2026-08-20T10:31:18.295134-05:00,1238022-1821444,2328867.58,PEN,Soles,2026-08-18T00:00:00-05:00
ocds-dgv273-seacev3-1239751,ocds-dgv273-seacev3-1239751-2026-08-20T10:31:11.838937-05:00,1239751-20409341030,417419.95,PEN,Soles,2026-08-11T00:00:00-05:00
ocds-dgv273-seacev3-1241788,ocds-dgv273-seacev3-1241788-2026-08-20T10:31:08.939147-05:00,1241788-10454360155,24000.0,PEN,Soles,2026-08-18T00:00:00-05:00
ocds-dgv273-seacev3-1241900,ocds-dgv273-seacev3-1241900-2026-08-20T10:31:07.634055-05:00,1241900-10732097983,24000.0,PEN,Soles,2026-08-18T00:00:00-05:00
ocds-dgv273-seacev3-1239034,ocds-dgv273-seacev3-1239034-2026-08-20T10:31:00.927248-05:00,1239034-1821885,543563.94,PEN,Soles,2026-08-18T00:00:00-05:00
ocds-dgv273-seacev3-1238286,ocds-dgv273-seacev3-1238286-2026-08-20T10:31:00.072735-05:00,1238286-1820706,768870.88,PEN,Soles,2026-08-14T00:00:00-05:00
ocds-dgv273-seacev3-1241782,ocds-dgv273-seacev3-1241782-2026-08-20T10:30:57.762632-05:00,1241782-10406493291,24000.0,PEN,Soles,2026-08-18T00:00:00-05:00
ocds-dgv273-seacev3-1238348,ocds-dgv273-seacev3-1238348-2026-08-20T10:30:57.522217-05:00,1238348-1818356,296051.05,PEN,Soles,2026-08-07T00:00:00-05:00
ocds-dgv273-seacev3-1237200,ocds-dgv273-seacev3-1237200-2026-08-20T10:30:57.341556-05:00,1237200-20600095936,354757.61,PEN,Soles,2026-08-14T00:00:00-05:00
ocds-dgv273-seacev3-1241759,ocds-dgv273-seacev3-1241759-2026-08-20T10:30:50.385823-05:00,1241759-20606419318,217402.9,PEN,Soles,2026-08-18T00:00:00-05:00
ocds-dgv273-seacev3-1241779,ocds-dgv273-seacev3-1241779-2026-08-20T10:30:49.652431-05:00,1241779-10449553735,30000.0,PEN,Soles,2026-08-18T00:00:00-05:00
ocds-dgv273-seacev3-1240649,ocds-dgv273-seacev3-1240649-2026-08-20T10:30:34.538510-05:00,1240649-20568636997,144672.0,PEN,Soles,2026-08-14T00:00:00-05:00
ocds-dgv273-seacev3-1238623,ocds-dgv273-seacev3-1238623-2026-08-20T10:30:25.275768-05:00,1238623-1821140,4562014.61,PEN,Soles,2026-08-18T00:00:00-05:00
ocds-dgv273-seacev3-1241879,ocds-dgv273-seacev3-1241879-2026-08-20T10:30:24.289431-05:00,1241879-10108607756,30000.0,PEN,Soles,2026-08-18T00:00:00-05:00
ocds-dgv273-seacev3-1238021,ocds-dgv273-seacev3-1238021-2026-08-20T10:30:22.835253-05:00,1238021-1821481,130416.58,PEN,Soles,2026-08-18T00:00:00-05:00
ocds-dgv273-seacev3-1241932,ocds-dgv273-seacev3-1241932-2026-08-20T10:30:15.248418-05:00,1241932-10710292502,24000.0,PEN,Soles,2026-08-18T00:00:00-05:00
ocds-dgv273-seacev3-1241138,ocds-dgv273-seacev3-1241138-2026-08-20T10:30:14.305425-05:00,1241138-20537082934,211399.36,PEN,Soles,2026-08-18T00:00:00-05:00
ocds-dgv273-seacev3-1242287,ocds-dgv273-seacev3-1242287-2026-08-20T10:30:13.436806-05:00,1242287-20100057523,172800.0,PEN,Soles,2026-08-18T00:00:00-05:00
ocds-dgv273-seacev3-1241801,ocds-dgv273-seacev3-1241801-2026-08-20T10:30:12.401337-05:00,1241801-10053437473,24000.0,PEN,Soles,2026-08-18T00:00:00-05:00
ocds-dgv273-seacev3-1241915,ocds-dgv273-seacev3-1241915-2026-08-20T10:30:10.463799-05:00,1241915-10466286201,12000.0,PEN,Soles,2026-08-18T00:00:00-05:00
ocds-dgv273-seacev3-1241454,ocds-dgv273-seacev3-1241454-2026-08-19T10:31:56.591160-05:00,1241454-10738694843,24000.0,PEN,Soles,2026-08-17T00:00:00-05:00
ocds-dgv273-seacev3-1241439,ocds-dgv273-seacev3-1241439-2026-08-19T10:31:56.570607-05:00,1241439-10740768862,24000.0,PEN,Soles,2026-08-17T00:00:00-05:00
ocds-dgv273-seacev3-1241409,ocds-dgv273-seacev3-1241409-2026-08-19T10:31:56.223668-05:00,1241409-10453626062,30000.0,PEN,Soles,2026-08-17T00:00:00-05:00
ocds-dgv273-seacev3-1241488,ocds-dgv273-seacev3-1241488-2026-08-19T10:31:53.640857-05:00,1241488-10712491758,8000.0,PEN,Soles,2026-08-17T00:00:00-05:00
ocds-dgv273-seacev3-1241544,ocds-dgv273-seacev3-1241544-2026-08-19T10:31:51.642643-05:00,1241544-10741497633,24000.0,PEN,Soles,2026-08-17T00:00:00-05:00
ocds-dgv273-seacev3-1241602,ocds-dgv273-seacev3-1241602-2026-08-19T10:31:50.899530-05:00,1241602-10704295109,24000.0,PEN,Soles,2026-08-17T00:00:00-05:00
ocds-dgv273-seacev3-1241431,ocds-dgv273-seacev3-1241431-2026-08-19T10:31:50.340085-05:00,1241431-10424778163,18000.0,PEN,Soles,2026-08-17T00:00:00-05:00
ocds-dgv273-seacev3-1241562,ocds-dgv273-seacev3-1241562-2026-08-19T10:31:49.906635-05:00,1241562-10761759766,24000.0,PEN,Soles,2026-08-17T00:00:00-05:00
ocds-dgv273-seacev3-1241412,ocds-dgv273-seacev3-1241412-2026-08-19T10:31:40.894221-05:00,1241412-10765632833,24000.0,PEN,Soles,2026-08-17T00:00:00-05:00
ocds-dgv273-seacev3-1241135,ocds-dgv273-seacev3-1241135-2026-08-19T10:31:37.824683-05:00,1241135-10462310701,47000.0,PEN,Soles,2026-08-13T00:00:00-05:00
ocds-dgv273-seacev3-1240703,ocds-dgv273-seacev3-1240703-2026-08-19T10:31:29.171219-05:00,1240703-10414041430,40000.0,PEN,Soles,2026-08-14T00:00:00-05:00
ocds-dgv273-seacev3-1241499,ocds-dgv273-seacev3-1241499-2026-08-19T10:31:28.453729-05:00,1241499-10432873833,12000.0,PEN,Soles,2026-08-17T00:00:00-05:00
ocds-dgv273-seacev3-1239371,ocds-dgv273-seacev3-1239371-2026-08-19T10:31:19.327307-05:00,1239371-1819484,71182.36,PEN,Soles,2026-08-11T00:00:00-05:00
ocds-dgv273-seacev3-1238143,ocds-dgv273-seacev3-1238143-2026-08-19T10:31:17.822770-05:00,1238143-10040862965,98700.0,PEN,Soles,2026-08-12T00:00:00-05:00
ocds-dgv273-seacev3-1241012,ocds-dgv273-seacev3-1241012-2026-08-19T10:31:17.612492-05:00,1241012-20146021191,59500.0,PEN,Soles,2026-08-17T00:00:00-05:00
ocds-dgv273-seacev3-1241452,ocds-dgv273-seacev3-1241452-2026-08-19T10:31:08.875582-05:00,1241452-10413444026,8000.0,PEN,Soles,2026-08-17T00:00:00-05:00
ocds-dgv273-seacev3-1241443,ocds-dgv273-seacev3-1241443-2026-08-19T10:31:07.679911-05:00,1241443-10447875573,8000.0,PEN,Soles,2026-08-17T00:00:00-05:00
ocds-dgv273-seacev3-1241564,ocds-dgv273-seacev3-1241564-2026-08-19T10:31:07.257790-05:00,1241564-10710585895,30000.0,PEN,Soles,2026-08-14T00:00:00-05:00
ocds-dgv273-seacev3-1238038,ocds-dgv273-seacev3-1238038-2026-08-19T10:30:56.425757-05:00,1238038-20451398912,299500.0,PEN,Soles,2026-08-17T00:00:00-05:00
ocds-dgv273-seacev3-1239722,ocds-dgv273-seacev3-1239722-2026-08-19T10:30:41.002757-05:00,1239722-20600397789,269499.02,PEN,Soles,2026-08-11T00:00:00-05:00
ocds-dgv273-seacev3-1241106,ocds-dgv273-seacev3-1241106-2026-08-16T10:08:18.143392-05:00,1241106-20413815071,3358.67,PEN,Nuevos Soles,2026-08-14T00:00:00-05:00
ocds-dgv273-seacev3-1241106,ocds-dgv273-seacev3-1241106-2026-08-16T10:08:18.143392-05:00,1241106-20602736203,3700.0,PEN,Nuevos Soles,2026-08-14T00:00:00-05:00
ocds-dgv273-seacev3-1238830,ocds-dgv273-seacev3-1238830-2026-08-16T10:08:14.207844-05:00,1238830-20605724125,235426.0,PEN,Soles,2026-08-11T00:00:00-05:00
ocds-dgv273-seacev3-1238336,ocds-dgv273-seacev3-1238336-2026-08-16T10:08:03.040908-05:00,1238336-20568185880,86535.54,PEN,Soles,2026-08-14T00:00:00-05:00
ocds-dgv273-seacev3-1240713,ocds-dgv273-seacev3-1240713-2026-08-16T10:07:54.716563-05:00,1240713-L0609016064,24633.0,EUR,Euro,2026-08-12T00:00:00-05:00
ocds-dgv273-seacev3-1238082,ocds-dgv273-seacev3-1238082-2026-08-16T10:07:53.743466-05:00,1238082-1820730,59000.0,PEN,Soles,2026-08-14T00:00:00-05:00
ocds-dgv273-seacev3-1238111,ocds-dgv273-seacev3-1238111-2026-08-16T10:07:52.565074-05:00,1238111-1820738,57800.0,PEN,Soles,2026-08-14T00:00:00-05:00
ocds-dgv273-seacev3-1239912,ocds-dgv273-seacev3-1239912-2026-08-16T10:07:52.423042-05:00,1239912-20526910797,5297023.94,PEN,Soles,2026-08-12T00:00:00-05:00
ocds-dgv273-seacev3-1238503,ocds-dgv273-seacev3-1238503-2026-08-16T10:07:44.264260-05:00,1238503-20568203888,226326.7,PEN,Nuevos Soles,2026-08-11T00:00:00-05:00
ocds-dgv273-seacev3-1238163,ocds-dgv273-seacev3-1238163-2026-08-16T10:07:43.047630-05:00,1238163-1820780,131500.0,PEN,Soles,2026-08-14T00:00:00-05:00
ocds-dgv273-seacev3-1240739,ocds-dgv273-seacev3-1240739-2026-08-15T10:17:50.224665-05:00,1240739-L0603769486,5692.1,USD,Dólar Norteamericano,2026-08-12T00:00:00-05:00
ocds-dgv273-seacev3-1240265,ocds-dgv273-seacev3-1240265-2026-08-15T10:17:41.803442-05:00,1240265-L9000033062,2873300.0,USD,Dólar Norteamericano,2026-08-13T00:00:00-05:00
ocds-dgv273-seacev3-1240435,ocds-dgv273-seacev3-1240435-2026-08-15T10:17:34.342912-05:00,1240435-L9000033061,10400.0,PEN,Soles,2026-08-12T00:00:00-05:00
ocds-dgv273-seacev3-1240694,ocds-dgv273-seacev3-1240694-2026-08-15T10:17:33.304407-05:00,1240694-L0606465503,12563.39,USD,Dólar Norteamericano,2026-08-12T00:00:00-05:00
ocds-dgv273-seacev3-1240700,ocds-dgv273-seacev3-1240700-2026-08-15T10:17:32.615484-05:00,1240700-L9000033060,27532.56,USD,Dólar Norteamericano,2026-08-12T00:00:00-05:00
ocds-dgv273-seacev3-1240689,ocds-dgv273-seacev3-1240689-2026-08-15T10:17:31.722996-05:00,1240689-L0000003172,25126.5,EUR,Euro,2026-08-12T00:00:00-05:00
ocds-dgv273-seacev3-1239945,ocds-dgv273-seacev3-1239945-2026-08-15T10:17:10.741002-05:00,1239945-10431927255,498600.0,PEN,Nuevos Soles,2026-08-13T00:00:00-05:00
ocds-dgv273-seacev3-1240721,ocds-dgv273-seacev3-1240721-2026-08-15T10:16:46.999458-05:00,1240721-L0000005703,7260.0,USD,Dólar Norteamericano,2026-08-12T00:00:00-05:00
ocds-dgv273-seacev3-1240082,ocds-dgv273-seacev3-1240082-2026-08-15T10:16:43.568071-05:00,1240082-20160056062,10655.58,PEN,Nuevos Soles,2026-08-12T00:00:00-05:00
ocds-dgv273-seacev3-1240082,ocds-dgv273-seacev3-1240082-2026-08-15T10:16:43.568071-05:00,1240082-20555923229,1044.0,PEN,Nuevos Soles,2026-08-12T00:00:00-05:00
ocds-dgv273-seacev3-1240082,ocds-dgv273-seacev3-1240082-2026-08-15T10:16:43.568071-05:00,1240082-20604598835,26443.8,PEN,Nuevos Soles,2026-08-12T00:00:00-05:00
ocds-dgv273-seacev3-1240076,ocds-dgv273-seacev3-1240076-2026-08-14T10:33:08.722581-05:00,1240076-L9000033053,14400.0,PEN,Soles,2026-08-11T00:00:00-05:00
ocds-dgv273-seacev3-1240615,ocds-dgv273-seacev3-1240615-2026-08-14T10:32:53.416482-05:00,1240615-20521275210,229600.0,PEN,Nuevos Soles,2026-08-12T00:00:00-05:00
ocds-dgv273-seacev3-1240839,ocds-dgv273-seacev3-1240839-2026-08-14T10:32:22.427464-05:00,1240839-1820020,100000.0,PEN,Soles,2026-08-12T00:00:00-05:00
ocds-dgv273-seacev3-1239831,ocds-dgv273-seacev3-1239831-2026-08-13T10:28:41.418894-05:00,1239831-L0000003677,69904.0,USD,Dólar Norteamericano,2026-08-10T00:00:00-05:00
ocds-dgv273-seacev3-1239431,ocds-dgv273-seacev3-1239431-2026-08-13T10:28:41.285489-05:00,1239431-20482818774,255000.0,PEN,Soles,2026-08-10T00:00:00-05:00
ocds-dgv273-seacev3-1240040,ocds-dgv273-seacev3-1240040-2026-08-13T10:28:38.420591-05:00,1240040-20160056062,725.25,PEN,Nuevos Soles,2026-08-11T00:00:00-05:00
ocds-dgv273-seacev3-1239942,ocds-dgv273-seacev3-1239942-2026-08-13T10:28:36.350067-05:00,1239942-10441091686,26000.0,PEN,Soles,2026-08-10T00:00:00-05:00
ocds-dgv273-seacev3-1238972,ocds-dgv273-seacev3-1238972-2026-08-13T10:28:15.118680-05:00,1238972-10413942514,324000.0,PEN,Soles,2026-08-11T00:00:00-05:00
ocds-dgv273-seacev3-1238462,ocds-dgv273-seacev3-1238462-2026-08-13T10:28:05.300299-05:00,1238462-10090137307,165000.0,PEN,Soles,2026-08-07T00:00:00-05:00
ocds-dgv273-seacev3-1240206,ocds-dgv273-seacev3-1240206-2026-08-13T10:28:04.838691-05:00,1240206-L9000033054,15500.0,PEN,Soles,2026-08-11T00:00:00-05:00
ocds-dgv273-seacev3-1238824,ocds-dgv273-seacev3-1238824-2026-08-13T10:28:02.630091-05:00,1238824-10293992199,162000.0,PEN,Soles,2026-08-11T00:00:00-05:00
ocds-dgv273-seacev3-1240445,ocds-dgv273-seacev3-1240445-2026-08-13T10:27:54.129793-05:00,1240445-20608617613,292026.53,PEN,Soles,2026-08-11T00:00:00-05:00
ocds-dgv273-seacev3-1238807,ocds-dgv273-seacev3-1238807-2026-08-13T10:27:52.915640-05:00,1238807-10730568822,450000.0,PEN,Soles,2026-08-11T00:00:00-05:00
ocds-dgv273-seacev3-1240021,ocds-dgv273-seacev3-1240021-2026-08-13T10:27:52.249756-05:00,1240021-10076254252,26000.0,PEN,Soles,2026-08-10T00:00:00-05:00
ocds-dgv273-seacev3-1239911,ocds-dgv273-seacev3-1239911-2026-08-13T10:27:42.075278-05:00,1239911-20602112897,78207.06,PEN,Soles,2026-08-10T00:00:00-05:00
ocds-dgv273-seacev3-1239382,ocds-dgv273-seacev3-1239382-2026-08-13T10:27:41.871683-05:00,1239382-1819516,316854.61,PEN,Soles,2026-08-11T00:00:00-05:00
ocds-dgv273-seacev3-1239678,ocds-dgv273-seacev3-1239678-2026-08-13T10:27:40.913396-05:00,1239678-20501262260,1145.46,PEN,Soles,2026-08-11T00:00:00-05:00
ocds-dgv273-seacev3-1239678,ocds-dgv273-seacev3-1239678-2026-08-13T10:27:40.913396-05:00,1239678-20502538722,774.08,PEN,Soles,2026-08-11T00:00:00-05:00
ocds-dgv273-seacev3-1239996,ocds-dgv273-seacev3-1239996-2026-08-13T10:27:40.677721-05:00,1239996-L9000033048,5131.0,EUR,Euro,2026-08-10T00:00:00-05:00
ocds-dgv273-seacev3-1239884,ocds-dgv273-seacev3-1239884-2026-08-13T10:27:29.856520-05:00,1239884-10708942214,18000.0,PEN,Soles,2026-08-10T00:00:00-05:00
ocds-dgv273-seacev3-1239257,ocds-dgv273-seacev3-1239257-2026-08-13T10:27:28.583251-05:00,1239257-20611112646,187736.0,PEN,Soles,2026-08-11T00:00:00-05:00
ocds-dgv273-seacev3-1239044,ocds-dgv273-seacev3-1239044-2026-08-12T10:30:08.033472-05:00,1239044-1818934,322789.74,PEN,Soles,2026-08-10T00:00:00-05:00
ocds-dgv273-seacev3-1239981,ocds-dgv273-seacev3-1239981-2026-08-12T10:29:59.958221-05:00,1239981-20337616195,405482.22,PEN,Soles,2026-08-10T00:00:00-05:00
ocds-dgv273-seacev3-1238977,ocds-dgv273-seacev3-1238977-2026-08-07T10:22:35.551138-05:00,1238977-20604333882,864158.77,PEN,Soles,2026-08-05T00:00:00-05:00
ocds-dgv273-seacev3-1238419,ocds-dgv273-seacev3-1238419-2026-08-07T10:22:29.082135-05:00,1238419-20606467991,52000.0,PEN,Soles,2026-08-05T00:00:00-05:00
ocds-dgv273-seacev3-1238899,ocds-dgv273-seacev3-1238899-2026-08-07T10:22:20.171453-05:00,1238899-20608333666,61119.28,PEN,Soles,2026-08-05T00:00:00-05:00
ocds-dgv273-seacev3-1238919,ocds-dgv273-seacev3-1238919-2026-08-07T10:22:10.619057-05:00,1238919-20521006405,87150.0,PEN,Soles,2026-08-05T00:00:00-05:00
ocds-dgv273-seacev3-1239014,ocds-dgv273-seacev3-1239014-2026-08-07T10:22:07.099531-05:00,1239014-L9000033045,6500.0,EUR,Euro,2026-08-05T00:00:00-05:00
ocds-dgv273-seacev3-1238093,ocds-dgv273-seacev3-1238093-2026-08-07T10:21:59.203449-05:00,1238093-L9000033041,1500.0,PEN,Soles,2026-08-03T00:00:00-05:00
ocds-dgv273-seacev3-1238701,ocds-dgv273-seacev3-1238701-2026-08-06T10:27:48.242970-05:00,1238701-20392811801,1448872.52,PEN,Soles,2026-08-04T00:00:00-05:00
ocds-dgv273-seacev3-1238178,ocds-dgv273-seacev3-1238178-2026-08-06T10:27:47.965308-05:00,1238178-20545527180,88787.86,USD,Dólar Norteamericano,2026-08-03T00:00:00-05:00
ocds-dgv273-seacev3-1238098,ocds-dgv273-seacev3-1238098-2026-08-06T10:27:42.811482-05:00,1238098-L9000033040,4000.0,USD,Dólar Norteamericano,2026-08-03T00:00:00-05:00
ocds-dgv273-seacev3-1238171,ocds-dgv273-seacev3-1238171-2026-08-06T10:27:35.246170-05:00,1238171-20101082840,298153.51,PEN,Soles,2026-08-03T00:00:00-05:00
ocds-dgv273-seacev3-1229234,ocds-dgv273-seacev3-1229234-2026-08-06T10:27:02.503678-05:00,1229234-20510970684,179791.29,USD,Dólar Norteamericano,2026-08-04T00:00:00-05:00
ocds-dgv273-seacev3-1238574,ocds-dgv273-seacev3-1238574-2026-08-06T10:26:50.280350-05:00,1238574-20510970684,561626.9,USD,Dólar Norteamericano,2026-08-04T00:00:00-05:00
ocds-dgv273-seacev3-1238122,ocds-dgv273-seacev3-1238122-2026-08-05T10:25:59.949995-05:00,1238122-20130577963,467705.0,PEN,Soles,2026-08-03T00:00:00-05:00
ocds-dgv273-seacev3-1238104,ocds-dgv273-seacev3-1238104-2026-08-05T10:25:53.439431-05:00,1238104-20522471101,81618.89,PEN,Soles,2026-08-03T00:00:00-05:00
ocds-dgv273-seacev3-1238019,ocds-dgv273-seacev3-1238019-2026-08-05T10:25:52.566046-05:00,1238019-20600947193,508403.19,PEN,Soles,2026-08-03T00:00:00-05:00
ocds-dgv273-seacev3-1238096,ocds-dgv273-seacev3-1238096-2026-08-05T10:25:52.270453-05:00,1238096-20601473403,151811.44,PEN,Nuevos Soles,2026-08-03T00:00:00-05:00
